16 7231 8106703 6 -1 0.2949 -0.08833 190796 185796 130038 120040 0
16 7231 -1 6 380293 0.29259 1.86794 120531 30610.2 70003 80009 -1
17 10229 4411596 3 -1 -0.05168 -0.12853 129049 115151 160062 140057 0
17 10229 -1 3 868666 2.77595 -1.51694 13151.4 17242.3 120023 110020 -1
17 7231 -1 6 -1 0.2952 -0.0872 71122.3 28635.1 -1 -1 1
17 7231 -1 6 832386 0.00492 -0.13503 71844.9 28076.8 160122 160111 -1
18 10133 3700781 3 -1 -0.03796 -0.63894 47631.7 107460 90011 70003 0
18 10133 -1 3 1715564 0 0 0 0 -1 -1 -1
18 11048 4097496 3 -1 -0.06056 -0.04267 62460.4 160956 160092 160090 0
18 11048 -1 3 1195807 -0.73036 -5.04463 13152.1 -696.01 110015 100010 -1
18 775 4992366 4 -1 -0.26557 0.16651 134119 163704 110030 90010 0
18 775 -1 4 1207707 0.81949 1.36222 85722.6 60237.1 110035 100014 -1
18 10229 -1 4 -1 -0.0517 -0.1287 10538 40439.4 -1 -1 1
18 10229 -1 4 9872 0.65421 -0.17038 10513.5 40840.5 160171 160101 -1
18 7231 -1 6 -1 0.2947 -0.0866 71678.8 29702.1 -1 -1 1
18 7231 -1 6 398486 -0.02843 -0.26107 72535.9 30250.1 160105 160096 -1
19 10946 850807 1 -1 0.21965 -0.34259 115426 82934.1 110034 100017 0
19 10946 -1 1 850507 -0.13967 -0.00671 114700 82571.2 160142 160104 -1
19 10133 -1 3 -1 -0.052 -0.6381 48135.7 28269 -1 -1 1
19 10133 -1 3 371736 0.0191 -0.04453 47400.3 27532.1 160083 160068 -1
19 11048 -1 3 -1 -0.0615 -0.0414 64120.1 80948.4 -1 -1 1
19 11048 -1 3 645361 -0.18805 0.03844 64504.5 81979.4 160083 160103 -1
19 775 -1 4 -1 -0.2661 0.166 13858.2 82308.2 -1 -1 1
19 775 -1 4 609515 -0.06116 0.18745 13806.4 82181.7 160171 160158 -1
19 10229 -1 4 -1 -0.0511 -0.1289 9520 36739.9 -1 -1 1
19 10229 -1 4 12751 -0.07888 -0.01613 11034.1 38213.2 160100 160088 -1
19 7231 -1 6 -1 0.2944 -0.0877 69888.1 29649.9 -1 -1 1
19 7231 -1 6 649115 0.5345 0.5463 68118 27586.2 160167 160196 -1
20 10133 -1 3 -1 -0.0458 -0.6394 47847.8 33100.2 -1 -1 1
20 10133 -1 3 652997 -0.09847 -0.05224 48025.8 32740.1 160065 160077 -1
20 10310 3992292 3 -1 -0.27386 0.745 108220 125497 110045 80010 0
20 10310 -1 3 935726 1.62584 4.2557 87393.6 73592.1 110015 110019 -1
20 11048 -1 3 -1 -0.0611 -0.0418 63416 84133.2 -1 -1 1
20 11048 -1 3 373444 -0.18451 0.04292 64175.8 84968.1 160105 160112 -1
20 10946 -1 3 -1 0.2196 -0.3432 114452 9052.9 -1 -1 1
20 10946 -1 3 117679 0.23139 -0.48084 116888 11099.6 160278 160236 -1
20 11687 5358782 4 -1 -0.07654 0.26384 197142 138462 110024 80008 0
20 11687 -1 4 487766 -0.02071 0.68745 27588.5 48515.7 80009 100023 -1
20 775 -1 4 -1 -0.2649 0.169 14723.7 85204.1 -1 -1 1
20 775 -1 4 807677 -0.0447 0.2061 14484.9 85988.9 160145 160123 -1
20 10229 -1 4 -1 -0.0518 -0.1286 9431.4 40548 -1 -1 1
20 10229 -1 4 9793 -0.14025 0.17603 8509.26 39894.1 160204 160234 -1
20 1657 8159794 6 -1 0.92377 -0.01756 179326 182741 90013 130030 0
20 1657 -1 6 1046682 0.42112 0.44814 125790 21026.1 110024 100014 -1
21 10133 -1 3 -1 -0.0384 -0.6371 46447.3 31881.3 -1 -1 1
21 10133 -1 3 413055 -0.4983 -0.59355 47193.8 32400.3 160252 160264 -1
21 10310 -1 3 -1 -0.2793 0.7433 106985 47242.4 -1 -1 1
21 10310 -1 3 236058 0.25981 0.64296 106301 48173.8 160189 160223 -1
21 11048 -1 3 -1 -0.0606 -0.0426 61398.6 82607.4 -1 -1 1
21 11048 -1 3 1066532 0.10515 0.03003 61534.9 82862 160083 160072 -1
21 10946 -1 3 -1 0.2238 -0.34 113107 8402.5 -1 -1 1
21 10946 -1 3 642201 -0.07074 -0.02913 111632 5680.8 160085 160094 -1
21 11687 -1 4 -1 -0.079 0.263 75559.3 60796.7 -1 -1 1
21 11687 -1 4 919329 -0.6641 -0.10275 73112 59831.3 160219 160204 -1
21 775 -1 4 -1 -0.2662 0.1665 13865.8 83746.1 -1 -1 1
21 775 -1 4 594985 0.22685 0.04814 13974.1 84578.4 160114 160073 -1
21 1657 -1 6 -1 0.9246 -0.0124 56632.9 24444.6 -1 -1 1
21 1657 -1 6 206926 0.32162 -0.71986 55879.7 25223.4 160254 160255 -1
22 6349 450975 1 -1 0.06329 -0.0078 95289.5 74648.9 150087 160070 0
22 6349 -1 1 449727 0.21324 -0.01195 95548.9 75195.2 160074 160128 -1
22 10310 -1 3 -1 -0.2699 0.7443 110806 45811.9 -1 -1 1
22 10310 -1 3 456008 0.11415 -0.1118 110446 46211.7 160049 160071 -1
22 10946 -1 3 -1 0.219 -0.3428 114905 10170.7 -1 -1 1
22 10946 -1 3 120370 0.03503 -0.11274 115160 9290.16 160118 160132 -1
22 11687 -1 4 -1 -0.077 0.2635 78687.2 60866 -1 -1 1
22 11687 -1 4 237592 0.06612 -0.08034 79573.3 59918.3 160068 160096 -1
22 385 5218246 4 -1 -0.02611 -0.26869 129377 97480.2 120045 90013 0
22 385 -1 4 772941 -1.65344 -0.751 122565 74854.7 70003 70005 -1
22 1657 -1 6 -1 0.9234 -0.0211 57393.7 24345.4 -1 -1 1
22 1657 -1 6 340977 0.23403 0.2686 57079 22920.8 160216 160220 -1
23 6349 -1 1 -1 0.0632 -0.0081 94605.2 71931.2 -1 -1 1
23 6349 -1 1 590713 -0.0413 -0.12548 95552.1 71624.7 160068 160090 -1
23 10310 -1 3 -1 -0.285 0.7396 108340 41198.3 -1 -1 1
23 10310 -1 3 20225 -0.00957 -0.02796 110487 43942.5 160097 160070 -1
23 11687 -1 4 -1 -0.077 0.2632 76461.2 56341.2 -1 -1 1
23 11687 -1 4 711777 0.83365 -0.06748 74449.6 57321.8 160185 160164 -1
23 385 -1 4 -1 -0.0258 -0.2687 7926.7 15711.3 -1 -1 1
23 385 -1 4 151180 0.09158 0.03618 7283.61 15836.4 160124 160096 -1
23 1657 -1 6 -1 0.9259 -0.0183 54707.9 25930.4 -1 -1 1
23 1657 -1 6 209267 -0.20176 0.0457 57009.8 25611.2 160101 160135 -1
24 2445 779941 1 -1 0.26947 0.70647 60767.2 54113.3 110022 90016 0
24 2445 -1 1 780233 0.12022 0.11208 61414.6 53119.9 160056 160101 -1
24 6349 -1 1 -1 0.0633 -0.008 94490.1 73731.8 -1 -1 1
24 6349 -1 1 1083234 0.11649 -0.11237 94263 74398.6 160047 160079 -1
24 385 -1 4 -1 -0.0254 -0.2682 9442.6 17860 -1 -1 1
24 385 -1 4 599678 0.59225 -0.31293 9032.01 18695.5 160285 160290 -1
25 2445 -1 1 -1 0.2659 0.7077 59490.6 51697.8 -1 -1 1
25 2445 -1 1 49021 -0.63874 -0.10704 60007.9 48938.2 160200 160205 -1
25 6349 -1 1 -1 0.0633 -0.0077 93280.1 72052.3 -1 -1 1
25 6349 -1 1 300112 -0.0273 -0.01583 90461.5 70898 160098 160083 -1
25 385 -1 4 -1 -0.0242 -0.2688 7759.8 16913.4 -1 -1 1
25 385 -1 4 596894 -0.76482 0.13968 8097.72 17787.4 160290 160303 -1
26 2445 -1 1 -1 0.2647 0.707 62136.6 51960.4 -1 -1 1
26 2445 -1 1 747706 0.35381 -0.12043 62027.1 52674 160164 160099 -1
26 338 8550843 6 -1 0.19051 0.51821 139260 174616 110028 100014 0
26 338 -1 6 1079160 0.67079 -0.45524 32157.5 26471.9 110025 110016 -1
27 2445 -1 1 -1 0.2743 0.7042 60329.6 52000.7 -1 -1 1
27 2445 -1 1 1653043 -0.49092 -0.27348 61584.4 51840.6 160263 160252 -1
27 8181 6419132 4 -1 -0.30563 -0.36137 167726 131826 120029 110031 0
27 8181 -1 4 741221 -0.97228 -0.38593 79732.2 63375.8 90015 120036 -1
27 8193 6419132 4 -1 -0.30563 -0.36137 167726 131826 120029 110031 0
27 8193 -1 4 693115 1.06813 1.1587 89362 54623 70004 70004 -1
27 338 -1 6 -1 0.198 0.5155 18526.8 12893.7 -1 -1 1
27 338 -1 6 167641 0.15766 0.22947 18009.1 12285.6 160203 160241 -1
27 6791 10759344 6 -1 0.06703 0.04272 194045 185315 140026 160056 0
27 6791 -1 6 1491057 -0.10966 -1.37806 28868.8 16519.4 80004 110018 -1
28 4707 472969 1 -1 0.13467 0.02997 119208 42821.6 130028 130028 0
28 4707 -1 1 473514 0.03507 0.0632 120036 43779.7 160081 160060 -1
28 7442 6449185 4 -1 -0.21201 -0.01884 175748 159724 130033 150044 0
28 7442 -1 4 1733421 0 0 0 0 -1 -1 -1
28 8181 -1 4 -1 -0.2994 -0.3658 47337.1 51194.2 -1 -1 1
28 8181 -1 4 68826 0.0922 -0.01956 48495 52257.9 160110 160076 -1
28 8193 -1 4 -1 -0.2994 -0.3658 47337.1 51194.2 -1 -1 1
28 8193 -1 4 47121 0.06361 0.0466 50043.4 48665.9 160061 160098 -1
28 3420 7462382 5 -1 -0.26152 -0.10575 115134 196100 100019 70004 0
28 3420 -1 5 871756 -2.22719 1.07822 21856.5 78961.2 70004 70004 -1
28 3453 7462382 5 -1 -0.26152 -0.10575 115134 196100 100019 70004 0
28 3453 -1 5 871756 -2.22719 1.07822 21856.5 78961.2 70004 70004 -1
28 338 -1 6 -1 0.1935 0.517 16722 11141.1 -1 -1 1
28 338 -1 6 560949 -0.39221 0.0672 19139.7 8749.59 160178 160175 -1
28 6791 -1 6 -1 0.0667 0.0432 71913.6 24172.7 -1 -1 1
28 6791 -1 6 197449 -0.57242 0.19428 71851.9 25073.4 160299 160275 -1
29 4707 -1 1 -1 0.1346 0.0301 120471 44175.1 -1 -1 1
29 4707 -1 1 2650788 0.69462 -0.10294 122231 44034.5 160208 160206 -1
29 7442 -1 4 -1 -0.2118 -0.0217 56852.8 82526.5 -1 -1 1
29 7442 -1 4 358150 0.12194 -0.01386 57029.7 83498.8 160063 160050 -1
29 8181 -1 4 -1 -0.2985 -0.367 49608.5 54323.6 -1 -1 1
29 8181 -1 4 70642 0.09207 -0.01655 49157 52607.4 160098 160082 -1
29 8193 -1 4 -1 -0.2985 -0.367 49608.5 54323.6 -1 -1 1
29 8193 -1 4 70642 0.09207 -0.01655 49157 52607.4 160098 160082 -1
29 9465 6906457 4 -1 -0.0501 -0.16165 189109 132929 140040 150051 0
29 9465 -1 4 1862032 0 0 0 0 -1 -1 -1
29 3420 -1 5 -1 -0.2613 -0.106 116117 41329.9 -1 -1 1
29 3420 -1 5 1311759 -0.08702 -0.32649 116936 40491.1 160151 160161 -1
29 3453 -1 5 -1 -0.2613 -0.106 116117 41329.9 -1 -1 1
29 3453 -1 5 1109330 -0.40727 0.11707 116829 41497.9 160208 160222 -1
29 338 -1 6 -1 0.1928 0.5176 19195.3 13075.8 -1 -1 1
29 338 -1 6 159734 -0.83322 -0.02096 19675.4 11705.5 160278 160248 -1
29 6791 -1 6 -1 0.0666 0.0433 74469.6 26584.6 -1 -1 1
29 6791 -1 6 620417 -0.01284 -0.10041 74850.9 26066.9 160100 160104 -1
30 4707 -1 1 -1 0.1348 0.0296 119033 42389.9 -1 -1 1
30 4707 -1 1 473533 0.30989 -0.23398 120004 41762.4 160303 160263 -1
30 1012 3128434 2 -1 -0.49396 0.57115 144295 51070.4 100015 90010 0
30 1012 -1 2 726661 -0.69097 2.22613 122193 58714.9 70004 70003 -1
30 1243 2887277 2 -1 0.05462 -0.07728 188970 71195 140047 150069 0
30 1243 -1 2 910467 0.18497 -5.13721 50035.3 46055.3 70003 100007 -1
30 7715 2454864 2 -1 0.46043 0.26246 158970 45146.5 110026 90011 0
30 7715 -1 2 494023 -0.28834 0.14747 105922 84891.5 70005 130033 -1
30 8506 3394006 2 -1 -0.07362 0.24502 184976 76306.7 100018 110017 0
30 8506 -1 2 1840423 0 0 0 0 -1 -1 -1
30 7442 -1 4 -1 -0.2119 -0.0212 55785.9 82156.1 -1 -1 1
30 7442 -1 4 772190 0.37365 -0.11617 55169.6 81678.6 160306 160282 -1
30 8181 -1 4 -1 -0.2983 -0.3662 48847.1 55238.6 -1 -1 1
30 8181 -1 4 237455 -0.04275 -0.00728 51564.4 57442.3 160094 160073 -1
30 8193 -1 4 -1 -0.2983 -0.3662 48847.1 55238.6 -1 -1 1
30 8193 -1 4 61073 -0.06912 -0.28876 50619.7 52623 160149 160098 -1
30 9465 -1 4 -1 -0.0486 -0.1618 67462.8 54507 -1 -1 1
30 9465 -1 4 59325 -0.12466 -0.15535 68784.1 51579.5 160089 160072 -1
30 3420 -1 5 -1 -0.2606 -0.1062 115152 40410.3 -1 -1 1
30 3420 -1 5 1315704 -0.13785 -0.69461 115376 40382.4 160254 160234 -1
30 3453 -1 5 -1 -0.2606 -0.1062 115152 40410.3 -1 -1 1
30 3453 -1 5 1315704 -0.13785 -0.69461 115376 40382.4 160254 160234 -1
30 6791 -1 6 -1 0.0664 0.0435 72186.6 27634.9 -1 -1 1
30 6791 -1 6 208417 -0.0085 -0.09093 72103.3 27246.4 160138 160087 -1
31 4707 -1 1 -1 0.1348 0.0296 120226 44638.9 -1 -1 1
31 4707 -1 1 475756 -0.02633 -0.03556 118284 45083.4 160089 160092 -1
31 1012 -1 2 -1 -0.5017 0.5644 26005.9 51760.1 -1 -1 1
31 1012 -1 2 251666 -0.02094 0.20821 25791.6 51534.5 160160 160206 -1
31 1243 -1 2 -1 0.0556 -0.0766 69938.2 73032.7 -1 -1 1
31 1243 -1 2 788463 -0.01852 0.13058 72806.6 75202.4 160087 160076 -1
31 7715 -1 2 -1 0.457 0.2697 39974.5 46278.7 -1 -1 1
31 7715 -1 2 227294 0.35192 0.09614 40361.5 46670 160136 160121 -1
31 8506 -1 2 -1 -0.0771 0.2434 65982.5 77830.2 -1 -1 1
31 8506 -1 2 471975 0.0862 0.08375 65656.3 78708.3 160090 160067 -1
31 7442 -1 4 -1 -0.212 -0.0196 58452.7 83004.5 -1 -1 1
31 7442 -1 4 775328 -0.4044 -0.61552 57707.2 83372.1 160180 160153 -1
31 9465 -1 4 -1 -0.0501 -0.1615 69779 55374.6 -1 -1 1
31 9465 -1 4 236823 -0.04373 -0.04441 67622.7 57928.7 160086 160073 -1
31 3420 -1 5 -1 -0.2618 -0.1054 118233 41084.6 -1 -1 1
31 3420 -1 5 685122 0.04285 0.04182 118586 41934.4 160134 160146 -1
31 3453 -1 5 -1 -0.2618 -0.1054 118233 41084.6 -1 -1 1
31 3453 -1 5 685122 0.04285 0.04182 118586 41934.4 160134 160146 -1
31 2549 7690728 5 -1 -0.07642 -0.34869 85040.3 191143 80010 130036 0
31 2549 -1 5 827215 0.75611 -0.02948 90103.2 17538.6 100024 100014 -1
32 2681 1673906 1 -1 -0.07627 0.26751 51886.1 69126.2 110041 120035 0
32 2681 -1 1 778924 -0.29578 -0.5142 51005.6 71099.9 160218 160258 -1
32 1012 -1 2 -1 -0.4911 0.5728 26428.9 50948.4 -1 -1 1
32 1012 -1 2 275754 -0.10604 0.05648 25848.4 48656.3 160087 160075 -1
32 1243 -1 2 -1 0.0543 -0.0774 69520.1 72866.8 -1 -1 1
32 1243 -1 2 1003644 -0.14237 0.02725 70813.1 73053.9 160081 160074 -1
32 7715 -1 2 -1 0.4621 0.26 38062 45924.2 -1 -1 1
32 7715 -1 2 891830 0.02949 -0.08011 37117.3 45965 160082 160051 -1
32 8506 -1 2 -1 -0.0722 0.246 65957.1 77004.3 -1 -1 1
32 8506 -1 2 546775 -0.07536 0.30558 68853.8 79751.9 160133 160114 -1
32 2297 5324543 4 -1 0.29599 -0.24834 131555 121673 110024 110021 0
32 2297 -1 4 1337909 0 0 0 0 -1 -1 -1
32 9465 -1 4 -1 -0.052 -0.1608 70262.3 54500.3 -1 -1 1
32 9465 -1 4 77607 0.24346 0.00277 71705 56899.1 160088 160095 -1
32 4025 6649813 5 -1 0.01265 -0.05949 64990.8 206794 140063 160068 0
32 4025 -1 5 507100 1.47386 -1.31918 31452.5 79714.2 70005 70002 -1
32 2549 -1 5 -1 -0.0805 -0.3473 85853.8 36422.9 -1 -1 1
32 2549 -1 5 408705 -0.35633 -0.0671 84951.7 35872.6 160197 160178 -1
33 2681 -1 1 -1 -0.079 0.2668 49461.9 67057.8 -1 -1 1
33 2681 -1 1 542529 -0.62664 -0.31915 47190.7 65068.6 160328 160321 -1
33 1012 -1 2 -1 -0.4983 0.5667 24659.4 48723.1 -1 -1 1
33 1012 -1 2 1611841 0.04341 -0.1808 25603.2 49268.5 160179 160180 -1
33 1243 -1 2 -1 0.0554 -0.0768 66978.9 71759.4 -1 -1 1
33 1243 -1 2 2606021 -0.47076 -0.48163 67500.3 71678.3 160186 160217 -1
33 7715 -1 2 -1 0.4587 0.2668 35581.2 44108.1 -1 -1 1
33 7715 -1 2 1572297 0.4163 -0.47059 35054.7 43696.6 160308 160335 -1
33 8506 -1 2 -1 -0.0755 0.2452 63466.5 75585 -1 -1 1
33 8506 -1 2 1001083 -0.01462 -0.13752 64892.7 73104.1 160057 160072 -1
33 10237 5284006 3 -1 0.12906 -0.22186 114642 113974 120031 140065 0
33 10237 -1 3 615241 0.80647 0.32227 102074 35197.5 100017 120031 -1
33 2297 -1 4 -1 0.2965 -0.2475 8564 41960.6 -1 -1 1
33 2297 -1 4 452339 0.06593 0.68782 8332.65 41252.1 160151 160189 -1
33 1345 7802110 4 -1 0.69753 -0.25643 150712 87700.1 130060 100024 0
33 1345 -1 4 188249 0.49815 -0.39247 63857.1 20820.5 70002 80008 -1
33 6643 7354733 4 -1 0.09994 0.05154 196477 143346 140043 140047 0
33 6643 -1 4 1201036 -2.54994 -0.60241 97124.6 6421.42 80004 80004 -1
33 4025 -1 5 -1 0.0131 -0.0594 61004.2 49592.5 -1 -1 1
33 4025 -1 5 688187 0.54692 0.58904 60856 49414.3 160327 160319 -1
33 2549 -1 5 -1 -0.0764 -0.3485 81860.5 35081.9 -1 -1 1
33 2549 -1 5 855556 -0.00256 0.0143 82235.3 34111.3 160094 160064 -1
34 2681 -1 1 -1 -0.0775 0.267 51953.9 68004.1 -1 -1 1
34 2681 -1 1 2050021 -0.04224 -0.00413 53531.8 68964.4 160089 160081 -1
34 1438 5055637 3 -1 0.10934 0.26776 79272 104044 90017 120033 0
34 1438 -1 3 1719222 0 0 0 0 -1 -1 -1
34 10237 -1 3 -1 0.1273 -0.2226 117401 36874.5 -1 -1 1
34 10237 -1 3 1319617 -0.07287 -0.60696 117446 36977.1 160210 160127 -1
34 2215 6484352 4 -1 -0.05835 -0.18746 178470 138133 120033 100018 0
34 2215 -1 4 2515391 0 0 0 0 -1 -1 -1
34 2297 -1 4 -1 0.2986 -0.2445 10132.5 43657.2 -1 -1 1
34 2297 -1 4 469141 0.03057 -0.06425 11210.2 46089.7 160081 160088 -1
34 1345 -1 4 -1 0.6961 -0.2551 31273.5 10648.7 -1 -1 1
34 1345 -1 4 565150 0.27434 0.65537 31393 13185.3 160228 160246 -1
34 6643 -1 4 -1 0.0996 0.0515 78927.4 65311.3 -1 -1 1
34 6643 -1 4 272588 -0.10565 0.26788 78220.1 65278.8 160116 160109 -1
34 4025 -1 5 -1 0.0131 -0.0595 64147.8 51278.5 -1 -1 1
34 4025 -1 5 980762 0.01142 -0.06321 62248.2 52254.5 160092 160073 -1
34 2549 -1 5 -1 -0.0775 -0.3483 85218.4 37593.3 -1 -1 1
34 2549 -1 5 438315 0.24286 0.30693 83598.9 37583.2 160222 160210 -1
35 2681 -1 1 -1 -0.0809 0.2656 52125.2 67938.3 -1 -1 1
35 2681 -1 1 1132576 -0.05092 -0.00473 53660.5 69134 160089 160056 -1
35 1438 -1 3 -1 0.1081 0.2681 79939.3 26190.4 -1 -1 1
35 1438 -1 3 393410 -0.0222 0.0515 81734.9 27657.3 160182 160180 -1
35 10237 -1 3 -1 0.1294 -0.2217 117225 38841.6 -1 -1 1
35 10237 -1 3 875918 0.06601 -0.64672 117358 39295.1 160248 160299 -1
35 2215 -1 4 -1 -0.0567 -0.1881 58236.2 61243.3 -1 -1 1
35 2215 -1 4 959373 0.27235 0.43027 58888.7 60989.5 160212 160159 -1
35 2297 -1 4 -1 0.2986 -0.2427 9319.1 45778.1 -1 -1 1
35 2297 -1 4 247665 0.13107 0.67197 7449.13 48181.2 160274 160267 -1
35 1345 -1 4 -1 0.6984 -0.2523 30272.4 12877.5 -1 -1 1
35 1345 -1 4 744308 0.39378 0.33643 34205.3 13610 160080 160080 -1
35 3879 7356507 4 -1 0.0552 0.00969 206328 138022 150055 120031 0
35 3879 -1 4 2117261 0 0 0 0 -1 -1 -1
35 6643 -1 4 -1 0.0991 0.0521 78163.6 67470.3 -1 -1 1
35 6643 -1 4 1165477 -0.62334 -0.5367 75739.2 69978.4 160175 160149 -1
35 4025 -1 5 -1 0.0131 -0.0596 64266.8 47426.8 -1 -1 1
35 4025 -1 5 1336985 0.51818 0.45859 62233.3 45024.5 160284 160254 -1
36 1438 -1 3 -1 0.1112 0.2674 76357.6 23568 -1 -1 1
36 1438 -1 3 199674 -0.01649 0.00738 75803.6 23169.9 160099 160077 -1
36 10237 -1 3 -1 0.1271 -0.2229 113770 37276.3 -1 -1 1
36 10237 -1 3 432880 -0.42132 -0.37255 114522 36593 160181 160206 -1
36 2215 -1 4 -1 -0.0586 -0.1876 55921.9 58680.4 -1 -1 1
36 2215 -1 4 1188389 0.62022 -0.15479 58314.4 58672.7 160197 160212 -1
36 1345 -1 4 -1 0.6974 -0.2576 25430.2 10762.2 -1 -1 1
36 1345 -1 4 570900 -0.16565 -0.48141 26092.3 11543.7 160193 160185 -1
36 3879 -1 4 -1 0.0554 0.009 84101.5 56065.8 -1 -1 1
36 3879 -1 4 62486 0.12813 0.07597 86727 53574.3 160148 160111 -1
36 6643 -1 4 -1 0.0997 0.0512 75491.6 64035 -1 -1 1
36 6643 -1 4 535877 0.11774 0.0409 77679.4 61345.2 160077 160059 -1
37 1438 -1 3 -1 0.1077 0.2696 78166 23591.1 -1 -1 1
37 1438 -1 3 798375 -0.03759 0.0001 77731.6 23402.7 160105 160113 -1
37 10818 5840173 3 -1 0.18773 -0.15035 113749 96240.7 120027 110023 0
37 10818 -1 3 561315 0.36778 0.6894 19988 77997.7 70004 100011 -1
37 2215 -1 4 -1 -0.0579 -0.1879 57980.6 60156.7 -1 -1 1
37 2215 -1 4 515599 -0.12044 -0.28093 57924.6 59453.2 160120 160068 -1
37 3879 -1 4 -1 0.0553 0.0092 86071.7 57469.9 -1 -1 1
37 3879 -1 4 493496 -0.11826 0.39764 88418.1 56093.3 160175 160168 -1
37 12302 8385310 5 -1 0.32398 -0.04384 84029.7 195025 90008 110018 0
37 12302 -1 5 3087502 0 0 0 0 -1 -1 -1
38 1095 1921063 1 -1 0.33687 0.19928 93201.4 69810.3 80013 110012 0
38 1095 -1 1 1007269 0.26323 -0.09173 93455.3 71249.4 160126 160098 -1
38 10818 -1 3 -1 0.1924 -0.1441 108670 20208.2 -1 -1 1
38 10818 -1 3 177873 0.35551 0.05929 108208 18951.3 160186 160173 -1
38 3879 -1 4 -1 0.055 0.0096 82894.2 57349.3 -1 -1 1
38 3879 -1 4 944710 -0.06326 -0.06077 81762.4 56772.8 160087 160078 -1
38 12302 -1 5 -1 0.3249 -0.0377 76312.3 36791.5 -1 -1 1
38 12302 -1 5 439444 0.19337 0.02767 74042 38531.8 160065 160066 -1
38 7036 10595429 6 -1 -0.19762 0.20545 190371 193780 120032 120051 0
38 7036 -1 6 848859 0.61854 0.81329 118272 18586.5 70006 100014 -1
39 1095 -1 1 -1 0.3358 0.2004 94881 71009.9 -1 -1 1
39 1095 -1 1 3400333 0.5581 -0.02897 97667.8 70789.6 160148 160167 -1
39 10818 -1 3 -1 0.1898 -0.1478 110605 20491.8 -1 -1 1
39 10818 -1 3 872910 0.3602 0.04981 110121 19577.9 160178 160187 -1
39 12302 -1 5 -1 0.3251 -0.0337 77560.7 40360.7 -1 -1 1
39 12302 -1 5 437862 -0.05113 -0.13463 77484.8 40652.9 160095 160112 -1
39 7036 -1 6 -1 -0.1991 0.2041 71584.2 40066.2 -1 -1 1
39 7036 -1 6 440837 0.03773 0.1084 69862.9 37990.9 160056 160069 -1
39 11435 11901693 6 -1 0.67496 -0.42919 174475 174837 100016 110023 0
39 11435 -1 6 2068687 0 0 0 0 -1 -1 -1
39 9365 12108789 6 -1 -0.05722 -0.07962 182422 190940 150043 160068 0
39 9365 -1 6 2207557 0 0 0 0 -1 -1 -1
40 1095 -1 1 -1 0.3372 0.2 95883.7 71303.3 -1 -1 1
40 1095 -1 1 1844912 0.30145 0.37949 95023.7 73391.4 160233 160246 -1
40 2711 991765 1 -1 0.18885 0.56574 75669.9 85516.2 80005 80010 0
40 2711 -1 1 1925946 0.17279 -0.09315 76107.4 85638 160075 160105 -1
40 10627 4100972 2 -1 0.00198 0.09399 151959 47670.6 120029 140039 0
40 10627 -1 2 1615542 0.04784 0.619 25697.8 45216.8 100029 100010 -1
40 10818 -1 3 -1 0.1902 -0.1495 112529 20585.7 -1 -1 1
40 10818 -1 3 310371 -0.04816 0.07739 109738 22302.8 160111 160125 -1
40 6038 7717142 4 -1 0.22779 0.20146 195703 94667.2 120029 110017 0
40 6038 -1 4 1372218 -0.63434 -0.43514 84988.4 57121.9 80007 110024 -1
40 12302 -1 5 -1 0.325 -0.0366 79303.6 41418.9 -1 -1 1
40 12302 -1 5 34481 -0.16552 -0.04409 77472.2 42399.9 160072 160077 -1
40 7036 -1 6 -1 -0.1986 0.205 75376.8 39776.2 -1 -1 1
40 7036 -1 6 2105549 0.58194 -0.24615 77211.5 39886.7 160271 160312 -1
40 11435 -1 6 -1 0.6733 -0.4318 55405.9 20980.9 -1 -1 1
40 11435 -1 6 1724925 0.42363 0.09053 55791.2 20264.6 160260 160262 -1
40 9365 -1 6 -1 -0.0574 -0.0796 65323.8 36133.6 -1 -1 1
40 9365 -1 6 1527289 -0.27692 -0.67101 64997.6 36059.9 160130 160182 -1
41 1095 -1 1 -1 0.3365 0.2034 93346.4 69048.5 -1 -1 1
41 1095 -1 1 600512 -0.18598 -0.20157 91407.8 71610.3 160189 160131 -1
41 2711 -1 1 -1 0.1855 0.5674 73169.4 82836.4 -1 -1 1
41 2711 -1 1 685328 -0.13027 0.05261 70855 84695.7 160115 160107 -1
41 10627 -1 2 -1 0.0012 0.094 29390.8 45546.1 -1 -1 1
41 10627 -1 2 1179635 0.05275 0.22414 35948.7 47297.2 160089 160055 -1
41 6038 -1 4 -1 0.2265 0.2032 72688.8 15860.4 -1 -1 1
41 6038 -1 4 559431 -0.44894 0.0252 74068.7 11089.6 160195 160193 -1
41 7036 -1 6 -1 -0.2001 0.2047 71578.4 38032 -1 -1 1
41 7036 -1 6 660036 0.55508 -0.21383 74509.7 38602.7 160310 160284 -1
41 11435 -1 6 -1 0.6744 -0.4274 50981.9 19645.3 -1 -1 1
41 11435 -1 6 1220679 -0.65947 0.09976 52485.3 17683.8 160143 160221 -1
41 9365 -1 6 -1 -0.0571 -0.079 61422.5 34570.5 -1 -1 1
41 9365 -1 6 203084 -0.01892 -0.10815 59835.9 35639.6 160076 160082 -1
42 2711 -1 1 -1 0.1886 0.5671 70924.1 83734 -1 -1 1
42 2711 -1 1 1434142 -0.09266 0.1183 70071.4 84010.5 160071 160055 -1
42 10627 -1 2 -1 0.0019 0.094 27586.5 47508.8 -1 -1 1
42 10627 -1 2 909529 0.49636 0.42984 26632.1 49119.3 160152 160145 -1
42 10683 3007165 2 -1 -0.0882 0.34615 161517 76237.3 70006 100021 0
42 10683 -1 2 712414 -2.04483 -0.33642 59481.7 48882.7 80007 90008 -1
42 6038 -1 4 -1 0.228 0.2017 70464.1 16676.9 -1 -1 1
42 6038 -1 4 577240 0.07065 0.00973 69519.4 19169.6 160073 160067 -1
42 11435 -1 6 -1 0.6711 -0.4393 48302.7 22270.4 -1 -1 1
42 11435 -1 6 647540 0.00558 0.00585 49301.1 24004.4 160057 160074 -1
42 9365 -1 6 -1 -0.0575 -0.0796 60926.7 36107 -1 -1 1
42 9365 -1 6 663745 0.08369 -0.22415 60576.8 38766.4 160133 160142 -1
43 2711 -1 1 -1 0.1843 0.5658 71328.7 80192.7 -1 -1 1
43 2711 -1 1 1412563 0.30511 -0.60923 73037 78147.6 160263 160262 -1
43 10627 -1 2 -1 0.0012 0.0939 28459.7 44716.2 -1 -1 1
43 10627 -1 2 1350602 -0.46948 -0.1922 29016.5 45065.2 160121 160177 -1
43 10683 -1 2 -1 -0.0911 0.3455 41935.9 73198 -1 -1 1
43 10683 -1 2 1174853 0.04406 -0.04494 41406.6 72463.5 160046 160073 -1
43 6038 -1 4 -1 0.2273 0.2055 70218.5 14789.3 -1 -1 1
43 6038 -1 4 1233933 0.77272 0.24429 67503.5 17191.6 160227 160227 -1
44 10683 -1 2 -1 -0.0888 0.3457 43007.4 74324 -1 -1 1
44 10683 -1 2 538857 0.04571 0.02212 41039.8 75616.9 160090 160068 -1
44 10490 4017845 3 -1 -0.06938 0.2503 82643.8 140819 120042 130036 0
44 10490 -1 3 669699 0.11763 -1.16065 20668.9 39978 100017 110021 -1
45 2679 1278871 1 -1 0.70487 -0.17248 117693 85422 80008 100016 0
45 2679 -1 1 3894141 0 0 0 0 -1 -1 -1
45 10683 -1 2 -1 -0.0887 0.3467 41993.4 71865.7 -1 -1 1
45 10683 -1 2 1062310 -0.08205 0.05381 43616.2 73195.5 160126 160095 -1
45 10490 -1 3 -1 -0.069 0.2504 81210.5 59813.2 -1 -1 1
45 10490 -1 3 273386 -0.21082 -0.09787 81804.9 59465 160086 160099 -1
45 4199 8111074 6 -1 -0.21458 0.30752 166395 189397 90014 100015 0
45 4199 -1 6 393262 1.956 -1.79338 126942 35258.6 70004 60004 -1
46 2679 -1 1 -1 0.7056 -0.1708 116126 84858.4 -1 -1 1
46 2679 -1 1 842585 0.08636 0.01744 115913 84927.4 160091 160082 -1
46 10490 -1 3 -1 -0.07 0.2499 82896.3 59341.6 -1 -1 1
46 10490 -1 3 690317 0.26141 0.12656 84888.7 62186.6 160240 160229 -1
46 9447 12880627 6 -1 -0.02385 -0.25126 188842 205370 110019 130031 0
46 9447 -1 6 490196 1.30394 -0.15481 66988.3 51493.6 70004 60002 -1
46 4199 -1 6 -1 -0.2155 0.3058 48061.3 32498.8 -1 -1 1
46 4199 -1 6 412591 -0.18272 -0.15197 47343.3 33159.5 160067 160105 -1
47 1778 755752 1 -1 -0.25337 -0.15659 76353.4 62063 110015 70004 0
47 1778 -1 1 2317555 0.23723 0.31765 76451.9 62332.9 160272 160236 -1
47 4912 3156398 2 -1 -0.03308 0.10348 204030 58491.5 140046 120023 0
47 4912 -1 2 714328 -0.66549 -1.20706 122738 60333 70006 90008 -1
47 10490 -1 3 -1 -0.068 0.2504 83562 60668 -1 -1 1
47 10490 -1 3 696765 0.05074 -0.06366 86422.3 58624.3 160083 160083 -1
47 2679 -1 3 -1 0.7039 -0.1748 116667 8178.5 -1 -1 1
47 2679 -1 3 2121885 -0.48717 0.56678 119317 7877.87 160215 160212 -1
47 67 5065754 3 -1 -0.24853 -0.28712 61503.2 90451 80012 110019 0
47 67 -1 3 1075433 -0.37518 0.10822 43375.4 4996.82 120041 110030 -1
47 8508 8776556 4 -1 -0.11845 -0.16339 141847 143482 140040 110023 0
47 8508 -1 4 771213 -2.36867 0.35907 78108.6 66154.6 110026 100019 -1
47 12515 9496261 5 -1 -0.12909 -0.41178 54163.2 195784 100016 110029 0
47 12515 -1 5 1328361 0.30459 -0.46411 99137.5 46812.2 90009 80007 -1
47 2100 10599918 5 -1 -0.33572 0.40017 95755.4 202345 100014 80010 0
47 2100 -1 5 1361990 1.20522 -0.2689 15140.9 49599.5 80004 70003 -1
47 2101 10599918 5 -1 -0.33572 0.40017 95755.4 202345 100014 80010 0
47 2101 -1 5 2245849 4.89022 -3.51234 17276.9 84074.1 110014 110012 -1
47 9447 -1 6 -1 -0.0247 -0.2506 71301.2 51966 -1 -1 1
47 9447 -1 6 491830 0.14521 -0.1179 71205.3 53870.3 160096 160108 -1
47 4199 -1 6 -1 -0.215 0.3068 49838.5 33681.4 -1 -1 1
47 4199 -1 6 426547 -0.03287 -0.02136 48046 35985.2 160084 160066 -1
48 1778 -1 1 -1 -0.253 -0.1574 76533.3 61362.7 -1 -1 1
48 1778 -1 1 1196223 0.31041 0.45093 75772.1 60589.5 160288 160317 -1
48 9169 2694642 2 -1 0.04078 -0.24272 153268 44435.9 140063 140044 0
48 9169 -1 2 1340855 -1.91832 1.03665 25892.8 39621.4 60003 80006 -1
48 4912 -1 2 -1 -0.0334 0.1034 83695.7 56999.1 -1 -1 1
48 4912 -1 2 773450 -0.45373 -0.30547 78891.9 61195.8 160164 160148 -1
48 2679 -1 3 -1 0.7048 -0.1722 114382 8140.4 -1 -1 1
48 2679 -1 3 173284 0.46517 -0.47042 115158 10518.5 160263 160272 -1
48 67 -1 3 -1 -0.2486 -0.2863 62031.3 11765.2 -1 -1 1
48 67 -1 3 1465877 -0.03155 0.03595 62047 11407.5 160072 160101 -1
48 8508 -1 4 -1 -0.1191 -0.1634 21516 64321.4 -1 -1 1
48 8508 -1 4 965148 0.27134 0.12384 21771.2 63435.5 160145 160111 -1
48 12515 -1 5 -1 -0.1299 -0.4116 53611.3 40656.6 -1 -1 1
48 12515 -1 5 226593 0.5349 -0.07728 53824 39696.7 160197 160109 -1
48 2100 -1 5 -1 -0.3353 0.3998 95765.9 44873.1 -1 -1 1
48 2100 -1 5 1414244 -0.40729 -0.3476 94134.9 47175.3 160220 160216 -1
48 2101 -1 5 -1 -0.3353 0.3998 95765.9 44873.1 -1 -1 1
48 2101 -1 5 455987 -0.61417 -0.06761 95309.2 42683.7 160201 160143 -1
48 9447 -1 6 -1 -0.0243 -0.251 69809.1 52068.4 -1 -1 1
48 9447 -1 6 2288470 -0.55674 0.58925 70757.1 51365.2 160303 160195 -1
48 4199 -1 6 -1 -0.214 0.3062 48931.9 32151.3 -1 -1 1
48 4199 -1 6 619708 -0.18792 0.59088 48766.7 32473.8 160218 160137 -1
49 1778 -1 1 -1 -0.2538 -0.1564 77467.8 62983.6 -1 -1 1
49 1778 -1 1 2900413 0.23345 -0.54488 78130.1 60171.5 160210 160130 -1
49 9169 -1 2 -1 0.0405 -0.2429 34138.2 45082.4 -1 -1 1
49 9169 -1 2 1370676 -0.26452 0.19108 33168.8 44716.5 160255 160254 -1
49 4912 -1 2 -1 -0.0331 0.1032 84525.8 57522 -1 -1 1
49 4912 -1 2 1432821 -0.63278 -0.08305 82143.8 54988.4 160134 160111 -1
49 67 -1 3 -1 -0.2486 -0.2885 62932.4 12534.6 -1 -1 1
49 67 -1 3 171920 -0.07447 -0.05544 64550.2 14064.6 160086 160064 -1
49 6973 6580940 3 -1 -0.39871 0.05836 129388 100256 120028 120059 0
49 6973 -1 3 555456 -1.31287 -0.0986 91841.9 68391.4 130043 80007 -1
49 8508 -1 4 -1 -0.1198 -0.1627 23898.5 65006.9 -1 -1 1
49 8508 -1 4 663242 -0.03731 -0.02252 23219.3 65367.2 160064 160087 -1
49 12515 -1 5 -1 -0.1301 -0.4112 56053.2 41584.2 -1 -1 1
49 12515 -1 5 1105433 -0.01675 0.00438 56937 40797.2 160086 160080 -1
49 2100 -1 5 -1 -0.3351 0.3992 98390.5 45040.6 -1 -1 1
49 2100 -1 5 265255 -0.43638 -0.35218 96839 47972.4 160296 160240 -1
49 2101 -1 5 -1 -0.3351 0.3992 98390.5 45040.6 -1 -1 1
49 2101 -1 5 229110 -0.22633 -0.53811 97390.4 43302.6 160307 160224 -1
49 9447 -1 6 -1 -0.0259 -0.2504 71398.4 52340.4 -1 -1 1
49 9447 -1 6 472560 0.17161 -0.00215 70619.2 53751.9 160101 160120 -1
49 9887 11915122 6 -1 -0.0927 0.58415 182904 182002 100012 90016 0
49 9887 -1 6 603633 -0.46043 -2.10012 120413 68681.1 80009 70003 -1
49 9890 11915122 6 -1 -0.0927 0.58415 182904 182002 100012 90016 0
49 9890 -1 6 603633 -0.46043 -2.10012 120413 68681.1 80009 70003 -1
50 1778 -1 1 -1 -0.2533 -0.1559 78826.9 61387.2 -1 -1 1
50 1778 -1 1 1156638 -4e-05 0.24813 78443.5 60806.9 160143 160116 -1
50 9169 -1 2 -1 0.0405 -0.2439 32889.2 43912 -1 -1 1
50 9169 -1 2 264166 0.15037 -0.0206 32672.2 43499.2 160066 160100 -1
50 4912 -1 2 -1 -0.0331 0.1032 83440.4 55602.9 -1 -1 1
50 4912 -1 2 2031845 -0.38444 0.30073 82242.4 50766.9 160134 160140 -1
50 4184 5037644 3 -1 0.02281 0.21004 75361.3 110520 130040 160085 0
50 4184 -1 3 1734575 1.03223 0.07454 15971.5 34544.7 70004 60002 -1
50 67 -1 3 -1 -0.2462 -0.2866 63004 10759.8 -1 -1 1
50 67 -1 3 1376978 0.06624 0.50438 63673.8 12436.5 160221 160190 -1
50 6973 -1 4 -1 -0.4 0.0488 10730.8 18680.2 -1 -1 1
50 6973 -1 4 1463958 -0.54485 0.47653 10700 19980.5 160333 160317 -1
50 8508 -1 4 -1 -0.115 -0.1664 22407.3 63397 -1 -1 1
50 8508 -1 4 2250970 -0.46351 0.13111 22759.5 63308.4 160181 160206 -1
50 12515 -1 5 -1 -0.1315 -0.4127 54972.4 36759.8 -1 -1 1
50 12515 -1 5 1330783 -0.15569 -0.11795 52223.1 36428.3 160158 160121 -1
50 2100 -1 5 -1 -0.3359 0.3991 97727.5 38401.3 -1 -1 1
50 2100 -1 5 647383 -0.14944 -0.11339 97706.6 37847.7 160064 160064 -1
50 2101 -1 5 -1 -0.3359 0.3991 97727.5 38401.3 -1 -1 1
50 2101 -1 5 647383 -0.14944 -0.11339 97706.6 37847.7 160064 160064 -1
50 9887 -1 6 -1 -0.091 0.5855 62131.8 19244.2 -1 -1 1
50 9887 -1 6 331143 -0.01235 0.00343 63062.8 19481.6 160081 160081 -1
50 9890 -1 6 -1 -0.091 0.5855 62131.8 19244.2 -1 -1 1
50 9890 -1 6 331143 -0.01235 0.00343 63062.8 19481.6 160081 160081 -1
51 9169 -1 2 -1 0.0397 -0.2435 33021 46552.1 -1 -1 1
51 9169 -1 2 688211 -0.12765 -0.07156 36561.9 43195.8 160196 160185 -1
51 4184 -1 3 -1 0.0221 0.2102 74879.4 32903.3 -1 -1 1
51 4184 -1 3 411514 -0.05805 0.02426 74847.4 32459.8 160132 160103 -1
51 8130 6868346 3 -1 -0.01193 -0.50446 108108 145092 100011 120041 0
51 8130 -1 3 948073 3.0933 -5.95703 37148.6 68584.3 90006 90007 -1
51 4763 7093225 4 -1 -0.03871 0.00692 155670 120345 110033 150060 0
51 4763 -1 4 669112 -0.04365 2.28558 110550 -951.85 80009 80005 -1
51 4764 7093225 4 -1 -0.03871 0.00692 155670 120345 110033 150060 0
51 4764 -1 4 669112 -0.04365 2.28558 110550 -951.85 80009 80005 -1
51 4765 7093225 4 -1 -0.03871 0.00692 155670 120345 110033 150060 0
51 4765 -1 4 669112 -0.04365 2.28558 110550 -951.85 80009 80005 -1
51 4766 7093225 4 -1 -0.03871 0.00692 155670 120345 110033 150060 0
51 4766 -1 4 669112 -0.04365 2.28558 110550 -951.85 80009 80005 -1
51 4767 7093225 4 -1 -0.03871 0.00692 155670 120345 110033 150060 0
51 4767 -1 4 453574 -0.33434 -1.10595 73918 55370.1 60002 70003 -1
51 4768 7093225 4 -1 -0.03871 0.00692 155670 120345 110033 150060 0
51 4768 -1 4 453574 -0.33434 -1.10595 73918 55370.1 60002 70003 -1
51 6973 -1 4 -1 -0.399 0.054 10517.5 20382.1 -1 -1 1
51 6973 -1 4 339899 -0.51063 0.44385 10606.4 21346.8 160328 160321 -1
51 11190 9939444 6 -1 0.31738 -0.1663 155078 195840 100028 130043 0
51 11190 -1 6 453574 0.26128 0.24295 3679.03 38818.9 100017 100029 -1
51 9887 -1 6 -1 -0.0904 0.5853 63405.1 20497.9 -1 -1 1
51 9887 -1 6 649724 0.29636 0.10866 62545 19343 160123 160111 -1
51 9890 -1 6 -1 -0.0904 0.5853 63405.1 20497.9 -1 -1 1
51 9890 -1 6 649724 0.29636 0.10866 62545 19343 160123 160111 -1
52 10049 259638 1 -1 0.15701 0.15706 82493.5 43089 80006 130028 0
52 10049 -1 1 260597 -0.14033 0.00364 84958.3 41362.3 160087 160094 -1
52 11052 5734249 3 -1 -0.21424 -0.08103 84363 115798 110028 110025 0
52 11052 -1 3 655679 0.44122 -0.97482 82284.1 39400 100022 100014 -1
52 4184 -1 3 -1 0.0241 0.2094 72106 31447.3 -1 -1 1
52 4184 -1 3 1235892 -0.12623 -0.03068 72306.3 28413.2 160078 160086 -1
52 8130 -1 3 -1 -0.0095 -0.505 104108 67073.3 -1 -1 1
52 8130 -1 3 1483043 0.51368 0.05542 103207 69120.9 160234 160168 -1
52 4763 -1 4 -1 -0.0389 0.0061 31727.2 41018.7 -1 -1 1
52 4763 -1 4 1614342 0.09726 -0.04206 28794.5 43770.6 160060 160095 -1
52 4764 -1 4 -1 -0.0389 0.0061 31727.2 41018.7 -1 -1 1
52 4764 -1 4 1614342 0.09726 -0.04206 28794.5 43770.6 160060 160095 -1
52 4765 -1 4 -1 -0.0389 0.0061 31727.2 41018.7 -1 -1 1
52 4765 -1 4 1614342 0.09726 -0.04206 28794.5 43770.6 160060 160095 -1
52 4766 -1 4 -1 -0.0389 0.0061 31727.2 41018.7 -1 -1 1
52 4766 -1 4 1614342 0.09726 -0.04206 28794.5 43770.6 160060 160095 -1
52 4767 -1 4 -1 -0.0389 0.0061 31727.2 41018.7 -1 -1 1
52 4767 -1 4 1614342 0.09726 -0.04206 28794.5 43770.6 160060 160095 -1
52 4768 -1 4 -1 -0.0389 0.0061 31727.2 41018.7 -1 -1 1
52 4768 -1 4 1614342 0.09726 -0.04206 28794.5 43770.6 160060 160095 -1
52 6973 -1 4 -1 -0.398 0.056 9400.9 19158 -1 -1 1
52 6973 -1 4 2383967 -0.51433 0.44578 9822.32 18816.7 160321 160278 -1
52 4939 12633072 6 -1 0.41151 -0.24559 158918 201932 90007 110023 0
52 4939 -1 6 488864 -0.65959 -2.11444 79128.2 65912.7 70004 80005 -1
52 11190 -1 6 -1 0.3196 -0.1639 28425.2 40551.7 -1 -1 1
52 11190 -1 6 9633 -0.31073 0.29455 28480.5 39086.3 160202 160144 -1
52 9887 -1 6 -1 -0.0934 0.5825 60250.4 21389 -1 -1 1
52 9887 -1 6 204840 -0.33336 0.04901 59876.3 20645 160240 160218 -1
52 9890 -1 6 -1 -0.0934 0.5825 60250.4 21389 -1 -1 1
52 9890 -1 6 811129 0.29877 0.06082 60484.7 22099.7 160163 160128 -1
53 10049 -1 1 -1 0.1564 0.1575 84793.8 46365.7 -1 -1 1
53 10049 -1 1 1567983 0.40773 -0.41394 82248.4 47788.6 160194 160147 -1
53 11052 -1 3 -1 -0.2151 -0.0791 87790.7 40645.9 -1 -1 1
53 11052 -1 3 654056 0.2165 -0.48865 87416.9 39309.5 160213 160185 -1
53 4184 -1 3 -1 0.0249 0.2097 74778 33359 -1 -1 1
53 4184 -1 3 610801 -0.07075 0.02911 75486.9 34330.3 160143 160107 -1
53 8130 -1 3 -1 -0.0117 -0.5045 106925 69497.4 -1 -1 1
53 8130 -1 3 2305770 -0.07953 0.6934 106600 70312.8 160194 160184 -1
53 3034 7566114 4 -1 -0.11584 -0.07084 172990 149267 130043 150074 0
53 3034 -1 4 714195 -1.43555 -0.57774 31686.5 54876.9 80010 120019 -1
53 4763 -1 4 -1 -0.0387 0.0068 34175.3 42935.4 -1 -1 1
53 4763 -1 4 1582864 0.07151 0.1269 34280.2 43774.9 160116 160098 -1
53 4764 -1 4 -1 -0.0387 0.0068 34175.3 42935.4 -1 -1 1
53 4764 -1 4 1582864 0.07151 0.1269 34280.2 43774.9 160116 160098 -1
53 4765 -1 4 -1 -0.0387 0.0068 34175.3 42935.4 -1 -1 1
53 4765 -1 4 1582864 0.07151 0.1269 34280.2 43774.9 160116 160098 -1
53 4766 -1 4 -1 -0.0387 0.0068 34175.3 42935.4 -1 -1 1
53 4766 -1 4 1582864 0.07151 0.1269 34280.2 43774.9 160116 160098 -1
53 4767 -1 4 -1 -0.0387 0.0068 34175.3 42935.4 -1 -1 1
53 4767 -1 4 1582864 0.07151 0.1269 34280.2 43774.9 160116 160098 -1
53 4768 -1 4 -1 -0.0387 0.0068 34175.3 42935.4 -1 -1 1
53 4768 -1 4 1582864 0.07151 0.1269 34280.2 43774.9 160116 160098 -1
53 4939 -1 6 -1 0.4112 -0.2475 41441.7 49534.6 -1 -1 1
53 4939 -1 6 1658227 -0.58234 0.02014 40882.3 50483.2 160238 160230 -1
53 11190 -1 6 -1 0.3196 -0.1639 31231.9 42191.6 -1 -1 1
53 11190 -1 6 1602483 0.06692 -0.60841 29859.8 44700.9 160259 160274 -1
54 10049 -1 1 -1 0.1572 0.1578 85575.8 42791.4 -1 -1 1
54 10049 -1 1 1335259 0.54119 0.42736 86498.7 42749.2 160138 160149 -1
54 2393 2935128 2 -1 0.17874 0.27073 176550 51278.7 90016 120033 0
54 2393 -1 2 1206957 -1.73241 -0.01683 30191.6 2204.31 100013 100020 -1
54 11052 -1 3 -1 -0.2138 -0.0818 88736.2 39251.5 -1 -1 1
54 11052 -1 3 1321079 0.04465 -0.00184 85320.3 37512.9 160097 160076 -1
54 8130 -1 3 -1 -0.0051 -0.5059 106817 69770.5 -1 -1 1
54 8130 -1 3 638075 -0.01696 -0.06588 107362 72472.4 160087 160067 -1
54 3034 -1 4 -1 -0.1163 -0.07 54192.4 68604 -1 -1 1
54 3034 -1 4 940630 0.32773 0.22401 53471.1 67763.8 160137 160092 -1
54 4763 -1 4 -1 -0.0389 0.0067 34328.4 41442.3 -1 -1 1
54 4763 -1 4 445988 -0.36445 -0.28437 32688.2 39528.7 160335 160291 -1
54 4764 -1 4 -1 -0.0389 0.0067 34328.4 41442.3 -1 -1 1
54 4764 -1 4 445988 -0.36445 -0.28437 32688.2 39528.7 160335 160291 -1
54 4765 -1 4 -1 -0.0389 0.0067 34328.4 41442.3 -1 -1 1
54 4765 -1 4 445988 -0.36445 -0.28437 32688.2 39528.7 160335 160291 -1
54 4766 -1 4 -1 -0.0389 0.0067 34328.4 41442.3 -1 -1 1
54 4766 -1 4 445303 -0.40068 -0.07465 36086.7 38864 160267 160229 -1
54 4767 -1 4 -1 -0.0389 0.0067 34328.4 41442.3 -1 -1 1
54 4767 -1 4 445303 -0.40068 -0.07465 36086.7 38864 160267 160229 -1
54 4768 -1 4 -1 -0.0389 0.0067 34328.4 41442.3 -1 -1 1
54 4768 -1 4 445988 -0.36445 -0.28437 32688.2 39528.7 160335 160291 -1
54 4939 -1 6 -1 0.4128 -0.2466 40499.2 48691.6 -1 -1 1
54 4939 -1 6 708112 -0.58723 -0.0194 43082.6 48841.5 160269 160261 -1
54 11190 -1 6 -1 0.3209 -0.1626 30573.4 41040.4 -1 -1 1
54 11190 -1 6 35205 -0.22655 0.1357 30876.9 44020 160230 160209 -1
55 10049 -1 1 -1 0.1597 0.1548 85022.1 45038.6 -1 -1 1
55 10049 -1 1 2486732 0.14788 -0.15012 85737.5 46443.4 160099 160094 -1
55 2393 -1 2 -1 0.1782 0.2712 55601.6 52782 -1 -1 1
55 2393 -1 2 745850 -0.07504 0.0225 53534.6 51494.2 160073 160070 -1
55 11052 -1 3 -1 -0.2148 -0.0791 88240.6 40951.8 -1 -1 1
55 11052 -1 3 1693101 0.73991 -0.12184 87230.2 40346.6 160216 160247 -1
55 10401 6327533 3 -1 0.10325 -0.19399 114207 104465 100014 130040 0
55 10401 -1 3 3064422 0 0 0 0 -1 -1 -1
55 3034 -1 4 -1 -0.1169 -0.0692 54823.3 71360.2 -1 -1 1
55 3034 -1 4 783324 0.04518 -0.0204 55040.2 70981.8 160085 160081 -1
55 4939 -1 6 -1 0.4108 -0.2489 41234.5 50316.8 -1 -1 1
55 4939 -1 6 703211 -0.078 -0.00778 41712.4 51201.3 160079 160073 -1
56 2393 -1 2 -1 0.1795 0.2705 55936.8 52561.1 -1 -1 1
56 2393 -1 2 1221074 0.12506 -0.01319 55915.1 53084.9 160098 160056 -1
56 10401 -1 3 -1 0.1045 -0.1931 113752 27443.7 -1 -1 1
56 10401 -1 3 557314 0.2669 -0.48962 113509 28065.2 160128 160107 -1
56 3034 -1 4 -1 -0.1168 -0.0688 55299.3 71547.5 -1 -1 1
56 3034 -1 4 1488629 -0.03061 -0.37098 54586.8 72156.1 160151 160176 -1
57 9369 1149775 1 -1 -0.0096 0.23901 125885 52760.6 110036 100029 0
57 9369 -1 1 2544202 -0.72077 -0.41978 124728 52122.2 160294 160304 -1
57 2393 -1 2 -1 0.1767 0.2718 55864.3 50715.6 -1 -1 1
57 2393 -1 2 973655 0.1002 -0.33005 56014.7 52372.5 160132 160184 -1
57 10401 -1 3 -1 0.1045 -0.193 114224 26226.1 -1 -1 1
57 10401 -1 3 359630 0.23968 -0.4843 113867 27101.6 160155 160143 -1
57 2734 9971130 5 -1 -0.01547 -0.16489 101119 207021 130038 130032 0
57 2734 -1 5 962397 -1.59077 -0.2741 118668 64466.8 70004 80004 -1
58 9369 -1 1 -1 -0.0119 0.2387 124975 54506.2 -1 -1 1
58 9369 -1 1 1356140 -0.38264 0.13503 124611 52050.4 160225 160273 -1
58 10401 -1 3 -1 0.1063 -0.1921 112973 28443.5 -1 -1 1
58 10401 -1 3 1656162 -0.08131 -0.01452 114980 28618.1 160067 160060 -1
58 2734 -1 5 -1 -0.0148 -0.1648 99064.7 49166.5 -1 -1 1
58 2734 -1 5 1811713 0.34982 -0.2635 98000.4 49167.7 160135 160174 -1
59 9369 -1 1 -1 -0.0118 0.2389 124024 51440.3 -1 -1 1
59 9369 -1 1 264683 0.64222 -0.22125 125612 50479.9 160257 160272 -1
59 241 10276797 5 -1 -0.01601 0.27663 118885 167342 90007 90013 0
59 241 -1 5 750885 -1.58404 1.67873 24716.3 66698.4 70006 70005 -1
59 2734 -1 5 -1 -0.0157 -0.1654 98753 46685.3 -1 -1 1
59 2734 -1 5 467295 -0.01356 -0.05225 98468.7 47568.6 160069 160059 -1
59 5952 11903628 6 -1 -0.07057 0.49631 133804 187577 70003 70002 0
59 5952 -1 6 1954807 0 0 0 0 -1 -1 -1
60 9369 -1 1 -1 -0.0107 0.2394 124971 53182.6 -1 -1 1
60 9369 -1 1 709304 0.06645 0.01349 127823 55348 160067 160076 -1
60 241 -1 5 -1 -0.0132 0.2763 120798 9072 -1 -1 1
60 241 -1 5 68878 0.08794 -0.03765 119600 6101.14 160107 160087 -1
60 2734 -1 5 -1 -0.0157 -0.1648 100139 50247.2 -1 -1 1
60 2734 -1 5 458592 -0.21674 -0.18639 99144.7 52344 160092 160099 -1
60 4505 12306353 6 -1 -0.132 -0.55472 209655 189770 110029 90013 0
60 4505 -1 6 548500 -0.56785 -1.68634 112778 -2270.48 90011 80005 -1
60 5952 -1 6 -1 -0.0649 0.4967 15094.3 28115.4 -1 -1 1
60 5952 -1 6 842373 0.08702 0.01579 17515.6 30078 160074 160061 -1
61 4873 7480036 4 -1 0.03916 -0.25467 140336 162168 110018 90006 0
61 4873 -1 4 2416031 0 0 0 0 -1 -1 -1
61 241 -1 5 -1 -0.0152 0.277 118181 11570.3 -1 -1 1
61 241 -1 5 139912 -0.03073 0.04651 115375 12666.5 160193 160180 -1
61 4505 -1 6 -1 -0.1326 -0.5546 86951.1 28339.9 -1 -1 1
61 4505 -1 6 205385 -0.63131 0.04758 87749.7 27754.9 160193 160222 -1
61 5702 9603940 6 -1 -0.1423 -0.07739 169926 165588 150057 130041 0
61 5702 -1 6 157379 0.08616 -0.01796 117711 21198.5 160078 140054 -1
61 5952 -1 6 -1 -0.0673 0.4976 13030.7 26242.6 -1 -1 1
61 5952 -1 6 200784 0.77271 -0.12353 12054.7 25836.5 160222 160208 -1
62 811 5595515 4 -1 0.01428 -0.24478 182915 149457 120027 120042 0
62 811 -1 4 1829280 0 0 0 0 -1 -1 -1
62 4873 -1 4 -1 0.0398 -0.2547 21898.7 86376.9 -1 -1 1
62 4873 -1 4 796369 -0.35148 -0.67791 24697.7 86022.1 160205 160207 -1
62 600 6491504 5 -1 0.04837 -0.10243 64161.3 165973 140067 140041 0
62 600 -1 5 1217241 -3.73922 2.85365 22110.2 62740.8 90007 120015 -1
62 241 -1 5 -1 -0.0158 0.2763 120114 8001.5 -1 -1 1
62 241 -1 5 539007 -0.00598 -0.00889 120692 8660.53 160042 160074 -1
62 4505 -1 6 -1 -0.1296 -0.5519 89892.3 32435.3 -1 -1 1
62 4505 -1 6 192272 -0.6612 0.00906 92223.4 30126.3 160199 160232 -1
62 5702 -1 6 -1 -0.1422 -0.0767 52301.6 7859.8 -1 -1 1
62 5702 -1 6 417290 0.49608 -0.62013 48796.2 9373.18 160320 160313 -1
62 5952 -1 6 -1 -0.0694 0.4934 15826 26857.9 -1 -1 1
62 5952 -1 6 203716 -0.38847 0.32158 18399.6 29391.7 160212 160239 -1
63 7617 4229676 2 -1 -0.22988 -0.18449 167677 48909.1 80015 100015 0
63 7617 -1 2 2283327 0.2744 -0.50216 72293.4 47217.6 80008 90009 -1
63 811 -1 4 -1 0.0109 -0.2451 63113.5 69684.4 -1 -1 1
63 811 -1 4 978213 0.12504 0.30986 62544.4 70250.6 160133 160137 -1
63 600 -1 5 -1 0.0458 -0.1036 65022.9 7435.7 -1 -1 1
63 600 -1 5 543781 -0.45662 -0.24409 66800.7 8113.38 160282 160281 -1
63 4505 -1 6 -1 -0.1385 -0.5515 90940.4 30034.9 -1 -1 1
63 4505 -1 6 386710 -0.09978 -0.02841 88806.6 27280.4 160117 160097 -1
63 4873 -1 6 -1 0.035 -0.2555 22655.5 3434.9 -1 -1 1
63 4873 -1 6 105072 -0.13446 0.01841 21507.4 1616.94 160103 160066 -1
63 5702 -1 6 -1 -0.1433 -0.0748 52986.2 5637 -1 -1 1
63 5702 -1 6 126685 0.3678 0.24242 52284.9 7912.62 160327 160179 -1
64 7617 -1 2 -1 -0.2267 -0.1889 46844.7 47410.3 -1 -1 1
64 7617 -1 2 1376372 -0.0897 -0.00262 45197.5 45544.5 160097 160120 -1
64 600 -1 3 -1 0.0481 -0.103 61452.7 87024.9 -1 -1 1
64 600 -1 3 894667 -0.23437 0.50122 60376.9 84370.6 160328 160342 -1
64 811 -1 4 -1 0.0164 -0.2452 59485.3 71188.8 -1 -1 1
64 811 -1 4 1385820 0.02112 0.06494 58955.3 72164.8 160067 160072 -1
64 4873 -1 4 -1 0.0409 -0.255 18592.1 86183 -1 -1 1
64 4873 -1 4 1464704 0.33477 -0.5999 19025.9 85359.8 160179 160196 -1
64 9472 9379146 5 -1 0.41893 -0.07134 50279.3 164207 120043 120044 0
64 9472 -1 5 38290 -0.20785 -2.08613 40250.8 -1767.89 100022 110032 -1
64 5702 -1 6 -1 -0.1423 -0.0767 49186.9 6453.2 -1 -1 1
64 5702 -1 6 86535 -0.10477 -0.04578 49698.6 5542.75 160096 160063 -1
65 7617 -1 2 -1 -0.2297 -0.1852 49436.7 48215.5 -1 -1 1
65 7617 -1 2 1127899 -0.74686 -0.34781 51424.2 50192.4 160151 160162 -1
65 9472 -1 3 -1 0.4185 -0.0736 51933 86739.7 -1 -1 1
65 9472 -1 3 840311 0.01275 -0.23418 54671.3 85622.3 160109 160109 -1
65 7169 3876929 3 -1 -0.2733 -0.21405 124080 158833 130045 100015 0
65 7169 -1 3 1270987 -4.22241 0.26215 29653.8 22673.5 100018 90010 -1
65 811 -1 4 -1 0.0163 -0.2455 62550 71757.1 -1 -1 1
65 811 -1 4 312181 -0.0092 -0.05406 61374.8 69979.6 160086 160078 -1
65 10062 4860416 4 -1 -0.03794 -0.37534 163654 116418 90021 120055 0
65 10062 -1 4 887697 1.15797 -2.14144 3019.28 47032.2 90011 90005 -1
65 600 -1 5 -1 0.0484 -0.103 63610.9 8738.7 -1 -1 1
65 600 -1 5 739370 0.3094 -0.14488 62640.3 9738.59 160245 160216 -1
66 7617 -1 2 -1 -0.2285 -0.1864 48035.3 47765.3 -1 -1 1
66 7617 -1 2 1132500 0.09295 -0.22114 43901.4 45536.7 160078 160091 -1
66 9472 -1 3 -1 0.4186 -0.0699 48300.6 84936.2 -1 -1 1
66 9472 -1 3 858765 0.35267 0.34511 47432.9 84692.3 160193 160169 -1
66 7169 -1 3 -1 -0.272 -0.2143 122343 79418.4 -1 -1 1
66 7169 -1 3 940569 -0.02864 -0.70994 121809 80071.2 160171 160143 -1
66 10062 -1 4 -1 -0.0371 -0.3743 42063.1 37234.4 -1 -1 1
66 10062 -1 4 4459 0.11804 0.05676 40608.7 39477.4 160121 160103 -1
67 10062 -1 4 -1 -0.0399 -0.3748 45386.1 39379.5 -1 -1 1
67 10062 -1 4 444976 0.12038 -0.02769 45565.2 36407.1 160063 160091 -1
67 7169 -1 4 -1 -0.2738 -0.2129 6853.9 81353.9 -1 -1 1
67 7169 -1 4 352390 -0.05515 -0.0413 9230.16 79732.8 160093 160084 -1
67 9472 -1 5 -1 0.4184 -0.0717 52238.4 5769.3 -1 -1 1
67 9472 -1 5 95933 0.05094 -0.10916 51945.5 5011.65 160108 160067 -1
68 2326 786657 1 -1 0.18363 -0.18695 129927 67493.1 120030 120021 0
68 2326 -1 1 4075980 0 0 0 0 -1 -1 -1
68 10062 -1 4 -1 -0.0389 -0.3729 43768 39629.3 -1 -1 1
68 10062 -1 4 444895 -0.48642 -0.22423 41621.6 38633.9 160304 160256 -1
68 7169 -1 4 -1 -0.2733 -0.2136 5442.5 81245 -1 -1 1
68 7169 -1 4 849860 0.61217 -0.30007 5179.57 82182.9 160279 160274 -1
69 2326 -1 2 -1 0.1859 -0.1845 7601.3 65872.3 -1 -1 1
69 2326 -1 2 689198 0.34709 0.37864 9744.12 65589.9 160227 160221 -1
69 9367 6838146 4 -1 0.72227 0.40658 164879 113161 100016 100013 0
69 9367 -1 4 833761 1.03344 -1.53935 47041.8 75543.8 70003 70004 -1
70 2326 -1 2 -1 0.1871 -0.183 5971.7 68742.5 -1 -1 1
70 2326 -1 2 1856449 -0.22584 -0.26315 5677.86 70564.3 160153 160155 -1
70 8138 5451282 3 -1 0.21218 -0.36277 58677.8 108557 110026 100021 0
70 8138 -1 3 1466404 -0.20168 0.09345 31589.6 72657.6 140062 160072 -1
70 9367 -1 4 -1 0.7222 0.4046 41342.5 36576.9 -1 -1 1
70 9367 -1 4 4554 0.06664 -0.0921 41083 36383 160091 160087 -1
71 2326 -1 2 -1 0.1863 -0.1847 5625.5 67172.3 -1 -1 1
71 2326 -1 2 2937916 0.29999 0.32893 7177.88 64803.9 160291 160222 -1
71 8138 -1 3 -1 0.2124 -0.3627 57511.3 29225.5 -1 -1 1
71 8138 -1 3 365315 -0.36625 0.22925 57813.9 28907.8 160322 160279 -1
71 9367 -1 4 -1 0.7207 0.4114 40787.6 33227.1 -1 -1 1
71 9367 -1 4 413695 0.10544 -0.0625 43768 33301.9 160090 160082 -1
72 4525 5398606 3 -1 -0.11339 -0.09861 93825.4 162216 160084 160058 0
72 4525 -1 3 649688 -1.85795 2.18532 102935 36685.4 70003 70004 -1
72 8138 -1 3 -1 0.208 -0.3652 60289.7 32716 -1 -1 1
72 8138 -1 3 566637 -0.37881 0.26383 62177.9 30652 160367 160331 -1
72 9367 -1 4 -1 0.7243 0.3992 41388.4 35284.4 -1 -1 1
72 9367 -1 4 1964303 0.11886 0.5663 41247.4 36240.3 160191 160176 -1
73 3090 3131973 2 -1 -0.15863 0.27441 162532 50176.8 140043 110030 0
73 3090 -1 2 506615 -1.34648 1.77743 19407 11528.6 100013 90006 -1
73 4525 -1 3 -1 -0.1139 -0.0979 95436.2 80924.7 -1 -1 1
73 4525 -1 3 572223 0.50303 -0.2916 95116.7 80869 160279 160264 -1
73 8138 -1 3 -1 0.2075 -0.365 60643.1 30859.3 -1 -1 1
73 8138 -1 3 371580 -0.20763 0.09535 61200.4 31138.9 160141 160147 -1
73 3502 7183412 4 -1 -0.42982 -0.00721 187318 76142.7 90015 80009 0
73 3502 -1 4 1839030 0 0 0 0 -1 -1 -1
73 7208 9469964 5 -1 0.20439 0.26217 45489 192786 100030 140037 0
73 7208 -1 5 628296 0.25967 0.2681 67398.5 5827.45 70007 80015 -1
73 177 10790668 6 -1 -0.25001 -0.30114 177458 180888 110021 110028 0
73 177 -1 6 416864 0.34039 1.95792 61871.6 35022.6 90009 100023 -1
74 8282 1107535 1 -1 -0.31965 0.21899 117764 46856.3 100011 110032 0
74 8282 -1 1 908662 -0.06082 0.0491 118154 45481.6 160075 160065 -1
74 3090 -1 2 -1 -0.1657 0.2708 44005.4 51225 -1 -1 1
74 3090 -1 2 519509 -0.09446 -0.09645 43364.5 51668.9 160074 160057 -1
74 3502 -1 2 -1 -0.4293 -0.0185 68805.7 78592.7 -1 -1 1
74 3502 -1 2 734383 0.06428 -0.36049 71735.1 79597.3 160171 160189 -1
74 4525 -1 3 -1 -0.1128 -0.0994 94869.3 82101.4 -1 -1 1
74 4525 -1 3 931382 0.15122 0.63259 95828.6 82380 160165 160192 -1
74 7208 -1 5 -1 0.2018 0.2632 44480.1 32158.7 -1 -1 1
74 7208 -1 5 2196848 -0.53287 -0.08411 45717.9 33766.1 160120 160129 -1
74 177 -1 6 -1 -0.2465 -0.3042 57582.6 23123.8 -1 -1 1
74 177 -1 6 380852 0.01963 0.12184 56165.7 21648.4 160069 160081 -1
75 8282 -1 1 -1 -0.3203 0.2177 119390 46993.1 -1 -1 1
75 8282 -1 1 459054 -0.01209 0.34493 119715 48152.4 160172 160150 -1
75 3090 -1 2 -1 -0.1638 0.2712 45310.5 51130.6 -1 -1 1
75 3090 -1 2 684386 0.2723 -0.06075 43326.2 53827 160091 160103 -1
75 3502 -1 2 -1 -0.4291 -0.015 70499.3 78569.2 -1 -1 1
75 3502 -1 2 934355 -0.76286 -0.18935 70586.5 78639.2 160147 160180 -1
75 4525 -1 3 -1 -0.1133 -0.0981 96426.2 82178.3 -1 -1 1
75 4525 -1 3 691289 -0.02202 0.03974 97282.1 82238.9 160155 160127 -1
75 7208 -1 5 -1 0.2027 0.2629 46014.3 31946.3 -1 -1 1
75 7208 -1 5 1962042 0.77889 0.22055 46448 32218.4 160201 160186 -1
75 177 -1 6 -1 -0.2478 -0.3031 59267.1 23436.1 -1 -1 1
75 177 -1 6 383274 -0.14872 0.04361 58940.8 22786.2 160075 160077 -1
76 8282 -1 1 -1 -0.3191 0.2194 117505 44457.7 -1 -1 1
76 8282 -1 1 24559 -0.01072 0.36778 117006 45253.4 160228 160161 -1
76 3090 -1 2 -1 -0.1631 0.2724 42158.2 48778 -1 -1 1
76 3090 -1 2 1575152 0.06166 0.4546 39676.7 49119.7 160193 160128 -1
76 3502 -1 2 -1 -0.43 -0.0156 68107.4 76881.8 -1 -1 1
76 3502 -1 2 769957 -0.08533 0.01513 68221.5 77150 160079 160061 -1
76 10721 4698314 3 -1 0.16404 -0.07205 46410.3 145504 140050 120026 0
76 10721 -1 3 462689 0.10434 -0.69087 15058.4 56199.1 90007 70004 -1
76 7104 6297847 4 -1 -0.08336 -0.39956 192271 104444 130035 90011 0
76 7104 -1 4 146817 -1.25679 0.13673 36804.6 7972.69 120023 110016 -1
76 7208 -1 5 -1 0.204 0.2625 43928.5 29923.3 -1 -1 1
76 7208 -1 5 1039008 0.46035 0.05662 44543.9 28778.3 160257 160252 -1
76 177 -1 6 -1 -0.2507 -0.3 57457.4 21356.1 -1 -1 1
76 177 -1 6 2601535 -0.77957 0.09749 56986.1 22029.9 160231 160220 -1
77 8282 -1 1 -1 -0.32 0.2154 118239 46491.5 -1 -1 1
77 8282 -1 1 944629 -0.03307 0.33425 117496 47207.2 160192 160238 -1
77 10721 -1 3 -1 0.1642 -0.0715 46571.3 67771.5 -1 -1 1
77 10721 -1 3 798489 -0.01512 -0.08879 47457.4 67735.4 160083 160068 -1
77 7104 -1 4 -1 -0.0815 -0.4001 72825 26978 -1 -1 1
77 7104 -1 4 1034260 0.27712 0.47492 73037.7 27813.3 160194 160213 -1
77 184 9504554 5 -1 0.3449 0.31514 124827 204036 90010 100017 0
77 184 -1 5 885466 -2.25557 -2.53911 39927.7 37074.4 80005 110012 -1
78 10721 -1 3 -1 0.1641 -0.072 45886.3 66173.2 -1 -1 1
78 10721 -1 3 329763 -0.5411 -0.34586 46200.4 63496.8 160270 160249 -1
78 7104 -1 4 -1 -0.0765 -0.3999 72592.5 26604.7 -1 -1 1
78 7104 -1 4 396705 -0.31121 0.44235 73682.3 26637.8 160217 160227 -1
78 7504 7490191 4 -1 0.09318 0.2133 193196 94449.9 110037 110035 0
78 7504 -1 4 263195 0.28323 1.37499 45399.3 58035.6 120021 100010 -1
78 184 -1 5 -1 0.3443 0.3153 123703 39326.2 -1 -1 1
78 184 -1 5 430006 0.02464 0.08691 122923 39593.8 160096 160102 -1
78 2808 10361932 6 -1 0.08042 -0.07686 143105 183762 110027 90010 0
78 2808 -1 6 423010 -0.06775 -1.10087 25233.7 32632.3 100027 100012 -1
79 10721 -1 3 -1 0.1639 -0.0718 47271.8 67642 -1 -1 1
79 10721 -1 3 463223 0.02767 -0.09306 46626.2 68694.5 160120 160103 -1
79 7104 -1 4 -1 -0.0826 -0.3994 74792.5 27743.4 -1 -1 1
79 7104 -1 4 619729 -0.32014 0.46438 75554.3 27074.3 160232 160224 -1
79 7504 -1 4 -1 0.096 0.212 74765.5 14462.4 -1 -1 1
79 7504 -1 4 556413 0.1661 -0.10181 74738.6 11637.5 160077 160071 -1
79 184 -1 5 -1 0.3479 0.3115 125823 41024.1 -1 -1 1
79 184 -1 5 1690146 -0.28753 -0.57344 127250 40763.8 160204 160242 -1
79 2808 -1 6 -1 0.0789 -0.0784 25244.1 23612.6 -1 -1 1
79 2808 -1 6 199235 -0.08171 0.03025 26829.6 26212.6 160062 160069 -1
80 7504 -1 4 -1 0.0938 0.213 72298.9 13413.3 -1 -1 1
80 7504 -1 4 553187 0.05752 -0.05002 73828.5 15753.9 160088 160068 -1
80 184 -1 5 -1 0.3467 0.3123 122666 38779.1 -1 -1 1
80 184 -1 5 873338 0.23641 0.01013 122924 38741.2 160174 160181 -1
80 2808 -1 6 -1 0.0795 -0.0782 22467.2 22557.9 -1 -1 1
80 2808 -1 6 198083 -0.20495 0.37598 23000.6 24152.4 160251 160169 -1
81 7504 -1 4 -1 0.095 0.213 71148.8 12706.2 -1 -1 1
81 7504 -1 4 145058 -0.08444 -0.28899 72828.9 11904.9 160085 160093 -1
81 2808 -1 6 -1 0.0789 -0.0786 21771.1 21999.6 -1 -1 1
81 2808 -1 6 195293 -0.03068 -0.14789 22088.6 21289.6 160077 160066 -1
82 2622 4673550 3 -1 -0.05804 -0.09427 122505 148400 130054 90007 0
82 2622 -1 3 756308 -0.77138 -1.2326 35391.9 58306.6 80011 80009 -1
82 5224 4575389 3 -1 0.09659 -0.3073 122296 97721 70004 110026 0
82 5224 -1 3 1403706 3.01604 -2.43868 102404 82426.4 120025 100014 -1
82 4428 7420853 5 -1 -0.35749 -0.20116 57227.1 177346 90010 110034 0
82 4428 -1 5 562709 -2.54972 -2.3953 52384.6 15721 90007 90019 -1
83 2622 -1 3 -1 -0.0596 -0.0934 122586 66904.3 -1 -1 1
83 2622 -1 3 466517 0.14163 0.41002 121007 67524.8 160154 160148 -1
83 5224 -1 3 -1 0.0916 -0.3087 121451 16403.4 -1 -1 1
83 5224 -1 3 187358 0.1825 0.47851 120206 17965.5 160361 160314 -1
83 4428 -1 5 -1 -0.361 -0.1953 57114.5 15202.9 -1 -1 1
83 4428 -1 5 151639 0.38844 0.16807 57974.7 14351.9 160147 160176 -1
84 12095 6046332 3 -1 -0.20151 -0.22421 59587.2 150349 90009 120026 0
84 12095 -1 3 1067737 -0.59613 -1.00764 86415.9 33975.3 100017 100021 -1
84 2622 -1 3 -1 -0.0586 -0.0938 124454 69424.1 -1 -1 1
84 2622 -1 3 530399 0.31913 0.05207 126494 68416.2 160191 160179 -1
84 5224 -1 3 -1 0.0954 -0.3085 123562 19334.5 -1 -1 1
84 5224 -1 3 304334 0.22473 0.47295 122044 19445.1 160338 160328 -1
84 4428 -1 5 -1 -0.3599 -0.1972 59354.7 18265.5 -1 -1 1
84 4428 -1 5 198754 -0.11792 0.15111 60083.1 17178.8 160152 160124 -1
85 12095 -1 3 -1 -0.2009 -0.2249 57184.6 68747.3 -1 -1 1
85 12095 -1 3 772926 -0.83164 0.03669 59445 65902.4 160232 160206 -1
85 2622 -1 3 -1 -0.0583 -0.094 120740 67656.3 -1 -1 1
85 2622 -1 3 316657 -0.2428 -0.00023 119295 70166.2 160191 160196 -1
85 5224 -1 3 -1 0.0969 -0.3078 119955 17736.7 -1 -1 1
85 5224 -1 3 597451 0.07114 0.00435 118900 18336.2 160077 160079 -1
85 4428 -1 5 -1 -0.3586 -0.1981 56968.9 15181.2 -1 -1 1
85 4428 -1 5 149887 -0.13038 0.15286 57522.8 13807.8 160116 160107 -1
86 12095 -1 3 -1 -0.2008 -0.2249 59942.4 70454.2 -1 -1 1
86 12095 -1 3 502298 -0.23991 -0.38322 60838.1 69740.3 160227 160238 -1
86 5376 7363889 4 -1 -0.15875 -0.05032 135387 141752 160072 80012 0
86 5376 -1 4 2405722 0 0 0 0 -1 -1 -1
87 12299 6653379 2 -1 -0.19899 0.39198 161336 49856.8 100010 110029 0
87 12299 -1 2 1191644 -0.02514 0.95793 23099.2 70657.4 80008 80005 -1
87 12095 -1 3 -1 -0.2023 -0.2234 59013 70138.5 -1 -1 1
87 12095 -1 3 1204688 0.21369 0.36925 60106 69179.3 160328 160307 -1
87 5376 -1 4 -1 -0.1589 -0.05 14668.7 62587.3 -1 -1 1
87 5376 -1 4 297261 0.02078 0.0181 15879.8 63811.2 160068 160087 -1
87 7267 11009242 5 -1 -0.21073 0.10088 83000.4 183749 120036 100020 0
87 7267 -1 5 2471228 0 0 0 0 -1 -1 -1
88 12299 -1 2 -1 -0.1996 0.3914 44221.4 50103.2 -1 -1 1
88 12299 -1 2 1150884 0.01489 -0.04371 41687.6 51277.8 160063 160095 -1
88 5376 -1 4 -1 -0.159 -0.0489 18072.9 64655 -1 -1 1
88 5376 -1 4 794673 -0.05021 -0.0091 18674.9 65937.3 160100 160072 -1
88 7267 -1 5 -1 -0.2102 0.1023 86058 30050.5 -1 -1 1
88 7267 -1 5 379109 0.65274 -0.05736 83771.8 31108.5 160128 160172 -1
88 5447 12586685 6 -1 0.43725 -0.39765 162470 196594 140059 110024 0
88 5447 -1 6 2484385 0 0 0 0 -1 -1 -1
89 12299 -1 2 -1 -0.1996 0.3914 42986.2 48015.4 -1 -1 1
89 12299 -1 2 2494904 -0.41787 0.31417 40097.5 50657.5 160290 160325 -1
89 5721 8349178 3 -1 0.20946 -0.03659 88017.8 112207 100022 110017 0
89 5721 -1 3 1040076 0.19623 -0.05273 33587.2 28367.5 160118 150069 -1
89 5376 -1 4 -1 -0.159 -0.0485 15964.8 62460.2 -1 -1 1
89 5376 -1 4 458311 -0.49664 -0.42265 13732.9 63439.4 160186 160215 -1
89 7267 -1 5 -1 -0.2105 0.1014 83784.5 27511.4 -1 -1 1
89 7267 -1 5 792080 -0.04322 -0.04985 85279.4 24530.1 160078 160048 -1
89 8984 11565369 5 -1 -0.03212 0.05838 107049 209809 140059 160053 0
89 8984 -1 5 2727672 0 0 0 0 -1 -1 -1
89 5447 -1 6 -1 0.4375 -0.3978 40301.5 39142.7 -1 -1 1
89 5447 -1 6 414967 -0.0336 -0.1053 36463.7 35316.7 160167 160137 -1
90 12299 -1 2 -1 -0.1972 0.3921 43891.3 46669.5 -1 -1 1
90 12299 -1 2 2251760 0.04408 0.2959 45956.3 45344.4 160125 160110 -1
90 5721 -1 3 -1 0.2094 -0.0366 88643.1 34489.4 -1 -1 1
90 5721 -1 3 849338 -0.02903 0.32473 87783.3 34545.9 160185 160169 -1
90 5917 10092445 5 -1 0.0008 -0.16937 47019.4 174493 140058 130040 0
90 5917 -1 5 587232 -0.79129 1.10755 30091 80341.3 80008 70004 -1
90 7522 10040091 5 -1 0.31099 -0.02298 128758 169920 110018 120023 0
90 7522 -1 5 3178472 0 0 0 0 -1 -1 -1
90 7267 -1 5 -1 -0.2103 0.1035 86467.1 22658.8 -1 -1 1
90 7267 -1 5 793582 -0.22445 0.49869 87155.1 23450.5 160186 160178 -1
90 8984 -1 5 -1 -0.0318 0.0585 108506 49710 -1 -1 1
90 8984 -1 5 1137283 0.46656 -0.19791 107047 51980.6 160139 160085 -1
90 5447 -1 6 -1 0.4389 -0.3933 39310.8 36185.9 -1 -1 1
90 5447 -1 6 7002 -0.3112 -0.3806 40475 38688.9 160209 160156 -1
90 8110 12395258 6 -1 0.15143 -0.17692 187688 204744 130049 80008 0
90 8110 -1 6 2513240 0 0 0 0 -1 -1 -1
91 1856 5732783 3 -1 -0.27376 -0.24939 128074 115509 110034 80018 0
91 1856 -1 3 664557 1.28147 1.11358 51875.6 38399.2 90015 100013 -1
91 2548 5118858 3 -1 0.13816 -0.47132 121334 131769 110032 110016 0
91 2548 -1 3 2688822 0 0 0 0 -1 -1 -1
91 5721 -1 3 -1 0.2097 -0.0341 89301.1 34534.8 -1 -1 1
91 5721 -1 3 404841 -0.02567 0.31614 88260.9 35538.1 160169 160164 -1
91 5917 -1 5 -1 0.0019 -0.1695 46147.7 15635.6 -1 -1 1
91 5917 -1 5 774326 -0.15323 0.01569 45599.8 18495.1 160090 160045 -1
91 8984 -1 5 -1 -0.0321 0.0586 108413 50548.2 -1 -1 1
91 8984 -1 5 713143 -0.11102 0.06631 109376 49601.5 160058 160065 -1
91 5447 -1 6 -1 0.4407 -0.3907 39774.3 37153.9 -1 -1 1
91 5447 -1 6 665557 -0.04472 -0.12098 42509.7 38721.2 160067 160068 -1
91 7522 -1 6 -1 0.3112 -0.0204 7404.7 11684.1 -1 -1 1
91 7522 -1 6 609894 -0.10979 -0.01177 6808.2 12381.7 160081 160097 -1
91 8110 -1 6 -1 0.1527 -0.1758 66192.1 47116.5 -1 -1 1
91 8110 -1 6 1364981 -0.36346 -0.29938 67170.2 48700.6 160147 160132 -1
92 2548 -1 3 -1 0.1417 -0.4694 116866 54129.9 -1 -1 1
92 2548 -1 3 727837 -0.0104 0.06681 118231 51888.3 160082 160054 -1
92 5721 -1 3 -1 0.2095 -0.035 85206.5 33474.6 -1 -1 1
92 5721 -1 3 1519767 0.77823 -0.04922 84947.4 34133.9 160166 160133 -1
92 5628 6041926 4 -1 0.08474 0.02489 134057 131721 160075 140035 0
92 5628 -1 4 708861 2.00697 0.56826 4279.23 48743.5 110045 100017 -1
92 1856 -1 4 -1 -0.2713 -0.2519 4774.3 36377.6 -1 -1 1
92 1856 -1 4 427270 -0.302 -0.14573 2569.75 36172.5 160127 160101 -1
92 5917 -1 5 -1 0.0019 -0.17 44564.1 14455.7 -1 -1 1
92 5917 -1 5 155950 -0.00447 -0.1499 44463.4 15974.9 160134 160109 -1
92 7522 -1 5 -1 0.311 -0.0205 124963 9788.2 -1 -1 1
92 7522 -1 5 518937 -0.13472 0.30607 124197 9878.64 160222 160176 -1
92 8984 -1 5 -1 -0.032 0.0584 106925 48578.5 -1 -1 1
92 8984 -1 5 48124 -0.47574 -0.04013 106000 46679.2 160232 160209 -1
92 11299 8786782 6 -1 -0.09461 -0.19504 185805 176628 150051 130038 0
92 11299 -1 6 531293 -0.87175 -0.817 93158.8 11115.8 90020 110027 -1
92 4629 8984921 6 -1 0.24716 -0.14092 168228 172692 130050 110026 0
92 4629 -1 6 2361992 0 0 0 0 -1 -1 -1
92 8110 -1 6 -1 0.1525 -0.1761 62928.9 46370.4 -1 -1 1
92 8110 -1 6 690466 -0.73334 -0.02618 61601.8 49185 160206 160221 -1
93 11247 755193 1 -1 0.00059 -0.28956 60676.4 73418.4 110024 130052 0
93 11247 -1 1 1631868 -0.38396 -0.22088 60602.1 73427.1 160272 160294 -1
93 10029 4684906 2 -1 -0.39376 -0.20694 191433 49451.8 110032 120036 0
93 10029 -1 2 1346621 -1.05422 0.48258 28550 8819.64 70003 80007 -1
93 2548 -1 3 -1 0.1365 -0.4715 118728 54678.1 -1 -1 1
93 2548 -1 3 284687 0.06385 -0.06234 119438 55317.1 160105 160063 -1
93 6998 5771712 3 -1 0.11891 0.00455 96349.1 127165 160052 140066 0
93 6998 -1 3 1343249 0.18529 1.26259 81213.1 57935.2 90010 90008 -1
93 5628 -1 4 -1 0.0849 0.0247 16808.1 55037.3 -1 -1 1
93 5628 -1 4 260369 -0.03518 -0.14605 15792.9 54944.3 160099 160052 -1
93 1856 -1 4 -1 -0.2731 -0.2493 8149 39136.4 -1 -1 1
93 1856 -1 4 11735 -0.00072 0.00483 8862.38 38268.2 160099 160076 -1
93 5917 -1 5 -1 0.0018 -0.1694 46781.4 15819.6 -1 -1 1
93 5917 -1 5 194006 -0.13695 -0.58768 44960.5 17408.4 160221 160205 -1
93 11299 -1 6 -1 -0.0955 -0.1948 67077.9 17485.1 -1 -1 1
93 11299 -1 6 185636 -0.04933 -0.01253 67705 16697.8 160087 160101 -1
93 4629 -1 6 -1 0.2466 -0.1421 49199.6 13582.7 -1 -1 1
93 4629 -1 6 579637 0.06791 0.24192 50650.8 11078.7 160129 160129 -1
93 7522 -1 6 -1 0.3114 -0.0208 4766.2 11260.4 -1 -1 1
93 7522 -1 6 612747 -0.1086 -0.01208 5491.6 11923.9 160086 160098 -1
93 8110 -1 6 -1 0.1521 -0.1768 64432.7 47110.9 -1 -1 1
93 8110 -1 6 895250 -0.34058 0.53841 65668.1 45209 160280 160114 -1
94 11247 -1 1 -1 0.001 -0.2896 56704.4 73628 -1 -1 1
94 11247 -1 1 1248430 0.18613 0.17288 59012.9 75186.3 160061 160068 -1
94 10029 -1 2 -1 -0.3924 -0.2094 70005.6 49537.5 -1 -1 1
94 10029 -1 2 1621222 -0.06164 0.6209 68157.9 47927.5 160297 160248 -1
94 1856 -1 3 -1 -0.2713 -0.2519 125574 38558.4 -1 -1 1
94 1856 -1 3 1091182 0.00056 -0.02746 123424 37461.8 160110 160081 -1
94 2548 -1 3 -1 0.1405 -0.4709 115719 56359.7 -1 -1 1
94 2548 -1 3 1136789 0.17011 -0.41388 115509 55825.4 160152 160121 -1
94 6998 -1 3 -1 0.1188 0.0053 92522 48180.4 -1 -1 1
94 6998 -1 3 248016 0.05397 -0.10061 90312.3 47950.8 160081 160067 -1
94 5628 -1 4 -1 0.0847 0.0252 13384.8 53681.9 -1 -1 1
94 5628 -1 4 291183 0.1586 -0.61618 12500.6 56479.7 160329 160276 -1
94 11299 -1 6 -1 -0.0946 -0.1948 65783.9 19445.5 -1 -1 1
94 11299 -1 6 193700 0.24581 -0.29687 65371.5 19907.9 160176 160134 -1
94 4629 -1 6 -1 0.2467 -0.1413 46927.9 15285.8 -1 -1 1
94 4629 -1 6 649489 0.19888 0.3213 47238.2 13513.7 160127 160117 -1
94 5898 10338573 6 -1 -0.13558 0.2832 182446 176567 110020 130031 0
94 5898 -1 6 1704845 2.65868 -0.82268 46143.7 31519.1 110017 110020 -1
95 11247 -1 1 -1 -0.0018 -0.2894 59412.2 75501.1 -1 -1 1
95 11247 -1 1 764247 0.24074 -0.33114 58515.9 76100.4 160260 160233 -1
95 10029 -1 2 -1 -0.3945 -0.2062 72061.8 51635.4 -1 -1 1
95 10029 -1 2 728565 0.14857 0.3479 69912 51938 160272 160216 -1
95 6998 -1 3 -1 0.1189 0.0043 94850.5 50766.3 -1 -1 1
95 6998 -1 3 460881 -0.00509 -0.0537 94775.7 50337.5 160108 160090 -1
95 5628 -1 4 -1 0.0851 0.0242 16129.7 54500 -1 -1 1
95 5628 -1 4 911027 0.42497 0.09804 15577.2 54468 160163 160154 -1
95 11299 -1 6 -1 -0.0959 -0.1942 69730.6 18428.1 -1 -1 1
95 11299 -1 6 190930 -0.02429 -0.03824 68820 17108.8 160091 160072 -1
95 4629 -1 6 -1 0.2455 -0.1436 50564.1 14376.7 -1 -1 1
95 4629 -1 6 657881 0.11657 -0.09184 50785.4 13991.4 160075 160088 -1
95 5898 -1 6 -1 -0.1338 0.2841 67188.9 16780.8 -1 -1 1
95 5898 -1 6 190930 -0.02429 -0.03824 68820 17108.8 160091 160072 -1
96 11247 -1 1 -1 -0.0002 -0.2893 59873.8 76629.7 -1 -1 1
96 11247 -1 1 1423349 0.01219 -0.09325 58924 77405.6 160121 160092 -1
96 10029 -1 2 -1 -0.3925 -0.209 73026.4 51696.1 -1 -1 1
96 10029 -1 2 2229053 0.158 0.36058 68448.4 51214.8 160236 160225 -1
96 6998 -1 3 -1 0.119 0.0054 94761.5 49327.6 -1 -1 1
96 6998 -1 3 899873 -0.11381 -0.02309 94490.1 49933.1 160109 160060 -1
96 12055 7103579 4 -1 -0.16589 -0.04917 147034 135849 160062 150048 0
96 12055 -1 4 1227779 -1.1937 0.2624 106375 17215.9 70004 70003 -1
96 5898 -1 6 -1 -0.1344 0.2857 67169.8 20896.2 -1 -1 1
96 5898 -1 6 322979 -0.25773 -0.24942 66344.7 18474.3 160258 160169 -1
97 11667 4145026 2 -1 -0.06176 0.09988 202158 80716.3 150050 120023 0
97 11667 -1 2 1757236 0.25999 -1.92173 23289.2 34061.8 80005 110013 -1
97 12367 6718608 3 -1 0.36701 0.15193 52846.5 140756 80004 130054 0
97 12367 -1 3 757596 -1.54686 -0.53942 125803 60082.1 80005 80005 -1
97 12055 -1 4 -1 -0.1651 -0.0517 24966.9 54811 -1 -1 1
97 12055 -1 4 547056 -0.48758 -0.62286 23711.5 53206.5 160256 160252 -1
97 5898 -1 6 -1 -0.1371 0.2837 64476.6 19642 -1 -1 1
97 5898 -1 6 1210741 -0.01125 0.02743 69395.9 19972.9 160092 160072 -1
98 11667 -1 2 -1 -0.0612 0.1003 83239.8 83206.1 -1 -1 1
98 11667 -1 2 1146338 0.10565 -0.08401 83878.4 84421.7 160074 160052 -1
98 12367 -1 3 -1 0.3674 0.1518 52774.8 64128.8 -1 -1 1
98 12367 -1 3 1222031 0.06457 -0.04344 53681.6 63833.1 160087 160068 -1
98 12055 -1 4 -1 -0.1663 -0.0493 26866.1 57671.9 -1 -1 1
98 12055 -1 4 284825 -0.49598 -0.5916 26483.4 57623.6 160306 160235 -1
99 11667 -1 2 -1 -0.0608 0.1006 85944.3 79308.9 -1 -1 1
99 11667 -1 2 2091568 0.3275 0.35083 83229.1 77419 160265 160238 -1
99 12367 -1 3 -1 0.3702 0.1443 56594.4 64953.4 -1 -1 1
99 12367 -1 3 587513 0.10869 0.40411 58635.5 67519.1 160174 160225 -1
99 12055 -1 4 -1 -0.167 -0.0473 30643.4 57585.6 -1 -1 1
99 12055 -1 4 1842362 -0.46818 -0.56465 30522.8 57971.3 160253 160258 -1
100 274 550915 1 -1 0.04048 0.2343 121675 69441 120029 130034 0
100 274 -1 1 1187848 0.43869 -0.48117 121786 69242.6 160258 160256 -1
100 11060 2876188 2 -1 -0.06194 -0.08373 171710 75855.3 140050 150060 0
100 11060 -1 2 643888 -0.45137 0.56998 120096 41147.7 100015 80005 -1
100 11667 -1 2 -1 -0.0611 0.0997 82323.2 80249 -1 -1 1
100 11667 -1 2 724760 0.30119 -0.26907 84741.7 81086.1 160163 160129 -1
100 12367 -1 3 -1 0.3671 0.1456 51363 63219.4 -1 -1 1
100 12367 -1 3 604139 -0.30678 -0.28849 51207 63408.1 160099 160077 -1
100 4478 7523983 4 -1 -0.46364 0.03449 137933 131306 120034 100012 0
100 4478 -1 4 469411 1.10559 0.67472 100882 58562.2 70003 70004 -1
101 274 -1 1 -1 0.0419 0.234 121831 71073.3 -1 -1 1
101 274 -1 1 2129674 0.46743 0.14361 124295 68423.5 160101 160131 -1
101 6085 2165592 1 -1 -0.09449 0.64982 85666.1 71286.7 110019 120043 0
101 6085 -1 1 2138829 0.39659 0.36376 85202.5 70341.9 160228 160239 -1
101 11060 -1 2 -1 -0.0616 -0.0839 51515.3 76797.8 -1 -1 1
101 11060 -1 2 773503 -0.55875 0.5764 51323.5 75821.5 160216 160216 -1
101 4478 -1 4 -1 -0.4636 0.033 18595.6 54313.8 -1 -1 1
101 4478 -1 4 461404 0.0987 -0.35968 20223.5 53295.5 160170 160145 -1
101 9344 7130653 4 -1 0.10638 0.57752 141487 129474 90016 100027 0
101 9344 -1 4 516440 -0.01987 0.96798 101270 65827.7 70003 70003 -1
102 274 -1 1 -1 0.041 0.2343 121429 68657.7 -1 -1 1
102 274 -1 1 1461705 0.03309 -0.11785 120008 71457.4 160083 160103 -1
102 6085 -1 1 -1 -0.0986 0.6505 85684.9 67379.2 -1 -1 1
102 6085 -1 1 1437504 -0.0982 0.19551 86598.4 67968.4 160135 160110 -1
102 11060 -1 2 -1 -0.061 -0.0843 51918.9 77424.6 -1 -1 1
102 11060 -1 2 1383281 0.02486 -0.01944 51926.8 78169.8 160077 160098 -1
102 1550 4638043 3 -1 0.18517 -0.12862 52673.7 115251 110019 120031 0
102 1550 -1 3 225237 0.8657 0.39216 67123.8 47449.7 100017 100021 -1
102 4478 -1 4 -1 -0.4641 0.0313 19256.1 54650.8 -1 -1 1
102 4478 -1 4 242311 0.22833 -0.11215 19998 53660.3 160108 160119 -1
102 9344 -1 4 -1 0.0983 0.5785 20195.9 49486.1 -1 -1 1
102 9344 -1 4 693584 -0.03905 0.01174 19428.2 48994.1 160092 160086 -1
103 274 -1 1 -1 0.041 0.2341 122667 69908.4 -1 -1 1
103 274 -1 1 1270954 0.1543 -0.06646 123532 71872.4 160050 160074 -1
103 6085 -1 1 -1 -0.0989 0.6512 87041.4 68331.3 -1 -1 1
103 6085 -1 1 1581600 -0.19034 -0.35495 89955.6 71153.5 160209 160158 -1
103 11060 -1 2 -1 -0.0615 -0.0838 52924.1 77489.6 -1 -1 1
103 11060 -1 2 552359 0.01982 -0.02735 53241 79198.9 160090 160071 -1
103 1550 -1 3 -1 0.1847 -0.1294 54544.8 38633.2 -1 -1 1
103 1550 -1 3 1772 -0.59224 -0.292 52710.8 37151 160258 160312 -1
103 4478 -1 4 -1 -0.4637 0.0335 21181.9 54182.7 -1 -1 1
103 4478 -1 4 1176896 0.60687 0.36569 24027.6 54865.3 160206 160226 -1
103 10074 5497163 4 -1 -0.00731 -0.18878 188125 112240 100019 140043 0
103 10074 -1 4 1534319 0 0 0 0 -1 -1 -1
103 9344 -1 4 -1 0.1014 0.5772 21619.5 48564.2 -1 -1 1
103 9344 -1 4 466794 0.47405 -0.36847 19722.3 45821.1 160194 160236 -1
104 6085 -1 1 -1 -0.1008 0.6514 85485.3 64109.2 -1 -1 1
104 6085 -1 1 566809 -0.30011 0.23494 87254.9 63769 160214 160165 -1
104 12369 4260340 3 -1 -0.10052 0.24022 127637 154394 120024 120041 0
104 12369 -1 3 755253 0.44539 0.24508 115335 58303 70009 70002 -1
104 1550 -1 3 -1 0.1841 -0.1296 51562.9 36799.9 -1 -1 1
104 1550 -1 3 665591 -0.089 -0.13915 50043 37453.2 160066 160070 -1
104 10074 -1 4 -1 -0.0062 -0.1891 66049.2 32362.6 -1 -1 1
104 10074 -1 4 647848 0.08055 -0.04834 69873.8 32056.8 160061 160061 -1
104 9344 -1 4 -1 0.1001 0.5784 19326.1 44759.9 -1 -1 1
104 9344 -1 4 700857 -0.03651 -0.42186 16484.2 47451.1 160096 160109 -1
104 5640 6629673 5 -1 0.10025 0.22126 44224 196233 110016 130034 0
104 5640 -1 5 1108115 0.84904 -0.73885 94869.3 57248.7 60002 70002 -1
105 8150 253552 1 -1 0.00638 -0.11742 74509.2 46002.2 140049 140043 0
105 8150 -1 1 463263 0.05333 -0.02167 75064.8 46345.8 160077 160084 -1
105 1550 -1 3 -1 0.1846 -0.1277 52848.6 38061.5 -1 -1 1
105 1550 -1 3 415252 -0.0682 -0.01215 54561.9 36050.6 160081 160061 -1
105 8008 5008779 3 -1 -0.09234 -0.30778 45032.9 103081 110030 130035 0
105 8008 -1 3 417136 -0.52887 -0.89546 48625.8 32339.6 100015 100023 -1
105 12369 -1 4 -1 -0.1021 0.2396 8817.5 77780.4 -1 -1 1
105 12369 -1 4 489936 0.7004 -0.02423 7101.13 77795.8 160243 160240 -1
105 10074 -1 4 -1 -0.0053 -0.1885 67497.7 34970.4 -1 -1 1
105 10074 -1 4 882383 -0.65996 0.15058 66222.1 36453.1 160200 160205 -1
105 11688 5844705 4 -1 -0.03115 -0.1441 206724 148041 130033 120026 0
105 11688 -1 4 1465354 -0.50224 -0.67094 18293.8 61899.4 100019 110020 -1
105 5640 -1 5 -1 0.1003 0.2214 45578.8 37775.4 -1 -1 1
105 5640 -1 5 5467 0.24125 0.27581 45502.6 37151.5 160193 160267 -1
106 8150 -1 1 -1 0.0059 -0.1173 73751.8 44907.4 -1 -1 1
106 8150 -1 1 486967 -0.15342 -0.16706 75312.2 43838.1 160101 160129 -1
106 8008 -1 3 -1 -0.0946 -0.3067 45164.2 25653.6 -1 -1 1
106 8008 -1 3 343991 0.03392 -0.00117 45934.9 25936.8 160079 160099 -1
106 12369 -1 4 -1 -0.1023 0.24 8910.6 76583.9 -1 -1 1
106 12369 -1 4 1630706 0.15433 -0.34909 7854.79 74156.9 160127 160084 -1
106 10074 -1 4 -1 -0.0047 -0.1893 67315.9 35161 -1 -1 1
106 10074 -1 4 412914 0.09774 -0.45692 69873.3 33559.1 160276 160288 -1
106 11688 -1 4 -1 -0.031 -0.1439 86705.2 69499.2 -1 -1 1
106 11688 -1 4 332295 -0.26481 -0.08884 85823.4 68830.4 160097 160129 -1
106 5640 -1 5 -1 0.0998 0.2221 44629.9 35625.7 -1 -1 1
106 5640 -1 5 405651 -0.00747 -0.64302 43946.3 35329.8 160188 160243 -1
107 8150 -1 1 -1 0.0066 -0.1171 74218.9 43480.5 -1 -1 1
107 8150 -1 1 1340841 0.0521 -0.02191 74591.3 43446.3 160101 160069 -1
107 7418 4042643 2 -1 0.0481 0.60246 195843 50732.4 100017 110011 0
107 7418 -1 2 2035023 0.41176 -1.60486 86086.7 78951.9 120026 100012 -1
107 8008 -1 3 -1 -0.0909 -0.3082 45151.4 24058.1 -1 -1 1
107 8008 -1 3 185246 0.2876 -0.39403 45943.3 21151.4 160253 160253 -1
107 12369 -1 4 -1 -0.1057 0.2384 7781.3 73389.2 -1 -1 1
107 12369 -1 4 813949 -0.075 0.15469 8421.67 73893.9 160112 160084 -1
107 11688 -1 4 -1 -0.0286 -0.1444 85612.9 67930.1 -1 -1 1
107 11688 -1 4 754447 -0.36407 -0.67023 86473.3 65814 160239 160270 -1
107 6306 6510294 4 -1 0.14029 -0.32866 143340 154567 140046 100023 0
107 6306 -1 4 1625202 0 0 0 0 -1 -1 -1
107 5640 -1 5 -1 0.0981 0.2221 42869.1 39548 -1 -1 1
107 5640 -1 5 4838 -0.11611 -0.17318 40685.1 39757.8 160134 160083 -1
108 8150 -1 1 -1 0.0055 -0.117 76106.2 47009.7 -1 -1 1
108 8150 -1 1 923621 -0.00038 -0.07566 75362.8 46232.9 160082 160071 -1
108 7418 -1 2 -1 0.0483 0.6015 76674.3 50650.1 -1 -1 1
108 7418 -1 2 1165151 0.15009 -0.10055 72947.2 46410.9 160076 160078 -1
108 8008 -1 3 -1 -0.0952 -0.308 47784.1 26670.5 -1 -1 1
108 8008 -1 3 413693 -0.05884 -0.11407 46616.8 23978.9 160080 160082 -1
108 11688 -1 4 -1 -0.031 -0.1444 88591.1 68737.8 -1 -1 1
108 11688 -1 4 1508805 0.0111 -0.13493 88610.7 68153.1 160085 160094 -1
108 6306 -1 4 -1 0.1401 -0.328 25119.6 78093.9 -1 -1 1
108 6306 -1 4 779510 -0.15529 -0.18855 24862.3 76072.3 160145 160116 -1
108 8046 11839345 6 -1 0.06998 -0.24115 164681 182345 130043 130045 0
108 8046 -1 6 998812 0.88051 1.24495 26940.5 20536.4 110026 100027 -1
109 7418 -1 2 -1 0.0521 0.6017 75284.5 48596.1 -1 -1 1
109 7418 -1 2 458688 -0.08867 0.02077 78388.7 48340.6 160075 160092 -1
109 6306 -1 4 -1 0.1423 -0.3277 23514.4 78086 -1 -1 1
109 6306 -1 4 803759 -0.17322 -0.15013 25949.3 76442.8 160092 160079 -1
109 8046 -1 6 -1 0.0697 -0.2412 42310.5 23888.3 -1 -1 1
109 8046 -1 6 345088 -0.26627 0.04438 40624.5 24155.8 160165 160128 -1
110 1408 686886 1 -1 0.13567 0.42792 58903.2 76801.8 90015 100016 0
110 1408 -1 1 687005 0.08433 0.51773 60184.3 79507.8 160242 160243 -1
110 7418 -1 2 -1 0.0472 0.5985 75804.4 49980.1 -1 -1 1
110 7418 -1 2 904452 -0.01374 -0.03237 74606.1 48304.3 160116 160100 -1
110 3656 5822165 3 -1 0.07036 -0.00455 122282 143425 140056 120040 0
110 3656 -1 3 1375156 0.39348 1.90307 52544 60852.6 80005 100020 -1
110 6306 -1 4 -1 0.1408 -0.3287 23544.9 82078.2 -1 -1 1
110 6306 -1 4 536221 0.47574 -0.42179 23970.9 81121.7 160301 160295 -1
110 8046 -1 6 -1 0.0702 -0.2427 42602 24164.3 -1 -1 1
110 8046 -1 6 802972 -0.23309 0.04565 41985.9 24663.2 160134 160112 -1
111 1408 -1 1 -1 0.1356 0.4284 58601.9 73968 -1 -1 1
111 1408 -1 1 670650 0.00992 -0.08918 58613.4 74957.2 160075 160074 -1
111 3656 -1 3 -1 0.0703 -0.0047 122167 63258.1 -1 -1 1
111 3656 -1 3 1811985 -0.42393 -0.12392 123023 61227.1 160099 160128 -1
111 44 6213424 3 -1 0.47951 -0.12126 68453.9 123019 140061 110014 0
111 44 -1 3 2220309 0 0 0 0 -1 -1 -1
111 8046 -1 6 -1 0.0685 -0.2407 41235 21800.8 -1 -1 1
111 8046 -1 6 1515405 -0.82124 -0.11496 41101.7 22607.4 160164 160200 -1
112 1408 -1 1 -1 0.1293 0.43 59456 74839.6 -1 -1 1
112 1408 -1 1 2289369 -0.0794 0.19664 62195.9 73724.4 160131 160141 -1
112 3656 -1 3 -1 0.0704 -0.0051 123740 64224.8 -1 -1 1
112 3656 -1 3 488228 -0.14452 -0.32438 125922 62401.3 160216 160130 -1
112 44 -1 3 -1 0.4791 -0.1243 69096.6 46851.4 -1 -1 1
112 44 -1 3 940208 -0.04269 0.32275 68803.6 46642.3 160110 160097 -1
113 1408 -1 1 -1 0.1366 0.4267 60170.6 74504 -1 -1 1
113 1408 -1 1 1573453 0.18127 -0.55326 57996.5 77025.6 160280 160202 -1
113 3656 -1 3 -1 0.0704 -0.0056 124046 64277.5 -1 -1 1
113 3656 -1 3 1428288 -0.48433 0.04914 122047 61610.5 160194 160170 -1
113 44 -1 3 -1 0.478 -0.1269 68983.2 47349 -1 -1 1
113 44 -1 3 460759 -0.01646 -0.04451 69890.8 47652.4 160061 160088 -1
114 44 -1 3 -1 0.4795 -0.1171 66083.2 45469.8 -1 -1 1
114 44 -1 3 1141462 -0.03805 0.32236 68105.5 45481.7 160115 160101 -1
115 1063 5603279 3 -1 0.12761 0.24474 111123 146341 90014 130045 0
115 1063 -1 3 401969 1.67394 -1.31118 100395 33766.9 80014 70003 -1
115 7756 6499070 3 -1 -0.04105 0.14997 121087 163630 160079 120027 0
115 7756 -1 3 609739 1.98391 -0.58096 123778 74199.8 80005 80007 -1
116 1063 -1 3 -1 0.1263 0.2454 109498 66196.4 -1 -1 1
116 1063 -1 3 467047 0.1498 0.55549 109468 64811.3 160219 160203 -1
116 7756 -1 3 -1 -0.0417 0.1494 119938 83830.9 -1 -1 1
116 7756 -1 3 1327682 -0.37689 -0.26854 119174 83450.9 160294 160248 -1
117 1063 -1 3 -1 0.123 0.2466 106813 65064.5 -1 -1 1
117 1063 -1 3 1893629 0.45685 0.68624 107370 65887.5 160170 160134 -1
117 7756 -1 3 -1 -0.0437 0.1492 117146 82923.9 -1 -1 1
117 7756 -1 3 1076882 0.33882 0.15736 118601 85411.4 160135 160128 -1
118 1063 -1 3 -1 0.1273 0.2447 109177 64568.9 -1 -1 1
118 1063 -1 3 1668847 0.0824 -0.56085 110154 63583.4 160159 160149 -1
118 7756 -1 3 -1 -0.0409 0.1498 120216 82485.4 -1 -1 1
118 7756 -1 3 1064895 -0.10568 0.16376 121155 80495.7 160227 160184 -1
118 6060 7609226 4 -1 -0.0234 0.00977 162826 147160 120048 160082 0
118 6060 -1 4 2185384 0 0 0 0 -1 -1 -1
119 6060 -1 4 -1 -0.0235 0.0097 39931.7 68355.7 -1 -1 1
119 6060 -1 4 1357853 -0.05087 -0.01086 40710.1 66202.3 160109 160098 -1
119 3179 10254145 5 -1 0.78044 -0.17682 58040.1 174470 90021 70004 0
119 3179 -1 5 2159004 -1.7839 -2.99795 57903.4 17203.3 100015 90008 -1
120 6060 -1 4 -1 -0.0234 0.0097 42146.5 70527.6 -1 -1 1
120 6060 -1 4 766214 -0.06963 0.02443 43572.9 70383.7 160097 160065 -1
120 7078 8054813 4 -1 0.14064 0.31997 143775 93090 100029 90015 0
120 7078 -1 4 1927530 1.40923 -0.05468 118806 18881 120018 100017 -1
120 3179 -1 5 -1 0.7769 -0.1758 57178.4 21742 -1 -1 1
120 3179 -1 5 308802 -0.11402 -0.04255 57331.6 20965.4 160072 160053 -1
121 6060 -1 4 -1 -0.0235 0.0096 40819.2 69564.5 -1 -1 1
121 6060 -1 4 695619 0.19302 -0.40245 44579.9 69652 160193 160141 -1
121 7078 -1 4 -1 0.1406 0.32 22317.1 12736.4 -1 -1 1
121 7078 -1 4 196322 -0.18908 0.32157 24992.7 14109.2 160203 160190 -1
121 3179 -1 5 -1 0.7752 -0.1838 55475.4 17123.9 -1 -1 1
121 3179 -1 5 302432 0.05689 0.02797 52585.1 19994.1 160094 160065 -1
122 1383 5465031 3 -1 0.14039 0.006 70808.5 101894 140049 140038 0
122 1383 -1 3 1296049 -0.07622 0.62231 63339.7 35344.5 80015 100012 -1
122 8492 5654535 3 -1 -0.0474 -0.08157 117823 105945 160070 140059 0
122 8492 -1 3 2421591 1.09099 0.68182 68776.8 39244.8 100027 110048 -1
122 7078 -1 4 -1 0.1369 0.322 20984.8 10287.3 -1 -1 1
122 7078 -1 4 1653364 -0.26547 -0.36745 20074 10899.6 160206 160255 -1
122 3179 -1 5 -1 0.7787 -0.1851 52630.3 16068.5 -1 -1 1
122 3179 -1 5 165404 0.00993 -0.04427 52950 16059.8 160125 160112 -1
123 1383 -1 3 -1 0.1404 0.0057 70958.2 24804.3 -1 -1 1
123 1383 -1 3 1001379 0.43627 0.17927 71338.9 23960.1 160201 160207 -1
123 8492 -1 3 -1 -0.0475 -0.0815 118136 28843.2 -1 -1 1
123 8492 -1 3 1068396 0.03911 0.04085 116223 31311 160111 160078 -1
123 7078 -1 4 -1 0.1412 0.3202 21003.7 12589.2 -1 -1 1
123 7078 -1 4 1426415 0.15503 0.64091 23324 10463.9 160137 160164 -1
124 10784 2989186 2 -1 -0.10778 -0.09835 171178 58194.1 160079 120020 0
124 10784 -1 2 601619 1.15329 0.31785 70814.8 62358 70004 80006 -1
124 11243 3201832 2 -1 -0.09938 0.0378 166855 76295.5 120027 130035 0
124 11243 -1 2 1543374 0.54158 1.30316 68894.2 84761.1 80009 80012 -1
124 1383 -1 3 -1 0.1403 0.0063 69488 24355.4 -1 -1 1
124 1383 -1 3 380048 0.09484 -0.17861 69743.5 25085.1 160147 160162 -1
124 8492 -1 3 -1 -0.0473 -0.0816 117196 28909 -1 -1 1
124 8492 -1 3 563488 0.7105 0.21758 117112 28554.8 160249 160227 -1
125 10681 834170 1 -1 0.0485 -0.18268 50426.3 72348.9 150057 120030 0
125 10681 -1 1 780453 0.23198 0.77468 52649.5 71191.9 160246 160237 -1
125 10841 489846 1 -1 -0.12164 0.24165 115728 47094 120033 110030 0
125 10841 -1 1 252241 -0.04826 -0.00176 114584 44887.1 160094 160064 -1
125 10967 667981 1 -1 -0.15016 0.19073 69041.6 58014.8 130035 90008 0
125 10967 -1 1 1488891 -0.03405 -0.02024 69900.9 58871.5 160079 160054 -1
125 11777 572807 1 -1 0.01931 -0.15095 73098.4 53130.7 150063 130026 0
125 11777 -1 1 1445583 -0.7937 -0.01507 75315.3 54612.5 160222 160200 -1
125 12242 561372 1 -1 0.02087 0.02467 96622.5 52039.2 150092 120031 0
125 12242 -1 1 562362 -0.69936 0.26098 97006.5 53791.9 160266 160188 -1
125 127 524967 1 -1 0.00754 -0.16804 47584.8 47544.3 160071 120036 0
125 127 -1 1 2452152 -0.35995 -0.13877 48148.6 46865.2 160161 160138 -1
125 1526 511176 1 -1 -0.1334 -0.14957 74218.8 47179.4 140050 110024 0
125 1526 -1 1 1393071 0.29623 -0.71727 75250.1 49009.2 160210 160210 -1
125 1604 1497065 1 -1 0.04519 -0.17496 49801.4 60338.9 160076 130029 0
125 1604 -1 1 1583593 0.66943 0.44767 50864.7 62303.3 160343 160346 -1
125 1655 563311 1 -1 -0.11339 -0.02359 92428.8 51677.9 160083 160070 0
125 1655 -1 1 500882 -0.09418 -0.01392 93021.7 50961.5 160102 160088 -1
125 2350 1350319 1 -1 -0.21165 0.06797 71836.5 42860.7 100022 120032 0
125 2350 -1 1 447639 -0.00316 0.01506 71139.5 42973.4 160092 160060 -1
125 2597 821513 1 -1 0.20348 -0.1611 78911.6 71733.7 120029 130033 0
125 2597 -1 1 1663012 -0.14266 -0.08772 81510.8 72706.1 160162 160166 -1
125 2875 1560833 1 -1 -0.0803 0.16423 119357 63714.8 120030 110021 0
125 2875 -1 1 702767 -0.18061 -0.33856 119962 63015.2 160160 160104 -1
125 2910 577366 1 -1 -0.08242 -0.03505 61061.7 55423.4 150062 130036 0
125 2910 -1 1 579424 0.05775 -0.06282 59267.4 54094.7 160078 160063 -1
125 2940 1630091 1 -1 -0.0651 -0.20754 49425.2 68522.5 130041 120023 0
125 2940 -1 1 2569754 -0.79119 -0.18401 49445.6 66505.1 160192 160205 -1
125 2992 1570162 1 -1 0.1377 0.23775 93604.7 62141.4 100023 110034 0
125 2992 -1 1 712105 0.37604 -0.73426 92752.4 63119.4 160211 160196 -1
125 3180 1671704 1 -1 -0.02855 -0.2669 51185.3 73758.2 110036 90014 0
125 3180 -1 1 780453 0.23198 0.77468 52649.5 71191.9 160246 160237 -1
125 3309 926482 1 -1 -0.08175 -0.05793 44848.2 86096.2 150058 130049 0
125 3309 -1 1 1754024 -0.34741 -0.07174 44037.7 85962.6 160149 160096 -1
125 3753 261273 1 -1 -0.27911 -0.14866 96520.3 46091.6 110026 70004 0
125 3753 -1 1 263947 -0.02756 0.21708 95063.4 43344.4 160115 160106 -1
125 3802 261273 1 -1 -0.27911 -0.14866 96520.3 46091.6 110026 70004 0
125 3802 -1 1 263947 -0.02756 0.21708 95063.4 43344.4 160115 160106 -1
125 4059 1334944 1 -1 0.04467 0.16542 102502 45403.2 120035 130034 0
125 4059 -1 1 2440981 -0.5714 0.56686 105233 48057.6 160249 160205 -1
125 488 823133 1 -1 -0.11427 0.1413 74164 73321.8 90008 130041 0
125 488 -1 1 1664554 -0.028 0.0839 76993.1 72558.4 160121 160087 -1
125 5596 1338763 1 -1 -0.28053 -0.11529 96799.8 43956.2 110019 90020 0
125 5596 -1 1 263947 -0.02756 0.21708 95063.4 43344.4 160115 160106 -1
125 6490 550585 1 -1 -0.25825 -0.12392 121165 51265 120036 90010 0
125 6490 -1 1 1428466 -0.01244 0.01374 120665 51646.8 160110 160088 -1
125 6952 702388 1 -1 -0.10872 0.33108 117611 61322.7 100033 120038 0
125 6952 -1 1 1561841 -0.20175 0.38709 116940 62304.8 160253 160263 -1
125 7024 774630 1 -1 -0.06629 -0.20828 69429 68959.4 110021 110018 0
125 7024 -1 1 774286 -0.16908 0.2025 69059.9 69604.9 160166 160126 -1
125 7342 450682 1 -1 0.02029 -0.19843 68196 44457 130033 140056 0
125 7342 -1 1 450816 -0.06378 0.04305 68462.8 45863.2 160145 160112 -1
125 7396 511081 1 -1 -0.09991 -0.13961 74460.1 48459.9 110026 130036 0
125 7396 -1 1 1393071 0.29623 -0.71727 75250.1 49009.2 160210 160210 -1
125 7704 564855 1 -1 -0.1988 0.04417 91984.5 51417.1 150056 110025 0
125 7704 -1 1 563311 -0.11339 -0.02359 92428.8 51677.9 160083 160070 -1
125 8089 1492916 1 -1 -0.01718 -0.18444 56420 60228.4 120032 140040 0
125 8089 -1 1 671657 -0.32794 0.74265 55841.8 61136.5 160195 160222 -1
125 10784 -1 2 -1 -0.1059 -0.1004 53187 60941.7 -1 -1 1
125 10784 -1 2 1704765 0.02557 0.03915 53889.7 63532.1 160080 160053 -1
125 11243 -1 2 -1 -0.1 0.0359 48509.2 78842.8 -1 -1 1
125 11243 -1 2 940171 -0.31711 -0.01295 48688.7 79694.8 160186 160167 -1
125 11589 3167532 2 -1 -0.05329 -0.01539 187643 47745.1 160074 160073 0
125 11589 -1 2 1394376 1.98004 -0.97689 124870 24044.7 70004 70004 -1
125 1277 4306371 2 -1 -0.0027 -0.04856 193476 56890.2 140055 130044 0
125 1277 -1 2 572108 -0.04175 -1.88428 127807 32665.4 70007 70006 -1
125 7255 4318919 2 -1 0.00297 -0.07695 147422 60440.7 160085 160047 0
125 7255 -1 2 2517002 -0.21836 2.06082 120794 66106.1 110025 100013 -1
125 7770 4280988 2 -1 0.14304 -0.02719 140715 56215.6 150046 140037 0
125 7770 -1 2 599164 0.67395 0.95786 73778.9 31963.3 70004 70006 -1
125 892 3405296 2 -1 -0.27596 -0.19516 191162 60408.4 90012 110036 0
125 892 -1 2 664932 1.01707 0.96995 51670.3 50593.3 70005 70005 -1
125 1383 -1 3 -1 0.1403 0.0051 72641.8 25911.5 -1 -1 1
125 1383 -1 3 370361 -0.34756 -0.48597 70889.4 26662 160335 160340 -1
125 8492 -1 3 -1 -0.0479 -0.0814 120537 30018.5 -1 -1 1
125 8492 -1 3 356711 -0.58149 0.12622 121814 30302.7 160163 160183 -1
125 1454 6304462 3 -1 -0.04859 0.00617 45005.6 102346 160052 160084 0
125 1454 -1 3 203021 0.75977 0.24022 80243.1 20216.8 100022 110020 -1
125 2731 6339399 3 -1 -0.03899 -0.10557 45000.3 105993 160088 130044 0
125 2731 -1 3 420716 0.06262 -0.79711 36647.4 32336.8 80009 70003 -1
125 3593 6303540 3 -1 -0.12104 -0.02315 49304 99655.1 120025 140041 0
125 3593 -1 3 165791 1.75843 -1.46467 65536.1 15303 70006 80007 -1
125 4824 5503061 3 -1 -0.03241 -0.04855 70071.3 96299 160081 130033 0
125 4824 -1 3 154065 0.4889 -0.81397 95745.9 14063 60003 80016 -1
125 7388 5304939 3 -1 -0.08658 -0.26554 44719.6 114432 100016 70005 0
125 7388 -1 3 1114973 -0.96542 -0.27419 61253.3 51351.4 80005 70003 -1
125 3325 9646320 5 -1 -0.25186 -0.08276 95853.1 186302 120040 110017 0
125 3325 -1 5 327046 -0.92042 -2.16034 88785.9 23287.3 100021 120030 -1
126 10681 -1 1 -1 0.0484 -0.183 48881.2 72726.4 -1 -1 1
126 10681 -1 1 2000182 0.29073 -0.25549 51710.7 72871.1 160143 160099 -1
126 10841 -1 1 -1 -0.1215 0.2419 114659 46220.2 -1 -1 1
126 10841 -1 1 457755 0.08792 -0.02624 112456 43367.1 160076 160067 -1
126 10967 -1 1 -1 -0.1503 0.1903 68052.9 57310.7 -1 -1 1
126 10967 -1 1 1873633 0.42193 0.39828 66803.5 56816.3 160244 160202 -1
126 11777 -1 1 -1 0.0193 -0.151 71626.2 53394.8 -1 -1 1
126 11777 -1 1 280444 -0.02629 -0.11506 73130.3 52753.1 160091 160068 -1
126 12242 -1 1 -1 0.0209 0.0247 95150.3 51792.8 -1 -1 1
126 12242 -1 1 1787149 -0.1135 -0.78634 95132.1 49479.6 160151 160131 -1
126 127 -1 1 -1 0.0075 -0.1682 46153.5 47881.7 -1 -1 1
126 127 -1 1 1119799 -0.50278 0.1986 44691.1 45355.7 160152 160118 -1
126 1526 -1 1 -1 -0.1336 -0.1493 73181.9 47441.2 -1 -1 1
126 1526 -1 1 1134748 -0.13909 -0.62036 72498.3 47432.7 160224 160210 -1
126 1604 -1 1 -1 0.045 -0.175 48264.9 60690.1 -1 -1 1
126 1604 -1 1 1919552 -0.16409 0.37534 48695 61975.3 160218 160195 -1
126 1655 -1 1 -1 -0.1135 -0.0234 91333.4 51567.6 -1 -1 1
126 1655 -1 1 1131575 -0.80944 -0.02309 90676.8 50906.1 160189 160171 -1
126 2350 -1 1 -1 -0.2118 0.0678 71024.4 42495.2 -1 -1 1
126 2350 -1 1 220240 -0.02065 -0.03153 69139.7 40420.6 160093 160059 -1
126 2597 -1 1 -1 0.2035 -0.1612 76929.8 72028.8 -1 -1 1
126 2597 -1 1 365484 -0.18175 0.0137 78528.5 69969 160112 160093 -1
126 2875 -1 1 -1 -0.0803 0.1651 118177 63065.9 -1 -1 1
126 2875 -1 1 324171 0.13757 0.05709 118065 63325.6 160100 160080 -1
126 2910 -1 1 -1 -0.0824 -0.0351 59877.9 55365.7 -1 -1 1
126 2910 -1 1 311963 0.23962 0.30895 58961.1 57704 160142 160190 -1
126 2940 -1 1 -1 -0.0652 -0.2081 48205.6 68973 -1 -1 1
126 2940 -1 1 1958162 0.23752 0.77508 50368.1 70498.2 160218 160197 -1
126 2992 -1 1 -1 0.138 0.2377 91803.9 61299.8 -1 -1 1
126 2992 -1 1 1866866 -0.04183 -0.40557 89183.1 59768.4 160149 160133 -1
126 3180 -1 1 -1 -0.0286 -0.2672 49859.2 74375.2 -1 -1 1
126 3180 -1 1 1999669 -0.1546 -0.72064 51791.5 75671.7 160153 160120 -1
126 3753 -1 1 -1 -0.2793 -0.1479 95895.8 46337.8 -1 -1 1
126 3753 -1 1 461826 -0.71829 0.24153 97762.7 43418.3 160223 160192 -1
126 3802 -1 1 -1 -0.2793 -0.1479 95895.8 46337.8 -1 -1 1
126 3802 -1 1 1563274 -0.49541 -0.33735 95093.3 44051.8 160134 160090 -1
126 4059 -1 1 -1 0.0446 0.1654 100964 44750.4 -1 -1 1
126 4059 -1 1 1561416 -0.64401 0.5225 99987.4 45902.4 160297 160276 -1
126 488 -1 1 -1 -0.1143 0.1412 73073.6 72762.6 -1 -1 1
126 488 -1 1 775658 -0.48644 0.20725 70609.2 72748.6 160216 160218 -1
126 5596 -1 1 -1 -0.2804 -0.115 96180.8 44105 -1 -1 1
126 5596 -1 1 24160 -0.1563 0.4309 97161.1 44092.3 160200 160226 -1
126 6490 -1 1 -1 -0.2585 -0.1234 120482 51422.7 -1 -1 1
126 6490 -1 1 267009 0.0701 -0.03807 121455 53430.6 160097 160083 -1
126 6952 -1 1 -1 -0.1081 0.3315 116508 60211.6 -1 -1 1
126 6952 -1 1 324390 -0.28846 -0.18654 119507 62774.5 160091 160105 -1
126 7024 -1 1 -1 -0.0665 -0.2069 68203.9 69387.2 -1 -1 1
126 7024 -1 1 1951627 0.05718 -0.45506 69187.4 69278 160115 160148 -1
126 7342 -1 1 -1 0.0202 -0.1985 66720.6 44864.9 -1 -1 1
126 7342 -1 1 1570706 0.43145 -0.21258 66812.4 42102.1 160219 160180 -1
126 7396 -1 1 -1 -0.1001 -0.1395 73328.8 48691.8 -1 -1 1
126 7396 -1 1 1793501 -0.75738 0.02151 73617.3 49972.1 160179 160177 -1
126 7704 -1 1 -1 -0.199 0.0446 91130.8 51115 -1 -1 1
126 7704 -1 1 1131575 -0.80944 -0.02309 90676.8 50906.1 160189 160171 -1
126 8089 -1 1 -1 -0.0172 -0.1843 55054.4 60603.6 -1 -1 1
126 8089 -1 1 313228 0.10139 -0.06057 52688.8 59502.2 160056 160067 -1
126 10784 -1 2 -1 -0.1061 -0.0996 52702.2 60330.3 -1 -1 1
126 10784 -1 2 2501381 -0.39523 -0.33836 52856.9 61239.7 160334 160283 -1
126 11243 -1 2 -1 -0.1 0.0368 48149.8 77885 -1 -1 1
126 11243 -1 2 809232 -0.30894 -0.00628 47519.7 78589.8 160204 160206 -1
126 9948 3641211 2 -1 0.02648 -0.24176 174947 82856.8 160080 130040 0
126 9948 -1 2 546020 0.15274 -1.07311 72806.8 52928.6 70005 70003 -1
126 11589 -1 2 -1 -0.0532 -0.0155 65895.7 46974.7 -1 -1 1
126 11589 -1 2 501639 0.31921 0.26972 63074.4 48197.6 160169 160168 -1
126 1277 -1 2 -1 -0.0026 -0.0486 71568.5 56222 -1 -1 1
126 1277 -1 2 593991 0.02573 -0.08604 69178.1 57847.4 160079 160072 -1
126 7255 -1 2 -1 0.0032 -0.0768 25480.6 59744.8 -1 -1 1
126 7255 -1 2 682450 -0.25027 -0.36861 27273.5 61380.4 160189 160193 -1
126 7770 -1 2 -1 0.1432 -0.0268 18389.7 55366.5 -1 -1 1
126 7770 -1 2 1816992 -0.61275 0.54969 18122.8 54559.2 160256 160238 -1
126 892 -1 2 -1 -0.276 -0.1961 70020.1 60155.2 -1 -1 1
126 892 -1 2 593991 0.02573 -0.08604 69178.1 57847.4 160079 160072 -1
126 1454 -1 3 -1 -0.0486 0.0061 43851.3 23535.8 -1 -1 1
126 1454 -1 3 648332 -0.02901 -0.09973 43000.6 23545 160096 160103 -1
126 2731 -1 3 -1 -0.0387 -0.1058 43809.9 27507.1 -1 -1 1
126 2731 -1 3 1533426 -0.10116 0.72713 40871.6 27555.4 160162 160149 -1
126 3309 -1 3 -1 -0.0815 -0.0589 43838.4 7463.2 -1 -1 1
126 3309 -1 3 102957 0.0688 0.05408 44619.5 8069.4 160124 160090 -1
126 3593 -1 3 -1 -0.121 -0.0233 48369.6 20939.2 -1 -1 1
126 3593 -1 3 181256 -0.35067 -0.70814 50233.9 22615.4 160250 160239 -1
126 4824 -1 3 -1 -0.0322 -0.0486 68882 17707.5 -1 -1 1
126 4824 -1 3 1478366 -0.36668 0.15279 69441 19851.9 160197 160209 -1
126 7388 -1 3 -1 -0.0858 -0.2656 43643.5 36417.8 -1 -1 1
126 7388 -1 3 1330030 -0.23211 0.57659 44254.1 37404.3 160240 160228 -1
126 3325 -1 5 -1 -0.2519 -0.0831 95372.1 26131.4 -1 -1 1
126 3325 -1 5 371304 0.26441 -0.14953 96367 26347.4 160237 160190 -1
127 10681 -1 1 -1 0.0506 -0.1825 48953.4 71036.6 -1 -1 1
127 10681 -1 1 349155 0.36997 0.13065 48070.2 70912.8 160117 160127 -1
127 10841 -1 1 -1 -0.1255 0.2376 115201 45022.7 -1 -1 1
127 10841 -1 1 2007715 0.2894 -0.53738 115670 47732.5 160271 160256 -1
127 10967 -1 1 -1 -0.1524 0.1889 68481.9 55554.3 -1 -1 1
127 10967 -1 1 90689 -0.17152 0.80664 69276.6 55695.5 160150 160204 -1
127 11220 407050 1 -1 0.12452 -0.24525 126138 80904.8 140063 100014 0
127 11220 -1 1 813396 -0.04073 0.32543 124176 81193.9 160145 160129 -1
127 11777 -1 1 -1 0.0212 -0.1509 71957.5 51958 -1 -1 1
127 11777 -1 1 89541 0.16605 -0.56348 72227 52079 160246 160246 -1
127 12242 -1 1 -1 0.0206 0.0249 95501.8 50510.1 -1 -1 1
127 12242 -1 1 1142138 0.76994 -0.23497 94799.9 48580.4 160212 160212 -1
127 127 -1 1 -1 0.0094 -0.1679 46566.1 46141.9 -1 -1 1
127 127 -1 1 1987246 -0.62533 -0.14391 44719.6 44640.2 160209 160240 -1
127 1526 -1 1 -1 -0.132 -0.1505 73716.9 46021.9 -1 -1 1
127 1526 -1 1 57446 0.47062 -0.19609 74880.4 47645.2 160223 160223 -1
127 1604 -1 1 -1 0.0472 -0.174 48485 58993.6 -1 -1 1
127 1604 -1 1 2127455 -0.17632 0.60607 49193.7 60000.4 160160 160172 -1
127 1655 -1 1 -1 -0.1131 -0.0249 91798.2 50279.8 -1 -1 1
127 1655 -1 1 1778554 -0.48843 0.52477 96571.1 45616.8 160222 160193 -1
127 2350 -1 1 -1 -0.2126 0.0639 71682.7 40861.7 -1 -1 1
127 2350 -1 1 1983271 -0.65593 -0.31234 70858.2 38942.5 160205 160196 -1
127 2597 -1 1 -1 0.2056 -0.1582 76879.4 70668.5 -1 -1 1
127 2597 -1 1 792722 0.05098 -0.21149 77189.9 72396 160060 160048 -1
127 2875 -1 1 -1 -0.0821 0.1637 118474 61974.2 -1 -1 1
127 2875 -1 1 2148670 -0.39175 -0.20807 119327 62728.5 160160 160175 -1
127 2910 -1 1 -1 -0.082 -0.0361 60270 53690.3 -1 -1 1
127 2910 -1 1 2075491 -0.75555 -0.34859 62373.1 51333.4 160227 160233 -1
127 2940 -1 1 -1 -0.0625 -0.208 48414.8 67296.7 -1 -1 1
127 2940 -1 1 2234821 -0.41417 0.55404 50765.8 67257.3 160320 160337 -1
127 2992 -1 1 -1 0.1354 0.2389 91943.1 59795.5 -1 -1 1
127 2992 -1 1 2110882 -0.29748 -0.48926 92742.2 58890.9 160236 160161 -1
127 3180 -1 1 -1 -0.0252 -0.2678 49972.9 72769.5 -1 -1 1
127 3180 -1 1 2237484 0.24232 0.77582 50603 70588 160218 160222 -1
127 3309 -1 1 -1 -0.0811 -0.0589 43698.2 84273.5 -1 -1 1
127 3309 -1 1 2372238 0.05386 0.50187 41748.1 82435.1 160129 160107 -1
127 3753 -1 1 -1 -0.2775 -0.1508 96562.9 45213.8 -1 -1 1
127 3753 -1 1 1778554 -0.48843 0.52477 96571.1 45616.8 160222 160193 -1
127 3802 -1 1 -1 -0.2775 -0.1508 96562.9 45213.8 -1 -1 1
127 3802 -1 1 1778554 -0.48843 0.52477 96571.1 45616.8 160222 160193 -1
127 4059 -1 1 -1 0.0429 0.1658 101384 43428 -1 -1 1
127 4059 -1 1 1119214 -0.8182 -0.09303 100633 45328.7 160118 160143 -1
127 488 -1 1 -1 -0.1157 0.1394 73280.2 71110.7 -1 -1 1
127 488 -1 1 342670 -0.19112 -0.00922 74415 68582.5 160085 160082 -1
127 5596 -1 1 -1 -0.2791 -0.117 96877 42959.2 -1 -1 1
127 5596 -1 1 1781039 -0.3887 0.09081 95202.2 42508.6 160207 160196 -1
127 6490 -1 1 -1 -0.257 -0.1252 121068 50585.3 -1 -1 1
127 6490 -1 1 2054211 0.42217 -0.68473 122927 52809.8 160135 160099 -1
127 6952 -1 1 -1 -0.1127 0.3303 116864 58954.9 -1 -1 1
127 6952 -1 1 2103040 -0.37958 0.39428 115868 59056.4 160211 160241 -1
127 7024 -1 1 -1 -0.0636 -0.2087 68408 67968.5 -1 -1 1
127 7024 -1 1 2230081 -0.71123 0.0568 68765.8 68211.1 160190 160166 -1
127 7342 -1 1 -1 0.0226 -0.1983 67156.4 43393.3 -1 -1 1
127 7342 -1 1 1984663 -0.41734 -0.71861 67648.6 40747.5 160276 160155 -1
127 7396 -1 1 -1 -0.0981 -0.1409 73819 47265.1 -1 -1 1
127 7396 -1 1 57446 0.47062 -0.19609 74880.4 47645.2 160223 160223 -1
127 7704 -1 1 -1 -0.1994 0.0418 91672.8 49769.9 -1 -1 1
127 7704 -1 1 1782522 0.06797 -0.63134 86683.5 45591.1 160208 160225 -1
127 8089 -1 1 -1 -0.015 -0.1853 55330.1 58990.6 -1 -1 1
127 8089 -1 1 2076842 0.52748 0.40418 58127.7 56219.1 160175 160174 -1
127 10784 -1 2 -1 -0.1056 -0.1007 52903.5 60455.2 -1 -1 1
127 10784 -1 2 990291 -0.10056 -0.01073 50570.5 62635.8 160079 160073 -1
127 11243 -1 2 -1 -0.1003 0.0359 48181 77859 -1 -1 1
127 11243 -1 2 574788 0.28554 -0.51054 45243.6 79737.1 160352 160345 -1
127 9948 -1 2 -1 0.0296 -0.2416 54231.3 82487.7 -1 -1 1
127 9948 -1 2 619952 0.11122 0.07671 53545.1 84067.5 160062 160064 -1
127 11589 -1 2 -1 -0.0531 -0.0159 66183 47157.5 -1 -1 1
127 11589 -1 2 266764 -0.50607 0.1486 64261.2 48253.4 160260 160257 -1
127 1277 -1 2 -1 -0.0022 -0.0486 71724.6 56487.2 -1 -1 1
127 1277 -1 2 313160 -0.01297 0.03562 72370.5 55518.3 160117 160119 -1
127 7255 -1 2 -1 0.0039 -0.0769 25594.8 59594.1 -1 -1 1
127 7255 -1 2 961526 -0.56953 -0.0697 24145.7 58550.1 160138 160119 -1
127 7770 -1 2 -1 0.1435 -0.0252 18434.5 55092.2 -1 -1 1
127 7770 -1 2 923044 -0.18543 -0.11894 17588.1 55940 160093 160101 -1
127 892 -1 2 -1 -0.2744 -0.1986 70366.8 60528.9 -1 -1 1
127 892 -1 2 364407 0.02621 -0.08167 69279.1 58868 160073 160059 -1
127 1454 -1 3 -1 -0.0486 0.0057 43279.5 21774.2 -1 -1 1
127 1454 -1 3 1040651 -0.07094 0.01453 46038.9 23306.9 160093 160045 -1
127 2731 -1 3 -1 -0.0382 -0.1061 43211.5 25845.2 -1 -1 1
127 2731 -1 3 2134831 0.49635 0.32441 42809.2 26479.4 160215 160152 -1
127 3593 -1 3 -1 -0.121 -0.0237 47864.8 19221.2 -1 -1 1
127 3593 -1 3 1942698 0.1796 -0.70866 48343.9 19619.2 160122 160142 -1
127 4824 -1 3 -1 -0.032 -0.0488 68314.1 16084.5 -1 -1 1
127 4824 -1 3 158466 0.06901 -0.02691 71289.2 14943.5 160107 160088 -1
127 7388 -1 3 -1 -0.0849 -0.266 43049.6 34887.6 -1 -1 1
127 7388 -1 3 2174436 0.46026 0.15963 41850.7 31902.7 160229 160208 -1
127 3325 -1 5 -1 -0.2507 -0.085 92714.2 28735 -1 -1 1
127 3325 -1 5 2133407 -0.56416 0.37152 95469.9 29274.3 160167 160162 -1
127 7214 12526060 6 -1 0.13917 -0.31394 194306 186427 90014 130065 0
127 7214 -1 6 194197 -0.27459 -0.84197 69633.2 16929.8 100012 70006 -1
128 10681 -1 1 -1 0.0461 -0.1842 50789.7 73905.8 -1 -1 1
128 10681 -1 1 1873011 0.25527 0.7299 52868.5 72328.7 160200 160224 -1
128 10841 -1 1 -1 -0.1189 0.2419 116861 45304.2 -1 -1 1
128 10841 -1 1 15436 0.25197 -0.17592 114563 44597.2 160177 160246 -1
128 10967 -1 1 -1 -0.148 0.1905 70480 57003.7 -1 -1 1
128 10967 -1 1 912843 0.33388 -0.4123 71504.8 57521.1 160165 160122 -1
128 11777 -1 1 -1 0.0183 -0.1517 73444.7 54237.1 -1 -1 1
128 11777 -1 1 1596990 0.05954 -0.5183 71860.3 54676.1 160164 160152 -1
128 12242 -1 1 -1 0.0211 0.0245 96936 51789 -1 -1 1
128 12242 -1 1 1588969 0.3984 -0.2173 97280.8 51484.6 160171 160126 -1
128 127 -1 1 -1 0.0058 -0.1678 47974.1 49041.5 -1 -1 1
128 127 -1 1 1559425 0.38063 -0.02556 46923.1 47094.4 160175 160158 -1
128 1526 -1 1 -1 -0.1351 -0.1478 75471.6 48238.4 -1 -1 1
128 1526 -1 1 51394 -0.05036 -0.0145 75643.4 48300.7 160055 160117 -1
128 1604 -1 1 -1 0.0428 -0.1759 50065.9 61850.9 -1 -1 1
128 1604 -1 1 916951 -0.34108 -0.27847 50338.8 60897.8 160255 160232 -1
128 1655 -1 1 -1 -0.1138 -0.0227 93572.4 51764.9 -1 -1 1
128 1655 -1 1 46534 -0.1771 -0.50039 97348.2 48023.9 160116 160171 -1
128 2350 -1 1 -1 -0.2117 0.0699 73522.3 42571.1 -1 -1 1
128 2350 -1 1 684804 0.71928 0.31501 75297.1 43798 160194 160155 -1
128 2597 -1 1 -1 0.2019 -0.1628 78297.7 72832.2 -1 -1 1
128 2597 -1 1 973119 -0.75088 -0.2641 78432.3 73014.2 160230 160194 -1
128 2875 -1 1 -1 -0.0783 0.1657 120396 62369.7 -1 -1 1
128 2875 -1 1 105298 0.08297 -0.03843 120360 62397.9 160091 160085 -1
128 2910 -1 1 -1 -0.0825 -0.0337 62063.8 55914.1 -1 -1 1
128 2910 -1 1 1646009 -0.70229 0.26287 63812.1 56555.8 160243 160213 -1
128 2940 -1 1 -1 -0.0665 -0.2061 50477 70239.8 -1 -1 1
128 2940 -1 1 1833679 0.15283 0.56382 50000.5 70743.7 160154 160186 -1
128 2992 -1 1 -1 0.1401 0.2375 93280 60595.5 -1 -1 1
128 2992 -1 1 114853 0.04454 0.05929 90485.4 63419.4 160094 160070 -1
128 3180 -1 1 -1 -0.0304 -0.267 52058.8 75842.4 -1 -1 1
128 3180 -1 1 1914322 -0.22582 0.36823 54604.2 76346.8 160157 160151 -1
128 3753 -1 1 -1 -0.2807 -0.1461 98644 46895.2 -1 -1 1
128 3753 -1 1 46534 -0.1771 -0.50039 97348.2 48023.9 160116 160171 -1
128 3802 -1 1 -1 -0.2807 -0.1461 98644 46895.2 -1 -1 1
128 3802 -1 1 1404077 0.50843 0.45534 98157.5 49180 160137 160121 -1
128 4059 -1 1 -1 0.0465 0.165 102600 44230.4 -1 -1 1
128 4059 -1 1 18678 0.02585 0.00618 105474 42162.3 160076 160090 -1
128 488 -1 1 -1 -0.1132 0.1426 75527.6 72564.6 -1 -1 1
128 488 -1 1 1865803 0.49448 0.37305 76922.8 73632.4 160256 160242 -1
128 5596 -1 1 -1 -0.2819 -0.111 98911.1 44558.9 -1 -1 1
128 5596 -1 1 1404077 0.50843 0.45534 98157.5 49180 160137 160121 -1
128 6490 -1 1 -1 -0.2587 -0.1203 123195 51666.9 -1 -1 1
128 6490 -1 1 38853 -0.38079 0.31878 122980 48963.8 160237 160205 -1
128 6952 -1 1 -1 -0.1058 0.3311 118789 58973.9 -1 -1 1
128 6952 -1 1 85041 0.31145 -0.03781 119386 58839.1 160127 160142 -1
128 7024 -1 1 -1 -0.068 -0.2066 70465.7 70450.3 -1 -1 1
128 7024 -1 1 501387 -0.21446 -0.02988 70726 69935 160103 160088 -1
128 7342 -1 1 -1 0.0185 -0.1982 68462.7 45905.6 -1 -1 1
128 7342 -1 1 685149 0.21637 -0.55296 68133.6 42374.2 160198 160149 -1
128 7396 -1 1 -1 -0.1014 -0.1384 75514.2 49453.6 -1 -1 1
128 7396 -1 1 51394 -0.05036 -0.0145 75643.4 48300.7 160055 160117 -1
128 7704 -1 1 -1 -0.1985 0.0462 93650.6 51084.4 -1 -1 1
128 7704 -1 1 68432 0.25044 -0.06998 98040.5 52473.6 160108 160141 -1
128 8089 -1 1 -1 -0.0185 -0.1832 57073.1 61726.5 -1 -1 1
128 8089 -1 1 915214 0.22139 -0.57538 58477.9 60798.3 160287 160287 -1
128 9948 -1 2 -1 0.0243 -0.2417 56918.4 82980.8 -1 -1 1
128 9948 -1 2 1121370 -0.3439 -0.04253 57014.5 82661.9 160237 160193 -1
128 11220 -1 2 -1 0.1195 -0.2479 7895.2 82050.3 -1 -1 1
128 11220 -1 2 630229 0.22399 0.07577 10705.8 84615.7 160123 160132 -1
128 11589 -1 2 -1 -0.0534 -0.0154 68373.6 46843.7 -1 -1 1
128 11589 -1 2 222541 -0.55289 0.12472 67699.1 47551.9 160292 160238 -1
128 1277 -1 2 -1 -0.003 -0.0483 73967.2 56140 -1 -1 1
128 1277 -1 2 2087914 0.61262 -0.0269 75793.8 56605.9 160221 160258 -1
128 7255 -1 2 -1 0.0023 -0.0771 27901.6 60210.9 -1 -1 1
128 7255 -1 2 2102145 -0.12197 0.39174 25799.6 60672.3 160111 160166 -1
128 7770 -1 2 -1 0.1428 -0.0276 20292.7 55745.3 -1 -1 1
128 7770 -1 2 723350 -0.20909 -0.69331 21326.8 53346.5 160307 160251 -1
128 892 -1 2 -1 -0.2774 -0.193 73408.2 60583 -1 -1 1
128 892 -1 2 751071 -0.68684 0.18532 72758.8 59617.3 160264 160293 -1
128 11517 4872981 3 -1 0.35864 -0.17016 95302.3 120669 80010 130065 0
128 11517 -1 3 1752649 -0.19301 -2.07685 36238.8 22799.8 90008 100011 -1
128 1454 -1 3 -1 -0.0486 0.0071 45938.2 23636 -1 -1 1
128 1454 -1 3 1716666 -0.21561 -0.4626 48148.8 20966.2 160287 160278 -1
128 2731 -1 3 -1 -0.0406 -0.1053 45922.4 28023.9 -1 -1 1
128 2731 -1 3 378993 -0.26478 0.20633 47294.5 28102.9 160160 160145 -1
128 3309 -1 3 -1 -0.0825 -0.0574 45795.9 7803.2 -1 -1 1
128 3309 -1 3 1598847 -0.63468 -0.17227 48579.8 5723.21 160262 160248 -1
128 3593 -1 3 -1 -0.1209 -0.0217 50667.3 21070.2 -1 -1 1
128 3593 -1 3 818823 -0.1414 0.05425 50795.5 18415 160057 160080 -1
128 4824 -1 3 -1 -0.033 -0.0482 70786.6 17594.7 -1 -1 1
128 4824 -1 3 178610 0.10264 -0.11913 70034.3 19002.7 160068 160063 -1
128 7388 -1 3 -1 -0.0903 -0.2648 46066.9 37482.3 -1 -1 1
128 7388 -1 3 1552480 -0.04216 -0.57053 45329.5 37157 160188 160168 -1
128 3325 -1 5 -1 -0.2527 -0.0793 99608.4 30933.8 -1 -1 1
128 3325 -1 5 386588 0.06665 -0.83043 100075 33245.2 160264 160274 -1
128 7214 -1 6 -1 0.132 -0.317 79062.6 30612.6 -1 -1 1
128 7214 -1 6 397100 0.41479 -0.59018 81276.4 31824.5 160188 160154 -1
129 9948 -1 2 -1 0.027 -0.2414 54708.6 82382.2 -1 -1 1
129 9948 -1 2 2311565 -0.34232 -0.75897 53629.5 80782.5 160273 160223 -1
129 11220 -1 2 -1 0.1222 -0.2464 5627.4 80888.4 -1 -1 1
129 11220 -1 2 938930 -0.39093 0.10119 6080.42 81013.1 160192 160121 -1
129 11517 -1 3 -1 0.3596 -0.1681 92304.3 41189.4 -1 -1 1
129 11517 -1 3 462213 -0.04438 -0.30465 92850.7 43662.9 160104 160090 -1
129 7214 -1 6 -1 0.1348 -0.3154 74794.4 31451.3 -1 -1 1
129 7214 -1 6 601173 0.01266 -0.02394 74153.3 31889.8 160097 160101 -1
130 11220 -1 2 -1 0.1213 -0.2452 6418.8 83177.1 -1 -1 1
130 11220 -1 2 982817 0.01908 -0.01597 5934.78 82101.9 160068 160076 -1
130 11517 -1 3 -1 0.3591 -0.1677 93365.5 43117.4 -1 -1 1
130 11517 -1 3 1809856 0.17846 -0.00672 93208.1 42613.9 160138 160138 -1
130 6188 9282796 4 -1 0.46484 0.29222 149050 142778 90013 80008 0
130 6188 -1 4 2702214 0 0 0 0 -1 -1 -1
130 7214 -1 6 -1 0.1317 -0.317 76986.8 28349.1 -1 -1 1
130 7214 -1 6 365392 0.50642 0.56864 75339.9 30090.6 160220 160218 -1
131 11517 -1 3 -1 0.3594 -0.1695 91513.2 42125.8 -1 -1 1
131 11517 -1 3 14558 0.14331 0.06188 90789.3 42025.2 160094 160080 -1
131 6188 -1 4 -1 0.4603 0.2994 26898.8 61898 -1 -1 1
131 6188 -1 4 277538 -0.32517 -0.03065 24788.5 63833.9 160110 160155 -1
132 6188 -1 4 -1 0.4623 0.2962 26214.1 63209.6 -1 -1 1
132 6188 -1 4 250449 -0.24281 -0.07362 25791.3 64126.6 160155 160179 -1
133 6188 -1 4 -1 0.4596 0.2971 22743.3 61142.9 -1 -1 1
133 6188 -1 4 1372149 0.08184 0.13776 22699.1 61290.2 160095 160083 -1
