18 4676 963806 1 -1 -0.04726 0.09448 46241.6 78190 90010 120041 0
18 4676 -1 1 459379 0.02669 -0.16149 46435.4 78703.2 160080 160092 -1
18 4676 963806 1 -1 -0.04726 0.09448 46241.6 78190 90010 120041 0
18 4676 -1 1 459379 0.02669 -0.16149 46435.4 78703.2 160080 160092 -1
18 4676 963806 1 -1 -0.04726 0.09448 46241.6 78190 90010 120041 0
18 4676 -1 1 459379 0.02669 -0.16149 46435.4 78703.2 160080 160092 -1
18 4676 963806 1 -1 -0.04726 0.09448 46241.6 78190 90010 120041 0
18 4676 -1 1 459379 0.02669 -0.16149 46435.4 78703.2 160080 160092 -1
18 812 1837022 2 -1 -0.46752 -0.31475 137082 65890.7 100027 80010 0
18 812 -1 2 285350 -0.57242 0.01562 16909.3 64908.5 160183 160202 -1
18 812 1837022 2 -1 -0.46752 -0.31475 137082 65890.7 100027 80010 0
18 812 -1 2 285350 -0.57242 0.01562 16909.3 64908.5 160183 160202 -1
18 812 1837022 2 -1 -0.46752 -0.31475 137082 65890.7 100027 80010 0
18 812 -1 2 285350 -0.57242 0.01562 16909.3 64908.5 160183 160202 -1
18 812 1837022 2 -1 -0.46752 -0.31475 137082 65890.7 100027 80010 0
18 812 -1 2 285350 -0.57242 0.01562 16909.3 64908.5 160183 160202 -1
18 3131 4467781 4 -1 -0.10785 -0.03731 182894 134340 150050 120022 0
18 3131 -1 4 62029 0.22113 -0.64019 63684.2 53655.9 160272 160207 -1
18 3131 4467781 4 -1 -0.10785 -0.03731 182894 134340 150050 120022 0
18 3131 -1 4 62029 0.22113 -0.64019 63684.2 53655.9 160272 160207 -1
18 3131 4467781 4 -1 -0.10785 -0.03731 182894 134340 150050 120022 0
18 3131 -1 4 62029 0.22113 -0.64019 63684.2 53655.9 160272 160207 -1
18 3131 4467781 4 -1 -0.10785 -0.03731 182894 134340 150050 120022 0
18 3131 -1 4 62029 0.22113 -0.64019 63684.2 53655.9 160272 160207 -1
19 4676 -1 1 -1 -0.0474 0.0944 46380.9 78159.1 -1 -1 1
19 4676 -1 1 558876 0.00378 -0.02808 43432.5 75421.1 160106 160069 -1
19 4676 -1 1 -1 -0.0474 0.0944 46380.9 78159.1 -1 -1 1
19 4676 -1 1 558876 0.00378 -0.02808 43432.5 75421.1 160106 160069 -1
19 4676 -1 1 -1 -0.0474 0.0944 46380.9 78159.1 -1 -1 1
19 4676 -1 1 558876 0.00378 -0.02808 43432.5 75421.1 160106 160069 -1
19 4676 -1 1 -1 -0.0474 0.0944 46380.9 78159.1 -1 -1 1
19 4676 -1 1 558876 0.00378 -0.02808 43432.5 75421.1 160106 160069 -1
19 812 -1 2 -1 -0.4656 -0.3174 17382.9 65689.8 -1 -1 1
19 812 -1 2 532306 -0.02206 0.11532 17030.9 65380 160089 160084 -1
19 6394 1376360 2 -1 0.2267 0.22946 192509 55012.1 120045 100019 0
19 6394 -1 2 55305 0.55507 0.22313 72430.3 54962.2 160163 160149 -1
19 812 -1 2 -1 -0.4656 -0.3174 17382.9 65689.8 -1 -1 1
19 812 -1 2 532306 -0.02206 0.11532 17030.9 65380 160089 160084 -1
19 6394 1376360 2 -1 0.2267 0.22946 192509 55012.1 120045 100019 0
19 6394 -1 2 55305 0.55507 0.22313 72430.3 54962.2 160163 160149 -1
19 812 -1 2 -1 -0.4656 -0.3174 17382.9 65689.8 -1 -1 1
19 812 -1 2 532306 -0.02206 0.11532 17030.9 65380 160089 160084 -1
19 6394 1376360 2 -1 0.2267 0.22946 192509 55012.1 120045 100019 0
19 6394 -1 2 55305 0.55507 0.22313 72430.3 54962.2 160163 160149 -1
19 812 -1 2 -1 -0.4656 -0.3174 17382.9 65689.8 -1 -1 1
19 812 -1 2 532306 -0.02206 0.11532 17030.9 65380 160089 160084 -1
19 6394 1376360 2 -1 0.2267 0.22946 192509 55012.1 120045 100019 0
19 6394 -1 2 55305 0.55507 0.22313 72430.3 54962.2 160163 160149 -1
19 3131 -1 4 -1 -0.1078 -0.0377 62905.3 55925.4 -1 -1 1
19 3131 -1 4 506103 -0.53151 0.51239 60450.4 58890.6 160279 160279 -1
19 14236 4405071 4 -1 -0.03548 -0.06396 138821 111641 160077 160057 0
19 14236 -1 4 650594 -0.22211 -0.23714 18022.8 32039.1 160204 160214 -1
19 3131 -1 4 -1 -0.1078 -0.0377 62905.3 55925.4 -1 -1 1
19 3131 -1 4 506103 -0.53151 0.51239 60450.4 58890.6 160279 160279 -1
19 14236 4405071 4 -1 -0.03548 -0.06396 138821 111641 160077 160057 0
19 14236 -1 4 650594 -0.22211 -0.23714 18022.8 32039.1 160204 160214 -1
19 3131 -1 4 -1 -0.1078 -0.0377 62905.3 55925.4 -1 -1 1
19 3131 -1 4 506103 -0.53151 0.51239 60450.4 58890.6 160279 160279 -1
19 14236 4405071 4 -1 -0.03548 -0.06396 138821 111641 160077 160057 0
19 14236 -1 4 650594 -0.22211 -0.23714 18022.8 32039.1 160204 160214 -1
19 3131 -1 4 -1 -0.1078 -0.0377 62905.3 55925.4 -1 -1 1
19 3131 -1 4 506103 -0.53151 0.51239 60450.4 58890.6 160279 160279 -1
19 14236 4405071 4 -1 -0.03548 -0.06396 138821 111641 160077 160057 0
19 14236 -1 4 650594 -0.22211 -0.23714 18022.8 32039.1 160204 160214 -1
20 4676 -1 1 -1 -0.0471 0.0945 50401 79212.7 -1 -1 1
20 4676 -1 1 1600891 0.36584 -0.22697 49929.5 78588.8 160226 160247 -1
20 4676 -1 1 -1 -0.0471 0.0945 50401 79212.7 -1 -1 1
20 4676 -1 1 1600891 0.36584 -0.22697 49929.5 78588.8 160226 160247 -1
20 4676 -1 1 -1 -0.0471 0.0945 50401 79212.7 -1 -1 1
20 4676 -1 1 1600891 0.36584 -0.22697 49929.5 78588.8 160226 160247 -1
20 4676 -1 1 -1 -0.0471 0.0945 50401 79212.7 -1 -1 1
20 4676 -1 1 1600891 0.36584 -0.22697 49929.5 78588.8 160226 160247 -1
20 13212 1851391 2 -1 0.05917 -0.02032 153703 77166 140049 160074 0
20 13212 -1 2 766117 -0.45755 0.02513 33291.9 76890.1 160165 160117 -1
20 812 -1 2 -1 -0.4677 -0.3157 21989.3 68339 -1 -1 1
20 812 -1 2 90796 -0.2034 0.10879 22149.4 68077.9 160179 160164 -1
20 6394 -1 2 -1 0.227 0.2293 74611.8 55079.3 -1 -1 1
20 6394 -1 2 260456 0.16982 0.02702 75304.2 54145.5 160078 160051 -1
20 13212 1851391 2 -1 0.05917 -0.02032 153703 77166 140049 160074 0
20 13212 -1 2 766117 -0.45755 0.02513 33291.9 76890.1 160165 160117 -1
20 812 -1 2 -1 -0.4677 -0.3157 21989.3 68339 -1 -1 1
20 812 -1 2 90796 -0.2034 0.10879 22149.4 68077.9 160179 160164 -1
20 6394 -1 2 -1 0.227 0.2293 74611.8 55079.3 -1 -1 1
20 6394 -1 2 260456 0.16982 0.02702 75304.2 54145.5 160078 160051 -1
20 13212 1851391 2 -1 0.05917 -0.02032 153703 77166 140049 160074 0
20 13212 -1 2 766117 -0.45755 0.02513 33291.9 76890.1 160165 160117 -1
20 812 -1 2 -1 -0.4677 -0.3157 21989.3 68339 -1 -1 1
20 812 -1 2 90796 -0.2034 0.10879 22149.4 68077.9 160179 160164 -1
20 6394 -1 2 -1 0.227 0.2293 74611.8 55079.3 -1 -1 1
20 6394 -1 2 260456 0.16982 0.02702 75304.2 54145.5 160078 160051 -1
20 13212 1851391 2 -1 0.05917 -0.02032 153703 77166 140049 160074 0
20 13212 -1 2 766117 -0.45755 0.02513 33291.9 76890.1 160165 160117 -1
20 812 -1 2 -1 -0.4677 -0.3157 21989.3 68339 -1 -1 1
20 812 -1 2 90796 -0.2034 0.10879 22149.4 68077.9 160179 160164 -1
20 6394 -1 2 -1 0.227 0.2293 74611.8 55079.3 -1 -1 1
20 6394 -1 2 260456 0.16982 0.02702 75304.2 54145.5 160078 160051 -1
20 3131 -1 4 -1 -0.108 -0.0365 66693.8 58975.9 -1 -1 1
20 3131 -1 4 1149207 -0.15516 0.66503 67361.9 58007.2 160193 160204 -1
20 8838 4759581 4 -1 0.36547 0.02772 175236 162239 130030 110023 0
20 8838 -1 4 320724 -0.08692 -0.35411 53363.4 82637.6 160250 160207 -1
20 14236 -1 4 -1 -0.036 -0.0637 22148.4 36337.8 -1 -1 1
20 14236 -1 4 4286 -0.03591 0.02335 21288.2 36605.2 160099 160079 -1
20 3131 -1 4 -1 -0.108 -0.0365 66693.8 58975.9 -1 -1 1
20 3131 -1 4 1149207 -0.15516 0.66503 67361.9 58007.2 160193 160204 -1
20 8838 4759581 4 -1 0.36547 0.02772 175236 162239 130030 110023 0
20 8838 -1 4 320724 -0.08692 -0.35411 53363.4 82637.6 160250 160207 -1
20 14236 -1 4 -1 -0.036 -0.0637 22148.4 36337.8 -1 -1 1
20 14236 -1 4 4286 -0.03591 0.02335 21288.2 36605.2 160099 160079 -1
20 3131 -1 4 -1 -0.108 -0.0365 66693.8 58975.9 -1 -1 1
20 3131 -1 4 1149207 -0.15516 0.66503 67361.9 58007.2 160193 160204 -1
20 8838 4759581 4 -1 0.36547 0.02772 175236 162239 130030 110023 0
20 8838 -1 4 320724 -0.08692 -0.35411 53363.4 82637.6 160250 160207 -1
20 14236 -1 4 -1 -0.036 -0.0637 22148.4 36337.8 -1 -1 1
20 14236 -1 4 4286 -0.03591 0.02335 21288.2 36605.2 160099 160079 -1
20 3131 -1 4 -1 -0.108 -0.0365 66693.8 58975.9 -1 -1 1
20 3131 -1 4 1149207 -0.15516 0.66503 67361.9 58007.2 160193 160204 -1
20 8838 4759581 4 -1 0.36547 0.02772 175236 162239 130030 110023 0
20 8838 -1 4 320724 -0.08692 -0.35411 53363.4 82637.6 160250 160207 -1
20 14236 -1 4 -1 -0.036 -0.0637 22148.4 36337.8 -1 -1 1
20 14236 -1 4 4286 -0.03591 0.02335 21288.2 36605.2 160099 160079 -1
21 4676 -1 1 -1 -0.0469 0.0948 46813.2 78471.3 -1 -1 1
21 4676 -1 1 928633 0.0032 -0.54581 48165.6 80977.8 160205 160235 -1
21 4676 -1 1 -1 -0.0469 0.0948 46813.2 78471.3 -1 -1 1
21 4676 -1 1 928633 0.0032 -0.54581 48165.6 80977.8 160205 160235 -1
21 4676 -1 1 -1 -0.0469 0.0948 46813.2 78471.3 -1 -1 1
21 4676 -1 1 928633 0.0032 -0.54581 48165.6 80977.8 160205 160235 -1
21 4676 -1 1 -1 -0.0469 0.0948 46813.2 78471.3 -1 -1 1
21 4676 -1 1 928633 0.0032 -0.54581 48165.6 80977.8 160205 160235 -1
21 13212 -1 2 -1 0.0592 -0.0203 29627.1 75135.8 -1 -1 1
21 13212 -1 2 301986 0.19398 -0.35017 31004.4 73156.2 160275 160259 -1
21 812 -1 2 -1 -0.4683 -0.3158 19418.5 66803.2 -1 -1 1
21 812 -1 2 540332 -0.24334 -0.00047 18689.3 67096 160070 160058 -1
21 6394 -1 2 -1 0.2271 0.2298 71487.6 53112.7 -1 -1 1
21 6394 -1 2 58914 -0.31384 -0.10502 70708.6 53343.6 160266 160241 -1
21 13212 -1 2 -1 0.0592 -0.0203 29627.1 75135.8 -1 -1 1
21 13212 -1 2 301986 0.19398 -0.35017 31004.4 73156.2 160275 160259 -1
21 812 -1 2 -1 -0.4683 -0.3158 19418.5 66803.2 -1 -1 1
21 812 -1 2 540332 -0.24334 -0.00047 18689.3 67096 160070 160058 -1
21 6394 -1 2 -1 0.2271 0.2298 71487.6 53112.7 -1 -1 1
21 6394 -1 2 58914 -0.31384 -0.10502 70708.6 53343.6 160266 160241 -1
21 13212 -1 2 -1 0.0592 -0.0203 29627.1 75135.8 -1 -1 1
21 13212 -1 2 301986 0.19398 -0.35017 31004.4 73156.2 160275 160259 -1
21 812 -1 2 -1 -0.4683 -0.3158 19418.5 66803.2 -1 -1 1
21 812 -1 2 540332 -0.24334 -0.00047 18689.3 67096 160070 160058 -1
21 6394 -1 2 -1 0.2271 0.2298 71487.6 53112.7 -1 -1 1
21 6394 -1 2 58914 -0.31384 -0.10502 70708.6 53343.6 160266 160241 -1
21 13212 -1 2 -1 0.0592 -0.0203 29627.1 75135.8 -1 -1 1
21 13212 -1 2 301986 0.19398 -0.35017 31004.4 73156.2 160275 160259 -1
21 812 -1 2 -1 -0.4683 -0.3158 19418.5 66803.2 -1 -1 1
21 812 -1 2 540332 -0.24334 -0.00047 18689.3 67096 160070 160058 -1
21 6394 -1 2 -1 0.2271 0.2298 71487.6 53112.7 -1 -1 1
21 6394 -1 2 58914 -0.31384 -0.10502 70708.6 53343.6 160266 160241 -1
21 3131 -1 4 -1 -0.1078 -0.0372 63288.5 55720.1 -1 -1 1
21 3131 -1 4 502136 -0.09554 -0.16078 62847.7 56469.3 160074 160063 -1
21 8838 -1 4 -1 0.3656 0.027 50824.7 82047.1 -1 -1 1
21 8838 -1 4 1369773 0.43975 -0.64323 50087.8 82413.6 160108 160140 -1
21 14236 -1 4 -1 -0.0358 -0.0638 18725.4 32989.5 -1 -1 1
21 14236 -1 4 217460 -0.69429 0.04488 17559 33798.8 160225 160253 -1
21 4287 4755287 4 -1 0.01191 -0.91023 199567 149876 110037 120059 0
21 4287 -1 4 276557 0.03416 0.05022 78625.1 70773.2 160085 160067 -1
21 3131 -1 4 -1 -0.1078 -0.0372 63288.5 55720.1 -1 -1 1
21 3131 -1 4 502136 -0.09554 -0.16078 62847.7 56469.3 160074 160063 -1
21 8838 -1 4 -1 0.3656 0.027 50824.7 82047.1 -1 -1 1
21 8838 -1 4 1369773 0.43975 -0.64323 50087.8 82413.6 160108 160140 -1
21 14236 -1 4 -1 -0.0358 -0.0638 18725.4 32989.5 -1 -1 1
21 14236 -1 4 217460 -0.69429 0.04488 17559 33798.8 160225 160253 -1
21 4287 4755287 4 -1 0.01191 -0.91023 199567 149876 110037 120059 0
21 4287 -1 4 276557 0.03416 0.05022 78625.1 70773.2 160085 160067 -1
21 3131 -1 4 -1 -0.1078 -0.0372 63288.5 55720.1 -1 -1 1
21 3131 -1 4 502136 -0.09554 -0.16078 62847.7 56469.3 160074 160063 -1
21 8838 -1 4 -1 0.3656 0.027 50824.7 82047.1 -1 -1 1
21 8838 -1 4 1369773 0.43975 -0.64323 50087.8 82413.6 160108 160140 -1
21 14236 -1 4 -1 -0.0358 -0.0638 18725.4 32989.5 -1 -1 1
21 14236 -1 4 217460 -0.69429 0.04488 17559 33798.8 160225 160253 -1
21 4287 4755287 4 -1 0.01191 -0.91023 199567 149876 110037 120059 0
21 4287 -1 4 276557 0.03416 0.05022 78625.1 70773.2 160085 160067 -1
21 3131 -1 4 -1 -0.1078 -0.0372 63288.5 55720.1 -1 -1 1
21 3131 -1 4 502136 -0.09554 -0.16078 62847.7 56469.3 160074 160063 -1
21 8838 -1 4 -1 0.3656 0.027 50824.7 82047.1 -1 -1 1
21 8838 -1 4 1369773 0.43975 -0.64323 50087.8 82413.6 160108 160140 -1
21 14236 -1 4 -1 -0.0358 -0.0638 18725.4 32989.5 -1 -1 1
21 14236 -1 4 217460 -0.69429 0.04488 17559 33798.8 160225 160253 -1
21 4287 4755287 4 -1 0.01191 -0.91023 199567 149876 110037 120059 0
21 4287 -1 4 276557 0.03416 0.05022 78625.1 70773.2 160085 160067 -1
22 13212 -1 2 -1 0.0593 -0.02 30882 75327 -1 -1 1
22 13212 -1 2 1042657 -0.60822 -0.25379 30088.8 75765.5 160207 160225 -1
22 6394 -1 2 -1 0.2265 0.2302 72326.8 52772.7 -1 -1 1
22 6394 -1 2 945590 -0.07203 -0.81375 72667.9 52040.4 160216 160217 -1
22 13212 -1 2 -1 0.0593 -0.02 30882 75327 -1 -1 1
22 13212 -1 2 1042657 -0.60822 -0.25379 30088.8 75765.5 160207 160225 -1
22 6394 -1 2 -1 0.2265 0.2302 72326.8 52772.7 -1 -1 1
22 6394 -1 2 945590 -0.07203 -0.81375 72667.9 52040.4 160216 160217 -1
22 13212 -1 2 -1 0.0593 -0.02 30882 75327 -1 -1 1
22 13212 -1 2 1042657 -0.60822 -0.25379 30088.8 75765.5 160207 160225 -1
22 6394 -1 2 -1 0.2265 0.2302 72326.8 52772.7 -1 -1 1
22 6394 -1 2 945590 -0.07203 -0.81375 72667.9 52040.4 160216 160217 -1
22 13212 -1 2 -1 0.0593 -0.02 30882 75327 -1 -1 1
22 13212 -1 2 1042657 -0.60822 -0.25379 30088.8 75765.5 160207 160225 -1
22 6394 -1 2 -1 0.2265 0.2302 72326.8 52772.7 -1 -1 1
22 6394 -1 2 945590 -0.07203 -0.81375 72667.9 52040.4 160216 160217 -1
22 8838 -1 4 -1 0.3653 0.0292 51607.7 81933.5 -1 -1 1
22 8838 -1 4 351870 0.77101 -0.0277 48726.3 84394.9 160227 160224 -1
22 14236 -1 4 -1 -0.0354 -0.0639 20822.5 32894.5 -1 -1 1
22 14236 -1 4 216579 0.58108 0.49648 20973.7 32543.6 160306 160285 -1
22 4287 -1 4 -1 0.0193 -0.9104 80542.5 73218.8 -1 -1 1
22 4287 -1 4 730631 0.02079 -0.06972 80125.2 73143.9 160117 160136 -1
22 8838 -1 4 -1 0.3653 0.0292 51607.7 81933.5 -1 -1 1
22 8838 -1 4 351870 0.77101 -0.0277 48726.3 84394.9 160227 160224 -1
22 14236 -1 4 -1 -0.0354 -0.0639 20822.5 32894.5 -1 -1 1
22 14236 -1 4 216579 0.58108 0.49648 20973.7 32543.6 160306 160285 -1
22 4287 -1 4 -1 0.0193 -0.9104 80542.5 73218.8 -1 -1 1
22 4287 -1 4 730631 0.02079 -0.06972 80125.2 73143.9 160117 160136 -1
22 8838 -1 4 -1 0.3653 0.0292 51607.7 81933.5 -1 -1 1
22 8838 -1 4 351870 0.77101 -0.0277 48726.3 84394.9 160227 160224 -1
22 14236 -1 4 -1 -0.0354 -0.0639 20822.5 32894.5 -1 -1 1
22 14236 -1 4 216579 0.58108 0.49648 20973.7 32543.6 160306 160285 -1
22 4287 -1 4 -1 0.0193 -0.9104 80542.5 73218.8 -1 -1 1
22 4287 -1 4 730631 0.02079 -0.06972 80125.2 73143.9 160117 160136 -1
22 8838 -1 4 -1 0.3653 0.0292 51607.7 81933.5 -1 -1 1
22 8838 -1 4 351870 0.77101 -0.0277 48726.3 84394.9 160227 160224 -1
22 14236 -1 4 -1 -0.0354 -0.0639 20822.5 32894.5 -1 -1 1
22 14236 -1 4 216579 0.58108 0.49648 20973.7 32543.6 160306 160285 -1
22 4287 -1 4 -1 0.0193 -0.9104 80542.5 73218.8 -1 -1 1
22 4287 -1 4 730631 0.02079 -0.06972 80125.2 73143.9 160117 160136 -1
23 16735 502691 1 -1 0.28972 -0.03518 94942.4 62363.4 90020 70003 0
23 16735 -1 1 81153 0.44138 -0.44509 96713.8 62373.8 160244 160281 -1
23 16735 502691 1 -1 0.28972 -0.03518 94942.4 62363.4 90020 70003 0
23 16735 -1 1 81153 0.44138 -0.44509 96713.8 62373.8 160244 160281 -1
23 16735 502691 1 -1 0.28972 -0.03518 94942.4 62363.4 90020 70003 0
23 16735 -1 1 81153 0.44138 -0.44509 96713.8 62373.8 160244 160281 -1
23 16735 502691 1 -1 0.28972 -0.03518 94942.4 62363.4 90020 70003 0
23 16735 -1 1 81153 0.44138 -0.44509 96713.8 62373.8 160244 160281 -1
23 13212 -1 2 -1 0.0593 -0.0202 32366.5 74799.4 -1 -1 1
23 13212 -1 2 552625 0.04857 0.08061 31848.1 74459.6 160127 160092 -1
23 13212 -1 2 -1 0.0593 -0.0202 32366.5 74799.4 -1 -1 1
23 13212 -1 2 552625 0.04857 0.08061 31848.1 74459.6 160127 160092 -1
23 13212 -1 2 -1 0.0593 -0.0202 32366.5 74799.4 -1 -1 1
23 13212 -1 2 552625 0.04857 0.08061 31848.1 74459.6 160127 160092 -1
23 13212 -1 2 -1 0.0593 -0.0202 32366.5 74799.4 -1 -1 1
23 13212 -1 2 552625 0.04857 0.08061 31848.1 74459.6 160127 160092 -1
23 3464 2998716 3 -1 -0.212 0.0635 78056.3 157272 130063 140046 0
23 3464 -1 3 543107 -0.44444 0.06074 79909.9 78777.5 160279 160235 -1
23 3464 2998716 3 -1 -0.212 0.0635 78056.3 157272 130063 140046 0
23 3464 -1 3 543107 -0.44444 0.06074 79909.9 78777.5 160279 160235 -1
23 3464 2998716 3 -1 -0.212 0.0635 78056.3 157272 130063 140046 0
23 3464 -1 3 543107 -0.44444 0.06074 79909.9 78777.5 160279 160235 -1
23 3464 2998716 3 -1 -0.212 0.0635 78056.3 157272 130063 140046 0
23 3464 -1 3 543107 -0.44444 0.06074 79909.9 78777.5 160279 160235 -1
23 8838 -1 4 -1 0.3654 0.0269 52261.8 81204.9 -1 -1 1
23 8838 -1 4 1217568 -0.36339 0.39184 52390.4 80600.9 160098 160081 -1
23 4287 -1 4 -1 0.0119 -0.9108 81421.4 73061.5 -1 -1 1
23 4287 -1 4 550715 -0.15161 -0.25384 82300.3 72801.9 160146 160128 -1
23 8838 -1 4 -1 0.3654 0.0269 52261.8 81204.9 -1 -1 1
23 8838 -1 4 1217568 -0.36339 0.39184 52390.4 80600.9 160098 160081 -1
23 4287 -1 4 -1 0.0119 -0.9108 81421.4 73061.5 -1 -1 1
23 4287 -1 4 550715 -0.15161 -0.25384 82300.3 72801.9 160146 160128 -1
23 8838 -1 4 -1 0.3654 0.0269 52261.8 81204.9 -1 -1 1
23 8838 -1 4 1217568 -0.36339 0.39184 52390.4 80600.9 160098 160081 -1
23 4287 -1 4 -1 0.0119 -0.9108 81421.4 73061.5 -1 -1 1
23 4287 -1 4 550715 -0.15161 -0.25384 82300.3 72801.9 160146 160128 -1
23 8838 -1 4 -1 0.3654 0.0269 52261.8 81204.9 -1 -1 1
23 8838 -1 4 1217568 -0.36339 0.39184 52390.4 80600.9 160098 160081 -1
23 4287 -1 4 -1 0.0119 -0.9108 81421.4 73061.5 -1 -1 1
23 4287 -1 4 550715 -0.15161 -0.25384 82300.3 72801.9 160146 160128 -1
24 16735 -1 1 -1 0.2895 -0.0354 88824.2 64888.2 -1 -1 1
24 16735 -1 1 919891 0.61758 -0.0705 88643.2 64605.3 160185 160154 -1
24 16735 -1 1 -1 0.2895 -0.0354 88824.2 64888.2 -1 -1 1
24 16735 -1 1 919891 0.61758 -0.0705 88643.2 64605.3 160185 160154 -1
24 16735 -1 1 -1 0.2895 -0.0354 88824.2 64888.2 -1 -1 1
24 16735 -1 1 919891 0.61758 -0.0705 88643.2 64605.3 160185 160154 -1
24 16735 -1 1 -1 0.2895 -0.0354 88824.2 64888.2 -1 -1 1
24 16735 -1 1 919891 0.61758 -0.0705 88643.2 64605.3 160185 160154 -1
24 10590 2672123 3 -1 0.66189 0.08381 69323.3 124437 100029 90011 0
24 10590 -1 3 483916 0.50097 -0.50037 69852.9 46737.9 160314 160308 -1
24 2925 3238442 3 -1 -0.11662 -0.67561 48511.6 100578 110028 80008 0
24 2925 -1 3 193307 -0.2187 0.74549 49139.9 22352.2 160178 160221 -1
24 3464 -1 3 -1 -0.2118 0.0645 74676.7 80434.6 -1 -1 1
24 3464 -1 3 785133 -0.25661 0.05467 74501.6 79831.4 160166 160138 -1
24 10590 2672123 3 -1 0.66189 0.08381 69323.3 124437 100029 90011 0
24 10590 -1 3 483916 0.50097 -0.50037 69852.9 46737.9 160314 160308 -1
24 2925 3238442 3 -1 -0.11662 -0.67561 48511.6 100578 110028 80008 0
24 2925 -1 3 193307 -0.2187 0.74549 49139.9 22352.2 160178 160221 -1
24 3464 -1 3 -1 -0.2118 0.0645 74676.7 80434.6 -1 -1 1
24 3464 -1 3 785133 -0.25661 0.05467 74501.6 79831.4 160166 160138 -1
24 10590 2672123 3 -1 0.66189 0.08381 69323.3 124437 100029 90011 0
24 10590 -1 3 483916 0.50097 -0.50037 69852.9 46737.9 160314 160308 -1
24 2925 3238442 3 -1 -0.11662 -0.67561 48511.6 100578 110028 80008 0
24 2925 -1 3 193307 -0.2187 0.74549 49139.9 22352.2 160178 160221 -1
24 3464 -1 3 -1 -0.2118 0.0645 74676.7 80434.6 -1 -1 1
24 3464 -1 3 785133 -0.25661 0.05467 74501.6 79831.4 160166 160138 -1
24 10590 2672123 3 -1 0.66189 0.08381 69323.3 124437 100029 90011 0
24 10590 -1 3 483916 0.50097 -0.50037 69852.9 46737.9 160314 160308 -1
24 2925 3238442 3 -1 -0.11662 -0.67561 48511.6 100578 110028 80008 0
24 2925 -1 3 193307 -0.2187 0.74549 49139.9 22352.2 160178 160221 -1
24 3464 -1 3 -1 -0.2118 0.0645 74676.7 80434.6 -1 -1 1
24 3464 -1 3 785133 -0.25661 0.05467 74501.6 79831.4 160166 160138 -1
24 4287 -1 4 -1 0.0125 -0.9084 76449.6 78015.9 -1 -1 1
24 4287 -1 4 582369 -0.27639 0.5244 75339.3 79863.6 160170 160190 -1
24 4287 -1 4 -1 0.0125 -0.9084 76449.6 78015.9 -1 -1 1
24 4287 -1 4 582369 -0.27639 0.5244 75339.3 79863.6 160170 160190 -1
24 4287 -1 4 -1 0.0125 -0.9084 76449.6 78015.9 -1 -1 1
24 4287 -1 4 582369 -0.27639 0.5244 75339.3 79863.6 160170 160190 -1
24 4287 -1 4 -1 0.0125 -0.9084 76449.6 78015.9 -1 -1 1
24 4287 -1 4 582369 -0.27639 0.5244 75339.3 79863.6 160170 160190 -1
25 16735 -1 1 -1 0.2897 -0.0359 89286.5 63256.9 -1 -1 1
25 16735 -1 1 254484 -0.22043 0.19273 90189.4 62988.6 160201 160182 -1
25 8878 336805 1 -1 -0.0899 0.50557 81849.2 84219.1 100029 130050 0
25 8878 -1 1 336559 0.09782 -0.28969 81323.2 82500.8 160279 160251 -1
25 16735 -1 1 -1 0.2897 -0.0359 89286.5 63256.9 -1 -1 1
25 16735 -1 1 254484 -0.22043 0.19273 90189.4 62988.6 160201 160182 -1
25 8878 336805 1 -1 -0.0899 0.50557 81849.2 84219.1 100029 130050 0
25 8878 -1 1 336559 0.09782 -0.28969 81323.2 82500.8 160279 160251 -1
25 16735 -1 1 -1 0.2897 -0.0359 89286.5 63256.9 -1 -1 1
25 16735 -1 1 254484 -0.22043 0.19273 90189.4 62988.6 160201 160182 -1
25 8878 336805 1 -1 -0.0899 0.50557 81849.2 84219.1 100029 130050 0
25 8878 -1 1 336559 0.09782 -0.28969 81323.2 82500.8 160279 160251 -1
25 16735 -1 1 -1 0.2897 -0.0359 89286.5 63256.9 -1 -1 1
25 16735 -1 1 254484 -0.22043 0.19273 90189.4 62988.6 160201 160182 -1
25 8878 336805 1 -1 -0.0899 0.50557 81849.2 84219.1 100029 130050 0
25 8878 -1 1 336559 0.09782 -0.28969 81323.2 82500.8 160279 160251 -1
25 10590 -1 3 -1 0.6621 0.0828 69835.8 44517.3 -1 -1 1
25 10590 -1 3 20207 -0.31727 0.13507 69166.9 45088.6 160174 160137 -1
25 2925 -1 3 -1 -0.1174 -0.6755 49639.8 21319.2 -1 -1 1
25 2925 -1 3 1067755 -0.02051 -0.4056 50716.5 19201.1 160259 160238 -1
25 3464 -1 3 -1 -0.2119 0.0639 75065.6 79574.1 -1 -1 1
25 3464 -1 3 320734 0.69889 0.0485 74182.9 78866.4 160231 160197 -1
25 10590 -1 3 -1 0.6621 0.0828 69835.8 44517.3 -1 -1 1
25 10590 -1 3 20207 -0.31727 0.13507 69166.9 45088.6 160174 160137 -1
25 2925 -1 3 -1 -0.1174 -0.6755 49639.8 21319.2 -1 -1 1
25 2925 -1 3 1067755 -0.02051 -0.4056 50716.5 19201.1 160259 160238 -1
25 3464 -1 3 -1 -0.2119 0.0639 75065.6 79574.1 -1 -1 1
25 3464 -1 3 320734 0.69889 0.0485 74182.9 78866.4 160231 160197 -1
25 10590 -1 3 -1 0.6621 0.0828 69835.8 44517.3 -1 -1 1
25 10590 -1 3 20207 -0.31727 0.13507 69166.9 45088.6 160174 160137 -1
25 2925 -1 3 -1 -0.1174 -0.6755 49639.8 21319.2 -1 -1 1
25 2925 -1 3 1067755 -0.02051 -0.4056 50716.5 19201.1 160259 160238 -1
25 3464 -1 3 -1 -0.2119 0.0639 75065.6 79574.1 -1 -1 1
25 3464 -1 3 320734 0.69889 0.0485 74182.9 78866.4 160231 160197 -1
25 10590 -1 3 -1 0.6621 0.0828 69835.8 44517.3 -1 -1 1
25 10590 -1 3 20207 -0.31727 0.13507 69166.9 45088.6 160174 160137 -1
25 2925 -1 3 -1 -0.1174 -0.6755 49639.8 21319.2 -1 -1 1
25 2925 -1 3 1067755 -0.02051 -0.4056 50716.5 19201.1 160259 160238 -1
25 3464 -1 3 -1 -0.2119 0.0639 75065.6 79574.1 -1 -1 1
25 3464 -1 3 320734 0.69889 0.0485 74182.9 78866.4 160231 160197 -1
25 2677 6168811 5 -1 -0.32277 0.48706 125904 199234 120039 120052 0
25 2677 -1 5 430210 0.17203 0.07177 125791 41047.7 160177 160201 -1
25 2677 6168811 5 -1 -0.32277 0.48706 125904 199234 120039 120052 0
25 2677 -1 5 430210 0.17203 0.07177 125791 41047.7 160177 160201 -1
25 2677 6168811 5 -1 -0.32277 0.48706 125904 199234 120039 120052 0
25 2677 -1 5 430210 0.17203 0.07177 125791 41047.7 160177 160201 -1
25 2677 6168811 5 -1 -0.32277 0.48706 125904 199234 120039 120052 0
25 2677 -1 5 430210 0.17203 0.07177 125791 41047.7 160177 160201 -1
26 16735 -1 1 -1 0.2897 -0.0353 91558.8 64732.5 -1 -1 1
26 16735 -1 1 236136 0.10771 0.00904 90626.3 64499.5 160092 160083 -1
26 8878 -1 1 -1 -0.091 0.5052 84915.1 84503.3 -1 -1 1
26 8878 -1 1 612438 -0.09743 -0.37794 82771.3 83452.7 160241 160191 -1
26 16735 -1 1 -1 0.2897 -0.0353 91558.8 64732.5 -1 -1 1
26 16735 -1 1 236136 0.10771 0.00904 90626.3 64499.5 160092 160083 -1
26 8878 -1 1 -1 -0.091 0.5052 84915.1 84503.3 -1 -1 1
26 8878 -1 1 612438 -0.09743 -0.37794 82771.3 83452.7 160241 160191 -1
26 16735 -1 1 -1 0.2897 -0.0353 91558.8 64732.5 -1 -1 1
26 16735 -1 1 236136 0.10771 0.00904 90626.3 64499.5 160092 160083 -1
26 8878 -1 1 -1 -0.091 0.5052 84915.1 84503.3 -1 -1 1
26 8878 -1 1 612438 -0.09743 -0.37794 82771.3 83452.7 160241 160191 -1
26 16735 -1 1 -1 0.2897 -0.0353 91558.8 64732.5 -1 -1 1
26 16735 -1 1 236136 0.10771 0.00904 90626.3 64499.5 160092 160083 -1
26 8878 -1 1 -1 -0.091 0.5052 84915.1 84503.3 -1 -1 1
26 8878 -1 1 612438 -0.09743 -0.37794 82771.3 83452.7 160241 160191 -1
26 10590 -1 3 -1 0.6624 0.0826 71014.4 45412.2 -1 -1 1
26 10590 -1 3 18960 -0.1612 0.73045 68661.5 44941.9 160295 160262 -1
26 2925 -1 3 -1 -0.1173 -0.6745 52643 24053 -1 -1 1
26 2925 -1 3 610541 -0.13061 -0.11451 52677.5 24797.1 160254 160206 -1
26 3464 -1 3 -1 -0.2115 0.0641 78310.5 80494.5 -1 -1 1
26 3464 -1 3 594254 -0.03176 0.76966 78150.2 82593.9 160202 160126 -1
26 10590 -1 3 -1 0.6624 0.0826 71014.4 45412.2 -1 -1 1
26 10590 -1 3 18960 -0.1612 0.73045 68661.5 44941.9 160295 160262 -1
26 2925 -1 3 -1 -0.1173 -0.6745 52643 24053 -1 -1 1
26 2925 -1 3 610541 -0.13061 -0.11451 52677.5 24797.1 160254 160206 -1
26 3464 -1 3 -1 -0.2115 0.0641 78310.5 80494.5 -1 -1 1
26 3464 -1 3 594254 -0.03176 0.76966 78150.2 82593.9 160202 160126 -1
26 10590 -1 3 -1 0.6624 0.0826 71014.4 45412.2 -1 -1 1
26 10590 -1 3 18960 -0.1612 0.73045 68661.5 44941.9 160295 160262 -1
26 2925 -1 3 -1 -0.1173 -0.6745 52643 24053 -1 -1 1
26 2925 -1 3 610541 -0.13061 -0.11451 52677.5 24797.1 160254 160206 -1
26 3464 -1 3 -1 -0.2115 0.0641 78310.5 80494.5 -1 -1 1
26 3464 -1 3 594254 -0.03176 0.76966 78150.2 82593.9 160202 160126 -1
26 10590 -1 3 -1 0.6624 0.0826 71014.4 45412.2 -1 -1 1
26 10590 -1 3 18960 -0.1612 0.73045 68661.5 44941.9 160295 160262 -1
26 2925 -1 3 -1 -0.1173 -0.6745 52643 24053 -1 -1 1
26 2925 -1 3 610541 -0.13061 -0.11451 52677.5 24797.1 160254 160206 -1
26 3464 -1 3 -1 -0.2115 0.0641 78310.5 80494.5 -1 -1 1
26 3464 -1 3 594254 -0.03176 0.76966 78150.2 82593.9 160202 160126 -1
26 4131 3485476 4 -1 -0.20448 -0.43067 207865 96722.5 100015 110023 0
26 4131 -1 4 419714 -0.02308 -0.11389 88156 17692.3 160060 160079 -1
26 7470 3681830 4 -1 0.02039 -0.57219 204811 90598.1 70007 90007 0
26 7470 -1 4 403499 0.0455 -0.35742 85076.8 11575.2 160156 160153 -1
26 4131 3485476 4 -1 -0.20448 -0.43067 207865 96722.5 100015 110023 0
26 4131 -1 4 419714 -0.02308 -0.11389 88156 17692.3 160060 160079 -1
26 7470 3681830 4 -1 0.02039 -0.57219 204811 90598.1 70007 90007 0
26 7470 -1 4 403499 0.0455 -0.35742 85076.8 11575.2 160156 160153 -1
26 4131 3485476 4 -1 -0.20448 -0.43067 207865 96722.5 100015 110023 0
26 4131 -1 4 419714 -0.02308 -0.11389 88156 17692.3 160060 160079 -1
26 7470 3681830 4 -1 0.02039 -0.57219 204811 90598.1 70007 90007 0
26 7470 -1 4 403499 0.0455 -0.35742 85076.8 11575.2 160156 160153 -1
26 4131 3485476 4 -1 -0.20448 -0.43067 207865 96722.5 100015 110023 0
26 4131 -1 4 419714 -0.02308 -0.11389 88156 17692.3 160060 160079 -1
26 7470 3681830 4 -1 0.02039 -0.57219 204811 90598.1 70007 90007 0
26 7470 -1 4 403499 0.0455 -0.35742 85076.8 11575.2 160156 160153 -1
26 2677 -1 6 -1 -0.3215 0.4883 10095.7 38604.1 -1 -1 1
26 2677 -1 6 25694 0.13919 0.00658 7987.24 41560.4 160142 160114 -1
26 2677 -1 6 -1 -0.3215 0.4883 10095.7 38604.1 -1 -1 1
26 2677 -1 6 25694 0.13919 0.00658 7987.24 41560.4 160142 160114 -1
26 2677 -1 6 -1 -0.3215 0.4883 10095.7 38604.1 -1 -1 1
26 2677 -1 6 25694 0.13919 0.00658 7987.24 41560.4 160142 160114 -1
26 2677 -1 6 -1 -0.3215 0.4883 10095.7 38604.1 -1 -1 1
26 2677 -1 6 25694 0.13919 0.00658 7987.24 41560.4 160142 160114 -1
27 8878 -1 1 -1 -0.0911 0.5045 84357.8 83720.7 -1 -1 1
27 8878 -1 1 309513 -0.00539 -0.04329 83652.3 83514.3 160108 160116 -1
27 8878 -1 1 -1 -0.0911 0.5045 84357.8 83720.7 -1 -1 1
27 8878 -1 1 309513 -0.00539 -0.04329 83652.3 83514.3 160108 160116 -1
27 8878 -1 1 -1 -0.0911 0.5045 84357.8 83720.7 -1 -1 1
27 8878 -1 1 309513 -0.00539 -0.04329 83652.3 83514.3 160108 160116 -1
27 8878 -1 1 -1 -0.0911 0.5045 84357.8 83720.7 -1 -1 1
27 8878 -1 1 309513 -0.00539 -0.04329 83652.3 83514.3 160108 160116 -1
27 10590 -1 3 -1 0.6621 0.0864 70025 44469.8 -1 -1 1
27 10590 -1 3 467557 -0.12729 0.72514 69065.7 44763 160279 160296 -1
27 2925 -1 3 -1 -0.113 -0.6749 52428.2 23652 -1 -1 1
27 2925 -1 3 406981 0.74657 0.0542 52195 24585.4 160239 160233 -1
27 10590 -1 3 -1 0.6621 0.0864 70025 44469.8 -1 -1 1
27 10590 -1 3 467557 -0.12729 0.72514 69065.7 44763 160279 160296 -1
27 2925 -1 3 -1 -0.113 -0.6749 52428.2 23652 -1 -1 1
27 2925 -1 3 406981 0.74657 0.0542 52195 24585.4 160239 160233 -1
27 10590 -1 3 -1 0.6621 0.0864 70025 44469.8 -1 -1 1
27 10590 -1 3 467557 -0.12729 0.72514 69065.7 44763 160279 160296 -1
27 2925 -1 3 -1 -0.113 -0.6749 52428.2 23652 -1 -1 1
27 2925 -1 3 406981 0.74657 0.0542 52195 24585.4 160239 160233 -1
27 10590 -1 3 -1 0.6621 0.0864 70025 44469.8 -1 -1 1
27 10590 -1 3 467557 -0.12729 0.72514 69065.7 44763 160279 160296 -1
27 2925 -1 3 -1 -0.113 -0.6749 52428.2 23652 -1 -1 1
27 2925 -1 3 406981 0.74657 0.0542 52195 24585.4 160239 160233 -1
27 4131 -1 4 -1 -0.2046 -0.4305 86318.1 17733.1 -1 -1 1
27 4131 -1 4 363358 0.17214 -0.00409 85891.6 14837.2 160150 160161 -1
27 7470 -1 4 -1 0.0202 -0.572 83076.9 11731.8 -1 -1 1
27 7470 -1 4 122758 -0.24535 0.13642 83529.5 10242.2 160244 160215 -1
27 4131 -1 4 -1 -0.2046 -0.4305 86318.1 17733.1 -1 -1 1
27 4131 -1 4 363358 0.17214 -0.00409 85891.6 14837.2 160150 160161 -1
27 7470 -1 4 -1 0.0202 -0.572 83076.9 11731.8 -1 -1 1
27 7470 -1 4 122758 -0.24535 0.13642 83529.5 10242.2 160244 160215 -1
27 4131 -1 4 -1 -0.2046 -0.4305 86318.1 17733.1 -1 -1 1
27 4131 -1 4 363358 0.17214 -0.00409 85891.6 14837.2 160150 160161 -1
27 7470 -1 4 -1 0.0202 -0.572 83076.9 11731.8 -1 -1 1
27 7470 -1 4 122758 -0.24535 0.13642 83529.5 10242.2 160244 160215 -1
27 4131 -1 4 -1 -0.2046 -0.4305 86318.1 17733.1 -1 -1 1
27 4131 -1 4 363358 0.17214 -0.00409 85891.6 14837.2 160150 160161 -1
27 7470 -1 4 -1 0.0202 -0.572 83076.9 11731.8 -1 -1 1
27 7470 -1 4 122758 -0.24535 0.13642 83529.5 10242.2 160244 160215 -1
27 2677 -1 6 -1 -0.3231 0.4868 8858.1 37825.1 -1 -1 1
27 2677 -1 6 7052 0.7334 -0.22963 11124 38919.4 160241 160228 -1
27 2677 -1 6 -1 -0.3231 0.4868 8858.1 37825.1 -1 -1 1
27 2677 -1 6 7052 0.7334 -0.22963 11124 38919.4 160241 160228 -1
27 2677 -1 6 -1 -0.3231 0.4868 8858.1 37825.1 -1 -1 1
27 2677 -1 6 7052 0.7334 -0.22963 11124 38919.4 160241 160228 -1
27 2677 -1 6 -1 -0.3231 0.4868 8858.1 37825.1 -1 -1 1
27 2677 -1 6 7052 0.7334 -0.22963 11124 38919.4 160241 160228 -1
28 8878 -1 1 -1 -0.0861 0.5059 85414 80558.1 -1 -1 1
28 8878 -1 1 760981 0.49713 0.67172 83255.3 80291.8 160309 160313 -1
28 8878 -1 1 -1 -0.0861 0.5059 85414 80558.1 -1 -1 1
28 8878 -1 1 760981 0.49713 0.67172 83255.3 80291.8 160309 160313 -1
28 8878 -1 1 -1 -0.0861 0.5059 85414 80558.1 -1 -1 1
28 8878 -1 1 760981 0.49713 0.67172 83255.3 80291.8 160309 160313 -1
28 8878 -1 1 -1 -0.0861 0.5059 85414 80558.1 -1 -1 1
28 8878 -1 1 760981 0.49713 0.67172 83255.3 80291.8 160309 160313 -1
28 9065 3364951 3 -1 -0.40262 0.13564 51203.6 144077 90017 130052 0
28 9065 -1 3 728234 0.64239 -0.08523 48752.5 66833.6 160256 160238 -1
28 9065 3364951 3 -1 -0.40262 0.13564 51203.6 144077 90017 130052 0
28 9065 -1 3 728234 0.64239 -0.08523 48752.5 66833.6 160256 160238 -1
28 9065 3364951 3 -1 -0.40262 0.13564 51203.6 144077 90017 130052 0
28 9065 -1 3 728234 0.64239 -0.08523 48752.5 66833.6 160256 160238 -1
28 9065 3364951 3 -1 -0.40262 0.13564 51203.6 144077 90017 130052 0
28 9065 -1 3 728234 0.64239 -0.08523 48752.5 66833.6 160256 160238 -1
28 16371 3995606 4 -1 -0.01183 -0.12352 207893 137903 130034 160070 0
28 16371 -1 4 230219 0.15568 -0.14216 84786.5 60865.9 160233 160197 -1
28 4131 -1 4 -1 -0.2064 -0.4293 88552.4 16728.5 -1 -1 1
28 4131 -1 4 160796 -0.75296 0.19804 86696.1 17914.1 160261 160231 -1
28 7470 -1 4 -1 0.0173 -0.5705 84543.1 11231.5 -1 -1 1
28 7470 -1 4 140225 0.39991 -0.07997 81732.3 14171.2 160269 160167 -1
28 16371 3995606 4 -1 -0.01183 -0.12352 207893 137903 130034 160070 0
28 16371 -1 4 230219 0.15568 -0.14216 84786.5 60865.9 160233 160197 -1
28 4131 -1 4 -1 -0.2064 -0.4293 88552.4 16728.5 -1 -1 1
28 4131 -1 4 160796 -0.75296 0.19804 86696.1 17914.1 160261 160231 -1
28 7470 -1 4 -1 0.0173 -0.5705 84543.1 11231.5 -1 -1 1
28 7470 -1 4 140225 0.39991 -0.07997 81732.3 14171.2 160269 160167 -1
28 16371 3995606 4 -1 -0.01183 -0.12352 207893 137903 130034 160070 0
28 16371 -1 4 230219 0.15568 -0.14216 84786.5 60865.9 160233 160197 -1
28 4131 -1 4 -1 -0.2064 -0.4293 88552.4 16728.5 -1 -1 1
28 4131 -1 4 160796 -0.75296 0.19804 86696.1 17914.1 160261 160231 -1
28 7470 -1 4 -1 0.0173 -0.5705 84543.1 11231.5 -1 -1 1
28 7470 -1 4 140225 0.39991 -0.07997 81732.3 14171.2 160269 160167 -1
28 16371 3995606 4 -1 -0.01183 -0.12352 207893 137903 130034 160070 0
28 16371 -1 4 230219 0.15568 -0.14216 84786.5 60865.9 160233 160197 -1
28 4131 -1 4 -1 -0.2064 -0.4293 88552.4 16728.5 -1 -1 1
28 4131 -1 4 160796 -0.75296 0.19804 86696.1 17914.1 160261 160231 -1
28 7470 -1 4 -1 0.0173 -0.5705 84543.1 11231.5 -1 -1 1
28 7470 -1 4 140225 0.39991 -0.07997 81732.3 14171.2 160269 160167 -1
28 11871 5469772 5 -1 -0.08515 -0.03484 70861.8 176596 140050 160058 0
28 11871 -1 5 166530 0.64969 0.40414 70596.8 17544.8 160281 160285 -1
28 11871 5469772 5 -1 -0.08515 -0.03484 70861.8 176596 140050 160058 0
28 11871 -1 5 166530 0.64969 0.40414 70596.8 17544.8 160281 160285 -1
28 11871 5469772 5 -1 -0.08515 -0.03484 70861.8 176596 140050 160058 0
28 11871 -1 5 166530 0.64969 0.40414 70596.8 17544.8 160281 160285 -1
28 11871 5469772 5 -1 -0.08515 -0.03484 70861.8 176596 140050 160058 0
28 11871 -1 5 166530 0.64969 0.40414 70596.8 17544.8 160281 160285 -1
28 2677 -1 6 -1 -0.3164 0.4906 11387.8 35318.8 -1 -1 1
28 2677 -1 6 224859 -0.02489 0.47958 9265.69 37392.9 160210 160212 -1
28 2677 -1 6 -1 -0.3164 0.4906 11387.8 35318.8 -1 -1 1
28 2677 -1 6 224859 -0.02489 0.47958 9265.69 37392.9 160210 160212 -1
28 2677 -1 6 -1 -0.3164 0.4906 11387.8 35318.8 -1 -1 1
28 2677 -1 6 224859 -0.02489 0.47958 9265.69 37392.9 160210 160212 -1
28 2677 -1 6 -1 -0.3164 0.4906 11387.8 35318.8 -1 -1 1
28 2677 -1 6 224859 -0.02489 0.47958 9265.69 37392.9 160210 160212 -1
29 9065 -1 3 -1 -0.4036 0.1317 50839.3 64707.9 -1 -1 1
29 9065 -1 3 522569 -0.26741 0.33968 50735.9 64581.3 160342 160362 -1
29 12957 3271683 3 -1 -0.21384 -0.02379 90715.7 105664 160093 160068 0
29 12957 -1 3 622659 -0.21389 -0.02332 91267 27115.8 160093 160068 -1
29 9065 -1 3 -1 -0.4036 0.1317 50839.3 64707.9 -1 -1 1
29 9065 -1 3 522569 -0.26741 0.33968 50735.9 64581.3 160342 160362 -1
29 12957 3271683 3 -1 -0.21384 -0.02379 90715.7 105664 160093 160068 0
29 12957 -1 3 622659 -0.21389 -0.02332 91267 27115.8 160093 160068 -1
29 9065 -1 3 -1 -0.4036 0.1317 50839.3 64707.9 -1 -1 1
29 9065 -1 3 522569 -0.26741 0.33968 50735.9 64581.3 160342 160362 -1
29 12957 3271683 3 -1 -0.21384 -0.02379 90715.7 105664 160093 160068 0
29 12957 -1 3 622659 -0.21389 -0.02332 91267 27115.8 160093 160068 -1
29 9065 -1 3 -1 -0.4036 0.1317 50839.3 64707.9 -1 -1 1
29 9065 -1 3 522569 -0.26741 0.33968 50735.9 64581.3 160342 160362 -1
29 12957 3271683 3 -1 -0.21384 -0.02379 90715.7 105664 160093 160068 0
29 12957 -1 3 622659 -0.21389 -0.02332 91267 27115.8 160093 160068 -1
29 16371 -1 4 -1 -0.01 -0.1237 86691.7 59940.6 -1 -1 1
29 16371 -1 4 256136 -0.56682 0.03535 84638.5 61288.5 160272 160243 -1
29 4131 -1 4 -1 -0.2018 -0.432 88508.8 18028.5 -1 -1 1
29 4131 -1 4 168385 -0.76339 0.22432 87105.7 18667.7 160316 160271 -1
29 7470 -1 4 -1 0.0241 -0.5708 84376.4 12604.2 -1 -1 1
29 7470 -1 4 148379 -0.62491 0.30783 83187.6 13138.8 160248 160165 -1
29 16371 -1 4 -1 -0.01 -0.1237 86691.7 59940.6 -1 -1 1
29 16371 -1 4 256136 -0.56682 0.03535 84638.5 61288.5 160272 160243 -1
29 4131 -1 4 -1 -0.2018 -0.432 88508.8 18028.5 -1 -1 1
29 4131 -1 4 168385 -0.76339 0.22432 87105.7 18667.7 160316 160271 -1
29 7470 -1 4 -1 0.0241 -0.5708 84376.4 12604.2 -1 -1 1
29 7470 -1 4 148379 -0.62491 0.30783 83187.6 13138.8 160248 160165 -1
29 16371 -1 4 -1 -0.01 -0.1237 86691.7 59940.6 -1 -1 1
29 16371 -1 4 256136 -0.56682 0.03535 84638.5 61288.5 160272 160243 -1
29 4131 -1 4 -1 -0.2018 -0.432 88508.8 18028.5 -1 -1 1
29 4131 -1 4 168385 -0.76339 0.22432 87105.7 18667.7 160316 160271 -1
29 7470 -1 4 -1 0.0241 -0.5708 84376.4 12604.2 -1 -1 1
29 7470 -1 4 148379 -0.62491 0.30783 83187.6 13138.8 160248 160165 -1
29 16371 -1 4 -1 -0.01 -0.1237 86691.7 59940.6 -1 -1 1
29 16371 -1 4 256136 -0.56682 0.03535 84638.5 61288.5 160272 160243 -1
29 4131 -1 4 -1 -0.2018 -0.432 88508.8 18028.5 -1 -1 1
29 4131 -1 4 168385 -0.76339 0.22432 87105.7 18667.7 160316 160271 -1
29 7470 -1 4 -1 0.0241 -0.5708 84376.4 12604.2 -1 -1 1
29 7470 -1 4 148379 -0.62491 0.30783 83187.6 13138.8 160248 160165 -1
29 11871 -1 5 -1 -0.0849 -0.0354 69435 16032.4 -1 -1 1
29 11871 -1 5 376331 -0.00609 -0.00374 69479.4 16667.7 160101 160081 -1
29 11871 -1 5 -1 -0.0849 -0.0354 69435 16032.4 -1 -1 1
29 11871 -1 5 376331 -0.00609 -0.00374 69479.4 16667.7 160101 160081 -1
29 11871 -1 5 -1 -0.0849 -0.0354 69435 16032.4 -1 -1 1
29 11871 -1 5 376331 -0.00609 -0.00374 69479.4 16667.7 160101 160081 -1
29 11871 -1 5 -1 -0.0849 -0.0354 69435 16032.4 -1 -1 1
29 11871 -1 5 376331 -0.00609 -0.00374 69479.4 16667.7 160101 160081 -1
30 1253 1205750 1 -1 -0.13013 -0.74282 102745 75010.6 90009 100015 0
30 1253 -1 1 262438 -0.49235 0.28462 103395 75301.6 160271 160251 -1
30 1253 1205750 1 -1 -0.13013 -0.74282 102745 75010.6 90009 100015 0
30 1253 -1 1 262438 -0.49235 0.28462 103395 75301.6 160271 160251 -1
30 1253 1205750 1 -1 -0.13013 -0.74282 102745 75010.6 90009 100015 0
30 1253 -1 1 262438 -0.49235 0.28462 103395 75301.6 160271 160251 -1
30 1253 1205750 1 -1 -0.13013 -0.74282 102745 75010.6 90009 100015 0
30 1253 -1 1 262438 -0.49235 0.28462 103395 75301.6 160271 160251 -1
30 9065 -1 3 -1 -0.4016 0.1365 53169.4 65214.2 -1 -1 1
30 9065 -1 3 539388 0.31022 -0.74465 55337.7 65655.6 160280 160249 -1
30 12957 -1 3 -1 -0.2142 -0.0203 92622.5 27537.6 -1 -1 1
30 12957 -1 3 190522 0.57528 -0.5664 91214.4 29757.1 160244 160254 -1
30 9065 -1 3 -1 -0.4016 0.1365 53169.4 65214.2 -1 -1 1
30 9065 -1 3 539388 0.31022 -0.74465 55337.7 65655.6 160280 160249 -1
30 12957 -1 3 -1 -0.2142 -0.0203 92622.5 27537.6 -1 -1 1
30 12957 -1 3 190522 0.57528 -0.5664 91214.4 29757.1 160244 160254 -1
30 9065 -1 3 -1 -0.4016 0.1365 53169.4 65214.2 -1 -1 1
30 9065 -1 3 539388 0.31022 -0.74465 55337.7 65655.6 160280 160249 -1
30 12957 -1 3 -1 -0.2142 -0.0203 92622.5 27537.6 -1 -1 1
30 12957 -1 3 190522 0.57528 -0.5664 91214.4 29757.1 160244 160254 -1
30 9065 -1 3 -1 -0.4016 0.1365 53169.4 65214.2 -1 -1 1
30 9065 -1 3 539388 0.31022 -0.74465 55337.7 65655.6 160280 160249 -1
30 12957 -1 3 -1 -0.2142 -0.0203 92622.5 27537.6 -1 -1 1
30 12957 -1 3 190522 0.57528 -0.5664 91214.4 29757.1 160244 160254 -1
30 16371 -1 4 -1 -0.0114 -0.1235 87896.1 60076.6 -1 -1 1
30 16371 -1 4 68696 -0.57724 0.06702 87447.2 60946.1 160241 160242 -1
30 829 3615968 4 -1 0.06169 0.41529 139907 147182 120036 120045 0
30 829 -1 4 258606 0.66225 0.51069 17741.1 67245.3 160320 160307 -1
30 16371 -1 4 -1 -0.0114 -0.1235 87896.1 60076.6 -1 -1 1
30 16371 -1 4 68696 -0.57724 0.06702 87447.2 60946.1 160241 160242 -1
30 829 3615968 4 -1 0.06169 0.41529 139907 147182 120036 120045 0
30 829 -1 4 258606 0.66225 0.51069 17741.1 67245.3 160320 160307 -1
30 16371 -1 4 -1 -0.0114 -0.1235 87896.1 60076.6 -1 -1 1
30 16371 -1 4 68696 -0.57724 0.06702 87447.2 60946.1 160241 160242 -1
30 829 3615968 4 -1 0.06169 0.41529 139907 147182 120036 120045 0
30 829 -1 4 258606 0.66225 0.51069 17741.1 67245.3 160320 160307 -1
30 16371 -1 4 -1 -0.0114 -0.1235 87896.1 60076.6 -1 -1 1
30 16371 -1 4 68696 -0.57724 0.06702 87447.2 60946.1 160241 160242 -1
30 829 3615968 4 -1 0.06169 0.41529 139907 147182 120036 120045 0
30 829 -1 4 258606 0.66225 0.51069 17741.1 67245.3 160320 160307 -1
30 11871 -1 5 -1 -0.0853 -0.0345 71572.5 17116.3 -1 -1 1
30 11871 -1 5 159216 -0.16153 0.19461 71661.1 16395.8 160219 160239 -1
30 11871 -1 5 -1 -0.0853 -0.0345 71572.5 17116.3 -1 -1 1
30 11871 -1 5 159216 -0.16153 0.19461 71661.1 16395.8 160219 160239 -1
30 11871 -1 5 -1 -0.0853 -0.0345 71572.5 17116.3 -1 -1 1
30 11871 -1 5 159216 -0.16153 0.19461 71661.1 16395.8 160219 160239 -1
30 11871 -1 5 -1 -0.0853 -0.0345 71572.5 17116.3 -1 -1 1
30 11871 -1 5 159216 -0.16153 0.19461 71661.1 16395.8 160219 160239 -1
31 1253 -1 1 -1 -0.1254 -0.7445 103565 75351.9 -1 -1 1
31 1253 -1 1 557205 -0.44925 -0.10514 101787 76478.6 160246 160210 -1
31 1253 -1 1 -1 -0.1254 -0.7445 103565 75351.9 -1 -1 1
31 1253 -1 1 557205 -0.44925 -0.10514 101787 76478.6 160246 160210 -1
31 1253 -1 1 -1 -0.1254 -0.7445 103565 75351.9 -1 -1 1
31 1253 -1 1 557205 -0.44925 -0.10514 101787 76478.6 160246 160210 -1
31 1253 -1 1 -1 -0.1254 -0.7445 103565 75351.9 -1 -1 1
31 1253 -1 1 557205 -0.44925 -0.10514 101787 76478.6 160246 160210 -1
31 16711 1561686 2 -1 0.16841 0.37232 179263 43843 80012 120025 0
31 16711 -1 2 459138 0.0048 -0.12444 58245.8 42545 160066 160083 -1
31 16711 1561686 2 -1 0.16841 0.37232 179263 43843 80012 120025 0
31 16711 -1 2 459138 0.0048 -0.12444 58245.8 42545 160066 160083 -1
31 16711 1561686 2 -1 0.16841 0.37232 179263 43843 80012 120025 0
31 16711 -1 2 459138 0.0048 -0.12444 58245.8 42545 160066 160083 -1
31 16711 1561686 2 -1 0.16841 0.37232 179263 43843 80012 120025 0
31 16711 -1 2 459138 0.0048 -0.12444 58245.8 42545 160066 160083 -1
31 9065 -1 3 -1 -0.4029 0.1345 52895 64879.8 -1 -1 1
31 9065 -1 3 530962 0.49503 -0.21997 50929.8 66133.9 160228 160194 -1
31 12957 -1 3 -1 -0.2142 -0.0216 92432 27529.1 -1 -1 1
31 12957 -1 3 1054363 0.27375 0.41464 91324.1 29171.6 160131 160149 -1
31 9065 -1 3 -1 -0.4029 0.1345 52895 64879.8 -1 -1 1
31 9065 -1 3 530962 0.49503 -0.21997 50929.8 66133.9 160228 160194 -1
31 12957 -1 3 -1 -0.2142 -0.0216 92432 27529.1 -1 -1 1
31 12957 -1 3 1054363 0.27375 0.41464 91324.1 29171.6 160131 160149 -1
31 9065 -1 3 -1 -0.4029 0.1345 52895 64879.8 -1 -1 1
31 9065 -1 3 530962 0.49503 -0.21997 50929.8 66133.9 160228 160194 -1
31 12957 -1 3 -1 -0.2142 -0.0216 92432 27529.1 -1 -1 1
31 12957 -1 3 1054363 0.27375 0.41464 91324.1 29171.6 160131 160149 -1
31 9065 -1 3 -1 -0.4029 0.1345 52895 64879.8 -1 -1 1
31 9065 -1 3 530962 0.49503 -0.21997 50929.8 66133.9 160228 160194 -1
31 12957 -1 3 -1 -0.2142 -0.0216 92432 27529.1 -1 -1 1
31 12957 -1 3 1054363 0.27375 0.41464 91324.1 29171.6 160131 160149 -1
31 16371 -1 4 -1 -0.0112 -0.1234 88101.9 60076.3 -1 -1 1
31 16371 -1 4 66919 -0.61673 0.01097 88150.3 60808.9 160276 160243 -1
31 829 -1 4 -1 0.0598 0.4158 19590.2 67905.3 -1 -1 1
31 829 -1 4 1135210 -0.73533 -0.24241 19218.2 69249.6 160196 160151 -1
31 16371 -1 4 -1 -0.0112 -0.1234 88101.9 60076.3 -1 -1 1
31 16371 -1 4 66919 -0.61673 0.01097 88150.3 60808.9 160276 160243 -1
31 829 -1 4 -1 0.0598 0.4158 19590.2 67905.3 -1 -1 1
31 829 -1 4 1135210 -0.73533 -0.24241 19218.2 69249.6 160196 160151 -1
31 16371 -1 4 -1 -0.0112 -0.1234 88101.9 60076.3 -1 -1 1
31 16371 -1 4 66919 -0.61673 0.01097 88150.3 60808.9 160276 160243 -1
31 829 -1 4 -1 0.0598 0.4158 19590.2 67905.3 -1 -1 1
31 829 -1 4 1135210 -0.73533 -0.24241 19218.2 69249.6 160196 160151 -1
31 16371 -1 4 -1 -0.0112 -0.1234 88101.9 60076.3 -1 -1 1
31 16371 -1 4 66919 -0.61673 0.01097 88150.3 60808.9 160276 160243 -1
31 829 -1 4 -1 0.0598 0.4158 19590.2 67905.3 -1 -1 1
31 829 -1 4 1135210 -0.73533 -0.24241 19218.2 69249.6 160196 160151 -1
31 11871 -1 5 -1 -0.0852 -0.0349 71770.4 16805.7 -1 -1 1
31 11871 -1 5 157262 0.28346 0.14474 71474 17623.6 160125 160107 -1
31 11871 -1 5 -1 -0.0852 -0.0349 71770.4 16805.7 -1 -1 1
31 11871 -1 5 157262 0.28346 0.14474 71474 17623.6 160125 160107 -1
31 11871 -1 5 -1 -0.0852 -0.0349 71770.4 16805.7 -1 -1 1
31 11871 -1 5 157262 0.28346 0.14474 71474 17623.6 160125 160107 -1
31 11871 -1 5 -1 -0.0852 -0.0349 71770.4 16805.7 -1 -1 1
31 11871 -1 5 157262 0.28346 0.14474 71474 17623.6 160125 160107 -1
32 1253 -1 1 -1 -0.127 -0.7436 102442 76969 -1 -1 1
32 1253 -1 1 278924 -0.10274 -0.05909 103072 76294.1 160188 160149 -1
32 1253 -1 1 -1 -0.127 -0.7436 102442 76969 -1 -1 1
32 1253 -1 1 278924 -0.10274 -0.05909 103072 76294.1 160188 160149 -1
32 1253 -1 1 -1 -0.127 -0.7436 102442 76969 -1 -1 1
32 1253 -1 1 278924 -0.10274 -0.05909 103072 76294.1 160188 160149 -1
32 1253 -1 1 -1 -0.127 -0.7436 102442 76969 -1 -1 1
32 1253 -1 1 278924 -0.10274 -0.05909 103072 76294.1 160188 160149 -1
32 16711 -1 2 -1 0.168 0.3727 57179.9 42274.9 -1 -1 1
32 16711 -1 2 442545 -0.15134 0.38864 57437 39743.7 160164 160115 -1
32 16711 -1 2 -1 0.168 0.3727 57179.9 42274.9 -1 -1 1
32 16711 -1 2 442545 -0.15134 0.38864 57437 39743.7 160164 160115 -1
32 16711 -1 2 -1 0.168 0.3727 57179.9 42274.9 -1 -1 1
32 16711 -1 2 442545 -0.15134 0.38864 57437 39743.7 160164 160115 -1
32 16711 -1 2 -1 0.168 0.3727 57179.9 42274.9 -1 -1 1
32 16711 -1 2 442545 -0.15134 0.38864 57437 39743.7 160164 160115 -1
32 502 2817629 3 -1 -0.07707 -0.14306 101904 155290 120033 130035 0
32 502 -1 3 1138506 0.13093 0.40246 102720 76750.1 160074 160050 -1
32 12957 -1 3 -1 -0.2143 -0.0218 92624.8 27467.8 -1 -1 1
32 12957 -1 3 408599 -0.27319 0.5961 94587.9 27961.9 160276 160281 -1
32 502 2817629 3 -1 -0.07707 -0.14306 101904 155290 120033 130035 0
32 502 -1 3 1138506 0.13093 0.40246 102720 76750.1 160074 160050 -1
32 12957 -1 3 -1 -0.2143 -0.0218 92624.8 27467.8 -1 -1 1
32 12957 -1 3 408599 -0.27319 0.5961 94587.9 27961.9 160276 160281 -1
32 502 2817629 3 -1 -0.07707 -0.14306 101904 155290 120033 130035 0
32 502 -1 3 1138506 0.13093 0.40246 102720 76750.1 160074 160050 -1
32 12957 -1 3 -1 -0.2143 -0.0218 92624.8 27467.8 -1 -1 1
32 12957 -1 3 408599 -0.27319 0.5961 94587.9 27961.9 160276 160281 -1
32 502 2817629 3 -1 -0.07707 -0.14306 101904 155290 120033 130035 0
32 502 -1 3 1138506 0.13093 0.40246 102720 76750.1 160074 160050 -1
32 12957 -1 3 -1 -0.2143 -0.0218 92624.8 27467.8 -1 -1 1
32 12957 -1 3 408599 -0.27319 0.5961 94587.9 27961.9 160276 160281 -1
32 829 -1 4 -1 0.0599 0.4151 18491.6 66947 -1 -1 1
32 829 -1 4 564377 -0.13684 -0.03063 17732.7 67375.8 160065 160066 -1
32 829 -1 4 -1 0.0599 0.4151 18491.6 66947 -1 -1 1
32 829 -1 4 564377 -0.13684 -0.03063 17732.7 67375.8 160065 160066 -1
32 829 -1 4 -1 0.0599 0.4151 18491.6 66947 -1 -1 1
32 829 -1 4 564377 -0.13684 -0.03063 17732.7 67375.8 160065 160066 -1
32 829 -1 4 -1 0.0599 0.4151 18491.6 66947 -1 -1 1
32 829 -1 4 564377 -0.13684 -0.03063 17732.7 67375.8 160065 160066 -1
33 1253 -1 1 -1 -0.1332 -0.7438 101906 77631.3 -1 -1 1
33 1253 -1 1 557513 -0.5433 0.35391 103451 75621.7 160142 160167 -1
33 1253 -1 1 -1 -0.1332 -0.7438 101906 77631.3 -1 -1 1
33 1253 -1 1 557513 -0.5433 0.35391 103451 75621.7 160142 160167 -1
33 1253 -1 1 -1 -0.1332 -0.7438 101906 77631.3 -1 -1 1
33 1253 -1 1 557513 -0.5433 0.35391 103451 75621.7 160142 160167 -1
33 1253 -1 1 -1 -0.1332 -0.7438 101906 77631.3 -1 -1 1
33 1253 -1 1 557513 -0.5433 0.35391 103451 75621.7 160142 160167 -1
33 16711 -1 2 -1 0.1688 0.3722 56234.1 41670.2 -1 -1 1
33 16711 -1 2 980 -0.06955 -0.36879 56818.6 40775 160112 160115 -1
33 6945 1182101 2 -1 0.04723 0.22327 188037 61966.3 120029 110027 0
33 6945 -1 2 84493 0.61827 0.03361 70409.6 64967.3 160230 160207 -1
33 8364 2043719 2 -1 0.26471 -0.63484 160473 55517.4 100020 110036 0
33 8364 -1 2 70934 -0.15918 0.34842 37343.6 57559.4 160232 160266 -1
33 16711 -1 2 -1 0.1688 0.3722 56234.1 41670.2 -1 -1 1
33 16711 -1 2 980 -0.06955 -0.36879 56818.6 40775 160112 160115 -1
33 6945 1182101 2 -1 0.04723 0.22327 188037 61966.3 120029 110027 0
33 6945 -1 2 84493 0.61827 0.03361 70409.6 64967.3 160230 160207 -1
33 8364 2043719 2 -1 0.26471 -0.63484 160473 55517.4 100020 110036 0
33 8364 -1 2 70934 -0.15918 0.34842 37343.6 57559.4 160232 160266 -1
33 16711 -1 2 -1 0.1688 0.3722 56234.1 41670.2 -1 -1 1
33 16711 -1 2 980 -0.06955 -0.36879 56818.6 40775 160112 160115 -1
33 6945 1182101 2 -1 0.04723 0.22327 188037 61966.3 120029 110027 0
33 6945 -1 2 84493 0.61827 0.03361 70409.6 64967.3 160230 160207 -1
33 8364 2043719 2 -1 0.26471 -0.63484 160473 55517.4 100020 110036 0
33 8364 -1 2 70934 -0.15918 0.34842 37343.6 57559.4 160232 160266 -1
33 16711 -1 2 -1 0.1688 0.3722 56234.1 41670.2 -1 -1 1
33 16711 -1 2 980 -0.06955 -0.36879 56818.6 40775 160112 160115 -1
33 6945 1182101 2 -1 0.04723 0.22327 188037 61966.3 120029 110027 0
33 6945 -1 2 84493 0.61827 0.03361 70409.6 64967.3 160230 160207 -1
33 8364 2043719 2 -1 0.26471 -0.63484 160473 55517.4 100020 110036 0
33 8364 -1 2 70934 -0.15918 0.34842 37343.6 57559.4 160232 160266 -1
33 502 -1 3 -1 -0.0782 -0.1425 101954 77096.6 -1 -1 1
33 502 -1 3 282562 0.25791 -0.01388 101001 76532.6 160198 160183 -1
33 502 -1 3 -1 -0.0782 -0.1425 101954 77096.6 -1 -1 1
33 502 -1 3 282562 0.25791 -0.01388 101001 76532.6 160198 160183 -1
33 502 -1 3 -1 -0.0782 -0.1425 101954 77096.6 -1 -1 1
33 502 -1 3 282562 0.25791 -0.01388 101001 76532.6 160198 160183 -1
33 502 -1 3 -1 -0.0782 -0.1425 101954 77096.6 -1 -1 1
33 502 -1 3 282562 0.25791 -0.01388 101001 76532.6 160198 160183 -1
33 829 -1 4 -1 0.0622 0.4161 18252 66204.9 -1 -1 1
33 829 -1 4 538125 0.2945 0.64901 15348.9 63779.5 160188 160190 -1
33 829 -1 4 -1 0.0622 0.4161 18252 66204.9 -1 -1 1
33 829 -1 4 538125 0.2945 0.64901 15348.9 63779.5 160188 160190 -1
33 829 -1 4 -1 0.0622 0.4161 18252 66204.9 -1 -1 1
33 829 -1 4 538125 0.2945 0.64901 15348.9 63779.5 160188 160190 -1
33 829 -1 4 -1 0.0622 0.4161 18252 66204.9 -1 -1 1
33 829 -1 4 538125 0.2945 0.64901 15348.9 63779.5 160188 160190 -1
34 16711 -1 2 -1 0.1668 0.3733 54981.7 41080.6 -1 -1 1
34 16711 -1 2 222312 -0.04678 0.0479 54913.5 40594.1 160102 160067 -1
34 6945 -1 2 -1 0.0443 0.2236 66834.5 62005.7 -1 -1 1
34 6945 -1 2 534883 -0.07748 0.02497 67098 61569.7 160060 160081 -1
34 8364 -1 2 -1 0.2731 -0.6318 38669.4 57888 -1 -1 1
34 8364 -1 2 71003 -0.28171 -0.22736 37565.5 58704.1 160222 160204 -1
34 16711 -1 2 -1 0.1668 0.3733 54981.7 41080.6 -1 -1 1
34 16711 -1 2 222312 -0.04678 0.0479 54913.5 40594.1 160102 160067 -1
34 6945 -1 2 -1 0.0443 0.2236 66834.5 62005.7 -1 -1 1
34 6945 -1 2 534883 -0.07748 0.02497 67098 61569.7 160060 160081 -1
34 8364 -1 2 -1 0.2731 -0.6318 38669.4 57888 -1 -1 1
34 8364 -1 2 71003 -0.28171 -0.22736 37565.5 58704.1 160222 160204 -1
34 16711 -1 2 -1 0.1668 0.3733 54981.7 41080.6 -1 -1 1
34 16711 -1 2 222312 -0.04678 0.0479 54913.5 40594.1 160102 160067 -1
34 6945 -1 2 -1 0.0443 0.2236 66834.5 62005.7 -1 -1 1
34 6945 -1 2 534883 -0.07748 0.02497 67098 61569.7 160060 160081 -1
34 8364 -1 2 -1 0.2731 -0.6318 38669.4 57888 -1 -1 1
34 8364 -1 2 71003 -0.28171 -0.22736 37565.5 58704.1 160222 160204 -1
34 16711 -1 2 -1 0.1668 0.3733 54981.7 41080.6 -1 -1 1
34 16711 -1 2 222312 -0.04678 0.0479 54913.5 40594.1 160102 160067 -1
34 6945 -1 2 -1 0.0443 0.2236 66834.5 62005.7 -1 -1 1
34 6945 -1 2 534883 -0.07748 0.02497 67098 61569.7 160060 160081 -1
34 8364 -1 2 -1 0.2731 -0.6318 38669.4 57888 -1 -1 1
34 8364 -1 2 71003 -0.28171 -0.22736 37565.5 58704.1 160222 160204 -1
34 502 -1 3 -1 -0.0782 -0.1424 101759 77341.5 -1 -1 1
34 502 -1 3 573069 0.00841 -0.06277 102691 76851.2 160070 160067 -1
34 502 -1 3 -1 -0.0782 -0.1424 101759 77341.5 -1 -1 1
34 502 -1 3 573069 0.00841 -0.06277 102691 76851.2 160070 160067 -1
34 502 -1 3 -1 -0.0782 -0.1424 101759 77341.5 -1 -1 1
34 502 -1 3 573069 0.00841 -0.06277 102691 76851.2 160070 160067 -1
34 502 -1 3 -1 -0.0782 -0.1424 101759 77341.5 -1 -1 1
34 502 -1 3 573069 0.00841 -0.06277 102691 76851.2 160070 160067 -1
34 6991 4203487 5 -1 -0.28085 -0.00366 120626 205204 120028 90016 0
34 6991 -1 5 9115 0.63343 -0.13619 123097 44537.8 160273 160238 -1
34 6991 4203487 5 -1 -0.28085 -0.00366 120626 205204 120028 90016 0
34 6991 -1 5 9115 0.63343 -0.13619 123097 44537.8 160273 160238 -1
34 6991 4203487 5 -1 -0.28085 -0.00366 120626 205204 120028 90016 0
34 6991 -1 5 9115 0.63343 -0.13619 123097 44537.8 160273 160238 -1
34 6991 4203487 5 -1 -0.28085 -0.00366 120626 205204 120028 90016 0
34 6991 -1 5 9115 0.63343 -0.13619 123097 44537.8 160273 160238 -1
35 6945 -1 2 -1 0.044 0.2238 67729.6 61753.2 -1 -1 1
35 6945 -1 2 228877 -0.28089 -0.06872 67754.7 62141.9 160146 160102 -1
35 8364 -1 2 -1 0.2733 -0.6316 39386.6 58297.4 -1 -1 1
35 8364 -1 2 74415 0.5303 -0.10949 41962 60298.2 160204 160189 -1
35 6945 -1 2 -1 0.044 0.2238 67729.6 61753.2 -1 -1 1
35 6945 -1 2 228877 -0.28089 -0.06872 67754.7 62141.9 160146 160102 -1
35 8364 -1 2 -1 0.2733 -0.6316 39386.6 58297.4 -1 -1 1
35 8364 -1 2 74415 0.5303 -0.10949 41962 60298.2 160204 160189 -1
35 6945 -1 2 -1 0.044 0.2238 67729.6 61753.2 -1 -1 1
35 6945 -1 2 228877 -0.28089 -0.06872 67754.7 62141.9 160146 160102 -1
35 8364 -1 2 -1 0.2733 -0.6316 39386.6 58297.4 -1 -1 1
35 8364 -1 2 74415 0.5303 -0.10949 41962 60298.2 160204 160189 -1
35 6945 -1 2 -1 0.044 0.2238 67729.6 61753.2 -1 -1 1
35 6945 -1 2 228877 -0.28089 -0.06872 67754.7 62141.9 160146 160102 -1
35 8364 -1 2 -1 0.2733 -0.6316 39386.6 58297.4 -1 -1 1
35 8364 -1 2 74415 0.5303 -0.10949 41962 60298.2 160204 160189 -1
35 502 -1 3 -1 -0.0767 -0.1432 102026 78089.6 -1 -1 1
35 502 -1 3 590854 -0.24681 -0.20612 102684 77755.1 160109 160091 -1
35 502 -1 3 -1 -0.0767 -0.1432 102026 78089.6 -1 -1 1
35 502 -1 3 590854 -0.24681 -0.20612 102684 77755.1 160109 160091 -1
35 502 -1 3 -1 -0.0767 -0.1432 102026 78089.6 -1 -1 1
35 502 -1 3 590854 -0.24681 -0.20612 102684 77755.1 160109 160091 -1
35 502 -1 3 -1 -0.0767 -0.1432 102026 78089.6 -1 -1 1
35 502 -1 3 590854 -0.24681 -0.20612 102684 77755.1 160109 160091 -1
35 6991 -1 5 -1 -0.2809 -0.0029 121677 45340.8 -1 -1 1
35 6991 -1 5 9785 0.13626 -0.06273 122128 44501.1 160156 160127 -1
35 15555 4531910 5 -1 -0.24191 -0.13772 44432.9 174198 100027 130028 0
35 15555 -1 5 362106 0.44505 -0.35969 45640.3 11311.3 160308 160284 -1
35 6991 -1 5 -1 -0.2809 -0.0029 121677 45340.8 -1 -1 1
35 6991 -1 5 9785 0.13626 -0.06273 122128 44501.1 160156 160127 -1
35 15555 4531910 5 -1 -0.24191 -0.13772 44432.9 174198 100027 130028 0
35 15555 -1 5 362106 0.44505 -0.35969 45640.3 11311.3 160308 160284 -1
35 6991 -1 5 -1 -0.2809 -0.0029 121677 45340.8 -1 -1 1
35 6991 -1 5 9785 0.13626 -0.06273 122128 44501.1 160156 160127 -1
35 15555 4531910 5 -1 -0.24191 -0.13772 44432.9 174198 100027 130028 0
35 15555 -1 5 362106 0.44505 -0.35969 45640.3 11311.3 160308 160284 -1
35 6991 -1 5 -1 -0.2809 -0.0029 121677 45340.8 -1 -1 1
35 6991 -1 5 9785 0.13626 -0.06273 122128 44501.1 160156 160127 -1
35 15555 4531910 5 -1 -0.24191 -0.13772 44432.9 174198 100027 130028 0
35 15555 -1 5 362106 0.44505 -0.35969 45640.3 11311.3 160308 160284 -1
36 10783 484313 1 -1 0.15402 -0.54053 124289 46447.5 100031 70004 0
36 10783 -1 1 9832 -0.47905 -0.42548 121694 44369.9 160270 160232 -1
36 10783 484313 1 -1 0.15402 -0.54053 124289 46447.5 100031 70004 0
36 10783 -1 1 9832 -0.47905 -0.42548 121694 44369.9 160270 160232 -1
36 10783 484313 1 -1 0.15402 -0.54053 124289 46447.5 100031 70004 0
36 10783 -1 1 9832 -0.47905 -0.42548 121694 44369.9 160270 160232 -1
36 10783 484313 1 -1 0.15402 -0.54053 124289 46447.5 100031 70004 0
36 10783 -1 1 9832 -0.47905 -0.42548 121694 44369.9 160270 160232 -1
36 16390 1121812 2 -1 0.89964 0.4513 182741 43393.6 90006 100019 0
36 16390 -1 2 19221 -0.53098 0.39014 61134.1 45101.4 160263 160264 -1
36 6945 -1 2 -1 0.0425 0.2241 67535.5 61414.4 -1 -1 1
36 6945 -1 2 533846 0.04121 -0.12234 68295.7 61717.9 160183 160173 -1
36 8364 -1 2 -1 0.2772 -0.628 38494.4 60522.9 -1 -1 1
36 8364 -1 2 251509 0.50419 -0.10103 38091.1 61242.2 160141 160143 -1
36 16390 1121812 2 -1 0.89964 0.4513 182741 43393.6 90006 100019 0
36 16390 -1 2 19221 -0.53098 0.39014 61134.1 45101.4 160263 160264 -1
36 6945 -1 2 -1 0.0425 0.2241 67535.5 61414.4 -1 -1 1
36 6945 -1 2 533846 0.04121 -0.12234 68295.7 61717.9 160183 160173 -1
36 8364 -1 2 -1 0.2772 -0.628 38494.4 60522.9 -1 -1 1
36 8364 -1 2 251509 0.50419 -0.10103 38091.1 61242.2 160141 160143 -1
36 16390 1121812 2 -1 0.89964 0.4513 182741 43393.6 90006 100019 0
36 16390 -1 2 19221 -0.53098 0.39014 61134.1 45101.4 160263 160264 -1
36 6945 -1 2 -1 0.0425 0.2241 67535.5 61414.4 -1 -1 1
36 6945 -1 2 533846 0.04121 -0.12234 68295.7 61717.9 160183 160173 -1
36 8364 -1 2 -1 0.2772 -0.628 38494.4 60522.9 -1 -1 1
36 8364 -1 2 251509 0.50419 -0.10103 38091.1 61242.2 160141 160143 -1
36 16390 1121812 2 -1 0.89964 0.4513 182741 43393.6 90006 100019 0
36 16390 -1 2 19221 -0.53098 0.39014 61134.1 45101.4 160263 160264 -1
36 6945 -1 2 -1 0.0425 0.2241 67535.5 61414.4 -1 -1 1
36 6945 -1 2 533846 0.04121 -0.12234 68295.7 61717.9 160183 160173 -1
36 8364 -1 2 -1 0.2772 -0.628 38494.4 60522.9 -1 -1 1
36 8364 -1 2 251509 0.50419 -0.10103 38091.1 61242.2 160141 160143 -1
36 3877 4603705 5 -1 -0.21318 -0.0743 50025.9 183724 120035 150029 0
36 3877 -1 5 175308 -0.27837 -0.68968 49769 23496 160270 160271 -1
36 6991 -1 5 -1 -0.2808 -0.0024 122670 44734.8 -1 -1 1
36 6991 -1 5 9447 0.62617 -0.20848 121121 44866.5 160242 160264 -1
36 15555 -1 5 -1 -0.2416 -0.1373 45340.3 13417.2 -1 -1 1
36 15555 -1 5 139924 -0.19977 0.28365 45844.7 13080.6 160118 160152 -1
36 3877 4603705 5 -1 -0.21318 -0.0743 50025.9 183724 120035 150029 0
36 3877 -1 5 175308 -0.27837 -0.68968 49769 23496 160270 160271 -1
36 6991 -1 5 -1 -0.2808 -0.0024 122670 44734.8 -1 -1 1
36 6991 -1 5 9447 0.62617 -0.20848 121121 44866.5 160242 160264 -1
36 15555 -1 5 -1 -0.2416 -0.1373 45340.3 13417.2 -1 -1 1
36 15555 -1 5 139924 -0.19977 0.28365 45844.7 13080.6 160118 160152 -1
36 3877 4603705 5 -1 -0.21318 -0.0743 50025.9 183724 120035 150029 0
36 3877 -1 5 175308 -0.27837 -0.68968 49769 23496 160270 160271 -1
36 6991 -1 5 -1 -0.2808 -0.0024 122670 44734.8 -1 -1 1
36 6991 -1 5 9447 0.62617 -0.20848 121121 44866.5 160242 160264 -1
36 15555 -1 5 -1 -0.2416 -0.1373 45340.3 13417.2 -1 -1 1
36 15555 -1 5 139924 -0.19977 0.28365 45844.7 13080.6 160118 160152 -1
36 3877 4603705 5 -1 -0.21318 -0.0743 50025.9 183724 120035 150029 0
36 3877 -1 5 175308 -0.27837 -0.68968 49769 23496 160270 160271 -1
36 6991 -1 5 -1 -0.2808 -0.0024 122670 44734.8 -1 -1 1
36 6991 -1 5 9447 0.62617 -0.20848 121121 44866.5 160242 160264 -1
36 15555 -1 5 -1 -0.2416 -0.1373 45340.3 13417.2 -1 -1 1
36 15555 -1 5 139924 -0.19977 0.28365 45844.7 13080.6 160118 160152 -1
37 10783 -1 1 -1 0.1581 -0.5395 124119 47990.5 -1 -1 1
37 10783 -1 1 27669 -0.03565 -0.01453 123866 47775 160083 160057 -1
37 10783 -1 1 -1 0.1581 -0.5395 124119 47990.5 -1 -1 1
37 10783 -1 1 27669 -0.03565 -0.01453 123866 47775 160083 160057 -1
37 10783 -1 1 -1 0.1581 -0.5395 124119 47990.5 -1 -1 1
37 10783 -1 1 27669 -0.03565 -0.01453 123866 47775 160083 160057 -1
37 10783 -1 1 -1 0.1581 -0.5395 124119 47990.5 -1 -1 1
37 10783 -1 1 27669 -0.03565 -0.01453 123866 47775 160083 160057 -1
37 16390 -1 2 -1 0.8952 0.4601 61848.1 43546.7 -1 -1 1
37 16390 -1 2 468471 0.36372 0.54613 59597.1 45534.4 160313 160309 -1
37 7130 1104744 2 -1 -0.04643 0.04735 176349 41595.5 160099 150052 0
37 7130 -1 2 469432 0.15639 0.43135 54171 42668 160181 160127 -1
37 16390 -1 2 -1 0.8952 0.4601 61848.1 43546.7 -1 -1 1
37 16390 -1 2 468471 0.36372 0.54613 59597.1 45534.4 160313 160309 -1
37 7130 1104744 2 -1 -0.04643 0.04735 176349 41595.5 160099 150052 0
37 7130 -1 2 469432 0.15639 0.43135 54171 42668 160181 160127 -1
37 16390 -1 2 -1 0.8952 0.4601 61848.1 43546.7 -1 -1 1
37 16390 -1 2 468471 0.36372 0.54613 59597.1 45534.4 160313 160309 -1
37 7130 1104744 2 -1 -0.04643 0.04735 176349 41595.5 160099 150052 0
37 7130 -1 2 469432 0.15639 0.43135 54171 42668 160181 160127 -1
37 16390 -1 2 -1 0.8952 0.4601 61848.1 43546.7 -1 -1 1
37 16390 -1 2 468471 0.36372 0.54613 59597.1 45534.4 160313 160309 -1
37 7130 1104744 2 -1 -0.04643 0.04735 176349 41595.5 160099 150052 0
37 7130 -1 2 469432 0.15639 0.43135 54171 42668 160181 160127 -1
37 8990 4258194 4 -1 -0.51917 0.15101 182834 153035 110040 100022 0
37 8990 -1 4 281254 -0.04987 -0.02765 63465.9 74558.1 160072 160082 -1
37 8990 4258194 4 -1 -0.51917 0.15101 182834 153035 110040 100022 0
37 8990 -1 4 281254 -0.04987 -0.02765 63465.9 74558.1 160072 160082 -1
37 8990 4258194 4 -1 -0.51917 0.15101 182834 153035 110040 100022 0
37 8990 -1 4 281254 -0.04987 -0.02765 63465.9 74558.1 160072 160082 -1
37 8990 4258194 4 -1 -0.51917 0.15101 182834 153035 110040 100022 0
37 8990 -1 4 281254 -0.04987 -0.02765 63465.9 74558.1 160072 160082 -1
37 3877 -1 5 -1 -0.2132 -0.0744 50126 24415.6 -1 -1 1
37 3877 -1 5 409450 -0.00525 0.83471 47573.9 26465.8 160252 160250 -1
37 6991 -1 5 -1 -0.281 -0.0024 123054 45305.3 -1 -1 1
37 6991 -1 5 9093 0.50956 -0.2091 124571 44539.8 160272 160242 -1
37 15555 -1 5 -1 -0.2414 -0.1371 45678.2 14130.7 -1 -1 1
37 15555 -1 5 146595 -0.7794 0.28294 46598.6 11394.8 160205 160197 -1
37 3877 -1 5 -1 -0.2132 -0.0744 50126 24415.6 -1 -1 1
37 3877 -1 5 409450 -0.00525 0.83471 47573.9 26465.8 160252 160250 -1
37 6991 -1 5 -1 -0.281 -0.0024 123054 45305.3 -1 -1 1
37 6991 -1 5 9093 0.50956 -0.2091 124571 44539.8 160272 160242 -1
37 15555 -1 5 -1 -0.2414 -0.1371 45678.2 14130.7 -1 -1 1
37 15555 -1 5 146595 -0.7794 0.28294 46598.6 11394.8 160205 160197 -1
37 3877 -1 5 -1 -0.2132 -0.0744 50126 24415.6 -1 -1 1
37 3877 -1 5 409450 -0.00525 0.83471 47573.9 26465.8 160252 160250 -1
37 6991 -1 5 -1 -0.281 -0.0024 123054 45305.3 -1 -1 1
37 6991 -1 5 9093 0.50956 -0.2091 124571 44539.8 160272 160242 -1
37 15555 -1 5 -1 -0.2414 -0.1371 45678.2 14130.7 -1 -1 1
37 15555 -1 5 146595 -0.7794 0.28294 46598.6 11394.8 160205 160197 -1
37 3877 -1 5 -1 -0.2132 -0.0744 50126 24415.6 -1 -1 1
37 3877 -1 5 409450 -0.00525 0.83471 47573.9 26465.8 160252 160250 -1
37 6991 -1 5 -1 -0.281 -0.0024 123054 45305.3 -1 -1 1
37 6991 -1 5 9093 0.50956 -0.2091 124571 44539.8 160272 160242 -1
37 15555 -1 5 -1 -0.2414 -0.1371 45678.2 14130.7 -1 -1 1
37 15555 -1 5 146595 -0.7794 0.28294 46598.6 11394.8 160205 160197 -1
38 11387 68099 1 -1 0.43653 0.68875 112982 56941.9 90021 100017 0
38 11387 -1 1 68059 -0.0001 -0.15303 112814 56468 160067 160089 -1
38 11387 68099 1 -1 0.43653 0.68875 112982 56941.9 90021 100017 0
38 11387 -1 1 68059 -0.0001 -0.15303 112814 56468 160067 160089 -1
38 11387 68099 1 -1 0.43653 0.68875 112982 56941.9 90021 100017 0
38 11387 -1 1 68059 -0.0001 -0.15303 112814 56468 160067 160089 -1
38 11387 68099 1 -1 0.43653 0.68875 112982 56941.9 90021 100017 0
38 11387 -1 1 68059 -0.0001 -0.15303 112814 56468 160067 160089 -1
38 10783 -1 2 -1 0.1544 -0.5402 4749.8 48820.4 -1 -1 1
38 10783 -1 2 52683 -0.4919 0.48066 2970.11 47136.9 160317 160226 -1
38 16390 -1 2 -1 0.8989 0.4516 60631 42287.9 -1 -1 1
38 16390 -1 2 23140 0.0603 -0.73487 60046.9 42479.1 160296 160295 -1
38 7130 -1 2 -1 -0.0461 0.0477 57483 40455.8 -1 -1 1
38 7130 -1 2 442507 0.09433 0.13982 56692.7 39558.1 160140 160131 -1
38 10783 -1 2 -1 0.1544 -0.5402 4749.8 48820.4 -1 -1 1
38 10783 -1 2 52683 -0.4919 0.48066 2970.11 47136.9 160317 160226 -1
38 16390 -1 2 -1 0.8989 0.4516 60631 42287.9 -1 -1 1
38 16390 -1 2 23140 0.0603 -0.73487 60046.9 42479.1 160296 160295 -1
38 7130 -1 2 -1 -0.0461 0.0477 57483 40455.8 -1 -1 1
38 7130 -1 2 442507 0.09433 0.13982 56692.7 39558.1 160140 160131 -1
38 10783 -1 2 -1 0.1544 -0.5402 4749.8 48820.4 -1 -1 1
38 10783 -1 2 52683 -0.4919 0.48066 2970.11 47136.9 160317 160226 -1
38 16390 -1 2 -1 0.8989 0.4516 60631 42287.9 -1 -1 1
38 16390 -1 2 23140 0.0603 -0.73487 60046.9 42479.1 160296 160295 -1
38 7130 -1 2 -1 -0.0461 0.0477 57483 40455.8 -1 -1 1
38 7130 -1 2 442507 0.09433 0.13982 56692.7 39558.1 160140 160131 -1
38 10783 -1 2 -1 0.1544 -0.5402 4749.8 48820.4 -1 -1 1
38 10783 -1 2 52683 -0.4919 0.48066 2970.11 47136.9 160317 160226 -1
38 16390 -1 2 -1 0.8989 0.4516 60631 42287.9 -1 -1 1
38 16390 -1 2 23140 0.0603 -0.73487 60046.9 42479.1 160296 160295 -1
38 7130 -1 2 -1 -0.0461 0.0477 57483 40455.8 -1 -1 1
38 7130 -1 2 442507 0.09433 0.13982 56692.7 39558.1 160140 160131 -1
38 11930 3553157 4 -1 -0.07971 0.15237 170560 122892 150069 110018 0
38 11930 -1 4 907182 0.3614 -0.38443 49631.3 43466 160230 160172 -1
38 7504 4109104 4 -1 -0.40469 -0.06401 131179 158903 100017 100017 0
38 7504 -1 4 585493 -0.69442 -0.37477 12773.3 78558.7 160330 160330 -1
38 8990 -1 4 -1 -0.5178 0.1557 66102.4 73204.9 -1 -1 1
38 8990 -1 4 281887 -0.21593 -0.8065 65984.4 74184.7 160131 160150 -1
38 11930 3553157 4 -1 -0.07971 0.15237 170560 122892 150069 110018 0
38 11930 -1 4 907182 0.3614 -0.38443 49631.3 43466 160230 160172 -1
38 7504 4109104 4 -1 -0.40469 -0.06401 131179 158903 100017 100017 0
38 7504 -1 4 585493 -0.69442 -0.37477 12773.3 78558.7 160330 160330 -1
38 8990 -1 4 -1 -0.5178 0.1557 66102.4 73204.9 -1 -1 1
38 8990 -1 4 281887 -0.21593 -0.8065 65984.4 74184.7 160131 160150 -1
38 11930 3553157 4 -1 -0.07971 0.15237 170560 122892 150069 110018 0
38 11930 -1 4 907182 0.3614 -0.38443 49631.3 43466 160230 160172 -1
38 7504 4109104 4 -1 -0.40469 -0.06401 131179 158903 100017 100017 0
38 7504 -1 4 585493 -0.69442 -0.37477 12773.3 78558.7 160330 160330 -1
38 8990 -1 4 -1 -0.5178 0.1557 66102.4 73204.9 -1 -1 1
38 8990 -1 4 281887 -0.21593 -0.8065 65984.4 74184.7 160131 160150 -1
38 11930 3553157 4 -1 -0.07971 0.15237 170560 122892 150069 110018 0
38 11930 -1 4 907182 0.3614 -0.38443 49631.3 43466 160230 160172 -1
38 7504 4109104 4 -1 -0.40469 -0.06401 131179 158903 100017 100017 0
38 7504 -1 4 585493 -0.69442 -0.37477 12773.3 78558.7 160330 160330 -1
38 8990 -1 4 -1 -0.5178 0.1557 66102.4 73204.9 -1 -1 1
38 8990 -1 4 281887 -0.21593 -0.8065 65984.4 74184.7 160131 160150 -1
38 16145 4769493 5 -1 0.44563 0.04921 127710 171185 130022 70004 0
38 16145 -1 5 113027 -0.07439 -0.20929 125058 8775.34 160272 160266 -1
38 3877 -1 5 -1 -0.2132 -0.0732 52393.3 24778.6 -1 -1 1
38 3877 -1 5 391814 -0.37251 0.09684 52002.9 25516.7 160185 160175 -1
38 15555 -1 5 -1 -0.2419 -0.1366 48002.4 14686.9 -1 -1 1
38 15555 -1 5 360028 0.01584 -0.08112 48693.8 14566.8 160080 160078 -1
38 16145 4769493 5 -1 0.44563 0.04921 127710 171185 130022 70004 0
38 16145 -1 5 113027 -0.07439 -0.20929 125058 8775.34 160272 160266 -1
38 3877 -1 5 -1 -0.2132 -0.0732 52393.3 24778.6 -1 -1 1
38 3877 -1 5 391814 -0.37251 0.09684 52002.9 25516.7 160185 160175 -1
38 15555 -1 5 -1 -0.2419 -0.1366 48002.4 14686.9 -1 -1 1
38 15555 -1 5 360028 0.01584 -0.08112 48693.8 14566.8 160080 160078 -1
38 16145 4769493 5 -1 0.44563 0.04921 127710 171185 130022 70004 0
38 16145 -1 5 113027 -0.07439 -0.20929 125058 8775.34 160272 160266 -1
38 3877 -1 5 -1 -0.2132 -0.0732 52393.3 24778.6 -1 -1 1
38 3877 -1 5 391814 -0.37251 0.09684 52002.9 25516.7 160185 160175 -1
38 15555 -1 5 -1 -0.2419 -0.1366 48002.4 14686.9 -1 -1 1
38 15555 -1 5 360028 0.01584 -0.08112 48693.8 14566.8 160080 160078 -1
38 16145 4769493 5 -1 0.44563 0.04921 127710 171185 130022 70004 0
38 16145 -1 5 113027 -0.07439 -0.20929 125058 8775.34 160272 160266 -1
38 3877 -1 5 -1 -0.2132 -0.0732 52393.3 24778.6 -1 -1 1
38 3877 -1 5 391814 -0.37251 0.09684 52002.9 25516.7 160185 160175 -1
38 15555 -1 5 -1 -0.2419 -0.1366 48002.4 14686.9 -1 -1 1
38 15555 -1 5 360028 0.01584 -0.08112 48693.8 14566.8 160080 160078 -1
39 10783 -1 1 -1 0.1505 -0.5404 124011 49493 -1 -1 1
39 10783 -1 1 30248 0.32062 0.2312 123036 47138.4 160197 160158 -1
39 11387 -1 1 -1 0.4404 0.6865 111325 55894.1 -1 -1 1
39 11387 -1 1 1129338 -0.61925 0.41048 110475 57688.4 160222 160197 -1
39 10783 -1 1 -1 0.1505 -0.5404 124011 49493 -1 -1 1
39 10783 -1 1 30248 0.32062 0.2312 123036 47138.4 160197 160158 -1
39 11387 -1 1 -1 0.4404 0.6865 111325 55894.1 -1 -1 1
39 11387 -1 1 1129338 -0.61925 0.41048 110475 57688.4 160222 160197 -1
39 10783 -1 1 -1 0.1505 -0.5404 124011 49493 -1 -1 1
39 10783 -1 1 30248 0.32062 0.2312 123036 47138.4 160197 160158 -1
39 11387 -1 1 -1 0.4404 0.6865 111325 55894.1 -1 -1 1
39 11387 -1 1 1129338 -0.61925 0.41048 110475 57688.4 160222 160197 -1
39 10783 -1 1 -1 0.1505 -0.5404 124011 49493 -1 -1 1
39 10783 -1 1 30248 0.32062 0.2312 123036 47138.4 160197 160158 -1
39 11387 -1 1 -1 0.4404 0.6865 111325 55894.1 -1 -1 1
39 11387 -1 1 1129338 -0.61925 0.41048 110475 57688.4 160222 160197 -1
39 16390 -1 2 -1 0.9007 0.4481 59055.4 41640.3 -1 -1 1
39 16390 -1 2 21331 0.36843 0.54502 58785.4 43363.3 160289 160250 -1
39 7130 -1 2 -1 -0.0459 0.0479 56696 40155.2 -1 -1 1
39 7130 -1 2 724 0.08943 0.13538 56223.4 39555.9 160140 160143 -1
39 16390 -1 2 -1 0.9007 0.4481 59055.4 41640.3 -1 -1 1
39 16390 -1 2 21331 0.36843 0.54502 58785.4 43363.3 160289 160250 -1
39 7130 -1 2 -1 -0.0459 0.0479 56696 40155.2 -1 -1 1
39 7130 -1 2 724 0.08943 0.13538 56223.4 39555.9 160140 160143 -1
39 16390 -1 2 -1 0.9007 0.4481 59055.4 41640.3 -1 -1 1
39 16390 -1 2 21331 0.36843 0.54502 58785.4 43363.3 160289 160250 -1
39 7130 -1 2 -1 -0.0459 0.0479 56696 40155.2 -1 -1 1
39 7130 -1 2 724 0.08943 0.13538 56223.4 39555.9 160140 160143 -1
39 16390 -1 2 -1 0.9007 0.4481 59055.4 41640.3 -1 -1 1
39 16390 -1 2 21331 0.36843 0.54502 58785.4 43363.3 160289 160250 -1
39 7130 -1 2 -1 -0.0459 0.0479 56696 40155.2 -1 -1 1
39 7130 -1 2 724 0.08943 0.13538 56223.4 39555.9 160140 160143 -1
39 11930 -1 4 -1 -0.0795 0.1525 49486.9 43298.1 -1 -1 1
39 11930 -1 4 464209 0.04369 -0.24358 50559.2 44534.3 160126 160140 -1
39 7504 -1 4 -1 -0.4049 -0.0637 10397.5 79540.6 -1 -1 1
39 7504 -1 4 308563 -0.6692 -0.35929 12900.4 78423.9 160301 160338 -1
39 8990 -1 4 -1 -0.5178 0.1564 66117.2 72602.5 -1 -1 1
39 8990 -1 4 546495 -0.08422 -0.2732 67728.2 69628.9 160250 160231 -1
39 11930 -1 4 -1 -0.0795 0.1525 49486.9 43298.1 -1 -1 1
39 11930 -1 4 464209 0.04369 -0.24358 50559.2 44534.3 160126 160140 -1
39 7504 -1 4 -1 -0.4049 -0.0637 10397.5 79540.6 -1 -1 1
39 7504 -1 4 308563 -0.6692 -0.35929 12900.4 78423.9 160301 160338 -1
39 8990 -1 4 -1 -0.5178 0.1564 66117.2 72602.5 -1 -1 1
39 8990 -1 4 546495 -0.08422 -0.2732 67728.2 69628.9 160250 160231 -1
39 11930 -1 4 -1 -0.0795 0.1525 49486.9 43298.1 -1 -1 1
39 11930 -1 4 464209 0.04369 -0.24358 50559.2 44534.3 160126 160140 -1
39 7504 -1 4 -1 -0.4049 -0.0637 10397.5 79540.6 -1 -1 1
39 7504 -1 4 308563 -0.6692 -0.35929 12900.4 78423.9 160301 160338 -1
39 8990 -1 4 -1 -0.5178 0.1564 66117.2 72602.5 -1 -1 1
39 8990 -1 4 546495 -0.08422 -0.2732 67728.2 69628.9 160250 160231 -1
39 11930 -1 4 -1 -0.0795 0.1525 49486.9 43298.1 -1 -1 1
39 11930 -1 4 464209 0.04369 -0.24358 50559.2 44534.3 160126 160140 -1
39 7504 -1 4 -1 -0.4049 -0.0637 10397.5 79540.6 -1 -1 1
39 7504 -1 4 308563 -0.6692 -0.35929 12900.4 78423.9 160301 160338 -1
39 8990 -1 4 -1 -0.5178 0.1564 66117.2 72602.5 -1 -1 1
39 8990 -1 4 546495 -0.08422 -0.2732 67728.2 69628.9 160250 160231 -1
39 3877 -1 5 -1 -0.2133 -0.0729 51699.5 29960.7 -1 -1 1
39 3877 -1 5 627369 -0.34332 0.05668 50884.3 30473.5 160169 160120 -1
39 3877 -1 5 -1 -0.2133 -0.0729 51699.5 29960.7 -1 -1 1
39 3877 -1 5 627369 -0.34332 0.05668 50884.3 30473.5 160169 160120 -1
39 3877 -1 5 -1 -0.2133 -0.0729 51699.5 29960.7 -1 -1 1
39 3877 -1 5 627369 -0.34332 0.05668 50884.3 30473.5 160169 160120 -1
39 3877 -1 5 -1 -0.2133 -0.0729 51699.5 29960.7 -1 -1 1
39 3877 -1 5 627369 -0.34332 0.05668 50884.3 30473.5 160169 160120 -1
39 16145 -1 6 -1 0.4459 0.0471 5651.1 15749.2 -1 -1 1
39 16145 -1 6 151933 -0.72459 0.19586 3659.97 15337.7 160231 160198 -1
39 8694 6536520 6 -1 0.46239 -0.35925 174983 169746 130034 100016 0
39 8694 -1 6 144555 0.08996 0.25834 53860.9 15055 160152 160130 -1
39 16145 -1 6 -1 0.4459 0.0471 5651.1 15749.2 -1 -1 1
39 16145 -1 6 151933 -0.72459 0.19586 3659.97 15337.7 160231 160198 -1
39 8694 6536520 6 -1 0.46239 -0.35925 174983 169746 130034 100016 0
39 8694 -1 6 144555 0.08996 0.25834 53860.9 15055 160152 160130 -1
39 16145 -1 6 -1 0.4459 0.0471 5651.1 15749.2 -1 -1 1
39 16145 -1 6 151933 -0.72459 0.19586 3659.97 15337.7 160231 160198 -1
39 8694 6536520 6 -1 0.46239 -0.35925 174983 169746 130034 100016 0
39 8694 -1 6 144555 0.08996 0.25834 53860.9 15055 160152 160130 -1
39 16145 -1 6 -1 0.4459 0.0471 5651.1 15749.2 -1 -1 1
39 16145 -1 6 151933 -0.72459 0.19586 3659.97 15337.7 160231 160198 -1
39 8694 6536520 6 -1 0.46239 -0.35925 174983 169746 130034 100016 0
39 8694 -1 6 144555 0.08996 0.25834 53860.9 15055 160152 160130 -1
40 11387 -1 1 -1 0.4375 0.6897 110531 54779.6 -1 -1 1
40 11387 -1 1 487264 -0.06781 -0.09983 111190 54611.1 160081 160046 -1
40 11387 -1 1 -1 0.4375 0.6897 110531 54779.6 -1 -1 1
40 11387 -1 1 487264 -0.06781 -0.09983 111190 54611.1 160081 160046 -1
40 11387 -1 1 -1 0.4375 0.6897 110531 54779.6 -1 -1 1
40 11387 -1 1 487264 -0.06781 -0.09983 111190 54611.1 160081 160046 -1
40 11387 -1 1 -1 0.4375 0.6897 110531 54779.6 -1 -1 1
40 11387 -1 1 487264 -0.06781 -0.09983 111190 54611.1 160081 160046 -1
40 6962 1787978 2 -1 0.14963 -0.06828 174049 51049.6 110018 160060 0
40 6962 -1 2 51258 -0.32974 -0.01106 54603.3 51129.5 160112 160115 -1
40 7130 -1 2 -1 -0.0462 0.0476 57477.4 40895.4 -1 -1 1
40 7130 -1 2 465452 0.01839 -0.8338 57239.2 42403.5 160272 160286 -1
40 6962 1787978 2 -1 0.14963 -0.06828 174049 51049.6 110018 160060 0
40 6962 -1 2 51258 -0.32974 -0.01106 54603.3 51129.5 160112 160115 -1
40 7130 -1 2 -1 -0.0462 0.0476 57477.4 40895.4 -1 -1 1
40 7130 -1 2 465452 0.01839 -0.8338 57239.2 42403.5 160272 160286 -1
40 6962 1787978 2 -1 0.14963 -0.06828 174049 51049.6 110018 160060 0
40 6962 -1 2 51258 -0.32974 -0.01106 54603.3 51129.5 160112 160115 -1
40 7130 -1 2 -1 -0.0462 0.0476 57477.4 40895.4 -1 -1 1
40 7130 -1 2 465452 0.01839 -0.8338 57239.2 42403.5 160272 160286 -1
40 6962 1787978 2 -1 0.14963 -0.06828 174049 51049.6 110018 160060 0
40 6962 -1 2 51258 -0.32974 -0.01106 54603.3 51129.5 160112 160115 -1
40 7130 -1 2 -1 -0.0462 0.0476 57477.4 40895.4 -1 -1 1
40 7130 -1 2 465452 0.01839 -0.8338 57239.2 42403.5 160272 160286 -1
40 1073 3658150 3 -1 0.32908 -0.17592 73282.6 154973 90013 100018 0
40 1073 -1 3 458118 0.03551 -0.1899 72900.1 75819.4 160170 160174 -1
40 1073 3658150 3 -1 0.32908 -0.17592 73282.6 154973 90013 100018 0
40 1073 -1 3 458118 0.03551 -0.1899 72900.1 75819.4 160170 160174 -1
40 1073 3658150 3 -1 0.32908 -0.17592 73282.6 154973 90013 100018 0
40 1073 -1 3 458118 0.03551 -0.1899 72900.1 75819.4 160170 160174 -1
40 1073 3658150 3 -1 0.32908 -0.17592 73282.6 154973 90013 100018 0
40 1073 -1 3 458118 0.03551 -0.1899 72900.1 75819.4 160170 160174 -1
40 11930 -1 4 -1 -0.0795 0.1524 50016.7 44007.7 -1 -1 1
40 11930 -1 4 32333 0.30514 0.7378 49096.3 43066.5 160221 160271 -1
40 7504 -1 4 -1 -0.4051 -0.0639 11852.6 80863.4 -1 -1 1
40 7504 -1 4 533653 0.10101 0.22672 11808.2 81742.8 160126 160131 -1
40 8990 -1 4 -1 -0.5181 0.1563 67880.1 73313.8 -1 -1 1
40 8990 -1 4 369844 -0.66153 0.29244 64969.7 71442 160195 160273 -1
40 11930 -1 4 -1 -0.0795 0.1524 50016.7 44007.7 -1 -1 1
40 11930 -1 4 32333 0.30514 0.7378 49096.3 43066.5 160221 160271 -1
40 7504 -1 4 -1 -0.4051 -0.0639 11852.6 80863.4 -1 -1 1
40 7504 -1 4 533653 0.10101 0.22672 11808.2 81742.8 160126 160131 -1
40 8990 -1 4 -1 -0.5181 0.1563 67880.1 73313.8 -1 -1 1
40 8990 -1 4 369844 -0.66153 0.29244 64969.7 71442 160195 160273 -1
40 11930 -1 4 -1 -0.0795 0.1524 50016.7 44007.7 -1 -1 1
40 11930 -1 4 32333 0.30514 0.7378 49096.3 43066.5 160221 160271 -1
40 7504 -1 4 -1 -0.4051 -0.0639 11852.6 80863.4 -1 -1 1
40 7504 -1 4 533653 0.10101 0.22672 11808.2 81742.8 160126 160131 -1
40 8990 -1 4 -1 -0.5181 0.1563 67880.1 73313.8 -1 -1 1
40 8990 -1 4 369844 -0.66153 0.29244 64969.7 71442 160195 160273 -1
40 11930 -1 4 -1 -0.0795 0.1524 50016.7 44007.7 -1 -1 1
40 11930 -1 4 32333 0.30514 0.7378 49096.3 43066.5 160221 160271 -1
40 7504 -1 4 -1 -0.4051 -0.0639 11852.6 80863.4 -1 -1 1
40 7504 -1 4 533653 0.10101 0.22672 11808.2 81742.8 160126 160131 -1
40 8990 -1 4 -1 -0.5181 0.1563 67880.1 73313.8 -1 -1 1
40 8990 -1 4 369844 -0.66153 0.29244 64969.7 71442 160195 160273 -1
40 16145 -1 6 -1 0.447 0.0476 4903.9 11206.7 -1 -1 1
40 16145 -1 6 865515 0.4264 -0.19567 5553.52 11760.2 160146 160132 -1
40 8694 -1 6 -1 0.4631 -0.3581 53245.5 11636.5 -1 -1 1
40 8694 -1 6 159239 -0.59739 0.56166 53257.2 11493.3 160302 160350 -1
40 16145 -1 6 -1 0.447 0.0476 4903.9 11206.7 -1 -1 1
40 16145 -1 6 865515 0.4264 -0.19567 5553.52 11760.2 160146 160132 -1
40 8694 -1 6 -1 0.4631 -0.3581 53245.5 11636.5 -1 -1 1
40 8694 -1 6 159239 -0.59739 0.56166 53257.2 11493.3 160302 160350 -1
40 16145 -1 6 -1 0.447 0.0476 4903.9 11206.7 -1 -1 1
40 16145 -1 6 865515 0.4264 -0.19567 5553.52 11760.2 160146 160132 -1
40 8694 -1 6 -1 0.4631 -0.3581 53245.5 11636.5 -1 -1 1
40 8694 -1 6 159239 -0.59739 0.56166 53257.2 11493.3 160302 160350 -1
40 16145 -1 6 -1 0.447 0.0476 4903.9 11206.7 -1 -1 1
40 16145 -1 6 865515 0.4264 -0.19567 5553.52 11760.2 160146 160132 -1
40 8694 -1 6 -1 0.4631 -0.3581 53245.5 11636.5 -1 -1 1
40 8694 -1 6 159239 -0.59739 0.56166 53257.2 11493.3 160302 160350 -1
41 11387 -1 1 -1 0.4311 0.6946 108606 53921.9 -1 -1 1
41 11387 -1 1 489123 -0.5046 0.51767 111179 51542.4 160359 160321 -1
41 1827 772854 1 -1 -0.00054 -0.09951 57680.6 83611.4 130037 160085 0
41 1827 -1 1 351242 -0.16751 -0.14042 58331.7 84288.8 160125 160110 -1
41 11387 -1 1 -1 0.4311 0.6946 108606 53921.9 -1 -1 1
41 11387 -1 1 489123 -0.5046 0.51767 111179 51542.4 160359 160321 -1
41 1827 772854 1 -1 -0.00054 -0.09951 57680.6 83611.4 130037 160085 0
41 1827 -1 1 351242 -0.16751 -0.14042 58331.7 84288.8 160125 160110 -1
41 11387 -1 1 -1 0.4311 0.6946 108606 53921.9 -1 -1 1
41 11387 -1 1 489123 -0.5046 0.51767 111179 51542.4 160359 160321 -1
41 1827 772854 1 -1 -0.00054 -0.09951 57680.6 83611.4 130037 160085 0
41 1827 -1 1 351242 -0.16751 -0.14042 58331.7 84288.8 160125 160110 -1
41 11387 -1 1 -1 0.4311 0.6946 108606 53921.9 -1 -1 1
41 11387 -1 1 489123 -0.5046 0.51767 111179 51542.4 160359 160321 -1
41 1827 772854 1 -1 -0.00054 -0.09951 57680.6 83611.4 130037 160085 0
41 1827 -1 1 351242 -0.16751 -0.14042 58331.7 84288.8 160125 160110 -1
41 6962 -1 2 -1 0.1497 -0.0681 52401 50208.7 -1 -1 1
41 6962 -1 2 54389 -0.56128 0.23988 52895.3 50783.7 160227 160197 -1
41 6962 -1 2 -1 0.1497 -0.0681 52401 50208.7 -1 -1 1
41 6962 -1 2 54389 -0.56128 0.23988 52895.3 50783.7 160227 160197 -1
41 6962 -1 2 -1 0.1497 -0.0681 52401 50208.7 -1 -1 1
41 6962 -1 2 54389 -0.56128 0.23988 52895.3 50783.7 160227 160197 -1
41 6962 -1 2 -1 0.1497 -0.0681 52401 50208.7 -1 -1 1
41 6962 -1 2 54389 -0.56128 0.23988 52895.3 50783.7 160227 160197 -1
41 1073 -1 3 -1 0.3301 -0.1738 71490.9 75816.6 -1 -1 1
41 1073 -1 3 1775594 0.05986 -0.64033 71406.5 75755.8 160168 160148 -1
41 1073 -1 3 -1 0.3301 -0.1738 71490.9 75816.6 -1 -1 1
41 1073 -1 3 1775594 0.05986 -0.64033 71406.5 75755.8 160168 160148 -1
41 1073 -1 3 -1 0.3301 -0.1738 71490.9 75816.6 -1 -1 1
41 1073 -1 3 1775594 0.05986 -0.64033 71406.5 75755.8 160168 160148 -1
41 1073 -1 3 -1 0.3301 -0.1738 71490.9 75816.6 -1 -1 1
41 1073 -1 3 1775594 0.05986 -0.64033 71406.5 75755.8 160168 160148 -1
41 11930 -1 4 -1 -0.0795 0.1525 48175.4 43287.4 -1 -1 1
41 11930 -1 4 36673 -0.37564 -0.12131 48006.5 43904 160155 160169 -1
41 7504 -1 4 -1 -0.4052 -0.0643 10277.2 80350.6 -1 -1 1
41 7504 -1 4 560866 0.49241 -0.23657 10600.5 79692.3 160252 160250 -1
41 10423 5646497 4 -1 0.10593 -0.26608 176629 156972 120047 120023 0
41 10423 -1 4 1069854 0.48312 0.15454 55579.5 78082.6 160282 160217 -1
41 11930 -1 4 -1 -0.0795 0.1525 48175.4 43287.4 -1 -1 1
41 11930 -1 4 36673 -0.37564 -0.12131 48006.5 43904 160155 160169 -1
41 7504 -1 4 -1 -0.4052 -0.0643 10277.2 80350.6 -1 -1 1
41 7504 -1 4 560866 0.49241 -0.23657 10600.5 79692.3 160252 160250 -1
41 10423 5646497 4 -1 0.10593 -0.26608 176629 156972 120047 120023 0
41 10423 -1 4 1069854 0.48312 0.15454 55579.5 78082.6 160282 160217 -1
41 11930 -1 4 -1 -0.0795 0.1525 48175.4 43287.4 -1 -1 1
41 11930 -1 4 36673 -0.37564 -0.12131 48006.5 43904 160155 160169 -1
41 7504 -1 4 -1 -0.4052 -0.0643 10277.2 80350.6 -1 -1 1
41 7504 -1 4 560866 0.49241 -0.23657 10600.5 79692.3 160252 160250 -1
41 10423 5646497 4 -1 0.10593 -0.26608 176629 156972 120047 120023 0
41 10423 -1 4 1069854 0.48312 0.15454 55579.5 78082.6 160282 160217 -1
41 11930 -1 4 -1 -0.0795 0.1525 48175.4 43287.4 -1 -1 1
41 11930 -1 4 36673 -0.37564 -0.12131 48006.5 43904 160155 160169 -1
41 7504 -1 4 -1 -0.4052 -0.0643 10277.2 80350.6 -1 -1 1
41 7504 -1 4 560866 0.49241 -0.23657 10600.5 79692.3 160252 160250 -1
41 10423 5646497 4 -1 0.10593 -0.26608 176629 156972 120047 120023 0
41 10423 -1 4 1069854 0.48312 0.15454 55579.5 78082.6 160282 160217 -1
41 16145 -1 5 -1 0.4469 0.0484 123943 10737.5 -1 -1 1
41 16145 -1 5 102057 -0.04365 0.07254 124250 11171.3 160207 160213 -1
41 16145 -1 5 -1 0.4469 0.0484 123943 10737.5 -1 -1 1
41 16145 -1 5 102057 -0.04365 0.07254 124250 11171.3 160207 160213 -1
41 16145 -1 5 -1 0.4469 0.0484 123943 10737.5 -1 -1 1
41 16145 -1 5 102057 -0.04365 0.07254 124250 11171.3 160207 160213 -1
41 16145 -1 5 -1 0.4469 0.0484 123943 10737.5 -1 -1 1
41 16145 -1 5 102057 -0.04365 0.07254 124250 11171.3 160207 160213 -1
41 8694 -1 6 -1 0.4637 -0.3579 51314.6 11571 -1 -1 1
41 8694 -1 6 1042276 -0.02973 0.08297 51229.9 11690.5 160145 160092 -1
41 8694 -1 6 -1 0.4637 -0.3579 51314.6 11571 -1 -1 1
41 8694 -1 6 1042276 -0.02973 0.08297 51229.9 11690.5 160145 160092 -1
41 8694 -1 6 -1 0.4637 -0.3579 51314.6 11571 -1 -1 1
41 8694 -1 6 1042276 -0.02973 0.08297 51229.9 11690.5 160145 160092 -1
41 8694 -1 6 -1 0.4637 -0.3579 51314.6 11571 -1 -1 1
41 8694 -1 6 1042276 -0.02973 0.08297 51229.9 11690.5 160145 160092 -1
42 1827 -1 1 -1 -0.0012 -0.0992 60535.4 84715.2 -1 -1 1
42 1827 -1 1 750217 0.00515 0.11577 61428.8 85153.8 160127 160102 -1
42 1827 -1 1 -1 -0.0012 -0.0992 60535.4 84715.2 -1 -1 1
42 1827 -1 1 750217 0.00515 0.11577 61428.8 85153.8 160127 160102 -1
42 1827 -1 1 -1 -0.0012 -0.0992 60535.4 84715.2 -1 -1 1
42 1827 -1 1 750217 0.00515 0.11577 61428.8 85153.8 160127 160102 -1
42 1827 -1 1 -1 -0.0012 -0.0992 60535.4 84715.2 -1 -1 1
42 1827 -1 1 750217 0.00515 0.11577 61428.8 85153.8 160127 160102 -1
42 6962 -1 2 -1 0.1497 -0.0675 54235.5 50860.4 -1 -1 1
42 6962 -1 2 52176 -0.14007 0.5648 53203.1 48647.3 160303 160238 -1
42 6962 -1 2 -1 0.1497 -0.0675 54235.5 50860.4 -1 -1 1
42 6962 -1 2 52176 -0.14007 0.5648 53203.1 48647.3 160303 160238 -1
42 6962 -1 2 -1 0.1497 -0.0675 54235.5 50860.4 -1 -1 1
42 6962 -1 2 52176 -0.14007 0.5648 53203.1 48647.3 160303 160238 -1
42 6962 -1 2 -1 0.1497 -0.0675 54235.5 50860.4 -1 -1 1
42 6962 -1 2 52176 -0.14007 0.5648 53203.1 48647.3 160303 160238 -1
42 1073 -1 3 -1 0.328 -0.1761 73064 76419.8 -1 -1 1
42 1073 -1 3 730583 0.55499 0.25458 73741.6 76964.2 160267 160183 -1
42 12646 3417093 3 -1 -0.0792 -0.0991 99511.2 90526.3 160085 160070 0
42 12646 -1 3 545610 -0.07965 -0.09874 99435.1 11207.5 160085 160070 -1
42 15452 4173014 3 -1 0.73053 -0.23523 43623.4 112419 100011 110038 0
42 15452 -1 3 653656 -0.06837 -0.05431 42839.1 33432.9 160093 160068 -1
42 4592 3232895 3 -1 -0.17138 -0.32259 46819.2 164649 140053 110022 0
42 4592 -1 3 354294 0.77227 0.12489 45588 83504.8 160275 160252 -1
42 1073 -1 3 -1 0.328 -0.1761 73064 76419.8 -1 -1 1
42 1073 -1 3 730583 0.55499 0.25458 73741.6 76964.2 160267 160183 -1
42 12646 3417093 3 -1 -0.0792 -0.0991 99511.2 90526.3 160085 160070 0
42 12646 -1 3 545610 -0.07965 -0.09874 99435.1 11207.5 160085 160070 -1
42 15452 4173014 3 -1 0.73053 -0.23523 43623.4 112419 100011 110038 0
42 15452 -1 3 653656 -0.06837 -0.05431 42839.1 33432.9 160093 160068 -1
42 4592 3232895 3 -1 -0.17138 -0.32259 46819.2 164649 140053 110022 0
42 4592 -1 3 354294 0.77227 0.12489 45588 83504.8 160275 160252 -1
42 1073 -1 3 -1 0.328 -0.1761 73064 76419.8 -1 -1 1
42 1073 -1 3 730583 0.55499 0.25458 73741.6 76964.2 160267 160183 -1
42 12646 3417093 3 -1 -0.0792 -0.0991 99511.2 90526.3 160085 160070 0
42 12646 -1 3 545610 -0.07965 -0.09874 99435.1 11207.5 160085 160070 -1
42 15452 4173014 3 -1 0.73053 -0.23523 43623.4 112419 100011 110038 0
42 15452 -1 3 653656 -0.06837 -0.05431 42839.1 33432.9 160093 160068 -1
42 4592 3232895 3 -1 -0.17138 -0.32259 46819.2 164649 140053 110022 0
42 4592 -1 3 354294 0.77227 0.12489 45588 83504.8 160275 160252 -1
42 1073 -1 3 -1 0.328 -0.1761 73064 76419.8 -1 -1 1
42 1073 -1 3 730583 0.55499 0.25458 73741.6 76964.2 160267 160183 -1
42 12646 3417093 3 -1 -0.0792 -0.0991 99511.2 90526.3 160085 160070 0
42 12646 -1 3 545610 -0.07965 -0.09874 99435.1 11207.5 160085 160070 -1
42 15452 4173014 3 -1 0.73053 -0.23523 43623.4 112419 100011 110038 0
42 15452 -1 3 653656 -0.06837 -0.05431 42839.1 33432.9 160093 160068 -1
42 4592 3232895 3 -1 -0.17138 -0.32259 46819.2 164649 140053 110022 0
42 4592 -1 3 354294 0.77227 0.12489 45588 83504.8 160275 160252 -1
42 14108 4247763 4 -1 -0.04203 -0.40722 137918 129518 140069 160077 0
42 14108 -1 4 57085 0.18948 0.32708 17015.8 50263.1 160258 160232 -1
42 10423 -1 4 -1 0.1038 -0.2668 59083.5 78125.6 -1 -1 1
42 10423 -1 4 1472811 -0.53751 -0.10576 60081 78384.4 160190 160207 -1
42 14108 4247763 4 -1 -0.04203 -0.40722 137918 129518 140069 160077 0
42 14108 -1 4 57085 0.18948 0.32708 17015.8 50263.1 160258 160232 -1
42 10423 -1 4 -1 0.1038 -0.2668 59083.5 78125.6 -1 -1 1
42 10423 -1 4 1472811 -0.53751 -0.10576 60081 78384.4 160190 160207 -1
42 14108 4247763 4 -1 -0.04203 -0.40722 137918 129518 140069 160077 0
42 14108 -1 4 57085 0.18948 0.32708 17015.8 50263.1 160258 160232 -1
42 10423 -1 4 -1 0.1038 -0.2668 59083.5 78125.6 -1 -1 1
42 10423 -1 4 1472811 -0.53751 -0.10576 60081 78384.4 160190 160207 -1
42 14108 4247763 4 -1 -0.04203 -0.40722 137918 129518 140069 160077 0
42 14108 -1 4 57085 0.18948 0.32708 17015.8 50263.1 160258 160232 -1
42 10423 -1 4 -1 0.1038 -0.2668 59083.5 78125.6 -1 -1 1
42 10423 -1 4 1472811 -0.53751 -0.10576 60081 78384.4 160190 160207 -1
42 8391 7159132 6 -1 0.23605 0.31524 162650 167775 120068 120030 0
42 8391 -1 6 352415 0.07984 0.11761 42617 5814.28 160107 160082 -1
42 8694 -1 6 -1 0.4607 -0.3579 51639.8 12583.2 -1 -1 1
42 8694 -1 6 161543 -0.5142 -0.15301 51438.8 12428.7 160177 160157 -1
42 8391 7159132 6 -1 0.23605 0.31524 162650 167775 120068 120030 0
42 8391 -1 6 352415 0.07984 0.11761 42617 5814.28 160107 160082 -1
42 8694 -1 6 -1 0.4607 -0.3579 51639.8 12583.2 -1 -1 1
42 8694 -1 6 161543 -0.5142 -0.15301 51438.8 12428.7 160177 160157 -1
42 8391 7159132 6 -1 0.23605 0.31524 162650 167775 120068 120030 0
42 8391 -1 6 352415 0.07984 0.11761 42617 5814.28 160107 160082 -1
42 8694 -1 6 -1 0.4607 -0.3579 51639.8 12583.2 -1 -1 1
42 8694 -1 6 161543 -0.5142 -0.15301 51438.8 12428.7 160177 160157 -1
42 8391 7159132 6 -1 0.23605 0.31524 162650 167775 120068 120030 0
42 8391 -1 6 352415 0.07984 0.11761 42617 5814.28 160107 160082 -1
42 8694 -1 6 -1 0.4607 -0.3579 51639.8 12583.2 -1 -1 1
42 8694 -1 6 161543 -0.5142 -0.15301 51438.8 12428.7 160177 160157 -1
43 1827 -1 1 -1 -0.0018 -0.0994 58679.8 83766.1 -1 -1 1
43 1827 -1 1 334154 0.06146 0.08543 59679.4 82856.7 160069 160097 -1
43 1827 -1 1 -1 -0.0018 -0.0994 58679.8 83766.1 -1 -1 1
43 1827 -1 1 334154 0.06146 0.08543 59679.4 82856.7 160069 160097 -1
43 1827 -1 1 -1 -0.0018 -0.0994 58679.8 83766.1 -1 -1 1
43 1827 -1 1 334154 0.06146 0.08543 59679.4 82856.7 160069 160097 -1
43 1827 -1 1 -1 -0.0018 -0.0994 58679.8 83766.1 -1 -1 1
43 1827 -1 1 334154 0.06146 0.08543 59679.4 82856.7 160069 160097 -1
43 6962 -1 2 -1 0.1495 -0.0681 51916.2 50273.3 -1 -1 1
43 6962 -1 2 1377192 -0.65122 0.0812 52472.3 49899.7 160198 160217 -1
43 8079 1650287 2 -1 0.18947 -0.28464 190102 68800.1 120042 130032 0
43 8079 -1 2 927502 0.04602 -0.29009 69811.9 69466.8 160167 160216 -1
43 987 1325104 2 -1 -0.1228 -0.25039 182372 39445.5 140051 110025 0
43 987 -1 2 591 -0.10019 0.06206 62285.7 39964.1 160093 160090 -1
43 6962 -1 2 -1 0.1495 -0.0681 51916.2 50273.3 -1 -1 1
43 6962 -1 2 1377192 -0.65122 0.0812 52472.3 49899.7 160198 160217 -1
43 8079 1650287 2 -1 0.18947 -0.28464 190102 68800.1 120042 130032 0
43 8079 -1 2 927502 0.04602 -0.29009 69811.9 69466.8 160167 160216 -1
43 987 1325104 2 -1 -0.1228 -0.25039 182372 39445.5 140051 110025 0
43 987 -1 2 591 -0.10019 0.06206 62285.7 39964.1 160093 160090 -1
43 6962 -1 2 -1 0.1495 -0.0681 51916.2 50273.3 -1 -1 1
43 6962 -1 2 1377192 -0.65122 0.0812 52472.3 49899.7 160198 160217 -1
43 8079 1650287 2 -1 0.18947 -0.28464 190102 68800.1 120042 130032 0
43 8079 -1 2 927502 0.04602 -0.29009 69811.9 69466.8 160167 160216 -1
43 987 1325104 2 -1 -0.1228 -0.25039 182372 39445.5 140051 110025 0
43 987 -1 2 591 -0.10019 0.06206 62285.7 39964.1 160093 160090 -1
43 6962 -1 2 -1 0.1495 -0.0681 51916.2 50273.3 -1 -1 1
43 6962 -1 2 1377192 -0.65122 0.0812 52472.3 49899.7 160198 160217 -1
43 8079 1650287 2 -1 0.18947 -0.28464 190102 68800.1 120042 130032 0
43 8079 -1 2 927502 0.04602 -0.29009 69811.9 69466.8 160167 160216 -1
43 987 1325104 2 -1 -0.1228 -0.25039 182372 39445.5 140051 110025 0
43 987 -1 2 591 -0.10019 0.06206 62285.7 39964.1 160093 160090 -1
43 1073 -1 3 -1 0.3284 -0.1771 70995.8 76073.7 -1 -1 1
43 1073 -1 3 277823 0.13622 0.59684 71400.3 75697.8 160264 160234 -1
43 12646 -1 3 -1 -0.0799 -0.0986 97603 10696.1 -1 -1 1
43 12646 -1 3 119548 -0.35234 -0.55588 98511.5 10009.4 160227 160127 -1
43 15452 -1 3 -1 0.7291 -0.2398 41156.3 33074.9 -1 -1 1
43 15452 -1 3 648748 -0.00303 -0.00559 41855.6 33174.6 160092 160073 -1
43 4592 -1 3 -1 -0.1732 -0.3216 45428.4 85385.1 -1 -1 1
43 4592 -1 3 317799 0.78582 0.11239 43144.5 82957.2 160222 160237 -1
43 1073 -1 3 -1 0.3284 -0.1771 70995.8 76073.7 -1 -1 1
43 1073 -1 3 277823 0.13622 0.59684 71400.3 75697.8 160264 160234 -1
43 12646 -1 3 -1 -0.0799 -0.0986 97603 10696.1 -1 -1 1
43 12646 -1 3 119548 -0.35234 -0.55588 98511.5 10009.4 160227 160127 -1
43 15452 -1 3 -1 0.7291 -0.2398 41156.3 33074.9 -1 -1 1
43 15452 -1 3 648748 -0.00303 -0.00559 41855.6 33174.6 160092 160073 -1
43 4592 -1 3 -1 -0.1732 -0.3216 45428.4 85385.1 -1 -1 1
43 4592 -1 3 317799 0.78582 0.11239 43144.5 82957.2 160222 160237 -1
43 1073 -1 3 -1 0.3284 -0.1771 70995.8 76073.7 -1 -1 1
43 1073 -1 3 277823 0.13622 0.59684 71400.3 75697.8 160264 160234 -1
43 12646 -1 3 -1 -0.0799 -0.0986 97603 10696.1 -1 -1 1
43 12646 -1 3 119548 -0.35234 -0.55588 98511.5 10009.4 160227 160127 -1
43 15452 -1 3 -1 0.7291 -0.2398 41156.3 33074.9 -1 -1 1
43 15452 -1 3 648748 -0.00303 -0.00559 41855.6 33174.6 160092 160073 -1
43 4592 -1 3 -1 -0.1732 -0.3216 45428.4 85385.1 -1 -1 1
43 4592 -1 3 317799 0.78582 0.11239 43144.5 82957.2 160222 160237 -1
43 1073 -1 3 -1 0.3284 -0.1771 70995.8 76073.7 -1 -1 1
43 1073 -1 3 277823 0.13622 0.59684 71400.3 75697.8 160264 160234 -1
43 12646 -1 3 -1 -0.0799 -0.0986 97603 10696.1 -1 -1 1
43 12646 -1 3 119548 -0.35234 -0.55588 98511.5 10009.4 160227 160127 -1
43 15452 -1 3 -1 0.7291 -0.2398 41156.3 33074.9 -1 -1 1
43 15452 -1 3 648748 -0.00303 -0.00559 41855.6 33174.6 160092 160073 -1
43 4592 -1 3 -1 -0.1732 -0.3216 45428.4 85385.1 -1 -1 1
43 4592 -1 3 317799 0.78582 0.11239 43144.5 82957.2 160222 160237 -1
43 14108 -1 4 -1 -0.0436 -0.4074 15892.5 49929.5 -1 -1 1
43 14108 -1 4 483780 0.01757 -0.04639 15042 50742.8 160146 160121 -1
43 10423 -1 4 -1 0.1033 -0.2674 57456.5 77842.2 -1 -1 1
43 10423 -1 4 1293800 -0.4021 -0.35586 58322.6 77880.5 160157 160143 -1
43 15334 5050241 4 -1 -0.21111 -0.59899 182755 104902 110039 90005 0
43 15334 -1 4 189975 -0.51866 -0.28093 65060.7 25707.2 160261 160244 -1
43 14108 -1 4 -1 -0.0436 -0.4074 15892.5 49929.5 -1 -1 1
43 14108 -1 4 483780 0.01757 -0.04639 15042 50742.8 160146 160121 -1
43 10423 -1 4 -1 0.1033 -0.2674 57456.5 77842.2 -1 -1 1
43 10423 -1 4 1293800 -0.4021 -0.35586 58322.6 77880.5 160157 160143 -1
43 15334 5050241 4 -1 -0.21111 -0.59899 182755 104902 110039 90005 0
43 15334 -1 4 189975 -0.51866 -0.28093 65060.7 25707.2 160261 160244 -1
43 14108 -1 4 -1 -0.0436 -0.4074 15892.5 49929.5 -1 -1 1
43 14108 -1 4 483780 0.01757 -0.04639 15042 50742.8 160146 160121 -1
43 10423 -1 4 -1 0.1033 -0.2674 57456.5 77842.2 -1 -1 1
43 10423 -1 4 1293800 -0.4021 -0.35586 58322.6 77880.5 160157 160143 -1
43 15334 5050241 4 -1 -0.21111 -0.59899 182755 104902 110039 90005 0
43 15334 -1 4 189975 -0.51866 -0.28093 65060.7 25707.2 160261 160244 -1
43 14108 -1 4 -1 -0.0436 -0.4074 15892.5 49929.5 -1 -1 1
43 14108 -1 4 483780 0.01757 -0.04639 15042 50742.8 160146 160121 -1
43 10423 -1 4 -1 0.1033 -0.2674 57456.5 77842.2 -1 -1 1
43 10423 -1 4 1293800 -0.4021 -0.35586 58322.6 77880.5 160157 160143 -1
43 15334 5050241 4 -1 -0.21111 -0.59899 182755 104902 110039 90005 0
43 15334 -1 4 189975 -0.51866 -0.28093 65060.7 25707.2 160261 160244 -1
43 8391 -1 6 -1 0.238 0.3139 40488.3 5969.1 -1 -1 1
43 8391 -1 6 322250 0.60503 0.19094 38204.5 5895.59 160232 160200 -1
43 8391 -1 6 -1 0.238 0.3139 40488.3 5969.1 -1 -1 1
43 8391 -1 6 322250 0.60503 0.19094 38204.5 5895.59 160232 160200 -1
43 8391 -1 6 -1 0.238 0.3139 40488.3 5969.1 -1 -1 1
43 8391 -1 6 322250 0.60503 0.19094 38204.5 5895.59 160232 160200 -1
43 8391 -1 6 -1 0.238 0.3139 40488.3 5969.1 -1 -1 1
43 8391 -1 6 322250 0.60503 0.19094 38204.5 5895.59 160232 160200 -1
44 1827 -1 1 -1 -0.0008 -0.1001 59873.3 83592.2 -1 -1 1
44 1827 -1 1 346530 0.00501 0.71759 61312.1 83428.6 160307 160280 -1
44 1827 -1 1 -1 -0.0008 -0.1001 59873.3 83592.2 -1 -1 1
44 1827 -1 1 346530 0.00501 0.71759 61312.1 83428.6 160307 160280 -1
44 1827 -1 1 -1 -0.0008 -0.1001 59873.3 83592.2 -1 -1 1
44 1827 -1 1 346530 0.00501 0.71759 61312.1 83428.6 160307 160280 -1
44 1827 -1 1 -1 -0.0008 -0.1001 59873.3 83592.2 -1 -1 1
44 1827 -1 1 346530 0.00501 0.71759 61312.1 83428.6 160307 160280 -1
44 8079 -1 2 -1 0.1918 -0.2832 70591.6 70318.4 -1 -1 1
44 8079 -1 2 762738 0.12005 -0.38817 70941.5 70903.2 160225 160187 -1
44 987 -1 2 -1 -0.1206 -0.2512 64069.5 40821.8 -1 -1 1
44 987 -1 2 387 -0.04609 0.09267 64250.8 40501 160067 160089 -1
44 8079 -1 2 -1 0.1918 -0.2832 70591.6 70318.4 -1 -1 1
44 8079 -1 2 762738 0.12005 -0.38817 70941.5 70903.2 160225 160187 -1
44 987 -1 2 -1 -0.1206 -0.2512 64069.5 40821.8 -1 -1 1
44 987 -1 2 387 -0.04609 0.09267 64250.8 40501 160067 160089 -1
44 8079 -1 2 -1 0.1918 -0.2832 70591.6 70318.4 -1 -1 1
44 8079 -1 2 762738 0.12005 -0.38817 70941.5 70903.2 160225 160187 -1
44 987 -1 2 -1 -0.1206 -0.2512 64069.5 40821.8 -1 -1 1
44 987 -1 2 387 -0.04609 0.09267 64250.8 40501 160067 160089 -1
44 8079 -1 2 -1 0.1918 -0.2832 70591.6 70318.4 -1 -1 1
44 8079 -1 2 762738 0.12005 -0.38817 70941.5 70903.2 160225 160187 -1
44 987 -1 2 -1 -0.1206 -0.2512 64069.5 40821.8 -1 -1 1
44 987 -1 2 387 -0.04609 0.09267 64250.8 40501 160067 160089 -1
44 12646 -1 3 -1 -0.0786 -0.0996 99615.7 11741.5 -1 -1 1
44 12646 -1 3 124935 0.2086 0.80704 100235 11038.4 160277 160260 -1
44 15452 -1 3 -1 0.7314 -0.2304 40590.1 33727 -1 -1 1
44 15452 -1 3 654841 -0.31908 -0.37981 40731.1 31727.1 160329 160386 -1
44 4592 -1 3 -1 -0.1687 -0.3239 46737.2 86343.6 -1 -1 1
44 4592 -1 3 353987 0.03799 0.28019 44248.5 86144.2 160241 160213 -1
44 12646 -1 3 -1 -0.0786 -0.0996 99615.7 11741.5 -1 -1 1
44 12646 -1 3 124935 0.2086 0.80704 100235 11038.4 160277 160260 -1
44 15452 -1 3 -1 0.7314 -0.2304 40590.1 33727 -1 -1 1
44 15452 -1 3 654841 -0.31908 -0.37981 40731.1 31727.1 160329 160386 -1
44 4592 -1 3 -1 -0.1687 -0.3239 46737.2 86343.6 -1 -1 1
44 4592 -1 3 353987 0.03799 0.28019 44248.5 86144.2 160241 160213 -1
44 12646 -1 3 -1 -0.0786 -0.0996 99615.7 11741.5 -1 -1 1
44 12646 -1 3 124935 0.2086 0.80704 100235 11038.4 160277 160260 -1
44 15452 -1 3 -1 0.7314 -0.2304 40590.1 33727 -1 -1 1
44 15452 -1 3 654841 -0.31908 -0.37981 40731.1 31727.1 160329 160386 -1
44 4592 -1 3 -1 -0.1687 -0.3239 46737.2 86343.6 -1 -1 1
44 4592 -1 3 353987 0.03799 0.28019 44248.5 86144.2 160241 160213 -1
44 12646 -1 3 -1 -0.0786 -0.0996 99615.7 11741.5 -1 -1 1
44 12646 -1 3 124935 0.2086 0.80704 100235 11038.4 160277 160260 -1
44 15452 -1 3 -1 0.7314 -0.2304 40590.1 33727 -1 -1 1
44 15452 -1 3 654841 -0.31908 -0.37981 40731.1 31727.1 160329 160386 -1
44 4592 -1 3 -1 -0.1687 -0.3239 46737.2 86343.6 -1 -1 1
44 4592 -1 3 353987 0.03799 0.28019 44248.5 86144.2 160241 160213 -1
44 14108 -1 4 -1 -0.045 -0.4073 17215.5 51916.3 -1 -1 1
44 14108 -1 4 229811 0.19863 -0.26871 18071.2 52598.3 160119 160085 -1
44 10423 -1 4 -1 0.1022 -0.2656 58419.8 79206.4 -1 -1 1
44 10423 -1 4 1477323 -0.83006 -0.08844 60849.2 77452.9 160249 160201 -1
44 15334 -1 4 -1 -0.2121 -0.5985 64045.7 28869.8 -1 -1 1
44 15334 -1 4 402059 0.12391 -0.01682 64196.2 29474.5 160097 160087 -1
44 14108 -1 4 -1 -0.045 -0.4073 17215.5 51916.3 -1 -1 1
44 14108 -1 4 229811 0.19863 -0.26871 18071.2 52598.3 160119 160085 -1
44 10423 -1 4 -1 0.1022 -0.2656 58419.8 79206.4 -1 -1 1
44 10423 -1 4 1477323 -0.83006 -0.08844 60849.2 77452.9 160249 160201 -1
44 15334 -1 4 -1 -0.2121 -0.5985 64045.7 28869.8 -1 -1 1
44 15334 -1 4 402059 0.12391 -0.01682 64196.2 29474.5 160097 160087 -1
44 14108 -1 4 -1 -0.045 -0.4073 17215.5 51916.3 -1 -1 1
44 14108 -1 4 229811 0.19863 -0.26871 18071.2 52598.3 160119 160085 -1
44 10423 -1 4 -1 0.1022 -0.2656 58419.8 79206.4 -1 -1 1
44 10423 -1 4 1477323 -0.83006 -0.08844 60849.2 77452.9 160249 160201 -1
44 15334 -1 4 -1 -0.2121 -0.5985 64045.7 28869.8 -1 -1 1
44 15334 -1 4 402059 0.12391 -0.01682 64196.2 29474.5 160097 160087 -1
44 14108 -1 4 -1 -0.045 -0.4073 17215.5 51916.3 -1 -1 1
44 14108 -1 4 229811 0.19863 -0.26871 18071.2 52598.3 160119 160085 -1
44 10423 -1 4 -1 0.1022 -0.2656 58419.8 79206.4 -1 -1 1
44 10423 -1 4 1477323 -0.83006 -0.08844 60849.2 77452.9 160249 160201 -1
44 15334 -1 4 -1 -0.2121 -0.5985 64045.7 28869.8 -1 -1 1
44 15334 -1 4 402059 0.12391 -0.01682 64196.2 29474.5 160097 160087 -1
44 8391 -1 6 -1 0.2366 0.3139 41016.2 5420.7 -1 -1 1
44 8391 -1 6 111170 0.05793 0.00241 43567.7 2642.08 160233 160157 -1
44 8391 -1 6 -1 0.2366 0.3139 41016.2 5420.7 -1 -1 1
44 8391 -1 6 111170 0.05793 0.00241 43567.7 2642.08 160233 160157 -1
44 8391 -1 6 -1 0.2366 0.3139 41016.2 5420.7 -1 -1 1
44 8391 -1 6 111170 0.05793 0.00241 43567.7 2642.08 160233 160157 -1
44 8391 -1 6 -1 0.2366 0.3139 41016.2 5420.7 -1 -1 1
44 8391 -1 6 111170 0.05793 0.00241 43567.7 2642.08 160233 160157 -1
45 172 252320 1 -1 -0.0722 0.18476 65638.9 53323.6 120024 120020 0
45 172 -1 1 736256 -0.21883 -0.01778 65090.7 54236 160104 160097 -1
45 172 252320 1 -1 -0.0722 0.18476 65638.9 53323.6 120024 120020 0
45 172 -1 1 736256 -0.21883 -0.01778 65090.7 54236 160104 160097 -1
45 172 252320 1 -1 -0.0722 0.18476 65638.9 53323.6 120024 120020 0
45 172 -1 1 736256 -0.21883 -0.01778 65090.7 54236 160104 160097 -1
45 172 252320 1 -1 -0.0722 0.18476 65638.9 53323.6 120024 120020 0
45 172 -1 1 736256 -0.21883 -0.01778 65090.7 54236 160104 160097 -1
45 12513 2049976 2 -1 0.66844 0.02063 155578 64198.7 80008 70006 0
45 12513 -1 2 506624 0.54923 0.00547 34247.2 63618.2 160211 160197 -1
45 8079 -1 2 -1 0.1928 -0.2829 69475.9 70525 -1 -1 1
45 8079 -1 2 563622 0.20912 -0.45656 69802 71234.1 160128 160161 -1
45 987 -1 2 -1 -0.1204 -0.2516 63266.2 40981.4 -1 -1 1
45 987 -1 2 247584 0.18577 -0.55286 61164.6 43946.6 160232 160238 -1
45 12513 2049976 2 -1 0.66844 0.02063 155578 64198.7 80008 70006 0
45 12513 -1 2 506624 0.54923 0.00547 34247.2 63618.2 160211 160197 -1
45 8079 -1 2 -1 0.1928 -0.2829 69475.9 70525 -1 -1 1
45 8079 -1 2 563622 0.20912 -0.45656 69802 71234.1 160128 160161 -1
45 987 -1 2 -1 -0.1204 -0.2516 63266.2 40981.4 -1 -1 1
45 987 -1 2 247584 0.18577 -0.55286 61164.6 43946.6 160232 160238 -1
45 12513 2049976 2 -1 0.66844 0.02063 155578 64198.7 80008 70006 0
45 12513 -1 2 506624 0.54923 0.00547 34247.2 63618.2 160211 160197 -1
45 8079 -1 2 -1 0.1928 -0.2829 69475.9 70525 -1 -1 1
45 8079 -1 2 563622 0.20912 -0.45656 69802 71234.1 160128 160161 -1
45 987 -1 2 -1 -0.1204 -0.2516 63266.2 40981.4 -1 -1 1
45 987 -1 2 247584 0.18577 -0.55286 61164.6 43946.6 160232 160238 -1
45 12513 2049976 2 -1 0.66844 0.02063 155578 64198.7 80008 70006 0
45 12513 -1 2 506624 0.54923 0.00547 34247.2 63618.2 160211 160197 -1
45 8079 -1 2 -1 0.1928 -0.2829 69475.9 70525 -1 -1 1
45 8079 -1 2 563622 0.20912 -0.45656 69802 71234.1 160128 160161 -1
45 987 -1 2 -1 -0.1204 -0.2516 63266.2 40981.4 -1 -1 1
45 987 -1 2 247584 0.18577 -0.55286 61164.6 43946.6 160232 160238 -1
45 12646 -1 3 -1 -0.0797 -0.0989 99277.4 11470.6 -1 -1 1
45 12646 -1 3 122595 0.03499 0.5533 98711.8 10703 160188 160172 -1
45 15452 -1 3 -1 0.7297 -0.2382 39788.3 34200.1 -1 -1 1
45 15452 -1 3 868729 -0.26985 0.3169 37116.5 35305.7 160323 160309 -1
45 14992 3755294 3 -1 -0.1805 -0.23574 51077.2 118068 120027 140049 0
45 14992 -1 3 1106210 0.4276 0.13092 51957.7 39205.5 160127 160148 -1
45 12646 -1 3 -1 -0.0797 -0.0989 99277.4 11470.6 -1 -1 1
45 12646 -1 3 122595 0.03499 0.5533 98711.8 10703 160188 160172 -1
45 15452 -1 3 -1 0.7297 -0.2382 39788.3 34200.1 -1 -1 1
45 15452 -1 3 868729 -0.26985 0.3169 37116.5 35305.7 160323 160309 -1
45 14992 3755294 3 -1 -0.1805 -0.23574 51077.2 118068 120027 140049 0
45 14992 -1 3 1106210 0.4276 0.13092 51957.7 39205.5 160127 160148 -1
45 12646 -1 3 -1 -0.0797 -0.0989 99277.4 11470.6 -1 -1 1
45 12646 -1 3 122595 0.03499 0.5533 98711.8 10703 160188 160172 -1
45 15452 -1 3 -1 0.7297 -0.2382 39788.3 34200.1 -1 -1 1
45 15452 -1 3 868729 -0.26985 0.3169 37116.5 35305.7 160323 160309 -1
45 14992 3755294 3 -1 -0.1805 -0.23574 51077.2 118068 120027 140049 0
45 14992 -1 3 1106210 0.4276 0.13092 51957.7 39205.5 160127 160148 -1
45 12646 -1 3 -1 -0.0797 -0.0989 99277.4 11470.6 -1 -1 1
45 12646 -1 3 122595 0.03499 0.5533 98711.8 10703 160188 160172 -1
45 15452 -1 3 -1 0.7297 -0.2382 39788.3 34200.1 -1 -1 1
45 15452 -1 3 868729 -0.26985 0.3169 37116.5 35305.7 160323 160309 -1
45 14992 3755294 3 -1 -0.1805 -0.23574 51077.2 118068 120027 140049 0
45 14992 -1 3 1106210 0.4276 0.13092 51957.7 39205.5 160127 160148 -1
45 14108 -1 4 -1 -0.0414 -0.4072 16350.5 51813.1 -1 -1 1
45 14108 -1 4 246836 0.52107 0.27252 16694.8 51552.1 160186 160162 -1
45 15334 -1 4 -1 -0.2065 -0.6008 63543.3 29347.5 -1 -1 1
45 15334 -1 4 389789 0.12727 -0.0048 63418 29459 160088 160086 -1
45 14108 -1 4 -1 -0.0414 -0.4072 16350.5 51813.1 -1 -1 1
45 14108 -1 4 246836 0.52107 0.27252 16694.8 51552.1 160186 160162 -1
45 15334 -1 4 -1 -0.2065 -0.6008 63543.3 29347.5 -1 -1 1
45 15334 -1 4 389789 0.12727 -0.0048 63418 29459 160088 160086 -1
45 14108 -1 4 -1 -0.0414 -0.4072 16350.5 51813.1 -1 -1 1
45 14108 -1 4 246836 0.52107 0.27252 16694.8 51552.1 160186 160162 -1
45 15334 -1 4 -1 -0.2065 -0.6008 63543.3 29347.5 -1 -1 1
45 15334 -1 4 389789 0.12727 -0.0048 63418 29459 160088 160086 -1
45 14108 -1 4 -1 -0.0414 -0.4072 16350.5 51813.1 -1 -1 1
45 14108 -1 4 246836 0.52107 0.27252 16694.8 51552.1 160186 160162 -1
45 15334 -1 4 -1 -0.2065 -0.6008 63543.3 29347.5 -1 -1 1
45 15334 -1 4 389789 0.12727 -0.0048 63418 29459 160088 160086 -1
45 4592 -1 5 -1 -0.1718 -0.3221 46361.1 5397.6 -1 -1 1
45 4592 -1 5 1166529 0.30601 0.30475 47094.6 5356.54 160114 160086 -1
45 4592 -1 5 -1 -0.1718 -0.3221 46361.1 5397.6 -1 -1 1
45 4592 -1 5 1166529 0.30601 0.30475 47094.6 5356.54 160114 160086 -1
45 4592 -1 5 -1 -0.1718 -0.3221 46361.1 5397.6 -1 -1 1
45 4592 -1 5 1166529 0.30601 0.30475 47094.6 5356.54 160114 160086 -1
45 4592 -1 5 -1 -0.1718 -0.3221 46361.1 5397.6 -1 -1 1
45 4592 -1 5 1166529 0.30601 0.30475 47094.6 5356.54 160114 160086 -1
45 8391 -1 6 -1 0.2358 0.3154 40200.2 5131.1 -1 -1 1
45 8391 -1 6 359973 -0.45046 -0.25247 40839.6 4604.13 160236 160229 -1
45 8391 -1 6 -1 0.2358 0.3154 40200.2 5131.1 -1 -1 1
45 8391 -1 6 359973 -0.45046 -0.25247 40839.6 4604.13 160236 160229 -1
45 8391 -1 6 -1 0.2358 0.3154 40200.2 5131.1 -1 -1 1
45 8391 -1 6 359973 -0.45046 -0.25247 40839.6 4604.13 160236 160229 -1
45 8391 -1 6 -1 0.2358 0.3154 40200.2 5131.1 -1 -1 1
45 8391 -1 6 359973 -0.45046 -0.25247 40839.6 4604.13 160236 160229 -1
46 14614 488978 1 -1 -0.19118 -0.1245 56260.4 63822.4 140077 130040 0
46 14614 -1 1 1002242 0.52124 0.00302 56401.4 62906.3 160216 160167 -1
46 172 -1 1 -1 -0.0718 0.1846 64588.7 52504.9 -1 -1 1
46 172 -1 1 263785 -0.15099 0.28778 67229.1 54948.9 160299 160203 -1
46 14614 488978 1 -1 -0.19118 -0.1245 56260.4 63822.4 140077 130040 0
46 14614 -1 1 1002242 0.52124 0.00302 56401.4 62906.3 160216 160167 -1
46 172 -1 1 -1 -0.0718 0.1846 64588.7 52504.9 -1 -1 1
46 172 -1 1 263785 -0.15099 0.28778 67229.1 54948.9 160299 160203 -1
46 14614 488978 1 -1 -0.19118 -0.1245 56260.4 63822.4 140077 130040 0
46 14614 -1 1 1002242 0.52124 0.00302 56401.4 62906.3 160216 160167 -1
46 172 -1 1 -1 -0.0718 0.1846 64588.7 52504.9 -1 -1 1
46 172 -1 1 263785 -0.15099 0.28778 67229.1 54948.9 160299 160203 -1
46 14614 488978 1 -1 -0.19118 -0.1245 56260.4 63822.4 140077 130040 0
46 14614 -1 1 1002242 0.52124 0.00302 56401.4 62906.3 160216 160167 -1
46 172 -1 1 -1 -0.0718 0.1846 64588.7 52504.9 -1 -1 1
46 172 -1 1 263785 -0.15099 0.28778 67229.1 54948.9 160299 160203 -1
46 12513 -1 2 -1 0.6686 0.0214 32025.6 62854.8 -1 -1 1
46 12513 -1 2 82947 0.09112 -0.0116 31657.4 62565.1 160075 160061 -1
46 8079 -1 2 -1 0.1915 -0.2822 68109.6 71241.7 -1 -1 1
46 8079 -1 2 93851 0.28859 0.18036 67724.4 71122.5 160129 160134 -1
46 987 -1 2 -1 -0.1201 -0.2505 62817.2 41617.6 -1 -1 1
46 987 -1 2 235871 0.02076 0.11421 60050.5 41297 160096 160075 -1
46 12513 -1 2 -1 0.6686 0.0214 32025.6 62854.8 -1 -1 1
46 12513 -1 2 82947 0.09112 -0.0116 31657.4 62565.1 160075 160061 -1
46 8079 -1 2 -1 0.1915 -0.2822 68109.6 71241.7 -1 -1 1
46 8079 -1 2 93851 0.28859 0.18036 67724.4 71122.5 160129 160134 -1
46 987 -1 2 -1 -0.1201 -0.2505 62817.2 41617.6 -1 -1 1
46 987 -1 2 235871 0.02076 0.11421 60050.5 41297 160096 160075 -1
46 12513 -1 2 -1 0.6686 0.0214 32025.6 62854.8 -1 -1 1
46 12513 -1 2 82947 0.09112 -0.0116 31657.4 62565.1 160075 160061 -1
46 8079 -1 2 -1 0.1915 -0.2822 68109.6 71241.7 -1 -1 1
46 8079 -1 2 93851 0.28859 0.18036 67724.4 71122.5 160129 160134 -1
46 987 -1 2 -1 -0.1201 -0.2505 62817.2 41617.6 -1 -1 1
46 987 -1 2 235871 0.02076 0.11421 60050.5 41297 160096 160075 -1
46 12513 -1 2 -1 0.6686 0.0214 32025.6 62854.8 -1 -1 1
46 12513 -1 2 82947 0.09112 -0.0116 31657.4 62565.1 160075 160061 -1
46 8079 -1 2 -1 0.1915 -0.2822 68109.6 71241.7 -1 -1 1
46 8079 -1 2 93851 0.28859 0.18036 67724.4 71122.5 160129 160134 -1
46 987 -1 2 -1 -0.1201 -0.2505 62817.2 41617.6 -1 -1 1
46 987 -1 2 235871 0.02076 0.11421 60050.5 41297 160096 160075 -1
46 14992 -1 3 -1 -0.1807 -0.2354 51097.6 39719.5 -1 -1 1
46 14992 -1 3 1869 -0.01202 -0.34724 51469.3 40282 160194 160170 -1
46 14992 -1 3 -1 -0.1807 -0.2354 51097.6 39719.5 -1 -1 1
46 14992 -1 3 1869 -0.01202 -0.34724 51469.3 40282 160194 160170 -1
46 14992 -1 3 -1 -0.1807 -0.2354 51097.6 39719.5 -1 -1 1
46 14992 -1 3 1869 -0.01202 -0.34724 51469.3 40282 160194 160170 -1
46 14992 -1 3 -1 -0.1807 -0.2354 51097.6 39719.5 -1 -1 1
46 14992 -1 3 1869 -0.01202 -0.34724 51469.3 40282 160194 160170 -1
46 15334 -1 4 -1 -0.2083 -0.6005 63546.3 30864.9 -1 -1 1
46 15334 -1 4 427333 0.01252 -0.09051 63361.7 31617 160129 160067 -1
46 15334 -1 4 -1 -0.2083 -0.6005 63546.3 30864.9 -1 -1 1
46 15334 -1 4 427333 0.01252 -0.09051 63361.7 31617 160129 160067 -1
46 15334 -1 4 -1 -0.2083 -0.6005 63546.3 30864.9 -1 -1 1
46 15334 -1 4 427333 0.01252 -0.09051 63361.7 31617 160129 160067 -1
46 15334 -1 4 -1 -0.2083 -0.6005 63546.3 30864.9 -1 -1 1
46 15334 -1 4 427333 0.01252 -0.09051 63361.7 31617 160129 160067 -1
47 14614 -1 1 -1 -0.1906 -0.1251 59012.3 62854.4 -1 -1 1
47 14614 -1 1 480582 0.33178 -0.03016 57854.6 59972.9 160205 160184 -1
47 172 -1 1 -1 -0.0725 0.1843 67279.8 51308.3 -1 -1 1
47 172 -1 1 262277 -0.02409 -0.83048 68286.1 53516.1 160307 160264 -1
47 14614 -1 1 -1 -0.1906 -0.1251 59012.3 62854.4 -1 -1 1
47 14614 -1 1 480582 0.33178 -0.03016 57854.6 59972.9 160205 160184 -1
47 172 -1 1 -1 -0.0725 0.1843 67279.8 51308.3 -1 -1 1
47 172 -1 1 262277 -0.02409 -0.83048 68286.1 53516.1 160307 160264 -1
47 14614 -1 1 -1 -0.1906 -0.1251 59012.3 62854.4 -1 -1 1
47 14614 -1 1 480582 0.33178 -0.03016 57854.6 59972.9 160205 160184 -1
47 172 -1 1 -1 -0.0725 0.1843 67279.8 51308.3 -1 -1 1
47 172 -1 1 262277 -0.02409 -0.83048 68286.1 53516.1 160307 160264 -1
47 14614 -1 1 -1 -0.1906 -0.1251 59012.3 62854.4 -1 -1 1
47 14614 -1 1 480582 0.33178 -0.03016 57854.6 59972.9 160205 160184 -1
47 172 -1 1 -1 -0.0725 0.1843 67279.8 51308.3 -1 -1 1
47 172 -1 1 262277 -0.02409 -0.83048 68286.1 53516.1 160307 160264 -1
47 12513 -1 2 -1 0.6685 0.0258 33816.6 62619.3 -1 -1 1
47 12513 -1 2 503569 -0.04469 0.1302 33551.6 63386.6 160089 160064 -1
47 12513 -1 2 -1 0.6685 0.0258 33816.6 62619.3 -1 -1 1
47 12513 -1 2 503569 -0.04469 0.1302 33551.6 63386.6 160089 160064 -1
47 12513 -1 2 -1 0.6685 0.0258 33816.6 62619.3 -1 -1 1
47 12513 -1 2 503569 -0.04469 0.1302 33551.6 63386.6 160089 160064 -1
47 12513 -1 2 -1 0.6685 0.0258 33816.6 62619.3 -1 -1 1
47 12513 -1 2 503569 -0.04469 0.1302 33551.6 63386.6 160089 160064 -1
47 14992 -1 3 -1 -0.1802 -0.2356 53351.7 38908.7 -1 -1 1
47 14992 -1 3 1405 -0.43335 0.06001 51036.7 36690.7 160298 160242 -1
47 14992 -1 3 -1 -0.1802 -0.2356 53351.7 38908.7 -1 -1 1
47 14992 -1 3 1405 -0.43335 0.06001 51036.7 36690.7 160298 160242 -1
47 14992 -1 3 -1 -0.1802 -0.2356 53351.7 38908.7 -1 -1 1
47 14992 -1 3 1405 -0.43335 0.06001 51036.7 36690.7 160298 160242 -1
47 14992 -1 3 -1 -0.1802 -0.2356 53351.7 38908.7 -1 -1 1
47 14992 -1 3 1405 -0.43335 0.06001 51036.7 36690.7 160298 160242 -1
47 15422 5905053 6 -1 0.18052 -0.2344 161784 187008 140070 130055 0
47 15422 -1 6 865146 0.46987 -0.0934 40306.5 25882.7 160209 160183 -1
47 398 5315003 6 -1 0.28636 0.01632 172122 205302 130041 120056 0
47 398 -1 6 236749 -0.53926 0.39021 52760.5 42201.2 160360 160356 -1
47 15422 5905053 6 -1 0.18052 -0.2344 161784 187008 140070 130055 0
47 15422 -1 6 865146 0.46987 -0.0934 40306.5 25882.7 160209 160183 -1
47 398 5315003 6 -1 0.28636 0.01632 172122 205302 130041 120056 0
47 398 -1 6 236749 -0.53926 0.39021 52760.5 42201.2 160360 160356 -1
47 15422 5905053 6 -1 0.18052 -0.2344 161784 187008 140070 130055 0
47 15422 -1 6 865146 0.46987 -0.0934 40306.5 25882.7 160209 160183 -1
47 398 5315003 6 -1 0.28636 0.01632 172122 205302 130041 120056 0
47 398 -1 6 236749 -0.53926 0.39021 52760.5 42201.2 160360 160356 -1
47 15422 5905053 6 -1 0.18052 -0.2344 161784 187008 140070 130055 0
47 15422 -1 6 865146 0.46987 -0.0934 40306.5 25882.7 160209 160183 -1
47 398 5315003 6 -1 0.28636 0.01632 172122 205302 130041 120056 0
47 398 -1 6 236749 -0.53926 0.39021 52760.5 42201.2 160360 160356 -1
48 14614 -1 1 -1 -0.1906 -0.125 58901.6 64233 -1 -1 1
48 14614 -1 1 256289 0.25104 -0.15303 58793.3 63685.4 160130 160105 -1
48 172 -1 1 -1 -0.0726 0.1843 66889.9 51931.9 -1 -1 1
48 172 -1 1 58878 0.35302 0.46102 69177.4 53953.8 160274 160220 -1
48 14614 -1 1 -1 -0.1906 -0.125 58901.6 64233 -1 -1 1
48 14614 -1 1 256289 0.25104 -0.15303 58793.3 63685.4 160130 160105 -1
48 172 -1 1 -1 -0.0726 0.1843 66889.9 51931.9 -1 -1 1
48 172 -1 1 58878 0.35302 0.46102 69177.4 53953.8 160274 160220 -1
48 14614 -1 1 -1 -0.1906 -0.125 58901.6 64233 -1 -1 1
48 14614 -1 1 256289 0.25104 -0.15303 58793.3 63685.4 160130 160105 -1
48 172 -1 1 -1 -0.0726 0.1843 66889.9 51931.9 -1 -1 1
48 172 -1 1 58878 0.35302 0.46102 69177.4 53953.8 160274 160220 -1
48 14614 -1 1 -1 -0.1906 -0.125 58901.6 64233 -1 -1 1
48 14614 -1 1 256289 0.25104 -0.15303 58793.3 63685.4 160130 160105 -1
48 172 -1 1 -1 -0.0726 0.1843 66889.9 51931.9 -1 -1 1
48 172 -1 1 58878 0.35302 0.46102 69177.4 53953.8 160274 160220 -1
48 12513 -1 2 -1 0.67 0.0206 31279.3 63812 -1 -1 1
48 12513 -1 2 248014 0.60165 -0.31579 33072.4 65813.1 160217 160127 -1
48 12513 -1 2 -1 0.67 0.0206 31279.3 63812 -1 -1 1
48 12513 -1 2 248014 0.60165 -0.31579 33072.4 65813.1 160217 160127 -1
48 12513 -1 2 -1 0.67 0.0206 31279.3 63812 -1 -1 1
48 12513 -1 2 248014 0.60165 -0.31579 33072.4 65813.1 160217 160127 -1
48 12513 -1 2 -1 0.67 0.0206 31279.3 63812 -1 -1 1
48 12513 -1 2 248014 0.60165 -0.31579 33072.4 65813.1 160217 160127 -1
48 6303 2705339 3 -1 -0.21329 0.22519 89120.4 134906 80007 90017 0
48 6303 -1 3 518221 0.44383 -0.19079 88936.8 56428.6 160243 160205 -1
48 9684 3723274 3 -1 -0.16875 0.34727 95830.7 111393 110022 110017 0
48 9684 -1 3 1298151 0.38727 -0.27765 96205.4 32836.9 160177 160138 -1
48 14992 -1 3 -1 -0.1803 -0.2354 52971.6 40700.8 -1 -1 1
48 14992 -1 3 462982 0.21578 -0.0978 52402.5 41625.5 160148 160135 -1
48 6303 2705339 3 -1 -0.21329 0.22519 89120.4 134906 80007 90017 0
48 6303 -1 3 518221 0.44383 -0.19079 88936.8 56428.6 160243 160205 -1
48 9684 3723274 3 -1 -0.16875 0.34727 95830.7 111393 110022 110017 0
48 9684 -1 3 1298151 0.38727 -0.27765 96205.4 32836.9 160177 160138 -1
48 14992 -1 3 -1 -0.1803 -0.2354 52971.6 40700.8 -1 -1 1
48 14992 -1 3 462982 0.21578 -0.0978 52402.5 41625.5 160148 160135 -1
48 6303 2705339 3 -1 -0.21329 0.22519 89120.4 134906 80007 90017 0
48 6303 -1 3 518221 0.44383 -0.19079 88936.8 56428.6 160243 160205 -1
48 9684 3723274 3 -1 -0.16875 0.34727 95830.7 111393 110022 110017 0
48 9684 -1 3 1298151 0.38727 -0.27765 96205.4 32836.9 160177 160138 -1
48 14992 -1 3 -1 -0.1803 -0.2354 52971.6 40700.8 -1 -1 1
48 14992 -1 3 462982 0.21578 -0.0978 52402.5 41625.5 160148 160135 -1
48 6303 2705339 3 -1 -0.21329 0.22519 89120.4 134906 80007 90017 0
48 6303 -1 3 518221 0.44383 -0.19079 88936.8 56428.6 160243 160205 -1
48 9684 3723274 3 -1 -0.16875 0.34727 95830.7 111393 110022 110017 0
48 9684 -1 3 1298151 0.38727 -0.27765 96205.4 32836.9 160177 160138 -1
48 14992 -1 3 -1 -0.1803 -0.2354 52971.6 40700.8 -1 -1 1
48 14992 -1 3 462982 0.21578 -0.0978 52402.5 41625.5 160148 160135 -1
48 15422 -1 6 -1 0.1793 -0.2354 41427.7 33655.4 -1 -1 1
48 15422 -1 6 424768 0.11781 0.67505 41901.1 33644.9 160227 160258 -1
48 398 -1 6 -1 0.2865 0.0149 51533.2 51222.8 -1 -1 1
48 398 -1 6 471888 -0.54271 0.383 52159.1 48934 160280 160301 -1
48 15422 -1 6 -1 0.1793 -0.2354 41427.7 33655.4 -1 -1 1
48 15422 -1 6 424768 0.11781 0.67505 41901.1 33644.9 160227 160258 -1
48 398 -1 6 -1 0.2865 0.0149 51533.2 51222.8 -1 -1 1
48 398 -1 6 471888 -0.54271 0.383 52159.1 48934 160280 160301 -1
48 15422 -1 6 -1 0.1793 -0.2354 41427.7 33655.4 -1 -1 1
48 15422 -1 6 424768 0.11781 0.67505 41901.1 33644.9 160227 160258 -1
48 398 -1 6 -1 0.2865 0.0149 51533.2 51222.8 -1 -1 1
48 398 -1 6 471888 -0.54271 0.383 52159.1 48934 160280 160301 -1
48 15422 -1 6 -1 0.1793 -0.2354 41427.7 33655.4 -1 -1 1
48 15422 -1 6 424768 0.11781 0.67505 41901.1 33644.9 160227 160258 -1
48 398 -1 6 -1 0.2865 0.0149 51533.2 51222.8 -1 -1 1
48 398 -1 6 471888 -0.54271 0.383 52159.1 48934 160280 160301 -1
49 14614 -1 1 -1 -0.1909 -0.1246 59853.1 64358.9 -1 -1 1
49 14614 -1 1 1173111 0.06331 -0.61716 62382.6 66173.2 160237 160233 -1
49 14614 -1 1 -1 -0.1909 -0.1246 59853.1 64358.9 -1 -1 1
49 14614 -1 1 1173111 0.06331 -0.61716 62382.6 66173.2 160237 160233 -1
49 14614 -1 1 -1 -0.1909 -0.1246 59853.1 64358.9 -1 -1 1
49 14614 -1 1 1173111 0.06331 -0.61716 62382.6 66173.2 160237 160233 -1
49 14614 -1 1 -1 -0.1909 -0.1246 59853.1 64358.9 -1 -1 1
49 14614 -1 1 1173111 0.06331 -0.61716 62382.6 66173.2 160237 160233 -1
49 6303 -1 3 -1 -0.2121 0.2263 89621.8 58247.9 -1 -1 1
49 6303 -1 3 913730 -0.14138 -0.59529 88525.7 55362.6 160217 160225 -1
49 9684 -1 3 -1 -0.1669 0.3481 96175.2 34599 -1 -1 1
49 9684 -1 3 859164 -0.25182 0.24429 95591.5 33994.4 160212 160184 -1
49 6303 -1 3 -1 -0.2121 0.2263 89621.8 58247.9 -1 -1 1
49 6303 -1 3 913730 -0.14138 -0.59529 88525.7 55362.6 160217 160225 -1
49 9684 -1 3 -1 -0.1669 0.3481 96175.2 34599 -1 -1 1
49 9684 -1 3 859164 -0.25182 0.24429 95591.5 33994.4 160212 160184 -1
49 6303 -1 3 -1 -0.2121 0.2263 89621.8 58247.9 -1 -1 1
49 6303 -1 3 913730 -0.14138 -0.59529 88525.7 55362.6 160217 160225 -1
49 9684 -1 3 -1 -0.1669 0.3481 96175.2 34599 -1 -1 1
49 9684 -1 3 859164 -0.25182 0.24429 95591.5 33994.4 160212 160184 -1
49 6303 -1 3 -1 -0.2121 0.2263 89621.8 58247.9 -1 -1 1
49 6303 -1 3 913730 -0.14138 -0.59529 88525.7 55362.6 160217 160225 -1
49 9684 -1 3 -1 -0.1669 0.3481 96175.2 34599 -1 -1 1
49 9684 -1 3 859164 -0.25182 0.24429 95591.5 33994.4 160212 160184 -1
49 10238 6553449 5 -1 0.37059 0.36966 124740 190817 100019 90014 0
49 10238 -1 5 849981 0.42768 -0.67693 124249 31992.5 160234 160223 -1
49 10238 6553449 5 -1 0.37059 0.36966 124740 190817 100019 90014 0
49 10238 -1 5 849981 0.42768 -0.67693 124249 31992.5 160234 160223 -1
49 10238 6553449 5 -1 0.37059 0.36966 124740 190817 100019 90014 0
49 10238 -1 5 849981 0.42768 -0.67693 124249 31992.5 160234 160223 -1
49 10238 6553449 5 -1 0.37059 0.36966 124740 190817 100019 90014 0
49 10238 -1 5 849981 0.42768 -0.67693 124249 31992.5 160234 160223 -1
49 15422 -1 6 -1 0.1801 -0.2348 40044.4 27849.6 -1 -1 1
49 15422 -1 6 411773 0.10248 -0.39647 40664.5 26912.7 160203 160139 -1
49 398 -1 6 -1 0.2864 0.0159 50000.1 45251 -1 -1 1
49 398 -1 6 462388 -0.53806 0.36446 51440.2 42848.2 160294 160259 -1
49 15422 -1 6 -1 0.1801 -0.2348 40044.4 27849.6 -1 -1 1
49 15422 -1 6 411773 0.10248 -0.39647 40664.5 26912.7 160203 160139 -1
49 398 -1 6 -1 0.2864 0.0159 50000.1 45251 -1 -1 1
49 398 -1 6 462388 -0.53806 0.36446 51440.2 42848.2 160294 160259 -1
49 15422 -1 6 -1 0.1801 -0.2348 40044.4 27849.6 -1 -1 1
49 15422 -1 6 411773 0.10248 -0.39647 40664.5 26912.7 160203 160139 -1
49 398 -1 6 -1 0.2864 0.0159 50000.1 45251 -1 -1 1
49 398 -1 6 462388 -0.53806 0.36446 51440.2 42848.2 160294 160259 -1
49 15422 -1 6 -1 0.1801 -0.2348 40044.4 27849.6 -1 -1 1
49 15422 -1 6 411773 0.10248 -0.39647 40664.5 26912.7 160203 160139 -1
49 398 -1 6 -1 0.2864 0.0159 50000.1 45251 -1 -1 1
49 398 -1 6 462388 -0.53806 0.36446 51440.2 42848.2 160294 160259 -1
50 6303 -1 3 -1 -0.212 0.2262 89722.6 55304 -1 -1 1
50 6303 -1 3 47208 0.13962 -0.06567 90454.6 55740.1 160052 160066 -1
50 9684 -1 3 -1 -0.1664 0.3471 96106.1 31220.9 -1 -1 1
50 9684 -1 3 192660 0.35365 0.15258 94546.1 28461 160185 160184 -1
50 6303 -1 3 -1 -0.212 0.2262 89722.6 55304 -1 -1 1
50 6303 -1 3 47208 0.13962 -0.06567 90454.6 55740.1 160052 160066 -1
50 9684 -1 3 -1 -0.1664 0.3471 96106.1 31220.9 -1 -1 1
50 9684 -1 3 192660 0.35365 0.15258 94546.1 28461 160185 160184 -1
50 6303 -1 3 -1 -0.212 0.2262 89722.6 55304 -1 -1 1
50 6303 -1 3 47208 0.13962 -0.06567 90454.6 55740.1 160052 160066 -1
50 9684 -1 3 -1 -0.1664 0.3471 96106.1 31220.9 -1 -1 1
50 9684 -1 3 192660 0.35365 0.15258 94546.1 28461 160185 160184 -1
50 6303 -1 3 -1 -0.212 0.2262 89722.6 55304 -1 -1 1
50 6303 -1 3 47208 0.13962 -0.06567 90454.6 55740.1 160052 160066 -1
50 9684 -1 3 -1 -0.1664 0.3471 96106.1 31220.9 -1 -1 1
50 9684 -1 3 192660 0.35365 0.15258 94546.1 28461 160185 160184 -1
50 1208 3479762 4 -1 0.04313 -0.14324 173542 99160.4 120026 110020 0
50 1208 -1 4 164076 0.07265 -0.02003 53607 19242.6 160096 160063 -1
50 12135 4158155 4 -1 -0.18197 -0.71972 198786 108741 90009 140052 0
50 12135 -1 4 645272 0.02221 0.1635 78867.7 30463.1 160233 160229 -1
50 1208 3479762 4 -1 0.04313 -0.14324 173542 99160.4 120026 110020 0
50 1208 -1 4 164076 0.07265 -0.02003 53607 19242.6 160096 160063 -1
50 12135 4158155 4 -1 -0.18197 -0.71972 198786 108741 90009 140052 0
50 12135 -1 4 645272 0.02221 0.1635 78867.7 30463.1 160233 160229 -1
50 1208 3479762 4 -1 0.04313 -0.14324 173542 99160.4 120026 110020 0
50 1208 -1 4 164076 0.07265 -0.02003 53607 19242.6 160096 160063 -1
50 12135 4158155 4 -1 -0.18197 -0.71972 198786 108741 90009 140052 0
50 12135 -1 4 645272 0.02221 0.1635 78867.7 30463.1 160233 160229 -1
50 1208 3479762 4 -1 0.04313 -0.14324 173542 99160.4 120026 110020 0
50 1208 -1 4 164076 0.07265 -0.02003 53607 19242.6 160096 160063 -1
50 12135 4158155 4 -1 -0.18197 -0.71972 198786 108741 90009 140052 0
50 12135 -1 4 645272 0.02221 0.1635 78867.7 30463.1 160233 160229 -1
50 10238 -1 5 -1 0.3723 0.3682 122007 29298.4 -1 -1 1
50 10238 -1 5 402279 0.0823 -0.51104 121326 26715 160153 160147 -1
50 10238 -1 5 -1 0.3723 0.3682 122007 29298.4 -1 -1 1
50 10238 -1 5 402279 0.0823 -0.51104 121326 26715 160153 160147 -1
50 10238 -1 5 -1 0.3723 0.3682 122007 29298.4 -1 -1 1
50 10238 -1 5 402279 0.0823 -0.51104 121326 26715 160153 160147 -1
50 10238 -1 5 -1 0.3723 0.3682 122007 29298.4 -1 -1 1
50 10238 -1 5 402279 0.0823 -0.51104 121326 26715 160153 160147 -1
50 15422 -1 6 -1 0.1783 -0.2354 38654.1 28891.2 -1 -1 1
50 15422 -1 6 418515 0.40418 0.08612 37720.7 28239.8 160149 160100 -1
50 398 -1 6 -1 0.2858 0.0145 48415.4 45453 -1 -1 1
50 398 -1 6 238620 -0.22338 0.25434 49876.7 42952.5 160166 160169 -1
50 15422 -1 6 -1 0.1783 -0.2354 38654.1 28891.2 -1 -1 1
50 15422 -1 6 418515 0.40418 0.08612 37720.7 28239.8 160149 160100 -1
50 398 -1 6 -1 0.2858 0.0145 48415.4 45453 -1 -1 1
50 398 -1 6 238620 -0.22338 0.25434 49876.7 42952.5 160166 160169 -1
50 15422 -1 6 -1 0.1783 -0.2354 38654.1 28891.2 -1 -1 1
50 15422 -1 6 418515 0.40418 0.08612 37720.7 28239.8 160149 160100 -1
50 398 -1 6 -1 0.2858 0.0145 48415.4 45453 -1 -1 1
50 398 -1 6 238620 -0.22338 0.25434 49876.7 42952.5 160166 160169 -1
50 15422 -1 6 -1 0.1783 -0.2354 38654.1 28891.2 -1 -1 1
50 15422 -1 6 418515 0.40418 0.08612 37720.7 28239.8 160149 160100 -1
50 398 -1 6 -1 0.2858 0.0145 48415.4 45453 -1 -1 1
50 398 -1 6 238620 -0.22338 0.25434 49876.7 42952.5 160166 160169 -1
51 6303 -1 3 -1 -0.2116 0.2267 89937.7 54557 -1 -1 1
51 6303 -1 3 466308 0.07891 -0.50606 88401.6 55052.1 160235 160157 -1
51 9684 -1 3 -1 -0.1665 0.3479 96266.5 30367.6 -1 -1 1
51 9684 -1 3 192694 0.05513 -0.51564 98803.7 30352 160262 160244 -1
51 6303 -1 3 -1 -0.2116 0.2267 89937.7 54557 -1 -1 1
51 6303 -1 3 466308 0.07891 -0.50606 88401.6 55052.1 160235 160157 -1
51 9684 -1 3 -1 -0.1665 0.3479 96266.5 30367.6 -1 -1 1
51 9684 -1 3 192694 0.05513 -0.51564 98803.7 30352 160262 160244 -1
51 6303 -1 3 -1 -0.2116 0.2267 89937.7 54557 -1 -1 1
51 6303 -1 3 466308 0.07891 -0.50606 88401.6 55052.1 160235 160157 -1
51 9684 -1 3 -1 -0.1665 0.3479 96266.5 30367.6 -1 -1 1
51 9684 -1 3 192694 0.05513 -0.51564 98803.7 30352 160262 160244 -1
51 6303 -1 3 -1 -0.2116 0.2267 89937.7 54557 -1 -1 1
51 6303 -1 3 466308 0.07891 -0.50606 88401.6 55052.1 160235 160157 -1
51 9684 -1 3 -1 -0.1665 0.3479 96266.5 30367.6 -1 -1 1
51 9684 -1 3 192694 0.05513 -0.51564 98803.7 30352 160262 160244 -1
51 1208 -1 4 -1 0.0421 -0.1436 54459.7 18732.2 -1 -1 1
51 1208 -1 4 165140 0.26291 -0.19943 53722.7 17572.9 160164 160157 -1
51 12135 -1 4 -1 -0.1872 -0.7185 79963.5 28606.8 -1 -1 1
51 12135 -1 4 415488 -0.03212 0.11361 80335.6 28897.2 160089 160085 -1
51 1208 -1 4 -1 0.0421 -0.1436 54459.7 18732.2 -1 -1 1
51 1208 -1 4 165140 0.26291 -0.19943 53722.7 17572.9 160164 160157 -1
51 12135 -1 4 -1 -0.1872 -0.7185 79963.5 28606.8 -1 -1 1
51 12135 -1 4 415488 -0.03212 0.11361 80335.6 28897.2 160089 160085 -1
51 1208 -1 4 -1 0.0421 -0.1436 54459.7 18732.2 -1 -1 1
51 1208 -1 4 165140 0.26291 -0.19943 53722.7 17572.9 160164 160157 -1
51 12135 -1 4 -1 -0.1872 -0.7185 79963.5 28606.8 -1 -1 1
51 12135 -1 4 415488 -0.03212 0.11361 80335.6 28897.2 160089 160085 -1
51 1208 -1 4 -1 0.0421 -0.1436 54459.7 18732.2 -1 -1 1
51 1208 -1 4 165140 0.26291 -0.19943 53722.7 17572.9 160164 160157 -1
51 12135 -1 4 -1 -0.1872 -0.7185 79963.5 28606.8 -1 -1 1
51 12135 -1 4 415488 -0.03212 0.11361 80335.6 28897.2 160089 160085 -1
51 10238 -1 5 -1 0.3741 0.3658 123079 28212.1 -1 -1 1
51 10238 -1 5 188527 -0.01229 -0.15725 123577 30381.5 160142 160087 -1
51 10238 -1 5 -1 0.3741 0.3658 123079 28212.1 -1 -1 1
51 10238 -1 5 188527 -0.01229 -0.15725 123577 30381.5 160142 160087 -1
51 10238 -1 5 -1 0.3741 0.3658 123079 28212.1 -1 -1 1
51 10238 -1 5 188527 -0.01229 -0.15725 123577 30381.5 160142 160087 -1
51 10238 -1 5 -1 0.3741 0.3658 123079 28212.1 -1 -1 1
51 10238 -1 5 188527 -0.01229 -0.15725 123577 30381.5 160142 160087 -1
52 7767 2274554 2 -1 -0.02201 -0.10952 183017 67616.4 160079 160063 0
52 7767 -1 2 1617394 0.12103 0.60323 62298.1 66541.7 160211 160254 -1
52 7767 2274554 2 -1 -0.02201 -0.10952 183017 67616.4 160079 160063 0
52 7767 -1 2 1617394 0.12103 0.60323 62298.1 66541.7 160211 160254 -1
52 7767 2274554 2 -1 -0.02201 -0.10952 183017 67616.4 160079 160063 0
52 7767 -1 2 1617394 0.12103 0.60323 62298.1 66541.7 160211 160254 -1
52 7767 2274554 2 -1 -0.02201 -0.10952 183017 67616.4 160079 160063 0
52 7767 -1 2 1617394 0.12103 0.60323 62298.1 66541.7 160211 160254 -1
52 13159 3495832 3 -1 -0.0014 0.17329 129864 108087 120043 140054 0
52 13159 -1 3 422497 -0.54534 0.29445 129573 30529.8 160209 160209 -1
52 5797 3073538 3 -1 0.17362 -0.00119 107713 115455 150064 120036 0
52 5797 -1 3 656661 -0.52942 -0.07024 108186 36409.8 160232 160232 -1
52 13159 3495832 3 -1 -0.0014 0.17329 129864 108087 120043 140054 0
52 13159 -1 3 422497 -0.54534 0.29445 129573 30529.8 160209 160209 -1
52 5797 3073538 3 -1 0.17362 -0.00119 107713 115455 150064 120036 0
52 5797 -1 3 656661 -0.52942 -0.07024 108186 36409.8 160232 160232 -1
52 13159 3495832 3 -1 -0.0014 0.17329 129864 108087 120043 140054 0
52 13159 -1 3 422497 -0.54534 0.29445 129573 30529.8 160209 160209 -1
52 5797 3073538 3 -1 0.17362 -0.00119 107713 115455 150064 120036 0
52 5797 -1 3 656661 -0.52942 -0.07024 108186 36409.8 160232 160232 -1
52 13159 3495832 3 -1 -0.0014 0.17329 129864 108087 120043 140054 0
52 13159 -1 3 422497 -0.54534 0.29445 129573 30529.8 160209 160209 -1
52 5797 3073538 3 -1 0.17362 -0.00119 107713 115455 150064 120036 0
52 5797 -1 3 656661 -0.52942 -0.07024 108186 36409.8 160232 160232 -1
52 1208 -1 4 -1 0.0426 -0.1435 55295.1 20085.8 -1 -1 1
52 1208 -1 4 182388 -0.341 -0.26442 58143 17392.1 160266 160213 -1
52 12135 -1 4 -1 -0.1851 -0.7194 81362 31533.9 -1 -1 1
52 12135 -1 4 628458 -0.37875 -0.41464 79455.7 30190.6 160267 160177 -1
52 1208 -1 4 -1 0.0426 -0.1435 55295.1 20085.8 -1 -1 1
52 1208 -1 4 182388 -0.341 -0.26442 58143 17392.1 160266 160213 -1
52 12135 -1 4 -1 -0.1851 -0.7194 81362 31533.9 -1 -1 1
52 12135 -1 4 628458 -0.37875 -0.41464 79455.7 30190.6 160267 160177 -1
52 1208 -1 4 -1 0.0426 -0.1435 55295.1 20085.8 -1 -1 1
52 1208 -1 4 182388 -0.341 -0.26442 58143 17392.1 160266 160213 -1
52 12135 -1 4 -1 -0.1851 -0.7194 81362 31533.9 -1 -1 1
52 12135 -1 4 628458 -0.37875 -0.41464 79455.7 30190.6 160267 160177 -1
52 1208 -1 4 -1 0.0426 -0.1435 55295.1 20085.8 -1 -1 1
52 1208 -1 4 182388 -0.341 -0.26442 58143 17392.1 160266 160213 -1
52 12135 -1 4 -1 -0.1851 -0.7194 81362 31533.9 -1 -1 1
52 12135 -1 4 628458 -0.37875 -0.41464 79455.7 30190.6 160267 160177 -1
52 10238 -1 5 -1 0.3725 0.3672 122243 27892.4 -1 -1 1
52 10238 -1 5 409140 0.14652 0.3278 122517 28951.4 160140 160140 -1
52 10238 -1 5 -1 0.3725 0.3672 122243 27892.4 -1 -1 1
52 10238 -1 5 409140 0.14652 0.3278 122517 28951.4 160140 160140 -1
52 10238 -1 5 -1 0.3725 0.3672 122243 27892.4 -1 -1 1
52 10238 -1 5 409140 0.14652 0.3278 122517 28951.4 160140 160140 -1
52 10238 -1 5 -1 0.3725 0.3672 122243 27892.4 -1 -1 1
52 10238 -1 5 409140 0.14652 0.3278 122517 28951.4 160140 160140 -1
52 6739 6529935 6 -1 0.31265 -0.05719 190040 169153 120038 130039 0
52 6739 -1 6 359443 0.44237 -0.37293 70820.9 7967.18 160241 160274 -1
52 6739 6529935 6 -1 0.31265 -0.05719 190040 169153 120038 130039 0
52 6739 -1 6 359443 0.44237 -0.37293 70820.9 7967.18 160241 160274 -1
52 6739 6529935 6 -1 0.31265 -0.05719 190040 169153 120038 130039 0
52 6739 -1 6 359443 0.44237 -0.37293 70820.9 7967.18 160241 160274 -1
52 6739 6529935 6 -1 0.31265 -0.05719 190040 169153 120038 130039 0
52 6739 -1 6 359443 0.44237 -0.37293 70820.9 7967.18 160241 160274 -1
53 7767 -1 2 -1 -0.0219 -0.1095 61851 66537.6 -1 -1 1
53 7767 -1 2 313777 -0.30229 0.08285 61248.6 66290.7 160266 160217 -1
53 7767 -1 2 -1 -0.0219 -0.1095 61851 66537.6 -1 -1 1
53 7767 -1 2 313777 -0.30229 0.08285 61248.6 66290.7 160266 160217 -1
53 7767 -1 2 -1 -0.0219 -0.1095 61851 66537.6 -1 -1 1
53 7767 -1 2 313777 -0.30229 0.08285 61248.6 66290.7 160266 160217 -1
53 7767 -1 2 -1 -0.0219 -0.1095 61851 66537.6 -1 -1 1
53 7767 -1 2 313777 -0.30229 0.08285 61248.6 66290.7 160266 160217 -1
53 5797 -1 3 -1 0.1737 -0.0016 106989 35817.5 -1 -1 1
53 5797 -1 3 1309964 -0.20466 -0.49186 107834 35525.3 160210 160186 -1
53 5797 -1 3 -1 0.1737 -0.0016 106989 35817.5 -1 -1 1
53 5797 -1 3 1309964 -0.20466 -0.49186 107834 35525.3 160210 160186 -1
53 5797 -1 3 -1 0.1737 -0.0016 106989 35817.5 -1 -1 1
53 5797 -1 3 1309964 -0.20466 -0.49186 107834 35525.3 160210 160186 -1
53 5797 -1 3 -1 0.1737 -0.0016 106989 35817.5 -1 -1 1
53 5797 -1 3 1309964 -0.20466 -0.49186 107834 35525.3 160210 160186 -1
53 1208 -1 4 -1 0.0429 -0.1433 54073.1 19646.4 -1 -1 1
53 1208 -1 4 174649 -0.22443 0.50021 55481.6 18834.6 160296 160262 -1
53 12135 -1 4 -1 -0.1841 -0.72 80310.9 31615 -1 -1 1
53 12135 -1 4 425021 -0.58731 -0.36725 80769.5 31261.3 160303 160253 -1
53 13159 -1 4 -1 -0.0008 0.1733 8900.7 28041.6 -1 -1 1
53 13159 -1 4 212346 0.39916 -0.08846 8866.87 29030.7 160145 160150 -1
53 16271 4546432 4 -1 -0.24417 0.14888 150820 92284.9 110050 110036 0
53 16271 -1 4 132028 0.41568 -0.38491 31419.9 11048.5 160278 160206 -1
53 5701 4347704 4 -1 -0.02349 -0.02413 130698 95540.4 90017 160077 0
53 5701 -1 4 574450 -0.14613 -0.40733 9453.43 15953.9 160205 160172 -1
53 1208 -1 4 -1 0.0429 -0.1433 54073.1 19646.4 -1 -1 1
53 1208 -1 4 174649 -0.22443 0.50021 55481.6 18834.6 160296 160262 -1
53 12135 -1 4 -1 -0.1841 -0.72 80310.9 31615 -1 -1 1
53 12135 -1 4 425021 -0.58731 -0.36725 80769.5 31261.3 160303 160253 -1
53 13159 -1 4 -1 -0.0008 0.1733 8900.7 28041.6 -1 -1 1
53 13159 -1 4 212346 0.39916 -0.08846 8866.87 29030.7 160145 160150 -1
53 16271 4546432 4 -1 -0.24417 0.14888 150820 92284.9 110050 110036 0
53 16271 -1 4 132028 0.41568 -0.38491 31419.9 11048.5 160278 160206 -1
53 5701 4347704 4 -1 -0.02349 -0.02413 130698 95540.4 90017 160077 0
53 5701 -1 4 574450 -0.14613 -0.40733 9453.43 15953.9 160205 160172 -1
53 1208 -1 4 -1 0.0429 -0.1433 54073.1 19646.4 -1 -1 1
53 1208 -1 4 174649 -0.22443 0.50021 55481.6 18834.6 160296 160262 -1
53 12135 -1 4 -1 -0.1841 -0.72 80310.9 31615 -1 -1 1
53 12135 -1 4 425021 -0.58731 -0.36725 80769.5 31261.3 160303 160253 -1
53 13159 -1 4 -1 -0.0008 0.1733 8900.7 28041.6 -1 -1 1
53 13159 -1 4 212346 0.39916 -0.08846 8866.87 29030.7 160145 160150 -1
53 16271 4546432 4 -1 -0.24417 0.14888 150820 92284.9 110050 110036 0
53 16271 -1 4 132028 0.41568 -0.38491 31419.9 11048.5 160278 160206 -1
53 5701 4347704 4 -1 -0.02349 -0.02413 130698 95540.4 90017 160077 0
53 5701 -1 4 574450 -0.14613 -0.40733 9453.43 15953.9 160205 160172 -1
53 1208 -1 4 -1 0.0429 -0.1433 54073.1 19646.4 -1 -1 1
53 1208 -1 4 174649 -0.22443 0.50021 55481.6 18834.6 160296 160262 -1
53 12135 -1 4 -1 -0.1841 -0.72 80310.9 31615 -1 -1 1
53 12135 -1 4 425021 -0.58731 -0.36725 80769.5 31261.3 160303 160253 -1
53 13159 -1 4 -1 -0.0008 0.1733 8900.7 28041.6 -1 -1 1
53 13159 -1 4 212346 0.39916 -0.08846 8866.87 29030.7 160145 160150 -1
53 16271 4546432 4 -1 -0.24417 0.14888 150820 92284.9 110050 110036 0
53 16271 -1 4 132028 0.41568 -0.38491 31419.9 11048.5 160278 160206 -1
53 5701 4347704 4 -1 -0.02349 -0.02413 130698 95540.4 90017 160077 0
53 5701 -1 4 574450 -0.14613 -0.40733 9453.43 15953.9 160205 160172 -1
53 6739 -1 6 -1 0.3125 -0.0585 69114.4 7576.5 -1 -1 1
53 6739 -1 6 332966 0.14637 -0.7101 69204.2 7879.19 160297 160270 -1
53 6739 -1 6 -1 0.3125 -0.0585 69114.4 7576.5 -1 -1 1
53 6739 -1 6 332966 0.14637 -0.7101 69204.2 7879.19 160297 160270 -1
53 6739 -1 6 -1 0.3125 -0.0585 69114.4 7576.5 -1 -1 1
53 6739 -1 6 332966 0.14637 -0.7101 69204.2 7879.19 160297 160270 -1
53 6739 -1 6 -1 0.3125 -0.0585 69114.4 7576.5 -1 -1 1
53 6739 -1 6 332966 0.14637 -0.7101 69204.2 7879.19 160297 160270 -1
54 7767 -1 2 -1 -0.0218 -0.1094 60356 66844.7 -1 -1 1
54 7767 -1 2 754470 0.09564 -0.17458 60901.3 67444.1 160116 160128 -1
54 7767 -1 2 -1 -0.0218 -0.1094 60356 66844.7 -1 -1 1
54 7767 -1 2 754470 0.09564 -0.17458 60901.3 67444.1 160116 160128 -1
54 7767 -1 2 -1 -0.0218 -0.1094 60356 66844.7 -1 -1 1
54 7767 -1 2 754470 0.09564 -0.17458 60901.3 67444.1 160116 160128 -1
54 7767 -1 2 -1 -0.0218 -0.1094 60356 66844.7 -1 -1 1
54 7767 -1 2 754470 0.09564 -0.17458 60901.3 67444.1 160116 160128 -1
54 5797 -1 3 -1 0.1735 -0.0025 105092 36395.5 -1 -1 1
54 5797 -1 3 434834 -0.28247 0.09648 104361 36707.2 160215 160147 -1
54 5797 -1 3 -1 0.1735 -0.0025 105092 36395.5 -1 -1 1
54 5797 -1 3 434834 -0.28247 0.09648 104361 36707.2 160215 160147 -1
54 5797 -1 3 -1 0.1735 -0.0025 105092 36395.5 -1 -1 1
54 5797 -1 3 434834 -0.28247 0.09648 104361 36707.2 160215 160147 -1
54 5797 -1 3 -1 0.1735 -0.0025 105092 36395.5 -1 -1 1
54 5797 -1 3 434834 -0.28247 0.09648 104361 36707.2 160215 160147 -1
54 13159 -1 4 -1 0.0001 0.1733 7103.3 28348.1 -1 -1 1
54 13159 -1 4 211369 0.01176 0.02522 6610.19 27991.2 160078 160089 -1
54 16271 -1 4 -1 -0.2432 0.1505 29240.2 13268.3 -1 -1 1
54 16271 -1 4 154524 0.06231 -0.34295 29470.2 12575.9 160104 160124 -1
54 5701 -1 4 -1 -0.0236 -0.024 8498.1 17185.2 -1 -1 1
54 5701 -1 4 593231 0.24352 -0.51928 8742.89 16321.4 160251 160245 -1
54 13159 -1 4 -1 0.0001 0.1733 7103.3 28348.1 -1 -1 1
54 13159 -1 4 211369 0.01176 0.02522 6610.19 27991.2 160078 160089 -1
54 16271 -1 4 -1 -0.2432 0.1505 29240.2 13268.3 -1 -1 1
54 16271 -1 4 154524 0.06231 -0.34295 29470.2 12575.9 160104 160124 -1
54 5701 -1 4 -1 -0.0236 -0.024 8498.1 17185.2 -1 -1 1
54 5701 -1 4 593231 0.24352 -0.51928 8742.89 16321.4 160251 160245 -1
54 13159 -1 4 -1 0.0001 0.1733 7103.3 28348.1 -1 -1 1
54 13159 -1 4 211369 0.01176 0.02522 6610.19 27991.2 160078 160089 -1
54 16271 -1 4 -1 -0.2432 0.1505 29240.2 13268.3 -1 -1 1
54 16271 -1 4 154524 0.06231 -0.34295 29470.2 12575.9 160104 160124 -1
54 5701 -1 4 -1 -0.0236 -0.024 8498.1 17185.2 -1 -1 1
54 5701 -1 4 593231 0.24352 -0.51928 8742.89 16321.4 160251 160245 -1
54 13159 -1 4 -1 0.0001 0.1733 7103.3 28348.1 -1 -1 1
54 13159 -1 4 211369 0.01176 0.02522 6610.19 27991.2 160078 160089 -1
54 16271 -1 4 -1 -0.2432 0.1505 29240.2 13268.3 -1 -1 1
54 16271 -1 4 154524 0.06231 -0.34295 29470.2 12575.9 160104 160124 -1
54 5701 -1 4 -1 -0.0236 -0.024 8498.1 17185.2 -1 -1 1
54 5701 -1 4 593231 0.24352 -0.51928 8742.89 16321.4 160251 160245 -1
54 6739 -1 6 -1 0.3122 -0.0603 66556.7 7907.8 -1 -1 1
54 6739 -1 6 342171 0.47028 0.25721 66785.3 10497.4 160261 160187 -1
54 6739 -1 6 -1 0.3122 -0.0603 66556.7 7907.8 -1 -1 1
54 6739 -1 6 342171 0.47028 0.25721 66785.3 10497.4 160261 160187 -1
54 6739 -1 6 -1 0.3122 -0.0603 66556.7 7907.8 -1 -1 1
54 6739 -1 6 342171 0.47028 0.25721 66785.3 10497.4 160261 160187 -1
54 6739 -1 6 -1 0.3122 -0.0603 66556.7 7907.8 -1 -1 1
54 6739 -1 6 342171 0.47028 0.25721 66785.3 10497.4 160261 160187 -1
55 7767 -1 2 -1 -0.0219 -0.1096 61245.2 66961.5 -1 -1 1
55 7767 -1 2 282512 -0.15041 0.52945 60873.3 66585.8 160303 160168 -1
55 7767 -1 2 -1 -0.0219 -0.1096 61245.2 66961.5 -1 -1 1
55 7767 -1 2 282512 -0.15041 0.52945 60873.3 66585.8 160303 160168 -1
55 7767 -1 2 -1 -0.0219 -0.1096 61245.2 66961.5 -1 -1 1
55 7767 -1 2 282512 -0.15041 0.52945 60873.3 66585.8 160303 160168 -1
55 7767 -1 2 -1 -0.0219 -0.1096 61245.2 66961.5 -1 -1 1
55 7767 -1 2 282512 -0.15041 0.52945 60873.3 66585.8 160303 160168 -1
55 5797 -1 3 -1 0.1735 -0.0021 105142 36162.6 -1 -1 1
55 5797 -1 3 429429 -0.52573 -0.42884 105932 35941.3 160251 160158 -1
55 9845 3553092 3 -1 0.3038 0.49626 43883.6 131224 130050 130037 0
55 9845 -1 3 60789 -0.59008 0.2524 41130.2 51880.1 160216 160187 -1
55 5797 -1 3 -1 0.1735 -0.0021 105142 36162.6 -1 -1 1
55 5797 -1 3 429429 -0.52573 -0.42884 105932 35941.3 160251 160158 -1
55 9845 3553092 3 -1 0.3038 0.49626 43883.6 131224 130050 130037 0
55 9845 -1 3 60789 -0.59008 0.2524 41130.2 51880.1 160216 160187 -1
55 5797 -1 3 -1 0.1735 -0.0021 105142 36162.6 -1 -1 1
55 5797 -1 3 429429 -0.52573 -0.42884 105932 35941.3 160251 160158 -1
55 9845 3553092 3 -1 0.3038 0.49626 43883.6 131224 130050 130037 0
55 9845 -1 3 60789 -0.59008 0.2524 41130.2 51880.1 160216 160187 -1
55 5797 -1 3 -1 0.1735 -0.0021 105142 36162.6 -1 -1 1
55 5797 -1 3 429429 -0.52573 -0.42884 105932 35941.3 160251 160158 -1
55 9845 3553092 3 -1 0.3038 0.49626 43883.6 131224 130050 130037 0
55 9845 -1 3 60789 -0.59008 0.2524 41130.2 51880.1 160216 160187 -1
55 13159 -1 4 -1 -0.0009 0.1733 8298.5 27520.4 -1 -1 1
55 13159 -1 4 636514 0.55314 -0.24384 5551.73 27625.2 160248 160239 -1
55 16271 -1 4 -1 -0.244 0.1493 30730.9 12577 -1 -1 1
55 16271 -1 4 149910 -0.62028 -0.43538 33619 15489.1 160355 160313 -1
55 5701 -1 4 -1 -0.0235 -0.0241 9773.3 16526.4 -1 -1 1
55 5701 -1 4 153635 -0.50455 0.16942 7145.48 15046.9 160269 160252 -1
55 13159 -1 4 -1 -0.0009 0.1733 8298.5 27520.4 -1 -1 1
55 13159 -1 4 636514 0.55314 -0.24384 5551.73 27625.2 160248 160239 -1
55 16271 -1 4 -1 -0.244 0.1493 30730.9 12577 -1 -1 1
55 16271 -1 4 149910 -0.62028 -0.43538 33619 15489.1 160355 160313 -1
55 5701 -1 4 -1 -0.0235 -0.0241 9773.3 16526.4 -1 -1 1
55 5701 -1 4 153635 -0.50455 0.16942 7145.48 15046.9 160269 160252 -1
55 13159 -1 4 -1 -0.0009 0.1733 8298.5 27520.4 -1 -1 1
55 13159 -1 4 636514 0.55314 -0.24384 5551.73 27625.2 160248 160239 -1
55 16271 -1 4 -1 -0.244 0.1493 30730.9 12577 -1 -1 1
55 16271 -1 4 149910 -0.62028 -0.43538 33619 15489.1 160355 160313 -1
55 5701 -1 4 -1 -0.0235 -0.0241 9773.3 16526.4 -1 -1 1
55 5701 -1 4 153635 -0.50455 0.16942 7145.48 15046.9 160269 160252 -1
55 13159 -1 4 -1 -0.0009 0.1733 8298.5 27520.4 -1 -1 1
55 13159 -1 4 636514 0.55314 -0.24384 5551.73 27625.2 160248 160239 -1
55 16271 -1 4 -1 -0.244 0.1493 30730.9 12577 -1 -1 1
55 16271 -1 4 149910 -0.62028 -0.43538 33619 15489.1 160355 160313 -1
55 5701 -1 4 -1 -0.0235 -0.0241 9773.3 16526.4 -1 -1 1
55 5701 -1 4 153635 -0.50455 0.16942 7145.48 15046.9 160269 160252 -1
55 6739 -1 6 -1 0.3127 -0.0592 66220.5 7954.8 -1 -1 1
55 6739 -1 6 125498 -0.07136 -0.17516 65120.3 9106.98 160158 160140 -1
55 6739 -1 6 -1 0.3127 -0.0592 66220.5 7954.8 -1 -1 1
55 6739 -1 6 125498 -0.07136 -0.17516 65120.3 9106.98 160158 160140 -1
55 6739 -1 6 -1 0.3127 -0.0592 66220.5 7954.8 -1 -1 1
55 6739 -1 6 125498 -0.07136 -0.17516 65120.3 9106.98 160158 160140 -1
55 6739 -1 6 -1 0.3127 -0.0592 66220.5 7954.8 -1 -1 1
55 6739 -1 6 125498 -0.07136 -0.17516 65120.3 9106.98 160158 160140 -1
56 9845 -1 3 -1 0.3033 0.4957 44420.2 51767.6 -1 -1 1
56 9845 -1 3 48642 -0.02016 -0.16972 44335.8 51016.6 160161 160162 -1
56 9845 -1 3 -1 0.3033 0.4957 44420.2 51767.6 -1 -1 1
56 9845 -1 3 48642 -0.02016 -0.16972 44335.8 51016.6 160161 160162 -1
56 9845 -1 3 -1 0.3033 0.4957 44420.2 51767.6 -1 -1 1
56 9845 -1 3 48642 -0.02016 -0.16972 44335.8 51016.6 160161 160162 -1
56 9845 -1 3 -1 0.3033 0.4957 44420.2 51767.6 -1 -1 1
56 9845 -1 3 48642 -0.02016 -0.16972 44335.8 51016.6 160161 160162 -1
56 3103 4135156 4 -1 -0.07659 -0.14729 176283 94367.5 130067 120029 0
56 3103 -1 4 155054 -0.82044 -0.13546 54125.8 16125.7 160199 160200 -1
56 4536 3993984 4 -1 -0.02457 -0.04067 196871 120880 160097 120040 0
56 4536 -1 4 22379 0.14163 -0.03949 76981.1 42606 160094 160080 -1
56 16271 -1 4 -1 -0.2444 0.1504 31973.2 12927.2 -1 -1 1
56 16271 -1 4 159446 -0.61208 -0.41494 33709.1 15736 160350 160331 -1
56 5701 -1 4 -1 -0.0235 -0.024 10462.9 17344.4 -1 -1 1
56 5701 -1 4 163629 -0.47657 0.16659 9059.08 15380.9 160291 160295 -1
56 3103 4135156 4 -1 -0.07659 -0.14729 176283 94367.5 130067 120029 0
56 3103 -1 4 155054 -0.82044 -0.13546 54125.8 16125.7 160199 160200 -1
56 4536 3993984 4 -1 -0.02457 -0.04067 196871 120880 160097 120040 0
56 4536 -1 4 22379 0.14163 -0.03949 76981.1 42606 160094 160080 -1
56 16271 -1 4 -1 -0.2444 0.1504 31973.2 12927.2 -1 -1 1
56 16271 -1 4 159446 -0.61208 -0.41494 33709.1 15736 160350 160331 -1
56 5701 -1 4 -1 -0.0235 -0.024 10462.9 17344.4 -1 -1 1
56 5701 -1 4 163629 -0.47657 0.16659 9059.08 15380.9 160291 160295 -1
56 3103 4135156 4 -1 -0.07659 -0.14729 176283 94367.5 130067 120029 0
56 3103 -1 4 155054 -0.82044 -0.13546 54125.8 16125.7 160199 160200 -1
56 4536 3993984 4 -1 -0.02457 -0.04067 196871 120880 160097 120040 0
56 4536 -1 4 22379 0.14163 -0.03949 76981.1 42606 160094 160080 -1
56 16271 -1 4 -1 -0.2444 0.1504 31973.2 12927.2 -1 -1 1
56 16271 -1 4 159446 -0.61208 -0.41494 33709.1 15736 160350 160331 -1
56 5701 -1 4 -1 -0.0235 -0.024 10462.9 17344.4 -1 -1 1
56 5701 -1 4 163629 -0.47657 0.16659 9059.08 15380.9 160291 160295 -1
56 3103 4135156 4 -1 -0.07659 -0.14729 176283 94367.5 130067 120029 0
56 3103 -1 4 155054 -0.82044 -0.13546 54125.8 16125.7 160199 160200 -1
56 4536 3993984 4 -1 -0.02457 -0.04067 196871 120880 160097 120040 0
56 4536 -1 4 22379 0.14163 -0.03949 76981.1 42606 160094 160080 -1
56 16271 -1 4 -1 -0.2444 0.1504 31973.2 12927.2 -1 -1 1
56 16271 -1 4 159446 -0.61208 -0.41494 33709.1 15736 160350 160331 -1
56 5701 -1 4 -1 -0.0235 -0.024 10462.9 17344.4 -1 -1 1
56 5701 -1 4 163629 -0.47657 0.16659 9059.08 15380.9 160291 160295 -1
57 6526 2053335 2 -1 0.28383 -0.08617 166675 61067.4 90009 110029 0
57 6526 -1 2 770955 -0.41944 0.10731 45714.9 61442.6 160231 160152 -1
57 6526 2053335 2 -1 0.28383 -0.08617 166675 61067.4 90009 110029 0
57 6526 -1 2 770955 -0.41944 0.10731 45714.9 61442.6 160231 160152 -1
57 6526 2053335 2 -1 0.28383 -0.08617 166675 61067.4 90009 110029 0
57 6526 -1 2 770955 -0.41944 0.10731 45714.9 61442.6 160231 160152 -1
57 6526 2053335 2 -1 0.28383 -0.08617 166675 61067.4 90009 110029 0
57 6526 -1 2 770955 -0.41944 0.10731 45714.9 61442.6 160231 160152 -1
57 2448 2714275 3 -1 0.07483 -0.17183 69599.1 129969 150065 130046 0
57 2448 -1 3 43484 -0.33477 0.43926 69016.9 50758.7 160242 160288 -1
57 9845 -1 3 -1 0.3028 0.496 43740.9 50025.1 -1 -1 1
57 9845 -1 3 47533 0.09134 0.04404 44618.8 50500.2 160100 160100 -1
57 2448 2714275 3 -1 0.07483 -0.17183 69599.1 129969 150065 130046 0
57 2448 -1 3 43484 -0.33477 0.43926 69016.9 50758.7 160242 160288 -1
57 9845 -1 3 -1 0.3028 0.496 43740.9 50025.1 -1 -1 1
57 9845 -1 3 47533 0.09134 0.04404 44618.8 50500.2 160100 160100 -1
57 2448 2714275 3 -1 0.07483 -0.17183 69599.1 129969 150065 130046 0
57 2448 -1 3 43484 -0.33477 0.43926 69016.9 50758.7 160242 160288 -1
57 9845 -1 3 -1 0.3028 0.496 43740.9 50025.1 -1 -1 1
57 9845 -1 3 47533 0.09134 0.04404 44618.8 50500.2 160100 160100 -1
57 2448 2714275 3 -1 0.07483 -0.17183 69599.1 129969 150065 130046 0
57 2448 -1 3 43484 -0.33477 0.43926 69016.9 50758.7 160242 160288 -1
57 9845 -1 3 -1 0.3028 0.496 43740.9 50025.1 -1 -1 1
57 9845 -1 3 47533 0.09134 0.04404 44618.8 50500.2 160100 160100 -1
57 3103 -1 4 -1 -0.0772 -0.1471 55679.8 13911.7 -1 -1 1
57 3103 -1 4 561832 0.01993 -0.20241 55633.1 13936.5 160203 160161 -1
57 4536 -1 4 -1 -0.0247 -0.0406 76335.6 40270.3 -1 -1 1
57 4536 -1 4 660525 0.02802 0.41787 77178.4 38846.8 160234 160204 -1
57 3103 -1 4 -1 -0.0772 -0.1471 55679.8 13911.7 -1 -1 1
57 3103 -1 4 561832 0.01993 -0.20241 55633.1 13936.5 160203 160161 -1
57 4536 -1 4 -1 -0.0247 -0.0406 76335.6 40270.3 -1 -1 1
57 4536 -1 4 660525 0.02802 0.41787 77178.4 38846.8 160234 160204 -1
57 3103 -1 4 -1 -0.0772 -0.1471 55679.8 13911.7 -1 -1 1
57 3103 -1 4 561832 0.01993 -0.20241 55633.1 13936.5 160203 160161 -1
57 4536 -1 4 -1 -0.0247 -0.0406 76335.6 40270.3 -1 -1 1
57 4536 -1 4 660525 0.02802 0.41787 77178.4 38846.8 160234 160204 -1
57 3103 -1 4 -1 -0.0772 -0.1471 55679.8 13911.7 -1 -1 1
57 3103 -1 4 561832 0.01993 -0.20241 55633.1 13936.5 160203 160161 -1
57 4536 -1 4 -1 -0.0247 -0.0406 76335.6 40270.3 -1 -1 1
57 4536 -1 4 660525 0.02802 0.41787 77178.4 38846.8 160234 160204 -1
57 12744 6321030 6 -1 -0.15683 -0.09729 156747 172573 150053 130041 0
57 12744 -1 6 149100 0.10504 -0.05021 35025.3 12919.2 160142 160092 -1
57 12744 6321030 6 -1 -0.15683 -0.09729 156747 172573 150053 130041 0
57 12744 -1 6 149100 0.10504 -0.05021 35025.3 12919.2 160142 160092 -1
57 12744 6321030 6 -1 -0.15683 -0.09729 156747 172573 150053 130041 0
57 12744 -1 6 149100 0.10504 -0.05021 35025.3 12919.2 160142 160092 -1
57 12744 6321030 6 -1 -0.15683 -0.09729 156747 172573 150053 130041 0
57 12744 -1 6 149100 0.10504 -0.05021 35025.3 12919.2 160142 160092 -1
58 3012 36684 1 -1 0.33416 0.47074 50278.9 48927.7 110045 100016 0
58 3012 -1 1 36629 -0.37684 -0.07859 48589.8 47481.9 160239 160213 -1
58 3012 36684 1 -1 0.33416 0.47074 50278.9 48927.7 110045 100016 0
58 3012 -1 1 36629 -0.37684 -0.07859 48589.8 47481.9 160239 160213 -1
58 3012 36684 1 -1 0.33416 0.47074 50278.9 48927.7 110045 100016 0
58 3012 -1 1 36629 -0.37684 -0.07859 48589.8 47481.9 160239 160213 -1
58 3012 36684 1 -1 0.33416 0.47074 50278.9 48927.7 110045 100016 0
58 3012 -1 1 36629 -0.37684 -0.07859 48589.8 47481.9 160239 160213 -1
58 8748 1178621 2 -1 0.09376 -0.02423 142113 60667.4 150044 140048 0
58 8748 -1 2 484120 -0.59897 0.16476 21582.7 59117.8 160246 160190 -1
58 6526 -1 2 -1 0.2847 -0.0834 45866.2 61849.2 -1 -1 1
58 6526 -1 2 85138 0.12589 0.02882 45593.6 62751.5 160082 160086 -1
58 8748 1178621 2 -1 0.09376 -0.02423 142113 60667.4 150044 140048 0
58 8748 -1 2 484120 -0.59897 0.16476 21582.7 59117.8 160246 160190 -1
58 6526 -1 2 -1 0.2847 -0.0834 45866.2 61849.2 -1 -1 1
58 6526 -1 2 85138 0.12589 0.02882 45593.6 62751.5 160082 160086 -1
58 8748 1178621 2 -1 0.09376 -0.02423 142113 60667.4 150044 140048 0
58 8748 -1 2 484120 -0.59897 0.16476 21582.7 59117.8 160246 160190 -1
58 6526 -1 2 -1 0.2847 -0.0834 45866.2 61849.2 -1 -1 1
58 6526 -1 2 85138 0.12589 0.02882 45593.6 62751.5 160082 160086 -1
58 8748 1178621 2 -1 0.09376 -0.02423 142113 60667.4 150044 140048 0
58 8748 -1 2 484120 -0.59897 0.16476 21582.7 59117.8 160246 160190 -1
58 6526 -1 2 -1 0.2847 -0.0834 45866.2 61849.2 -1 -1 1
58 6526 -1 2 85138 0.12589 0.02882 45593.6 62751.5 160082 160086 -1
58 2448 -1 3 -1 0.075 -0.1715 69883.4 52807.7 -1 -1 1
58 2448 -1 3 50911 -0.35037 -0.25693 70389.8 55275.7 160222 160201 -1
58 9845 -1 3 -1 0.302 0.4971 43623.9 49455 -1 -1 1
58 9845 -1 3 36766 0.00296 -0.22759 42870.1 49768.1 160173 160144 -1
58 2448 -1 3 -1 0.075 -0.1715 69883.4 52807.7 -1 -1 1
58 2448 -1 3 50911 -0.35037 -0.25693 70389.8 55275.7 160222 160201 -1
58 9845 -1 3 -1 0.302 0.4971 43623.9 49455 -1 -1 1
58 9845 -1 3 36766 0.00296 -0.22759 42870.1 49768.1 160173 160144 -1
58 2448 -1 3 -1 0.075 -0.1715 69883.4 52807.7 -1 -1 1
58 2448 -1 3 50911 -0.35037 -0.25693 70389.8 55275.7 160222 160201 -1
58 9845 -1 3 -1 0.302 0.4971 43623.9 49455 -1 -1 1
58 9845 -1 3 36766 0.00296 -0.22759 42870.1 49768.1 160173 160144 -1
58 2448 -1 3 -1 0.075 -0.1715 69883.4 52807.7 -1 -1 1
58 2448 -1 3 50911 -0.35037 -0.25693 70389.8 55275.7 160222 160201 -1
58 9845 -1 3 -1 0.302 0.4971 43623.9 49455 -1 -1 1
58 9845 -1 3 36766 0.00296 -0.22759 42870.1 49768.1 160173 160144 -1
58 3103 -1 4 -1 -0.0758 -0.1477 57613.2 16314.7 -1 -1 1
58 3103 -1 4 164121 0.03332 -0.1994 57275 16516.9 160169 160170 -1
58 4536 -1 4 -1 -0.0244 -0.0408 77864.7 42489.2 -1 -1 1
58 4536 -1 4 14783 -0.34075 -0.60818 77669.8 42750.3 160279 160277 -1
58 8028 3963999 4 -1 0.0923 -0.23702 208103 113328 110031 110032 0
58 8028 -1 4 438903 -0.44907 -0.32282 86509.9 36601.1 160193 160261 -1
58 3103 -1 4 -1 -0.0758 -0.1477 57613.2 16314.7 -1 -1 1
58 3103 -1 4 164121 0.03332 -0.1994 57275 16516.9 160169 160170 -1
58 4536 -1 4 -1 -0.0244 -0.0408 77864.7 42489.2 -1 -1 1
58 4536 -1 4 14783 -0.34075 -0.60818 77669.8 42750.3 160279 160277 -1
58 8028 3963999 4 -1 0.0923 -0.23702 208103 113328 110031 110032 0
58 8028 -1 4 438903 -0.44907 -0.32282 86509.9 36601.1 160193 160261 -1
58 3103 -1 4 -1 -0.0758 -0.1477 57613.2 16314.7 -1 -1 1
58 3103 -1 4 164121 0.03332 -0.1994 57275 16516.9 160169 160170 -1
58 4536 -1 4 -1 -0.0244 -0.0408 77864.7 42489.2 -1 -1 1
58 4536 -1 4 14783 -0.34075 -0.60818 77669.8 42750.3 160279 160277 -1
58 8028 3963999 4 -1 0.0923 -0.23702 208103 113328 110031 110032 0
58 8028 -1 4 438903 -0.44907 -0.32282 86509.9 36601.1 160193 160261 -1
58 3103 -1 4 -1 -0.0758 -0.1477 57613.2 16314.7 -1 -1 1
58 3103 -1 4 164121 0.03332 -0.1994 57275 16516.9 160169 160170 -1
58 4536 -1 4 -1 -0.0244 -0.0408 77864.7 42489.2 -1 -1 1
58 4536 -1 4 14783 -0.34075 -0.60818 77669.8 42750.3 160279 160277 -1
58 8028 3963999 4 -1 0.0923 -0.23702 208103 113328 110031 110032 0
58 8028 -1 4 438903 -0.44907 -0.32282 86509.9 36601.1 160193 160261 -1
58 4694 5146183 5 -1 0.37203 0.15719 51406.6 207857 120019 120025 0
58 4694 -1 5 51640 -0.22215 -0.49499 51342.8 55538.1 160172 160167 -1
58 4694 5146183 5 -1 0.37203 0.15719 51406.6 207857 120019 120025 0
58 4694 -1 5 51640 -0.22215 -0.49499 51342.8 55538.1 160172 160167 -1
58 4694 5146183 5 -1 0.37203 0.15719 51406.6 207857 120019 120025 0
58 4694 -1 5 51640 -0.22215 -0.49499 51342.8 55538.1 160172 160167 -1
58 4694 5146183 5 -1 0.37203 0.15719 51406.6 207857 120019 120025 0
58 4694 -1 5 51640 -0.22215 -0.49499 51342.8 55538.1 160172 160167 -1
58 12579 5492986 6 -1 -0.14517 -0.04311 192411 165497 160088 160067 0
58 12579 -1 6 128949 -0.1452 -0.04301 72331 8663.84 160088 160067 -1
58 12744 -1 6 -1 -0.1563 -0.0977 37193.5 17240.1 -1 -1 1
58 12744 -1 6 389508 -0.75746 -0.01657 38358.6 18244.9 160146 160126 -1
58 12579 5492986 6 -1 -0.14517 -0.04311 192411 165497 160088 160067 0
58 12579 -1 6 128949 -0.1452 -0.04301 72331 8663.84 160088 160067 -1
58 12744 -1 6 -1 -0.1563 -0.0977 37193.5 17240.1 -1 -1 1
58 12744 -1 6 389508 -0.75746 -0.01657 38358.6 18244.9 160146 160126 -1
58 12579 5492986 6 -1 -0.14517 -0.04311 192411 165497 160088 160067 0
58 12579 -1 6 128949 -0.1452 -0.04301 72331 8663.84 160088 160067 -1
58 12744 -1 6 -1 -0.1563 -0.0977 37193.5 17240.1 -1 -1 1
58 12744 -1 6 389508 -0.75746 -0.01657 38358.6 18244.9 160146 160126 -1
58 12579 5492986 6 -1 -0.14517 -0.04311 192411 165497 160088 160067 0
58 12579 -1 6 128949 -0.1452 -0.04301 72331 8663.84 160088 160067 -1
58 12744 -1 6 -1 -0.1563 -0.0977 37193.5 17240.1 -1 -1 1
58 12744 -1 6 389508 -0.75746 -0.01657 38358.6 18244.9 160146 160126 -1
59 3012 -1 1 -1 0.3345 0.4706 50475.6 48756.9 -1 -1 1
59 3012 -1 1 930744 -0.71438 -0.1946 51024.9 49507.7 160175 160210 -1
59 3770 494326 1 -1 0.29628 0.48952 124525 75010.7 110020 130031 0
59 3770 -1 1 1056812 -0.55401 0.12491 124125 72415.8 160239 160238 -1
59 6095 70471 1 -1 0.22222 0.01543 81407.6 67502.9 150055 130035 0
59 6095 -1 1 70130 0.14383 0.03495 82377.5 67675.7 160093 160081 -1
59 3012 -1 1 -1 0.3345 0.4706 50475.6 48756.9 -1 -1 1
59 3012 -1 1 930744 -0.71438 -0.1946 51024.9 49507.7 160175 160210 -1
59 3770 494326 1 -1 0.29628 0.48952 124525 75010.7 110020 130031 0
59 3770 -1 1 1056812 -0.55401 0.12491 124125 72415.8 160239 160238 -1
59 6095 70471 1 -1 0.22222 0.01543 81407.6 67502.9 150055 130035 0
59 6095 -1 1 70130 0.14383 0.03495 82377.5 67675.7 160093 160081 -1
59 3012 -1 1 -1 0.3345 0.4706 50475.6 48756.9 -1 -1 1
59 3012 -1 1 930744 -0.71438 -0.1946 51024.9 49507.7 160175 160210 -1
59 3770 494326 1 -1 0.29628 0.48952 124525 75010.7 110020 130031 0
59 3770 -1 1 1056812 -0.55401 0.12491 124125 72415.8 160239 160238 -1
59 6095 70471 1 -1 0.22222 0.01543 81407.6 67502.9 150055 130035 0
59 6095 -1 1 70130 0.14383 0.03495 82377.5 67675.7 160093 160081 -1
59 3012 -1 1 -1 0.3345 0.4706 50475.6 48756.9 -1 -1 1
59 3012 -1 1 930744 -0.71438 -0.1946 51024.9 49507.7 160175 160210 -1
59 3770 494326 1 -1 0.29628 0.48952 124525 75010.7 110020 130031 0
59 3770 -1 1 1056812 -0.55401 0.12491 124125 72415.8 160239 160238 -1
59 6095 70471 1 -1 0.22222 0.01543 81407.6 67502.9 150055 130035 0
59 6095 -1 1 70130 0.14383 0.03495 82377.5 67675.7 160093 160081 -1
59 8748 -1 2 -1 0.0938 -0.0243 21705.1 60846.7 -1 -1 1
59 8748 -1 2 1020512 -0.53907 0.15209 22269.7 61433 160266 160237 -1
59 6526 -1 2 -1 0.2841 -0.0857 45624.5 62812 -1 -1 1
59 6526 -1 2 292239 0.62326 0.10743 42642.1 59893.9 160241 160244 -1
59 8748 -1 2 -1 0.0938 -0.0243 21705.1 60846.7 -1 -1 1
59 8748 -1 2 1020512 -0.53907 0.15209 22269.7 61433 160266 160237 -1
59 6526 -1 2 -1 0.2841 -0.0857 45624.5 62812 -1 -1 1
59 6526 -1 2 292239 0.62326 0.10743 42642.1 59893.9 160241 160244 -1
59 8748 -1 2 -1 0.0938 -0.0243 21705.1 60846.7 -1 -1 1
59 8748 -1 2 1020512 -0.53907 0.15209 22269.7 61433 160266 160237 -1
59 6526 -1 2 -1 0.2841 -0.0857 45624.5 62812 -1 -1 1
59 6526 -1 2 292239 0.62326 0.10743 42642.1 59893.9 160241 160244 -1
59 8748 -1 2 -1 0.0938 -0.0243 21705.1 60846.7 -1 -1 1
59 8748 -1 2 1020512 -0.53907 0.15209 22269.7 61433 160266 160237 -1
59 6526 -1 2 -1 0.2841 -0.0857 45624.5 62812 -1 -1 1
59 6526 -1 2 292239 0.62326 0.10743 42642.1 59893.9 160241 160244 -1
59 2448 -1 3 -1 0.0763 -0.1713 70234.4 53259.8 -1 -1 1
59 2448 -1 3 281872 -0.02122 -0.00827 70673.4 53475.3 160076 160071 -1
59 2448 -1 3 -1 0.0763 -0.1713 70234.4 53259.8 -1 -1 1
59 2448 -1 3 281872 -0.02122 -0.00827 70673.4 53475.3 160076 160071 -1
59 2448 -1 3 -1 0.0763 -0.1713 70234.4 53259.8 -1 -1 1
59 2448 -1 3 281872 -0.02122 -0.00827 70673.4 53475.3 160076 160071 -1
59 2448 -1 3 -1 0.0763 -0.1713 70234.4 53259.8 -1 -1 1
59 2448 -1 3 281872 -0.02122 -0.00827 70673.4 53475.3 160076 160071 -1
59 3103 -1 4 -1 -0.0762 -0.1475 57597.8 15904.2 -1 -1 1
59 3103 -1 4 162798 0.00489 -0.18311 57194.5 16150.1 160236 160188 -1
59 4536 -1 4 -1 -0.0244 -0.0408 77812.8 41992 -1 -1 1
59 4536 -1 4 237034 -0.33977 -0.60566 78044.1 42219.8 160256 160233 -1
59 8028 -1 4 -1 0.0936 -0.2366 88218.3 34987.6 -1 -1 1
59 8028 -1 4 1099121 0.41443 -0.43581 87126 36496.5 160229 160164 -1
59 15779 3486209 4 -1 -0.3566 -0.42552 209341 96514.1 110024 90008 0
59 15779 -1 4 171593 -0.25844 0.553 89770 17772.9 160292 160286 -1
59 3103 -1 4 -1 -0.0762 -0.1475 57597.8 15904.2 -1 -1 1
59 3103 -1 4 162798 0.00489 -0.18311 57194.5 16150.1 160236 160188 -1
59 4536 -1 4 -1 -0.0244 -0.0408 77812.8 41992 -1 -1 1
59 4536 -1 4 237034 -0.33977 -0.60566 78044.1 42219.8 160256 160233 -1
59 8028 -1 4 -1 0.0936 -0.2366 88218.3 34987.6 -1 -1 1
59 8028 -1 4 1099121 0.41443 -0.43581 87126 36496.5 160229 160164 -1
59 15779 3486209 4 -1 -0.3566 -0.42552 209341 96514.1 110024 90008 0
59 15779 -1 4 171593 -0.25844 0.553 89770 17772.9 160292 160286 -1
59 3103 -1 4 -1 -0.0762 -0.1475 57597.8 15904.2 -1 -1 1
59 3103 -1 4 162798 0.00489 -0.18311 57194.5 16150.1 160236 160188 -1
59 4536 -1 4 -1 -0.0244 -0.0408 77812.8 41992 -1 -1 1
59 4536 -1 4 237034 -0.33977 -0.60566 78044.1 42219.8 160256 160233 -1
59 8028 -1 4 -1 0.0936 -0.2366 88218.3 34987.6 -1 -1 1
59 8028 -1 4 1099121 0.41443 -0.43581 87126 36496.5 160229 160164 -1
59 15779 3486209 4 -1 -0.3566 -0.42552 209341 96514.1 110024 90008 0
59 15779 -1 4 171593 -0.25844 0.553 89770 17772.9 160292 160286 -1
59 3103 -1 4 -1 -0.0762 -0.1475 57597.8 15904.2 -1 -1 1
59 3103 -1 4 162798 0.00489 -0.18311 57194.5 16150.1 160236 160188 -1
59 4536 -1 4 -1 -0.0244 -0.0408 77812.8 41992 -1 -1 1
59 4536 -1 4 237034 -0.33977 -0.60566 78044.1 42219.8 160256 160233 -1
59 8028 -1 4 -1 0.0936 -0.2366 88218.3 34987.6 -1 -1 1
59 8028 -1 4 1099121 0.41443 -0.43581 87126 36496.5 160229 160164 -1
59 15779 3486209 4 -1 -0.3566 -0.42552 209341 96514.1 110024 90008 0
59 15779 -1 4 171593 -0.25844 0.553 89770 17772.9 160292 160286 -1
59 4694 -1 5 -1 0.3724 0.1562 51804.2 52943.4 -1 -1 1
59 4694 -1 5 40630 0.00658 -0.02698 50225.9 51572.2 160124 160122 -1
59 4694 -1 5 -1 0.3724 0.1562 51804.2 52943.4 -1 -1 1
59 4694 -1 5 40630 0.00658 -0.02698 50225.9 51572.2 160124 160122 -1
59 4694 -1 5 -1 0.3724 0.1562 51804.2 52943.4 -1 -1 1
59 4694 -1 5 40630 0.00658 -0.02698 50225.9 51572.2 160124 160122 -1
59 4694 -1 5 -1 0.3724 0.1562 51804.2 52943.4 -1 -1 1
59 4694 -1 5 40630 0.00658 -0.02698 50225.9 51572.2 160124 160122 -1
59 12579 -1 6 -1 -0.1453 -0.0426 72648.7 10593.3 -1 -1 1
59 12579 -1 6 377346 0.03719 -0.27778 71764.6 8127.79 160137 160135 -1
59 12744 -1 6 -1 -0.1566 -0.0976 37542 19308.1 -1 -1 1
59 12744 -1 6 188101 0.24396 -0.67467 37879.1 21984.3 160227 160213 -1
59 9851 5102001 6 -1 -0.06641 -0.06986 202924 202183 150079 160070 0
59 9851 -1 6 919682 0.40731 0.1883 82005.3 49322.2 160167 160161 -1
59 12579 -1 6 -1 -0.1453 -0.0426 72648.7 10593.3 -1 -1 1
59 12579 -1 6 377346 0.03719 -0.27778 71764.6 8127.79 160137 160135 -1
59 12744 -1 6 -1 -0.1566 -0.0976 37542 19308.1 -1 -1 1
59 12744 -1 6 188101 0.24396 -0.67467 37879.1 21984.3 160227 160213 -1
59 9851 5102001 6 -1 -0.06641 -0.06986 202924 202183 150079 160070 0
59 9851 -1 6 919682 0.40731 0.1883 82005.3 49322.2 160167 160161 -1
59 12579 -1 6 -1 -0.1453 -0.0426 72648.7 10593.3 -1 -1 1
59 12579 -1 6 377346 0.03719 -0.27778 71764.6 8127.79 160137 160135 -1
59 12744 -1 6 -1 -0.1566 -0.0976 37542 19308.1 -1 -1 1
59 12744 -1 6 188101 0.24396 -0.67467 37879.1 21984.3 160227 160213 -1
59 9851 5102001 6 -1 -0.06641 -0.06986 202924 202183 150079 160070 0
59 9851 -1 6 919682 0.40731 0.1883 82005.3 49322.2 160167 160161 -1
59 12579 -1 6 -1 -0.1453 -0.0426 72648.7 10593.3 -1 -1 1
59 12579 -1 6 377346 0.03719 -0.27778 71764.6 8127.79 160137 160135 -1
59 12744 -1 6 -1 -0.1566 -0.0976 37542 19308.1 -1 -1 1
59 12744 -1 6 188101 0.24396 -0.67467 37879.1 21984.3 160227 160213 -1
59 9851 5102001 6 -1 -0.06641 -0.06986 202924 202183 150079 160070 0
59 9851 -1 6 919682 0.40731 0.1883 82005.3 49322.2 160167 160161 -1
60 15832 15967 1 -1 -0.21696 0.03363 68468.5 43081.6 150076 130033 0
60 15832 -1 1 661890 -0.18763 0.32242 66100.7 40687.2 160145 160103 -1
60 3012 -1 1 -1 0.3336 0.4735 48390.1 47126.1 -1 -1 1
60 3012 -1 1 34608 -0.36316 -0.10721 49324.3 47922.6 160229 160171 -1
60 3770 -1 1 -1 0.296 0.49 122572 73426.6 -1 -1 1
60 3770 -1 1 519620 -0.03673 0.3659 121742 73458 160266 160270 -1
60 6095 -1 1 -1 0.2222 0.0154 79663 67239.9 -1 -1 1
60 6095 -1 1 261065 -0.55259 -0.27366 80767.3 69989.9 160303 160215 -1
60 15832 15967 1 -1 -0.21696 0.03363 68468.5 43081.6 150076 130033 0
60 15832 -1 1 661890 -0.18763 0.32242 66100.7 40687.2 160145 160103 -1
60 3012 -1 1 -1 0.3336 0.4735 48390.1 47126.1 -1 -1 1
60 3012 -1 1 34608 -0.36316 -0.10721 49324.3 47922.6 160229 160171 -1
60 3770 -1 1 -1 0.296 0.49 122572 73426.6 -1 -1 1
60 3770 -1 1 519620 -0.03673 0.3659 121742 73458 160266 160270 -1
60 6095 -1 1 -1 0.2222 0.0154 79663 67239.9 -1 -1 1
60 6095 -1 1 261065 -0.55259 -0.27366 80767.3 69989.9 160303 160215 -1
60 15832 15967 1 -1 -0.21696 0.03363 68468.5 43081.6 150076 130033 0
60 15832 -1 1 661890 -0.18763 0.32242 66100.7 40687.2 160145 160103 -1
60 3012 -1 1 -1 0.3336 0.4735 48390.1 47126.1 -1 -1 1
60 3012 -1 1 34608 -0.36316 -0.10721 49324.3 47922.6 160229 160171 -1
60 3770 -1 1 -1 0.296 0.49 122572 73426.6 -1 -1 1
60 3770 -1 1 519620 -0.03673 0.3659 121742 73458 160266 160270 -1
60 6095 -1 1 -1 0.2222 0.0154 79663 67239.9 -1 -1 1
60 6095 -1 1 261065 -0.55259 -0.27366 80767.3 69989.9 160303 160215 -1
60 15832 15967 1 -1 -0.21696 0.03363 68468.5 43081.6 150076 130033 0
60 15832 -1 1 661890 -0.18763 0.32242 66100.7 40687.2 160145 160103 -1
60 3012 -1 1 -1 0.3336 0.4735 48390.1 47126.1 -1 -1 1
60 3012 -1 1 34608 -0.36316 -0.10721 49324.3 47922.6 160229 160171 -1
60 3770 -1 1 -1 0.296 0.49 122572 73426.6 -1 -1 1
60 3770 -1 1 519620 -0.03673 0.3659 121742 73458 160266 160270 -1
60 6095 -1 1 -1 0.2222 0.0154 79663 67239.9 -1 -1 1
60 6095 -1 1 261065 -0.55259 -0.27366 80767.3 69989.9 160303 160215 -1
60 8748 -1 2 -1 0.0939 -0.0241 20654.3 59967.3 -1 -1 1
60 8748 -1 2 495560 0.01195 -0.36228 21431.7 59265.4 160226 160179 -1
60 6526 -1 2 -1 0.284 -0.0851 44052.6 62152 -1 -1 1
60 6526 -1 2 508811 0.00935 -0.06331 43762.5 61649.8 160079 160088 -1
60 8748 -1 2 -1 0.0939 -0.0241 20654.3 59967.3 -1 -1 1
60 8748 -1 2 495560 0.01195 -0.36228 21431.7 59265.4 160226 160179 -1
60 6526 -1 2 -1 0.284 -0.0851 44052.6 62152 -1 -1 1
60 6526 -1 2 508811 0.00935 -0.06331 43762.5 61649.8 160079 160088 -1
60 8748 -1 2 -1 0.0939 -0.0241 20654.3 59967.3 -1 -1 1
60 8748 -1 2 495560 0.01195 -0.36228 21431.7 59265.4 160226 160179 -1
60 6526 -1 2 -1 0.284 -0.0851 44052.6 62152 -1 -1 1
60 6526 -1 2 508811 0.00935 -0.06331 43762.5 61649.8 160079 160088 -1
60 8748 -1 2 -1 0.0939 -0.0241 20654.3 59967.3 -1 -1 1
60 8748 -1 2 495560 0.01195 -0.36228 21431.7 59265.4 160226 160179 -1
60 6526 -1 2 -1 0.284 -0.0851 44052.6 62152 -1 -1 1
60 6526 -1 2 508811 0.00935 -0.06331 43762.5 61649.8 160079 160088 -1
60 2448 -1 3 -1 0.0746 -0.1725 68711.1 53327.2 -1 -1 1
60 2448 -1 3 469490 0.00877 0.15486 69624.3 54217.9 160138 160109 -1
60 2448 -1 3 -1 0.0746 -0.1725 68711.1 53327.2 -1 -1 1
60 2448 -1 3 469490 0.00877 0.15486 69624.3 54217.9 160138 160109 -1
60 2448 -1 3 -1 0.0746 -0.1725 68711.1 53327.2 -1 -1 1
60 2448 -1 3 469490 0.00877 0.15486 69624.3 54217.9 160138 160109 -1
60 2448 -1 3 -1 0.0746 -0.1725 68711.1 53327.2 -1 -1 1
60 2448 -1 3 469490 0.00877 0.15486 69624.3 54217.9 160138 160109 -1
60 8028 -1 4 -1 0.0914 -0.2373 87056.4 34671.7 -1 -1 1
60 8028 -1 4 652323 -0.11458 -0.78555 87633 33336.5 160217 160131 -1
60 15779 -1 4 -1 -0.3579 -0.4237 89037.1 18066.9 -1 -1 1
60 15779 -1 4 374241 -0.26441 0.55098 89849.9 15889.5 160327 160291 -1
60 8028 -1 4 -1 0.0914 -0.2373 87056.4 34671.7 -1 -1 1
60 8028 -1 4 652323 -0.11458 -0.78555 87633 33336.5 160217 160131 -1
60 15779 -1 4 -1 -0.3579 -0.4237 89037.1 18066.9 -1 -1 1
60 15779 -1 4 374241 -0.26441 0.55098 89849.9 15889.5 160327 160291 -1
60 8028 -1 4 -1 0.0914 -0.2373 87056.4 34671.7 -1 -1 1
60 8028 -1 4 652323 -0.11458 -0.78555 87633 33336.5 160217 160131 -1
60 15779 -1 4 -1 -0.3579 -0.4237 89037.1 18066.9 -1 -1 1
60 15779 -1 4 374241 -0.26441 0.55098 89849.9 15889.5 160327 160291 -1
60 8028 -1 4 -1 0.0914 -0.2373 87056.4 34671.7 -1 -1 1
60 8028 -1 4 652323 -0.11458 -0.78555 87633 33336.5 160217 160131 -1
60 15779 -1 4 -1 -0.3579 -0.4237 89037.1 18066.9 -1 -1 1
60 15779 -1 4 374241 -0.26441 0.55098 89849.9 15889.5 160327 160291 -1
60 14268 5288784 5 -1 -0.24431 -0.31836 118656 199396 120035 110025 0
60 14268 -1 5 428833 -0.01359 -0.07034 120247 39404.9 160154 160136 -1
60 4694 -1 5 -1 0.3731 0.1544 50114.9 47027.9 -1 -1 1
60 4694 -1 5 34666 0.43752 0.25421 48429.2 47757.3 160206 160177 -1
60 14268 5288784 5 -1 -0.24431 -0.31836 118656 199396 120035 110025 0
60 14268 -1 5 428833 -0.01359 -0.07034 120247 39404.9 160154 160136 -1
60 4694 -1 5 -1 0.3731 0.1544 50114.9 47027.9 -1 -1 1
60 4694 -1 5 34666 0.43752 0.25421 48429.2 47757.3 160206 160177 -1
60 14268 5288784 5 -1 -0.24431 -0.31836 118656 199396 120035 110025 0
60 14268 -1 5 428833 -0.01359 -0.07034 120247 39404.9 160154 160136 -1
60 4694 -1 5 -1 0.3731 0.1544 50114.9 47027.9 -1 -1 1
60 4694 -1 5 34666 0.43752 0.25421 48429.2 47757.3 160206 160177 -1
60 14268 5288784 5 -1 -0.24431 -0.31836 118656 199396 120035 110025 0
60 14268 -1 5 428833 -0.01359 -0.07034 120247 39404.9 160154 160136 -1
60 4694 -1 5 -1 0.3731 0.1544 50114.9 47027.9 -1 -1 1
60 4694 -1 5 34666 0.43752 0.25421 48429.2 47757.3 160206 160177 -1
60 12579 -1 6 -1 -0.1455 -0.0422 72185.4 4443.3 -1 -1 1
60 12579 -1 6 329957 -0.22247 0.14735 71229.1 4513.18 160183 160177 -1
60 12744 -1 6 -1 -0.1569 -0.097 37157.8 13466.2 -1 -1 1
60 12744 -1 6 130394 -0.03561 -0.08476 36331.4 11011.7 160103 160095 -1
60 9851 -1 6 -1 -0.0668 -0.0694 82051.2 40981.9 -1 -1 1
60 9851 -1 6 657603 0.36045 -0.53117 82253.4 40763 160206 160144 -1
60 12579 -1 6 -1 -0.1455 -0.0422 72185.4 4443.3 -1 -1 1
60 12579 -1 6 329957 -0.22247 0.14735 71229.1 4513.18 160183 160177 -1
60 12744 -1 6 -1 -0.1569 -0.097 37157.8 13466.2 -1 -1 1
60 12744 -1 6 130394 -0.03561 -0.08476 36331.4 11011.7 160103 160095 -1
60 9851 -1 6 -1 -0.0668 -0.0694 82051.2 40981.9 -1 -1 1
60 9851 -1 6 657603 0.36045 -0.53117 82253.4 40763 160206 160144 -1
60 12579 -1 6 -1 -0.1455 -0.0422 72185.4 4443.3 -1 -1 1
60 12579 -1 6 329957 -0.22247 0.14735 71229.1 4513.18 160183 160177 -1
60 12744 -1 6 -1 -0.1569 -0.097 37157.8 13466.2 -1 -1 1
60 12744 -1 6 130394 -0.03561 -0.08476 36331.4 11011.7 160103 160095 -1
60 9851 -1 6 -1 -0.0668 -0.0694 82051.2 40981.9 -1 -1 1
60 9851 -1 6 657603 0.36045 -0.53117 82253.4 40763 160206 160144 -1
60 12579 -1 6 -1 -0.1455 -0.0422 72185.4 4443.3 -1 -1 1
60 12579 -1 6 329957 -0.22247 0.14735 71229.1 4513.18 160183 160177 -1
60 12744 -1 6 -1 -0.1569 -0.097 37157.8 13466.2 -1 -1 1
60 12744 -1 6 130394 -0.03561 -0.08476 36331.4 11011.7 160103 160095 -1
60 9851 -1 6 -1 -0.0668 -0.0694 82051.2 40981.9 -1 -1 1
60 9851 -1 6 657603 0.36045 -0.53117 82253.4 40763 160206 160144 -1
61 15832 -1 1 -1 -0.2169 0.034 68227.8 42905.2 -1 -1 1
61 15832 -1 1 234966 -0.38915 -0.5041 69472.6 43461.3 160371 160349 -1
61 3012 -1 1 -1 0.3338 0.4702 47703.5 46623.6 -1 -1 1
61 3012 -1 1 35185 -0.36869 -0.10428 49227.7 47890.9 160213 160173 -1
61 3770 -1 1 -1 0.2966 0.4901 121948 72773.3 -1 -1 1
61 3770 -1 1 531146 0.01464 0.36363 120977 73545.6 160245 160209 -1
61 6095 -1 1 -1 0.2219 0.0153 79100.6 67054.9 -1 -1 1
61 6095 -1 1 256455 -0.56024 -0.24909 80856.7 70033.6 160320 160216 -1
61 15832 -1 1 -1 -0.2169 0.034 68227.8 42905.2 -1 -1 1
61 15832 -1 1 234966 -0.38915 -0.5041 69472.6 43461.3 160371 160349 -1
61 3012 -1 1 -1 0.3338 0.4702 47703.5 46623.6 -1 -1 1
61 3012 -1 1 35185 -0.36869 -0.10428 49227.7 47890.9 160213 160173 -1
61 3770 -1 1 -1 0.2966 0.4901 121948 72773.3 -1 -1 1
61 3770 -1 1 531146 0.01464 0.36363 120977 73545.6 160245 160209 -1
61 6095 -1 1 -1 0.2219 0.0153 79100.6 67054.9 -1 -1 1
61 6095 -1 1 256455 -0.56024 -0.24909 80856.7 70033.6 160320 160216 -1
61 15832 -1 1 -1 -0.2169 0.034 68227.8 42905.2 -1 -1 1
61 15832 -1 1 234966 -0.38915 -0.5041 69472.6 43461.3 160371 160349 -1
61 3012 -1 1 -1 0.3338 0.4702 47703.5 46623.6 -1 -1 1
61 3012 -1 1 35185 -0.36869 -0.10428 49227.7 47890.9 160213 160173 -1
61 3770 -1 1 -1 0.2966 0.4901 121948 72773.3 -1 -1 1
61 3770 -1 1 531146 0.01464 0.36363 120977 73545.6 160245 160209 -1
61 6095 -1 1 -1 0.2219 0.0153 79100.6 67054.9 -1 -1 1
61 6095 -1 1 256455 -0.56024 -0.24909 80856.7 70033.6 160320 160216 -1
61 15832 -1 1 -1 -0.2169 0.034 68227.8 42905.2 -1 -1 1
61 15832 -1 1 234966 -0.38915 -0.5041 69472.6 43461.3 160371 160349 -1
61 3012 -1 1 -1 0.3338 0.4702 47703.5 46623.6 -1 -1 1
61 3012 -1 1 35185 -0.36869 -0.10428 49227.7 47890.9 160213 160173 -1
61 3770 -1 1 -1 0.2966 0.4901 121948 72773.3 -1 -1 1
61 3770 -1 1 531146 0.01464 0.36363 120977 73545.6 160245 160209 -1
61 6095 -1 1 -1 0.2219 0.0153 79100.6 67054.9 -1 -1 1
61 6095 -1 1 256455 -0.56024 -0.24909 80856.7 70033.6 160320 160216 -1
61 8748 -1 2 -1 0.094 -0.0238 20450.1 59861.4 -1 -1 1
61 8748 -1 2 503537 0.00272 -0.35909 21059 59410 160193 160172 -1
61 8748 -1 2 -1 0.094 -0.0238 20450.1 59861.4 -1 -1 1
61 8748 -1 2 503537 0.00272 -0.35909 21059 59410 160193 160172 -1
61 8748 -1 2 -1 0.094 -0.0238 20450.1 59861.4 -1 -1 1
61 8748 -1 2 503537 0.00272 -0.35909 21059 59410 160193 160172 -1
61 8748 -1 2 -1 0.094 -0.0238 20450.1 59861.4 -1 -1 1
61 8748 -1 2 503537 0.00272 -0.35909 21059 59410 160193 160172 -1
61 8028 -1 4 -1 0.0904 -0.2377 86752.2 34660.3 -1 -1 1
61 8028 -1 4 208663 -0.10732 -0.76934 87498.2 33779.9 160231 160191 -1
61 15779 -1 4 -1 -0.3584 -0.423 89067 18210.3 -1 -1 1
61 15779 -1 4 1026003 0.82746 -0.06955 89966.6 17678.1 160252 160222 -1
61 8028 -1 4 -1 0.0904 -0.2377 86752.2 34660.3 -1 -1 1
61 8028 -1 4 208663 -0.10732 -0.76934 87498.2 33779.9 160231 160191 -1
61 15779 -1 4 -1 -0.3584 -0.423 89067 18210.3 -1 -1 1
61 15779 -1 4 1026003 0.82746 -0.06955 89966.6 17678.1 160252 160222 -1
61 8028 -1 4 -1 0.0904 -0.2377 86752.2 34660.3 -1 -1 1
61 8028 -1 4 208663 -0.10732 -0.76934 87498.2 33779.9 160231 160191 -1
61 15779 -1 4 -1 -0.3584 -0.423 89067 18210.3 -1 -1 1
61 15779 -1 4 1026003 0.82746 -0.06955 89966.6 17678.1 160252 160222 -1
61 8028 -1 4 -1 0.0904 -0.2377 86752.2 34660.3 -1 -1 1
61 8028 -1 4 208663 -0.10732 -0.76934 87498.2 33779.9 160231 160191 -1
61 15779 -1 4 -1 -0.3584 -0.423 89067 18210.3 -1 -1 1
61 15779 -1 4 1026003 0.82746 -0.06955 89966.6 17678.1 160252 160222 -1
61 14268 -1 5 -1 -0.2463 -0.3168 119412 39018.1 -1 -1 1
61 14268 -1 5 432121 0.69716 0.39156 118790 38550 160298 160270 -1
61 4694 -1 5 -1 0.3725 0.1548 49764 46946.2 -1 -1 1
61 4694 -1 5 37351 0.02649 -0.08778 50949.2 47243.5 160094 160074 -1
61 14268 -1 5 -1 -0.2463 -0.3168 119412 39018.1 -1 -1 1
61 14268 -1 5 432121 0.69716 0.39156 118790 38550 160298 160270 -1
61 4694 -1 5 -1 0.3725 0.1548 49764 46946.2 -1 -1 1
61 4694 -1 5 37351 0.02649 -0.08778 50949.2 47243.5 160094 160074 -1
61 14268 -1 5 -1 -0.2463 -0.3168 119412 39018.1 -1 -1 1
61 14268 -1 5 432121 0.69716 0.39156 118790 38550 160298 160270 -1
61 4694 -1 5 -1 0.3725 0.1548 49764 46946.2 -1 -1 1
61 4694 -1 5 37351 0.02649 -0.08778 50949.2 47243.5 160094 160074 -1
61 14268 -1 5 -1 -0.2463 -0.3168 119412 39018.1 -1 -1 1
61 14268 -1 5 432121 0.69716 0.39156 118790 38550 160298 160270 -1
61 4694 -1 5 -1 0.3725 0.1548 49764 46946.2 -1 -1 1
61 4694 -1 5 37351 0.02649 -0.08778 50949.2 47243.5 160094 160074 -1
61 12579 -1 6 -1 -0.1455 -0.0422 72090.5 4492.9 -1 -1 1
61 12579 -1 6 328925 -0.26589 -0.60881 73160.1 4129.21 160350 160297 -1
61 9851 -1 6 -1 -0.0668 -0.0694 81880.7 41055.3 -1 -1 1
61 9851 -1 6 438448 -0.28415 0.77656 81139.4 41209.2 160314 160293 -1
61 12579 -1 6 -1 -0.1455 -0.0422 72090.5 4492.9 -1 -1 1
61 12579 -1 6 328925 -0.26589 -0.60881 73160.1 4129.21 160350 160297 -1
61 9851 -1 6 -1 -0.0668 -0.0694 81880.7 41055.3 -1 -1 1
61 9851 -1 6 438448 -0.28415 0.77656 81139.4 41209.2 160314 160293 -1
61 12579 -1 6 -1 -0.1455 -0.0422 72090.5 4492.9 -1 -1 1
61 12579 -1 6 328925 -0.26589 -0.60881 73160.1 4129.21 160350 160297 -1
61 9851 -1 6 -1 -0.0668 -0.0694 81880.7 41055.3 -1 -1 1
61 9851 -1 6 438448 -0.28415 0.77656 81139.4 41209.2 160314 160293 -1
61 12579 -1 6 -1 -0.1455 -0.0422 72090.5 4492.9 -1 -1 1
61 12579 -1 6 328925 -0.26589 -0.60881 73160.1 4129.21 160350 160297 -1
61 9851 -1 6 -1 -0.0668 -0.0694 81880.7 41055.3 -1 -1 1
61 9851 -1 6 438448 -0.28415 0.77656 81139.4 41209.2 160314 160293 -1
62 15832 -1 1 -1 -0.2168 0.0354 69553.5 42375.6 -1 -1 1
62 15832 -1 1 245735 -0.72311 0.33516 72145.1 43083.4 160132 160143 -1
62 4341 1190751 1 -1 0.07796 0.22198 68894 76056.3 100039 100012 0
62 4341 -1 1 1188982 -0.32087 0.20752 71011.2 73476.9 160230 160205 -1
62 3770 -1 1 -1 0.301 0.4882 121896 70461.1 -1 -1 1
62 3770 -1 1 553479 0.66482 0.43579 121203 72691.6 160265 160265 -1
62 6095 -1 1 -1 0.2217 0.0135 79265.9 66520.4 -1 -1 1
62 6095 -1 1 534724 -0.53451 0.27063 77733.9 67194.4 160247 160220 -1
62 15832 -1 1 -1 -0.2168 0.0354 69553.5 42375.6 -1 -1 1
62 15832 -1 1 245735 -0.72311 0.33516 72145.1 43083.4 160132 160143 -1
62 4341 1190751 1 -1 0.07796 0.22198 68894 76056.3 100039 100012 0
62 4341 -1 1 1188982 -0.32087 0.20752 71011.2 73476.9 160230 160205 -1
62 3770 -1 1 -1 0.301 0.4882 121896 70461.1 -1 -1 1
62 3770 -1 1 553479 0.66482 0.43579 121203 72691.6 160265 160265 -1
62 6095 -1 1 -1 0.2217 0.0135 79265.9 66520.4 -1 -1 1
62 6095 -1 1 534724 -0.53451 0.27063 77733.9 67194.4 160247 160220 -1
62 15832 -1 1 -1 -0.2168 0.0354 69553.5 42375.6 -1 -1 1
62 15832 -1 1 245735 -0.72311 0.33516 72145.1 43083.4 160132 160143 -1
62 4341 1190751 1 -1 0.07796 0.22198 68894 76056.3 100039 100012 0
62 4341 -1 1 1188982 -0.32087 0.20752 71011.2 73476.9 160230 160205 -1
62 3770 -1 1 -1 0.301 0.4882 121896 70461.1 -1 -1 1
62 3770 -1 1 553479 0.66482 0.43579 121203 72691.6 160265 160265 -1
62 6095 -1 1 -1 0.2217 0.0135 79265.9 66520.4 -1 -1 1
62 6095 -1 1 534724 -0.53451 0.27063 77733.9 67194.4 160247 160220 -1
62 15832 -1 1 -1 -0.2168 0.0354 69553.5 42375.6 -1 -1 1
62 15832 -1 1 245735 -0.72311 0.33516 72145.1 43083.4 160132 160143 -1
62 4341 1190751 1 -1 0.07796 0.22198 68894 76056.3 100039 100012 0
62 4341 -1 1 1188982 -0.32087 0.20752 71011.2 73476.9 160230 160205 -1
62 3770 -1 1 -1 0.301 0.4882 121896 70461.1 -1 -1 1
62 3770 -1 1 553479 0.66482 0.43579 121203 72691.6 160265 160265 -1
62 6095 -1 1 -1 0.2217 0.0135 79265.9 66520.4 -1 -1 1
62 6095 -1 1 534724 -0.53451 0.27063 77733.9 67194.4 160247 160220 -1
62 10725 4183758 3 -1 0.14469 0.10843 58815.8 113299 150055 110027 0
62 10725 -1 3 416222 0.29837 -0.1572 57780.5 34610.1 160208 160146 -1
62 5810 3726749 3 -1 -0.12898 -0.64301 119089 103872 100021 100023 0
62 5810 -1 3 854778 -0.31236 -0.39107 116986 27892.8 160329 160280 -1
62 10725 4183758 3 -1 0.14469 0.10843 58815.8 113299 150055 110027 0
62 10725 -1 3 416222 0.29837 -0.1572 57780.5 34610.1 160208 160146 -1
62 5810 3726749 3 -1 -0.12898 -0.64301 119089 103872 100021 100023 0
62 5810 -1 3 854778 -0.31236 -0.39107 116986 27892.8 160329 160280 -1
62 10725 4183758 3 -1 0.14469 0.10843 58815.8 113299 150055 110027 0
62 10725 -1 3 416222 0.29837 -0.1572 57780.5 34610.1 160208 160146 -1
62 5810 3726749 3 -1 -0.12898 -0.64301 119089 103872 100021 100023 0
62 5810 -1 3 854778 -0.31236 -0.39107 116986 27892.8 160329 160280 -1
62 10725 4183758 3 -1 0.14469 0.10843 58815.8 113299 150055 110027 0
62 10725 -1 3 416222 0.29837 -0.1572 57780.5 34610.1 160208 160146 -1
62 5810 3726749 3 -1 -0.12898 -0.64301 119089 103872 100021 100023 0
62 5810 -1 3 854778 -0.31236 -0.39107 116986 27892.8 160329 160280 -1
62 15779 -1 4 -1 -0.3555 -0.4248 90660.4 19839.7 -1 -1 1
62 15779 -1 4 581231 -0.2815 -0.41717 90366.6 20531.1 160267 160259 -1
62 15779 -1 4 -1 -0.3555 -0.4248 90660.4 19839.7 -1 -1 1
62 15779 -1 4 581231 -0.2815 -0.41717 90366.6 20531.1 160267 160259 -1
62 15779 -1 4 -1 -0.3555 -0.4248 90660.4 19839.7 -1 -1 1
62 15779 -1 4 581231 -0.2815 -0.41717 90366.6 20531.1 160267 160259 -1
62 15779 -1 4 -1 -0.3555 -0.4248 90660.4 19839.7 -1 -1 1
62 15779 -1 4 581231 -0.2815 -0.41717 90366.6 20531.1 160267 160259 -1
62 14268 -1 5 -1 -0.2463 -0.3168 120497 40088.9 -1 -1 1
62 14268 -1 5 430303 -0.26933 0.2624 120850 39463.2 160185 160194 -1
62 14268 -1 5 -1 -0.2463 -0.3168 120497 40088.9 -1 -1 1
62 14268 -1 5 430303 -0.26933 0.2624 120850 39463.2 160185 160194 -1
62 14268 -1 5 -1 -0.2463 -0.3168 120497 40088.9 -1 -1 1
62 14268 -1 5 430303 -0.26933 0.2624 120850 39463.2 160185 160194 -1
62 14268 -1 5 -1 -0.2463 -0.3168 120497 40088.9 -1 -1 1
62 14268 -1 5 430303 -0.26933 0.2624 120850 39463.2 160185 160194 -1
62 9851 -1 6 -1 -0.0667 -0.0696 81601 41454.6 -1 -1 1
62 9851 -1 6 439201 0.35345 0.257 79384.1 39032 160229 160221 -1
62 9851 -1 6 -1 -0.0667 -0.0696 81601 41454.6 -1 -1 1
62 9851 -1 6 439201 0.35345 0.257 79384.1 39032 160229 160221 -1
62 9851 -1 6 -1 -0.0667 -0.0696 81601 41454.6 -1 -1 1
62 9851 -1 6 439201 0.35345 0.257 79384.1 39032 160229 160221 -1
62 9851 -1 6 -1 -0.0667 -0.0696 81601 41454.6 -1 -1 1
62 9851 -1 6 439201 0.35345 0.257 79384.1 39032 160229 160221 -1
63 15832 -1 1 -1 -0.2172 0.0343 69820.3 42679.1 -1 -1 1
63 15832 -1 1 1354472 0.38511 -0.40856 70249.3 42173.8 160280 160286 -1
63 4341 -1 1 -1 0.0762 0.2225 68657.5 76202.2 -1 -1 1
63 4341 -1 1 1693682 0.52147 -0.21333 67438.6 76128.7 160282 160232 -1
63 15832 -1 1 -1 -0.2172 0.0343 69820.3 42679.1 -1 -1 1
63 15832 -1 1 1354472 0.38511 -0.40856 70249.3 42173.8 160280 160286 -1
63 4341 -1 1 -1 0.0762 0.2225 68657.5 76202.2 -1 -1 1
63 4341 -1 1 1693682 0.52147 -0.21333 67438.6 76128.7 160282 160232 -1
63 15832 -1 1 -1 -0.2172 0.0343 69820.3 42679.1 -1 -1 1
63 15832 -1 1 1354472 0.38511 -0.40856 70249.3 42173.8 160280 160286 -1
63 4341 -1 1 -1 0.0762 0.2225 68657.5 76202.2 -1 -1 1
63 4341 -1 1 1693682 0.52147 -0.21333 67438.6 76128.7 160282 160232 -1
63 15832 -1 1 -1 -0.2172 0.0343 69820.3 42679.1 -1 -1 1
63 15832 -1 1 1354472 0.38511 -0.40856 70249.3 42173.8 160280 160286 -1
63 4341 -1 1 -1 0.0762 0.2225 68657.5 76202.2 -1 -1 1
63 4341 -1 1 1693682 0.52147 -0.21333 67438.6 76128.7 160282 160232 -1
63 10725 -1 3 -1 0.1442 0.1091 58452.5 34271.4 -1 -1 1
63 10725 -1 3 421517 0.40282 0.14011 59060.5 34480.7 160183 160127 -1
63 5810 -1 3 -1 -0.1257 -0.6438 119015 25776.5 -1 -1 1
63 5810 -1 3 1024846 -0.45219 0.23184 119571 26414.4 160166 160150 -1
63 7663 5198019 3 -1 0.00643 -0.4986 121196 164063 100026 110024 0
63 7663 -1 3 597446 0.46689 -0.57359 121325 83864.9 160291 160230 -1
63 10725 -1 3 -1 0.1442 0.1091 58452.5 34271.4 -1 -1 1
63 10725 -1 3 421517 0.40282 0.14011 59060.5 34480.7 160183 160127 -1
63 5810 -1 3 -1 -0.1257 -0.6438 119015 25776.5 -1 -1 1
63 5810 -1 3 1024846 -0.45219 0.23184 119571 26414.4 160166 160150 -1
63 7663 5198019 3 -1 0.00643 -0.4986 121196 164063 100026 110024 0
63 7663 -1 3 597446 0.46689 -0.57359 121325 83864.9 160291 160230 -1
63 10725 -1 3 -1 0.1442 0.1091 58452.5 34271.4 -1 -1 1
63 10725 -1 3 421517 0.40282 0.14011 59060.5 34480.7 160183 160127 -1
63 5810 -1 3 -1 -0.1257 -0.6438 119015 25776.5 -1 -1 1
63 5810 -1 3 1024846 -0.45219 0.23184 119571 26414.4 160166 160150 -1
63 7663 5198019 3 -1 0.00643 -0.4986 121196 164063 100026 110024 0
63 7663 -1 3 597446 0.46689 -0.57359 121325 83864.9 160291 160230 -1
63 10725 -1 3 -1 0.1442 0.1091 58452.5 34271.4 -1 -1 1
63 10725 -1 3 421517 0.40282 0.14011 59060.5 34480.7 160183 160127 -1
63 5810 -1 3 -1 -0.1257 -0.6438 119015 25776.5 -1 -1 1
63 5810 -1 3 1024846 -0.45219 0.23184 119571 26414.4 160166 160150 -1
63 7663 5198019 3 -1 0.00643 -0.4986 121196 164063 100026 110024 0
63 7663 -1 3 597446 0.46689 -0.57359 121325 83864.9 160291 160230 -1
63 15734 7229416 4 -1 0.10295 0.67888 189892 110349 110033 110022 0
63 15734 -1 4 412107 0.32403 0.18217 68594.6 31367.1 160132 160122 -1
63 15734 7229416 4 -1 0.10295 0.67888 189892 110349 110033 110022 0
63 15734 -1 4 412107 0.32403 0.18217 68594.6 31367.1 160132 160122 -1
63 15734 7229416 4 -1 0.10295 0.67888 189892 110349 110033 110022 0
63 15734 -1 4 412107 0.32403 0.18217 68594.6 31367.1 160132 160122 -1
63 15734 7229416 4 -1 0.10295 0.67888 189892 110349 110033 110022 0
63 15734 -1 4 412107 0.32403 0.18217 68594.6 31367.1 160132 160122 -1
63 14268 -1 5 -1 -0.2461 -0.3172 120035 39654.9 -1 -1 1
63 14268 -1 5 873569 -0.00439 -0.07452 119950 39216.5 160149 160132 -1
63 14268 -1 5 -1 -0.2461 -0.3172 120035 39654.9 -1 -1 1
63 14268 -1 5 873569 -0.00439 -0.07452 119950 39216.5 160149 160132 -1
63 14268 -1 5 -1 -0.2461 -0.3172 120035 39654.9 -1 -1 1
63 14268 -1 5 873569 -0.00439 -0.07452 119950 39216.5 160149 160132 -1
63 14268 -1 5 -1 -0.2461 -0.3172 120035 39654.9 -1 -1 1
63 14268 -1 5 873569 -0.00439 -0.07452 119950 39216.5 160149 160132 -1
63 13548 9475809 6 -1 -0.09936 -0.00683 155247 194568 150061 150041 0
63 13548 -1 6 646373 -0.07795 -0.37197 33796.5 33056.9 160139 160130 -1
63 13548 9475809 6 -1 -0.09936 -0.00683 155247 194568 150061 150041 0
63 13548 -1 6 646373 -0.07795 -0.37197 33796.5 33056.9 160139 160130 -1
63 13548 9475809 6 -1 -0.09936 -0.00683 155247 194568 150061 150041 0
63 13548 -1 6 646373 -0.07795 -0.37197 33796.5 33056.9 160139 160130 -1
63 13548 9475809 6 -1 -0.09936 -0.00683 155247 194568 150061 150041 0
63 13548 -1 6 646373 -0.07795 -0.37197 33796.5 33056.9 160139 160130 -1
64 4341 -1 1 -1 0.0761 0.222 65274 76513.8 -1 -1 1
64 4341 -1 1 541313 -0.02733 -0.01766 62729.9 79179.8 160080 160093 -1
64 4341 -1 1 -1 0.0761 0.222 65274 76513.8 -1 -1 1
64 4341 -1 1 541313 -0.02733 -0.01766 62729.9 79179.8 160080 160093 -1
64 4341 -1 1 -1 0.0761 0.222 65274 76513.8 -1 -1 1
64 4341 -1 1 541313 -0.02733 -0.01766 62729.9 79179.8 160080 160093 -1
64 4341 -1 1 -1 0.0761 0.222 65274 76513.8 -1 -1 1
64 4341 -1 1 541313 -0.02733 -0.01766 62729.9 79179.8 160080 160093 -1
64 1207 1634884 2 -1 0.13589 -0.02509 152288 72534.9 150081 150059 0
64 1207 -1 2 539692 -0.00011 -0.05599 31011.1 72529.7 160086 160080 -1
64 8153 1822054 2 -1 0.39985 0.41057 165240 67857.9 100012 120048 0
64 8153 -1 2 523262 0.34567 -0.29878 44247.3 67111.6 160216 160098 -1
64 1207 1634884 2 -1 0.13589 -0.02509 152288 72534.9 150081 150059 0
64 1207 -1 2 539692 -0.00011 -0.05599 31011.1 72529.7 160086 160080 -1
64 8153 1822054 2 -1 0.39985 0.41057 165240 67857.9 100012 120048 0
64 8153 -1 2 523262 0.34567 -0.29878 44247.3 67111.6 160216 160098 -1
64 1207 1634884 2 -1 0.13589 -0.02509 152288 72534.9 150081 150059 0
64 1207 -1 2 539692 -0.00011 -0.05599 31011.1 72529.7 160086 160080 -1
64 8153 1822054 2 -1 0.39985 0.41057 165240 67857.9 100012 120048 0
64 8153 -1 2 523262 0.34567 -0.29878 44247.3 67111.6 160216 160098 -1
64 1207 1634884 2 -1 0.13589 -0.02509 152288 72534.9 150081 150059 0
64 1207 -1 2 539692 -0.00011 -0.05599 31011.1 72529.7 160086 160080 -1
64 8153 1822054 2 -1 0.39985 0.41057 165240 67857.9 100012 120048 0
64 8153 -1 2 523262 0.34567 -0.29878 44247.3 67111.6 160216 160098 -1
64 10725 -1 3 -1 0.1436 0.1095 54576.7 35883.2 -1 -1 1
64 10725 -1 3 427920 0.49754 0.09826 54084.3 34234.9 160192 160144 -1
64 5810 -1 3 -1 -0.124 -0.6438 115698 29253.9 -1 -1 1
64 5810 -1 3 406784 -0.6899 -0.05331 114326 30120.4 160236 160239 -1
64 10725 -1 3 -1 0.1436 0.1095 54576.7 35883.2 -1 -1 1
64 10725 -1 3 427920 0.49754 0.09826 54084.3 34234.9 160192 160144 -1
64 5810 -1 3 -1 -0.124 -0.6438 115698 29253.9 -1 -1 1
64 5810 -1 3 406784 -0.6899 -0.05331 114326 30120.4 160236 160239 -1
64 10725 -1 3 -1 0.1436 0.1095 54576.7 35883.2 -1 -1 1
64 10725 -1 3 427920 0.49754 0.09826 54084.3 34234.9 160192 160144 -1
64 5810 -1 3 -1 -0.124 -0.6438 115698 29253.9 -1 -1 1
64 5810 -1 3 406784 -0.6899 -0.05331 114326 30120.4 160236 160239 -1
64 10725 -1 3 -1 0.1436 0.1095 54576.7 35883.2 -1 -1 1
64 10725 -1 3 427920 0.49754 0.09826 54084.3 34234.9 160192 160144 -1
64 5810 -1 3 -1 -0.124 -0.6438 115698 29253.9 -1 -1 1
64 5810 -1 3 406784 -0.6899 -0.05331 114326 30120.4 160236 160239 -1
64 8864 3374181 4 -1 -0.2104 0.28772 161248 126467 110030 120040 0
64 8864 -1 4 252405 -0.24531 0.2678 40928 48365.4 160135 160122 -1
64 15734 -1 4 -1 0.1012 0.6789 65745.3 31096.3 -1 -1 1
64 15734 -1 4 425959 0.01022 -0.05054 65857.9 31801.3 160070 160050 -1
64 8864 3374181 4 -1 -0.2104 0.28772 161248 126467 110030 120040 0
64 8864 -1 4 252405 -0.24531 0.2678 40928 48365.4 160135 160122 -1
64 15734 -1 4 -1 0.1012 0.6789 65745.3 31096.3 -1 -1 1
64 15734 -1 4 425959 0.01022 -0.05054 65857.9 31801.3 160070 160050 -1
64 8864 3374181 4 -1 -0.2104 0.28772 161248 126467 110030 120040 0
64 8864 -1 4 252405 -0.24531 0.2678 40928 48365.4 160135 160122 -1
64 15734 -1 4 -1 0.1012 0.6789 65745.3 31096.3 -1 -1 1
64 15734 -1 4 425959 0.01022 -0.05054 65857.9 31801.3 160070 160050 -1
64 8864 3374181 4 -1 -0.2104 0.28772 161248 126467 110030 120040 0
64 8864 -1 4 252405 -0.24531 0.2678 40928 48365.4 160135 160122 -1
64 15734 -1 4 -1 0.1012 0.6789 65745.3 31096.3 -1 -1 1
64 15734 -1 4 425959 0.01022 -0.05054 65857.9 31801.3 160070 160050 -1
64 11146 4805165 5 -1 -0.11652 -0.32391 69916.3 177405 110073 110035 0
64 11146 -1 5 397829 0.04978 0.57981 72323.9 24667.5 160278 160259 -1
64 7663 -1 5 -1 0.0071 -0.4986 117742 11230.8 -1 -1 1
64 7663 -1 5 813473 0.21025 -0.61635 117238 10689.9 160159 160140 -1
64 11146 4805165 5 -1 -0.11652 -0.32391 69916.3 177405 110073 110035 0
64 11146 -1 5 397829 0.04978 0.57981 72323.9 24667.5 160278 160259 -1
64 7663 -1 5 -1 0.0071 -0.4986 117742 11230.8 -1 -1 1
64 7663 -1 5 813473 0.21025 -0.61635 117238 10689.9 160159 160140 -1
64 11146 4805165 5 -1 -0.11652 -0.32391 69916.3 177405 110073 110035 0
64 11146 -1 5 397829 0.04978 0.57981 72323.9 24667.5 160278 160259 -1
64 7663 -1 5 -1 0.0071 -0.4986 117742 11230.8 -1 -1 1
64 7663 -1 5 813473 0.21025 -0.61635 117238 10689.9 160159 160140 -1
64 11146 4805165 5 -1 -0.11652 -0.32391 69916.3 177405 110073 110035 0
64 11146 -1 5 397829 0.04978 0.57981 72323.9 24667.5 160278 160259 -1
64 7663 -1 5 -1 0.0071 -0.4986 117742 11230.8 -1 -1 1
64 7663 -1 5 813473 0.21025 -0.61635 117238 10689.9 160159 160140 -1
64 13548 -1 6 -1 -0.0993 -0.007 22043.5 40737.3 -1 -1 1
64 13548 -1 6 21275 -0.09225 0.61279 20589.7 42534.8 160280 160271 -1
64 13548 -1 6 -1 -0.0993 -0.007 22043.5 40737.3 -1 -1 1
64 13548 -1 6 21275 -0.09225 0.61279 20589.7 42534.8 160280 160271 -1
64 13548 -1 6 -1 -0.0993 -0.007 22043.5 40737.3 -1 -1 1
64 13548 -1 6 21275 -0.09225 0.61279 20589.7 42534.8 160280 160271 -1
64 13548 -1 6 -1 -0.0993 -0.007 22043.5 40737.3 -1 -1 1
64 13548 -1 6 21275 -0.09225 0.61279 20589.7 42534.8 160280 160271 -1
65 4341 -1 1 -1 0.0794 0.2213 66824.5 76199.3 -1 -1 1
65 4341 -1 1 553356 0.29051 -0.26474 66068.8 73350.7 160184 160148 -1
65 4341 -1 1 -1 0.0794 0.2213 66824.5 76199.3 -1 -1 1
65 4341 -1 1 553356 0.29051 -0.26474 66068.8 73350.7 160184 160148 -1
65 4341 -1 1 -1 0.0794 0.2213 66824.5 76199.3 -1 -1 1
65 4341 -1 1 553356 0.29051 -0.26474 66068.8 73350.7 160184 160148 -1
65 4341 -1 1 -1 0.0794 0.2213 66824.5 76199.3 -1 -1 1
65 4341 -1 1 553356 0.29051 -0.26474 66068.8 73350.7 160184 160148 -1
65 1207 -1 2 -1 0.1358 -0.0259 33017.6 70956.7 -1 -1 1
65 1207 -1 2 345763 0.00366 -0.07617 33606.6 70797.8 160201 160185 -1
65 8153 -1 2 -1 0.4023 0.4081 45728.4 65842.6 -1 -1 1
65 8153 -1 2 343214 -0.33719 -0.1332 47203.7 67888.7 160191 160198 -1
65 1207 -1 2 -1 0.1358 -0.0259 33017.6 70956.7 -1 -1 1
65 1207 -1 2 345763 0.00366 -0.07617 33606.6 70797.8 160201 160185 -1
65 8153 -1 2 -1 0.4023 0.4081 45728.4 65842.6 -1 -1 1
65 8153 -1 2 343214 -0.33719 -0.1332 47203.7 67888.7 160191 160198 -1
65 1207 -1 2 -1 0.1358 -0.0259 33017.6 70956.7 -1 -1 1
65 1207 -1 2 345763 0.00366 -0.07617 33606.6 70797.8 160201 160185 -1
65 8153 -1 2 -1 0.4023 0.4081 45728.4 65842.6 -1 -1 1
65 8153 -1 2 343214 -0.33719 -0.1332 47203.7 67888.7 160191 160198 -1
65 1207 -1 2 -1 0.1358 -0.0259 33017.6 70956.7 -1 -1 1
65 1207 -1 2 345763 0.00366 -0.07617 33606.6 70797.8 160201 160185 -1
65 8153 -1 2 -1 0.4023 0.4081 45728.4 65842.6 -1 -1 1
65 8153 -1 2 343214 -0.33719 -0.1332 47203.7 67888.7 160191 160198 -1
65 10725 -1 3 -1 0.1444 0.1085 55389.8 34031.1 -1 -1 1
65 10725 -1 3 425699 -0.15178 0.65461 56241.3 35015.9 160152 160157 -1
65 5810 -1 3 -1 -0.1284 -0.6422 116714 27564.4 -1 -1 1
65 5810 -1 3 188710 0.15973 -0.13426 114682 30404.7 160161 160164 -1
65 10725 -1 3 -1 0.1444 0.1085 55389.8 34031.1 -1 -1 1
65 10725 -1 3 425699 -0.15178 0.65461 56241.3 35015.9 160152 160157 -1
65 5810 -1 3 -1 -0.1284 -0.6422 116714 27564.4 -1 -1 1
65 5810 -1 3 188710 0.15973 -0.13426 114682 30404.7 160161 160164 -1
65 10725 -1 3 -1 0.1444 0.1085 55389.8 34031.1 -1 -1 1
65 10725 -1 3 425699 -0.15178 0.65461 56241.3 35015.9 160152 160157 -1
65 5810 -1 3 -1 -0.1284 -0.6422 116714 27564.4 -1 -1 1
65 5810 -1 3 188710 0.15973 -0.13426 114682 30404.7 160161 160164 -1
65 10725 -1 3 -1 0.1444 0.1085 55389.8 34031.1 -1 -1 1
65 10725 -1 3 425699 -0.15178 0.65461 56241.3 35015.9 160152 160157 -1
65 5810 -1 3 -1 -0.1284 -0.6422 116714 27564.4 -1 -1 1
65 5810 -1 3 188710 0.15973 -0.13426 114682 30404.7 160161 160164 -1
65 8864 -1 4 -1 -0.2078 0.2897 41847.4 45455.3 -1 -1 1
65 8864 -1 4 50772 0.18011 0.39114 40507.6 47568.8 160196 160259 -1
65 15734 -1 4 -1 0.1089 0.6784 66501.2 27908.9 -1 -1 1
65 15734 -1 4 409312 0.65524 0.06218 64003.1 29851.9 160217 160172 -1
65 8864 -1 4 -1 -0.2078 0.2897 41847.4 45455.3 -1 -1 1
65 8864 -1 4 50772 0.18011 0.39114 40507.6 47568.8 160196 160259 -1
65 15734 -1 4 -1 0.1089 0.6784 66501.2 27908.9 -1 -1 1
65 15734 -1 4 409312 0.65524 0.06218 64003.1 29851.9 160217 160172 -1
65 8864 -1 4 -1 -0.2078 0.2897 41847.4 45455.3 -1 -1 1
65 8864 -1 4 50772 0.18011 0.39114 40507.6 47568.8 160196 160259 -1
65 15734 -1 4 -1 0.1089 0.6784 66501.2 27908.9 -1 -1 1
65 15734 -1 4 409312 0.65524 0.06218 64003.1 29851.9 160217 160172 -1
65 8864 -1 4 -1 -0.2078 0.2897 41847.4 45455.3 -1 -1 1
65 8864 -1 4 50772 0.18011 0.39114 40507.6 47568.8 160196 160259 -1
65 15734 -1 4 -1 0.1089 0.6784 66501.2 27908.9 -1 -1 1
65 15734 -1 4 409312 0.65524 0.06218 64003.1 29851.9 160217 160172 -1
65 11146 -1 5 -1 -0.1179 -0.3234 71122 20549.4 -1 -1 1
65 11146 -1 5 418903 -0.70849 0.3325 70245.4 19610.2 160184 160156 -1
65 7663 -1 5 -1 0.0048 -0.4986 118939 9035.3 -1 -1 1
65 7663 -1 5 384512 -0.0006 -0.23974 116263 9723.78 160237 160227 -1
65 11146 -1 5 -1 -0.1179 -0.3234 71122 20549.4 -1 -1 1
65 11146 -1 5 418903 -0.70849 0.3325 70245.4 19610.2 160184 160156 -1
65 7663 -1 5 -1 0.0048 -0.4986 118939 9035.3 -1 -1 1
65 7663 -1 5 384512 -0.0006 -0.23974 116263 9723.78 160237 160227 -1
65 11146 -1 5 -1 -0.1179 -0.3234 71122 20549.4 -1 -1 1
65 11146 -1 5 418903 -0.70849 0.3325 70245.4 19610.2 160184 160156 -1
65 7663 -1 5 -1 0.0048 -0.4986 118939 9035.3 -1 -1 1
65 7663 -1 5 384512 -0.0006 -0.23974 116263 9723.78 160237 160227 -1
65 11146 -1 5 -1 -0.1179 -0.3234 71122 20549.4 -1 -1 1
65 11146 -1 5 418903 -0.70849 0.3325 70245.4 19610.2 160184 160156 -1
65 7663 -1 5 -1 0.0048 -0.4986 118939 9035.3 -1 -1 1
65 7663 -1 5 384512 -0.0006 -0.23974 116263 9723.78 160237 160227 -1
65 13548 -1 6 -1 -0.0994 -0.0061 33306.8 37839.2 -1 -1 1
65 13548 -1 6 667502 -0.08861 0.6101 31340.7 40233 160275 160260 -1
65 13548 -1 6 -1 -0.0994 -0.0061 33306.8 37839.2 -1 -1 1
65 13548 -1 6 667502 -0.08861 0.6101 31340.7 40233 160275 160260 -1
65 13548 -1 6 -1 -0.0994 -0.0061 33306.8 37839.2 -1 -1 1
65 13548 -1 6 667502 -0.08861 0.6101 31340.7 40233 160275 160260 -1
65 13548 -1 6 -1 -0.0994 -0.0061 33306.8 37839.2 -1 -1 1
65 13548 -1 6 667502 -0.08861 0.6101 31340.7 40233 160275 160260 -1
66 10975 719805 1 -1 -0.14423 -0.41758 45312.6 68865.1 110017 110024 0
66 10975 -1 1 85265 -0.57562 -0.09816 44148.5 65965.9 160254 160219 -1
66 10975 719805 1 -1 -0.14423 -0.41758 45312.6 68865.1 110017 110024 0
66 10975 -1 1 85265 -0.57562 -0.09816 44148.5 65965.9 160254 160219 -1
66 10975 719805 1 -1 -0.14423 -0.41758 45312.6 68865.1 110017 110024 0
66 10975 -1 1 85265 -0.57562 -0.09816 44148.5 65965.9 160254 160219 -1
66 10975 719805 1 -1 -0.14423 -0.41758 45312.6 68865.1 110017 110024 0
66 10975 -1 1 85265 -0.57562 -0.09816 44148.5 65965.9 160254 160219 -1
66 1207 -1 2 -1 0.1362 -0.0244 31573.6 73062.8 -1 -1 1
66 1207 -1 2 526561 -0.0503 -0.07115 31406.8 73726.3 160095 160077 -1
66 8153 -1 2 -1 0.3985 0.4121 43515.2 66702 -1 -1 1
66 8153 -1 2 263418 0.02736 -0.06142 44096.4 67175.7 160087 160080 -1
66 1207 -1 2 -1 0.1362 -0.0244 31573.6 73062.8 -1 -1 1
66 1207 -1 2 526561 -0.0503 -0.07115 31406.8 73726.3 160095 160077 -1
66 8153 -1 2 -1 0.3985 0.4121 43515.2 66702 -1 -1 1
66 8153 -1 2 263418 0.02736 -0.06142 44096.4 67175.7 160087 160080 -1
66 1207 -1 2 -1 0.1362 -0.0244 31573.6 73062.8 -1 -1 1
66 1207 -1 2 526561 -0.0503 -0.07115 31406.8 73726.3 160095 160077 -1
66 8153 -1 2 -1 0.3985 0.4121 43515.2 66702 -1 -1 1
66 8153 -1 2 263418 0.02736 -0.06142 44096.4 67175.7 160087 160080 -1
66 1207 -1 2 -1 0.1362 -0.0244 31573.6 73062.8 -1 -1 1
66 1207 -1 2 526561 -0.0503 -0.07115 31406.8 73726.3 160095 160077 -1
66 8153 -1 2 -1 0.3985 0.4121 43515.2 66702 -1 -1 1
66 8153 -1 2 263418 0.02736 -0.06142 44096.4 67175.7 160087 160080 -1
66 3787 2457076 3 -1 0.067 -0.19356 77577.6 125137 160065 140042 0
66 3787 -1 3 31251 -0.09701 -0.20164 77482.6 47603.1 160111 160099 -1
66 3787 2457076 3 -1 0.067 -0.19356 77577.6 125137 160065 140042 0
66 3787 -1 3 31251 -0.09701 -0.20164 77482.6 47603.1 160111 160099 -1
66 3787 2457076 3 -1 0.067 -0.19356 77577.6 125137 160065 140042 0
66 3787 -1 3 31251 -0.09701 -0.20164 77482.6 47603.1 160111 160099 -1
66 3787 2457076 3 -1 0.067 -0.19356 77577.6 125137 160065 140042 0
66 3787 -1 3 31251 -0.09701 -0.20164 77482.6 47603.1 160111 160099 -1
66 12581 3377358 4 -1 0.06614 -0.20388 146825 137560 150056 130037 0
66 12581 -1 4 485492 -0.31225 0.34975 24202.6 59525.4 160119 160178 -1
66 8864 -1 4 -1 -0.2109 0.2873 43250 47181.9 -1 -1 1
66 8864 -1 4 35129 0.17253 0.38863 42824.4 49709.5 160233 160205 -1
66 15734 -1 4 -1 0.1011 0.6783 67070.7 28646 -1 -1 1
66 15734 -1 4 195631 -0.01377 -0.03677 67798.3 27762.9 160092 160055 -1
66 12581 3377358 4 -1 0.06614 -0.20388 146825 137560 150056 130037 0
66 12581 -1 4 485492 -0.31225 0.34975 24202.6 59525.4 160119 160178 -1
66 8864 -1 4 -1 -0.2109 0.2873 43250 47181.9 -1 -1 1
66 8864 -1 4 35129 0.17253 0.38863 42824.4 49709.5 160233 160205 -1
66 15734 -1 4 -1 0.1011 0.6783 67070.7 28646 -1 -1 1
66 15734 -1 4 195631 -0.01377 -0.03677 67798.3 27762.9 160092 160055 -1
66 12581 3377358 4 -1 0.06614 -0.20388 146825 137560 150056 130037 0
66 12581 -1 4 485492 -0.31225 0.34975 24202.6 59525.4 160119 160178 -1
66 8864 -1 4 -1 -0.2109 0.2873 43250 47181.9 -1 -1 1
66 8864 -1 4 35129 0.17253 0.38863 42824.4 49709.5 160233 160205 -1
66 15734 -1 4 -1 0.1011 0.6783 67070.7 28646 -1 -1 1
66 15734 -1 4 195631 -0.01377 -0.03677 67798.3 27762.9 160092 160055 -1
66 12581 3377358 4 -1 0.06614 -0.20388 146825 137560 150056 130037 0
66 12581 -1 4 485492 -0.31225 0.34975 24202.6 59525.4 160119 160178 -1
66 8864 -1 4 -1 -0.2109 0.2873 43250 47181.9 -1 -1 1
66 8864 -1 4 35129 0.17253 0.38863 42824.4 49709.5 160233 160205 -1
66 15734 -1 4 -1 0.1011 0.6783 67070.7 28646 -1 -1 1
66 15734 -1 4 195631 -0.01377 -0.03677 67798.3 27762.9 160092 160055 -1
66 11146 -1 5 -1 -0.1172 -0.3241 71273.6 24647.9 -1 -1 1
66 11146 -1 5 195259 0.6232 -0.2225 73499.9 26277.7 160246 160222 -1
66 7663 -1 5 -1 0.0062 -0.4992 118736 13869.4 -1 -1 1
66 7663 -1 5 369332 -0.00651 -0.21111 116072 13646.6 160185 160186 -1
66 11146 -1 5 -1 -0.1172 -0.3241 71273.6 24647.9 -1 -1 1
66 11146 -1 5 195259 0.6232 -0.2225 73499.9 26277.7 160246 160222 -1
66 7663 -1 5 -1 0.0062 -0.4992 118736 13869.4 -1 -1 1
66 7663 -1 5 369332 -0.00651 -0.21111 116072 13646.6 160185 160186 -1
66 11146 -1 5 -1 -0.1172 -0.3241 71273.6 24647.9 -1 -1 1
66 11146 -1 5 195259 0.6232 -0.2225 73499.9 26277.7 160246 160222 -1
66 7663 -1 5 -1 0.0062 -0.4992 118736 13869.4 -1 -1 1
66 7663 -1 5 369332 -0.00651 -0.21111 116072 13646.6 160185 160186 -1
66 11146 -1 5 -1 -0.1172 -0.3241 71273.6 24647.9 -1 -1 1
66 11146 -1 5 195259 0.6232 -0.2225 73499.9 26277.7 160246 160222 -1
66 7663 -1 5 -1 0.0062 -0.4992 118736 13869.4 -1 -1 1
66 7663 -1 5 369332 -0.00651 -0.21111 116072 13646.6 160185 160186 -1
66 13548 -1 6 -1 -0.0995 -0.0065 33413.9 41490 -1 -1 1
66 13548 -1 6 4490 -0.53268 0.09171 33619 41154.6 160264 160246 -1
66 13548 -1 6 -1 -0.0995 -0.0065 33413.9 41490 -1 -1 1
66 13548 -1 6 4490 -0.53268 0.09171 33619 41154.6 160264 160246 -1
66 13548 -1 6 -1 -0.0995 -0.0065 33413.9 41490 -1 -1 1
66 13548 -1 6 4490 -0.53268 0.09171 33619 41154.6 160264 160246 -1
66 13548 -1 6 -1 -0.0995 -0.0065 33413.9 41490 -1 -1 1
66 13548 -1 6 4490 -0.53268 0.09171 33619 41154.6 160264 160246 -1
67 10975 -1 1 -1 -0.1429 -0.4181 46336.2 66702.2 -1 -1 1
67 10975 -1 1 494610 -0.29077 0.26079 47072.7 65892.6 160276 160208 -1
67 3320 1103403 1 -1 -0.02103 -0.42787 70441 40995.7 130041 100025 0
67 3320 -1 1 15643 0.43944 -0.60068 70185.2 41892.8 160284 160268 -1
67 10975 -1 1 -1 -0.1429 -0.4181 46336.2 66702.2 -1 -1 1
67 10975 -1 1 494610 -0.29077 0.26079 47072.7 65892.6 160276 160208 -1
67 3320 1103403 1 -1 -0.02103 -0.42787 70441 40995.7 130041 100025 0
67 3320 -1 1 15643 0.43944 -0.60068 70185.2 41892.8 160284 160268 -1
67 10975 -1 1 -1 -0.1429 -0.4181 46336.2 66702.2 -1 -1 1
67 10975 -1 1 494610 -0.29077 0.26079 47072.7 65892.6 160276 160208 -1
67 3320 1103403 1 -1 -0.02103 -0.42787 70441 40995.7 130041 100025 0
67 3320 -1 1 15643 0.43944 -0.60068 70185.2 41892.8 160284 160268 -1
67 10975 -1 1 -1 -0.1429 -0.4181 46336.2 66702.2 -1 -1 1
67 10975 -1 1 494610 -0.29077 0.26079 47072.7 65892.6 160276 160208 -1
67 3320 1103403 1 -1 -0.02103 -0.42787 70441 40995.7 130041 100025 0
67 3320 -1 1 15643 0.43944 -0.60068 70185.2 41892.8 160284 160268 -1
67 1207 -1 2 -1 0.1364 -0.024 33373.8 72053.1 -1 -1 1
67 1207 -1 2 288161 -0.49638 -0.64413 31761.3 71939 160300 160221 -1
67 8153 -1 2 -1 0.3965 0.4134 45116.9 65362.1 -1 -1 1
67 8153 -1 2 494436 0.70138 0.33608 47157.7 64483.3 160253 160235 -1
67 1207 -1 2 -1 0.1364 -0.024 33373.8 72053.1 -1 -1 1
67 1207 -1 2 288161 -0.49638 -0.64413 31761.3 71939 160300 160221 -1
67 8153 -1 2 -1 0.3965 0.4134 45116.9 65362.1 -1 -1 1
67 8153 -1 2 494436 0.70138 0.33608 47157.7 64483.3 160253 160235 -1
67 1207 -1 2 -1 0.1364 -0.024 33373.8 72053.1 -1 -1 1
67 1207 -1 2 288161 -0.49638 -0.64413 31761.3 71939 160300 160221 -1
67 8153 -1 2 -1 0.3965 0.4134 45116.9 65362.1 -1 -1 1
67 8153 -1 2 494436 0.70138 0.33608 47157.7 64483.3 160253 160235 -1
67 1207 -1 2 -1 0.1364 -0.024 33373.8 72053.1 -1 -1 1
67 1207 -1 2 288161 -0.49638 -0.64413 31761.3 71939 160300 160221 -1
67 8153 -1 2 -1 0.3965 0.4134 45116.9 65362.1 -1 -1 1
67 8153 -1 2 494436 0.70138 0.33608 47157.7 64483.3 160253 160235 -1
67 3787 -1 3 -1 0.0669 -0.1936 78629.5 44061.3 -1 -1 1
67 3787 -1 3 13818 -0.1196 0.01493 79411.3 43805.7 160091 160090 -1
67 3787 -1 3 -1 0.0669 -0.1936 78629.5 44061.3 -1 -1 1
67 3787 -1 3 13818 -0.1196 0.01493 79411.3 43805.7 160091 160090 -1
67 3787 -1 3 -1 0.0669 -0.1936 78629.5 44061.3 -1 -1 1
67 3787 -1 3 13818 -0.1196 0.01493 79411.3 43805.7 160091 160090 -1
67 3787 -1 3 -1 0.0669 -0.1936 78629.5 44061.3 -1 -1 1
67 3787 -1 3 13818 -0.1196 0.01493 79411.3 43805.7 160091 160090 -1
67 12581 -1 4 -1 0.0661 -0.2039 27381.9 56255.1 -1 -1 1
67 12581 -1 4 52331 0.02734 -0.04414 28709.1 55026.1 160097 160089 -1
67 8864 -1 4 -1 -0.2106 0.2871 44179.6 44457.6 -1 -1 1
67 8864 -1 4 18417 -0.07786 -0.08899 45596.9 43100.1 160099 160101 -1
67 3962 3315985 4 -1 -0.04369 -0.07784 162756 117772 150049 160051 0
67 3962 -1 4 18267 -0.72383 -0.20784 40586 41308.4 160258 160250 -1
67 12581 -1 4 -1 0.0661 -0.2039 27381.9 56255.1 -1 -1 1
67 12581 -1 4 52331 0.02734 -0.04414 28709.1 55026.1 160097 160089 -1
67 8864 -1 4 -1 -0.2106 0.2871 44179.6 44457.6 -1 -1 1
67 8864 -1 4 18417 -0.07786 -0.08899 45596.9 43100.1 160099 160101 -1
67 3962 3315985 4 -1 -0.04369 -0.07784 162756 117772 150049 160051 0
67 3962 -1 4 18267 -0.72383 -0.20784 40586 41308.4 160258 160250 -1
67 12581 -1 4 -1 0.0661 -0.2039 27381.9 56255.1 -1 -1 1
67 12581 -1 4 52331 0.02734 -0.04414 28709.1 55026.1 160097 160089 -1
67 8864 -1 4 -1 -0.2106 0.2871 44179.6 44457.6 -1 -1 1
67 8864 -1 4 18417 -0.07786 -0.08899 45596.9 43100.1 160099 160101 -1
67 3962 3315985 4 -1 -0.04369 -0.07784 162756 117772 150049 160051 0
67 3962 -1 4 18267 -0.72383 -0.20784 40586 41308.4 160258 160250 -1
67 12581 -1 4 -1 0.0661 -0.2039 27381.9 56255.1 -1 -1 1
67 12581 -1 4 52331 0.02734 -0.04414 28709.1 55026.1 160097 160089 -1
67 8864 -1 4 -1 -0.2106 0.2871 44179.6 44457.6 -1 -1 1
67 8864 -1 4 18417 -0.07786 -0.08899 45596.9 43100.1 160099 160101 -1
67 3962 3315985 4 -1 -0.04369 -0.07784 162756 117772 150049 160051 0
67 3962 -1 4 18267 -0.72383 -0.20784 40586 41308.4 160258 160250 -1
67 11146 -1 5 -1 -0.117 -0.324 72572.9 22106.9 -1 -1 1
67 11146 -1 5 180101 0.5443 0.06751 72646.2 21992.9 160263 160221 -1
67 11146 -1 5 -1 -0.117 -0.324 72572.9 22106.9 -1 -1 1
67 11146 -1 5 180101 0.5443 0.06751 72646.2 21992.9 160263 160221 -1
67 11146 -1 5 -1 -0.117 -0.324 72572.9 22106.9 -1 -1 1
67 11146 -1 5 180101 0.5443 0.06751 72646.2 21992.9 160263 160221 -1
67 11146 -1 5 -1 -0.117 -0.324 72572.9 22106.9 -1 -1 1
67 11146 -1 5 180101 0.5443 0.06751 72646.2 21992.9 160263 160221 -1
68 10975 -1 1 -1 -0.1438 -0.418 48041.2 68678 -1 -1 1
68 10975 -1 1 271507 0.1824 -0.74113 49537.7 70387.3 160224 160224 -1
68 3320 -1 1 -1 -0.0218 -0.428 71706.4 42945.8 -1 -1 1
68 3320 -1 1 235816 0.35199 0.0995 72195 42067.2 160160 160146 -1
68 10975 -1 1 -1 -0.1438 -0.418 48041.2 68678 -1 -1 1
68 10975 -1 1 271507 0.1824 -0.74113 49537.7 70387.3 160224 160224 -1
68 3320 -1 1 -1 -0.0218 -0.428 71706.4 42945.8 -1 -1 1
68 3320 -1 1 235816 0.35199 0.0995 72195 42067.2 160160 160146 -1
68 10975 -1 1 -1 -0.1438 -0.418 48041.2 68678 -1 -1 1
68 10975 -1 1 271507 0.1824 -0.74113 49537.7 70387.3 160224 160224 -1
68 3320 -1 1 -1 -0.0218 -0.428 71706.4 42945.8 -1 -1 1
68 3320 -1 1 235816 0.35199 0.0995 72195 42067.2 160160 160146 -1
68 10975 -1 1 -1 -0.1438 -0.418 48041.2 68678 -1 -1 1
68 10975 -1 1 271507 0.1824 -0.74113 49537.7 70387.3 160224 160224 -1
68 3320 -1 1 -1 -0.0218 -0.428 71706.4 42945.8 -1 -1 1
68 3320 -1 1 235816 0.35199 0.0995 72195 42067.2 160160 160146 -1
68 10623 2676861 3 -1 0.5634 0.37441 93767.6 130775 100023 110047 0
68 10623 -1 3 469165 -0.08591 -0.3073 94932.7 51750.3 160129 160153 -1
68 3787 -1 3 -1 0.0673 -0.1933 79583.2 45576 -1 -1 1
68 3787 -1 3 33028 0.46992 -0.37935 80446.4 47675.7 160215 160285 -1
68 10623 2676861 3 -1 0.5634 0.37441 93767.6 130775 100023 110047 0
68 10623 -1 3 469165 -0.08591 -0.3073 94932.7 51750.3 160129 160153 -1
68 3787 -1 3 -1 0.0673 -0.1933 79583.2 45576 -1 -1 1
68 3787 -1 3 33028 0.46992 -0.37935 80446.4 47675.7 160215 160285 -1
68 10623 2676861 3 -1 0.5634 0.37441 93767.6 130775 100023 110047 0
68 10623 -1 3 469165 -0.08591 -0.3073 94932.7 51750.3 160129 160153 -1
68 3787 -1 3 -1 0.0673 -0.1933 79583.2 45576 -1 -1 1
68 3787 -1 3 33028 0.46992 -0.37935 80446.4 47675.7 160215 160285 -1
68 10623 2676861 3 -1 0.5634 0.37441 93767.6 130775 100023 110047 0
68 10623 -1 3 469165 -0.08591 -0.3073 94932.7 51750.3 160129 160153 -1
68 3787 -1 3 -1 0.0673 -0.1933 79583.2 45576 -1 -1 1
68 3787 -1 3 33028 0.46992 -0.37935 80446.4 47675.7 160215 160285 -1
68 12581 -1 4 -1 0.0663 -0.2036 28538.7 57944.6 -1 -1 1
68 12581 -1 4 76102 0.11398 0.28758 31054.3 60251.2 160182 160198 -1
68 3962 -1 4 -1 -0.0439 -0.0776 44133.5 39730.1 -1 -1 1
68 3962 -1 4 240075 -0.12873 -0.59761 44961.2 42398.4 160242 160224 -1
68 12581 -1 4 -1 0.0663 -0.2036 28538.7 57944.6 -1 -1 1
68 12581 -1 4 76102 0.11398 0.28758 31054.3 60251.2 160182 160198 -1
68 3962 -1 4 -1 -0.0439 -0.0776 44133.5 39730.1 -1 -1 1
68 3962 -1 4 240075 -0.12873 -0.59761 44961.2 42398.4 160242 160224 -1
68 12581 -1 4 -1 0.0663 -0.2036 28538.7 57944.6 -1 -1 1
68 12581 -1 4 76102 0.11398 0.28758 31054.3 60251.2 160182 160198 -1
68 3962 -1 4 -1 -0.0439 -0.0776 44133.5 39730.1 -1 -1 1
68 3962 -1 4 240075 -0.12873 -0.59761 44961.2 42398.4 160242 160224 -1
68 12581 -1 4 -1 0.0663 -0.2036 28538.7 57944.6 -1 -1 1
68 12581 -1 4 76102 0.11398 0.28758 31054.3 60251.2 160182 160198 -1
68 3962 -1 4 -1 -0.0439 -0.0776 44133.5 39730.1 -1 -1 1
68 3962 -1 4 240075 -0.12873 -0.59761 44961.2 42398.4 160242 160224 -1
69 10975 -1 1 -1 -0.1457 -0.4177 48302 70196.1 -1 -1 1
69 10975 -1 1 277663 0.08248 -0.0612 47830.7 70373.4 160089 160059 -1
69 3320 -1 1 -1 -0.0237 -0.4279 71741.1 44356.7 -1 -1 1
69 3320 -1 1 17586 -0.4601 0.18951 74087.3 41570.1 160295 160201 -1
69 10975 -1 1 -1 -0.1457 -0.4177 48302 70196.1 -1 -1 1
69 10975 -1 1 277663 0.08248 -0.0612 47830.7 70373.4 160089 160059 -1
69 3320 -1 1 -1 -0.0237 -0.4279 71741.1 44356.7 -1 -1 1
69 3320 -1 1 17586 -0.4601 0.18951 74087.3 41570.1 160295 160201 -1
69 10975 -1 1 -1 -0.1457 -0.4177 48302 70196.1 -1 -1 1
69 10975 -1 1 277663 0.08248 -0.0612 47830.7 70373.4 160089 160059 -1
69 3320 -1 1 -1 -0.0237 -0.4279 71741.1 44356.7 -1 -1 1
69 3320 -1 1 17586 -0.4601 0.18951 74087.3 41570.1 160295 160201 -1
69 10975 -1 1 -1 -0.1457 -0.4177 48302 70196.1 -1 -1 1
69 10975 -1 1 277663 0.08248 -0.0612 47830.7 70373.4 160089 160059 -1
69 3320 -1 1 -1 -0.0237 -0.4279 71741.1 44356.7 -1 -1 1
69 3320 -1 1 17586 -0.4601 0.18951 74087.3 41570.1 160295 160201 -1
69 10623 -1 3 -1 0.5664 0.37 94344 52890.3 -1 -1 1
69 10623 -1 3 51078 0.58168 -0.42 95993.9 52927.2 160206 160275 -1
69 3787 -1 3 -1 0.0657 -0.1938 80337.2 46808.5 -1 -1 1
69 3787 -1 3 16438 -0.03037 0.03198 79836.3 45982 160101 160087 -1
69 10623 -1 3 -1 0.5664 0.37 94344 52890.3 -1 -1 1
69 10623 -1 3 51078 0.58168 -0.42 95993.9 52927.2 160206 160275 -1
69 3787 -1 3 -1 0.0657 -0.1938 80337.2 46808.5 -1 -1 1
69 3787 -1 3 16438 -0.03037 0.03198 79836.3 45982 160101 160087 -1
69 10623 -1 3 -1 0.5664 0.37 94344 52890.3 -1 -1 1
69 10623 -1 3 51078 0.58168 -0.42 95993.9 52927.2 160206 160275 -1
69 3787 -1 3 -1 0.0657 -0.1938 80337.2 46808.5 -1 -1 1
69 3787 -1 3 16438 -0.03037 0.03198 79836.3 45982 160101 160087 -1
69 10623 -1 3 -1 0.5664 0.37 94344 52890.3 -1 -1 1
69 10623 -1 3 51078 0.58168 -0.42 95993.9 52927.2 160206 160275 -1
69 3787 -1 3 -1 0.0657 -0.1938 80337.2 46808.5 -1 -1 1
69 3787 -1 3 16438 -0.03037 0.03198 79836.3 45982 160101 160087 -1
69 12581 -1 4 -1 0.0651 -0.2041 28811.4 58840.2 -1 -1 1
69 12581 -1 4 80978 -0.20749 0.12212 31217.1 56440.6 160200 160202 -1
69 3962 -1 4 -1 -0.0444 -0.0774 44388.9 40424.8 -1 -1 1
69 3962 -1 4 223480 -0.70813 0.20655 44413.6 41114.5 160294 160270 -1
69 12581 -1 4 -1 0.0651 -0.2041 28811.4 58840.2 -1 -1 1
69 12581 -1 4 80978 -0.20749 0.12212 31217.1 56440.6 160200 160202 -1
69 3962 -1 4 -1 -0.0444 -0.0774 44388.9 40424.8 -1 -1 1
69 3962 -1 4 223480 -0.70813 0.20655 44413.6 41114.5 160294 160270 -1
69 12581 -1 4 -1 0.0651 -0.2041 28811.4 58840.2 -1 -1 1
69 12581 -1 4 80978 -0.20749 0.12212 31217.1 56440.6 160200 160202 -1
69 3962 -1 4 -1 -0.0444 -0.0774 44388.9 40424.8 -1 -1 1
69 3962 -1 4 223480 -0.70813 0.20655 44413.6 41114.5 160294 160270 -1
69 12581 -1 4 -1 0.0651 -0.2041 28811.4 58840.2 -1 -1 1
69 12581 -1 4 80978 -0.20749 0.12212 31217.1 56440.6 160200 160202 -1
69 3962 -1 4 -1 -0.0444 -0.0774 44388.9 40424.8 -1 -1 1
69 3962 -1 4 223480 -0.70813 0.20655 44413.6 41114.5 160294 160270 -1
69 7062 4796039 5 -1 0.16704 -0.33784 110958 181090 120040 120029 0
69 7062 -1 5 379559 0.06051 -0.03185 111893 20293.1 160123 160085 -1
69 7062 4796039 5 -1 0.16704 -0.33784 110958 181090 120040 120029 0
69 7062 -1 5 379559 0.06051 -0.03185 111893 20293.1 160123 160085 -1
69 7062 4796039 5 -1 0.16704 -0.33784 110958 181090 120040 120029 0
69 7062 -1 5 379559 0.06051 -0.03185 111893 20293.1 160123 160085 -1
69 7062 4796039 5 -1 0.16704 -0.33784 110958 181090 120040 120029 0
69 7062 -1 5 379559 0.06051 -0.03185 111893 20293.1 160123 160085 -1
70 3320 -1 1 -1 -0.022 -0.4279 71631.5 45165.9 -1 -1 1
70 3320 -1 1 902712 0.44499 0.31167 73110.9 44313 160278 160239 -1
70 3320 -1 1 -1 -0.022 -0.4279 71631.5 45165.9 -1 -1 1
70 3320 -1 1 902712 0.44499 0.31167 73110.9 44313 160278 160239 -1
70 3320 -1 1 -1 -0.022 -0.4279 71631.5 45165.9 -1 -1 1
70 3320 -1 1 902712 0.44499 0.31167 73110.9 44313 160278 160239 -1
70 3320 -1 1 -1 -0.022 -0.4279 71631.5 45165.9 -1 -1 1
70 3320 -1 1 902712 0.44499 0.31167 73110.9 44313 160278 160239 -1
70 10623 -1 3 -1 0.5662 0.3715 92511.5 51061.6 -1 -1 1
70 10623 -1 3 31282 -0.00336 0.06852 92654.3 51092.2 160094 160096 -1
70 1760 3075367 3 -1 0.00378 -0.0159 57071.1 111808 160070 160064 0
70 1760 -1 3 647095 0.00371 -0.01592 57834.7 32951 160070 160064 -1
70 10623 -1 3 -1 0.5662 0.3715 92511.5 51061.6 -1 -1 1
70 10623 -1 3 31282 -0.00336 0.06852 92654.3 51092.2 160094 160096 -1
70 1760 3075367 3 -1 0.00378 -0.0159 57071.1 111808 160070 160064 0
70 1760 -1 3 647095 0.00371 -0.01592 57834.7 32951 160070 160064 -1
70 10623 -1 3 -1 0.5662 0.3715 92511.5 51061.6 -1 -1 1
70 10623 -1 3 31282 -0.00336 0.06852 92654.3 51092.2 160094 160096 -1
70 1760 3075367 3 -1 0.00378 -0.0159 57071.1 111808 160070 160064 0
70 1760 -1 3 647095 0.00371 -0.01592 57834.7 32951 160070 160064 -1
70 10623 -1 3 -1 0.5662 0.3715 92511.5 51061.6 -1 -1 1
70 10623 -1 3 31282 -0.00336 0.06852 92654.3 51092.2 160094 160096 -1
70 1760 3075367 3 -1 0.00378 -0.0159 57071.1 111808 160070 160064 0
70 1760 -1 3 647095 0.00371 -0.01592 57834.7 32951 160070 160064 -1
70 3962 -1 4 -1 -0.0439 -0.0775 43841.3 39957.3 -1 -1 1
70 3962 -1 4 3148 -0.80169 0.1368 43494.9 39509.8 160199 160193 -1
70 3962 -1 4 -1 -0.0439 -0.0775 43841.3 39957.3 -1 -1 1
70 3962 -1 4 3148 -0.80169 0.1368 43494.9 39509.8 160199 160193 -1
70 3962 -1 4 -1 -0.0439 -0.0775 43841.3 39957.3 -1 -1 1
70 3962 -1 4 3148 -0.80169 0.1368 43494.9 39509.8 160199 160193 -1
70 3962 -1 4 -1 -0.0439 -0.0775 43841.3 39957.3 -1 -1 1
70 3962 -1 4 3148 -0.80169 0.1368 43494.9 39509.8 160199 160193 -1
70 13441 4608322 5 -1 0.11862 -0.18162 127949 166029 150054 140037 0
70 13441 -1 5 323024 0.2252 -0.3397 126172 5233.13 160254 160234 -1
70 7062 -1 5 -1 0.1673 -0.3379 110711 20448.1 -1 -1 1
70 7062 -1 5 373631 0.05719 -0.03104 111307 20298.5 160103 160094 -1
70 13441 4608322 5 -1 0.11862 -0.18162 127949 166029 150054 140037 0
70 13441 -1 5 323024 0.2252 -0.3397 126172 5233.13 160254 160234 -1
70 7062 -1 5 -1 0.1673 -0.3379 110711 20448.1 -1 -1 1
70 7062 -1 5 373631 0.05719 -0.03104 111307 20298.5 160103 160094 -1
70 13441 4608322 5 -1 0.11862 -0.18162 127949 166029 150054 140037 0
70 13441 -1 5 323024 0.2252 -0.3397 126172 5233.13 160254 160234 -1
70 7062 -1 5 -1 0.1673 -0.3379 110711 20448.1 -1 -1 1
70 7062 -1 5 373631 0.05719 -0.03104 111307 20298.5 160103 160094 -1
70 13441 4608322 5 -1 0.11862 -0.18162 127949 166029 150054 140037 0
70 13441 -1 5 323024 0.2252 -0.3397 126172 5233.13 160254 160234 -1
70 7062 -1 5 -1 0.1673 -0.3379 110711 20448.1 -1 -1 1
70 7062 -1 5 373631 0.05719 -0.03104 111307 20298.5 160103 160094 -1
70 10994 5996344 6 -1 0.28488 -0.3878 162697 209085 140058 110029 0
70 10994 -1 6 465381 -0.03324 -0.07519 45804.2 48322.3 160097 160090 -1
70 10994 5996344 6 -1 0.28488 -0.3878 162697 209085 140058 110029 0
70 10994 -1 6 465381 -0.03324 -0.07519 45804.2 48322.3 160097 160090 -1
70 10994 5996344 6 -1 0.28488 -0.3878 162697 209085 140058 110029 0
70 10994 -1 6 465381 -0.03324 -0.07519 45804.2 48322.3 160097 160090 -1
70 10994 5996344 6 -1 0.28488 -0.3878 162697 209085 140058 110029 0
70 10994 -1 6 465381 -0.03324 -0.07519 45804.2 48322.3 160097 160090 -1
71 10600 280530 1 -1 0.2086 0.17778 94324.6 74883.4 110024 120025 0
71 10600 -1 1 733529 -0.46373 0.37192 94075.4 74968.6 160322 160273 -1
71 1507 12652 1 -1 0.01716 -0.10619 98596.3 41977.9 160103 160066 0
71 1507 -1 1 436736 0.65509 -0.32437 99579.8 41191.9 160143 160147 -1
71 10600 280530 1 -1 0.2086 0.17778 94324.6 74883.4 110024 120025 0
71 10600 -1 1 733529 -0.46373 0.37192 94075.4 74968.6 160322 160273 -1
71 1507 12652 1 -1 0.01716 -0.10619 98596.3 41977.9 160103 160066 0
71 1507 -1 1 436736 0.65509 -0.32437 99579.8 41191.9 160143 160147 -1
71 10600 280530 1 -1 0.2086 0.17778 94324.6 74883.4 110024 120025 0
71 10600 -1 1 733529 -0.46373 0.37192 94075.4 74968.6 160322 160273 -1
71 1507 12652 1 -1 0.01716 -0.10619 98596.3 41977.9 160103 160066 0
71 1507 -1 1 436736 0.65509 -0.32437 99579.8 41191.9 160143 160147 -1
71 10600 280530 1 -1 0.2086 0.17778 94324.6 74883.4 110024 120025 0
71 10600 -1 1 733529 -0.46373 0.37192 94075.4 74968.6 160322 160273 -1
71 1507 12652 1 -1 0.01716 -0.10619 98596.3 41977.9 160103 160066 0
71 1507 -1 1 436736 0.65509 -0.32437 99579.8 41191.9 160143 160147 -1
71 10623 -1 3 -1 0.5631 0.3766 89953.6 50569.1 -1 -1 1
71 10623 -1 3 32414 -0.07552 -0.01889 89897.3 50362.9 160135 160080 -1
71 1760 -1 3 -1 0.0038 -0.0159 55888.1 32546.3 -1 -1 1
71 1760 -1 3 647994 -0.06337 0.42895 55729.8 32114.9 160154 160134 -1
71 10623 -1 3 -1 0.5631 0.3766 89953.6 50569.1 -1 -1 1
71 10623 -1 3 32414 -0.07552 -0.01889 89897.3 50362.9 160135 160080 -1
71 1760 -1 3 -1 0.0038 -0.0159 55888.1 32546.3 -1 -1 1
71 1760 -1 3 647994 -0.06337 0.42895 55729.8 32114.9 160154 160134 -1
71 10623 -1 3 -1 0.5631 0.3766 89953.6 50569.1 -1 -1 1
71 10623 -1 3 32414 -0.07552 -0.01889 89897.3 50362.9 160135 160080 -1
71 1760 -1 3 -1 0.0038 -0.0159 55888.1 32546.3 -1 -1 1
71 1760 -1 3 647994 -0.06337 0.42895 55729.8 32114.9 160154 160134 -1
71 10623 -1 3 -1 0.5631 0.3766 89953.6 50569.1 -1 -1 1
71 10623 -1 3 32414 -0.07552 -0.01889 89897.3 50362.9 160135 160080 -1
71 1760 -1 3 -1 0.0038 -0.0159 55888.1 32546.3 -1 -1 1
71 1760 -1 3 647994 -0.06337 0.42895 55729.8 32114.9 160154 160134 -1
71 14531 3731412 4 -1 0.00861 -0.10341 184438 106499 160074 160081 0
71 14531 -1 4 197324 -0.18726 -0.05886 63872.5 27346.1 160238 160195 -1
71 14531 3731412 4 -1 0.00861 -0.10341 184438 106499 160074 160081 0
71 14531 -1 4 197324 -0.18726 -0.05886 63872.5 27346.1 160238 160195 -1
71 14531 3731412 4 -1 0.00861 -0.10341 184438 106499 160074 160081 0
71 14531 -1 4 197324 -0.18726 -0.05886 63872.5 27346.1 160238 160195 -1
71 14531 3731412 4 -1 0.00861 -0.10341 184438 106499 160074 160081 0
71 14531 -1 4 197324 -0.18726 -0.05886 63872.5 27346.1 160238 160195 -1
71 123 5507369 5 -1 0.56876 -0.12776 127800 202179 110020 120032 0
71 123 -1 5 432676 0.41034 -0.60936 128501 40281.1 160175 160155 -1
71 7062 -1 5 -1 0.1693 -0.3366 108529 20702.3 -1 -1 1
71 7062 -1 5 174776 0.03074 0.02048 107346 21742.2 160126 160073 -1
71 123 5507369 5 -1 0.56876 -0.12776 127800 202179 110020 120032 0
71 123 -1 5 432676 0.41034 -0.60936 128501 40281.1 160175 160155 -1
71 7062 -1 5 -1 0.1693 -0.3366 108529 20702.3 -1 -1 1
71 7062 -1 5 174776 0.03074 0.02048 107346 21742.2 160126 160073 -1
71 123 5507369 5 -1 0.56876 -0.12776 127800 202179 110020 120032 0
71 123 -1 5 432676 0.41034 -0.60936 128501 40281.1 160175 160155 -1
71 7062 -1 5 -1 0.1693 -0.3366 108529 20702.3 -1 -1 1
71 7062 -1 5 174776 0.03074 0.02048 107346 21742.2 160126 160073 -1
71 123 5507369 5 -1 0.56876 -0.12776 127800 202179 110020 120032 0
71 123 -1 5 432676 0.41034 -0.60936 128501 40281.1 160175 160155 -1
71 7062 -1 5 -1 0.1693 -0.3366 108529 20702.3 -1 -1 1
71 7062 -1 5 174776 0.03074 0.02048 107346 21742.2 160126 160073 -1
71 10994 -1 6 -1 0.2861 -0.3868 40471.3 48331.5 -1 -1 1
71 10994 -1 6 469833 0.01701 0.03964 39562.3 49977.3 160096 160108 -1
71 13441 -1 6 -1 0.1192 -0.1812 6008 4980.6 -1 -1 1
71 13441 -1 6 341864 0.01132 -0.06253 5980.24 4816.2 160097 160081 -1
71 10994 -1 6 -1 0.2861 -0.3868 40471.3 48331.5 -1 -1 1
71 10994 -1 6 469833 0.01701 0.03964 39562.3 49977.3 160096 160108 -1
71 13441 -1 6 -1 0.1192 -0.1812 6008 4980.6 -1 -1 1
71 13441 -1 6 341864 0.01132 -0.06253 5980.24 4816.2 160097 160081 -1
71 10994 -1 6 -1 0.2861 -0.3868 40471.3 48331.5 -1 -1 1
71 10994 -1 6 469833 0.01701 0.03964 39562.3 49977.3 160096 160108 -1
71 13441 -1 6 -1 0.1192 -0.1812 6008 4980.6 -1 -1 1
71 13441 -1 6 341864 0.01132 -0.06253 5980.24 4816.2 160097 160081 -1
71 10994 -1 6 -1 0.2861 -0.3868 40471.3 48331.5 -1 -1 1
71 10994 -1 6 469833 0.01701 0.03964 39562.3 49977.3 160096 160108 -1
71 13441 -1 6 -1 0.1192 -0.1812 6008 4980.6 -1 -1 1
71 13441 -1 6 341864 0.01132 -0.06253 5980.24 4816.2 160097 160081 -1
72 10600 -1 1 -1 0.2108 0.1754 94213 74907.3 -1 -1 1
72 10600 -1 1 1204642 0.2089 -0.3379 92008.3 75897.4 160268 160284 -1
72 1507 -1 1 -1 0.0158 -0.1063 98745.5 42905.8 -1 -1 1
72 1507 -1 1 901669 0.10424 0.56682 99200.6 43326 160146 160153 -1
72 10600 -1 1 -1 0.2108 0.1754 94213 74907.3 -1 -1 1
72 10600 -1 1 1204642 0.2089 -0.3379 92008.3 75897.4 160268 160284 -1
72 1507 -1 1 -1 0.0158 -0.1063 98745.5 42905.8 -1 -1 1
72 1507 -1 1 901669 0.10424 0.56682 99200.6 43326 160146 160153 -1
72 10600 -1 1 -1 0.2108 0.1754 94213 74907.3 -1 -1 1
72 10600 -1 1 1204642 0.2089 -0.3379 92008.3 75897.4 160268 160284 -1
72 1507 -1 1 -1 0.0158 -0.1063 98745.5 42905.8 -1 -1 1
72 1507 -1 1 901669 0.10424 0.56682 99200.6 43326 160146 160153 -1
72 10600 -1 1 -1 0.2108 0.1754 94213 74907.3 -1 -1 1
72 10600 -1 1 1204642 0.2089 -0.3379 92008.3 75897.4 160268 160284 -1
72 1507 -1 1 -1 0.0158 -0.1063 98745.5 42905.8 -1 -1 1
72 1507 -1 1 901669 0.10424 0.56682 99200.6 43326 160146 160153 -1
72 16142 2568423 3 -1 0.28004 0.21847 65788.3 162521 110030 140037 0
72 16142 -1 3 500609 0.18204 0.34936 65937.4 86056.4 160217 160288 -1
72 1760 -1 3 -1 0.0037 -0.0159 57351.1 34768.6 -1 -1 1
72 1760 -1 3 209717 0.08914 -0.04198 56817.8 32967.2 160103 160057 -1
72 3043 2613299 3 -1 0.14061 -0.32321 54414.6 96542.1 130042 110023 0
72 3043 -1 3 377968 -0.10201 0.0207 55823.9 18584.3 160071 160076 -1
72 16142 2568423 3 -1 0.28004 0.21847 65788.3 162521 110030 140037 0
72 16142 -1 3 500609 0.18204 0.34936 65937.4 86056.4 160217 160288 -1
72 1760 -1 3 -1 0.0037 -0.0159 57351.1 34768.6 -1 -1 1
72 1760 -1 3 209717 0.08914 -0.04198 56817.8 32967.2 160103 160057 -1
72 3043 2613299 3 -1 0.14061 -0.32321 54414.6 96542.1 130042 110023 0
72 3043 -1 3 377968 -0.10201 0.0207 55823.9 18584.3 160071 160076 -1
72 16142 2568423 3 -1 0.28004 0.21847 65788.3 162521 110030 140037 0
72 16142 -1 3 500609 0.18204 0.34936 65937.4 86056.4 160217 160288 -1
72 1760 -1 3 -1 0.0037 -0.0159 57351.1 34768.6 -1 -1 1
72 1760 -1 3 209717 0.08914 -0.04198 56817.8 32967.2 160103 160057 -1
72 3043 2613299 3 -1 0.14061 -0.32321 54414.6 96542.1 130042 110023 0
72 3043 -1 3 377968 -0.10201 0.0207 55823.9 18584.3 160071 160076 -1
72 16142 2568423 3 -1 0.28004 0.21847 65788.3 162521 110030 140037 0
72 16142 -1 3 500609 0.18204 0.34936 65937.4 86056.4 160217 160288 -1
72 1760 -1 3 -1 0.0037 -0.0159 57351.1 34768.6 -1 -1 1
72 1760 -1 3 209717 0.08914 -0.04198 56817.8 32967.2 160103 160057 -1
72 3043 2613299 3 -1 0.14061 -0.32321 54414.6 96542.1 130042 110023 0
72 3043 -1 3 377968 -0.10201 0.0207 55823.9 18584.3 160071 160076 -1
72 14531 -1 4 -1 0.0077 -0.1035 65016.6 28740.9 -1 -1 1
72 14531 -1 4 197035 0.16845 0.07867 65307.5 28778.8 160191 160160 -1
72 14531 -1 4 -1 0.0077 -0.1035 65016.6 28740.9 -1 -1 1
72 14531 -1 4 197035 0.16845 0.07867 65307.5 28778.8 160191 160160 -1
72 14531 -1 4 -1 0.0077 -0.1035 65016.6 28740.9 -1 -1 1
72 14531 -1 4 197035 0.16845 0.07867 65307.5 28778.8 160191 160160 -1
72 14531 -1 4 -1 0.0077 -0.1035 65016.6 28740.9 -1 -1 1
72 14531 -1 4 197035 0.16845 0.07867 65307.5 28778.8 160191 160160 -1
72 7062 -1 5 -1 0.1671 -0.337 109373 25808.2 -1 -1 1
72 7062 -1 5 403034 0.16399 -0.10967 109821 26325.3 160068 160086 -1
72 7062 -1 5 -1 0.1671 -0.337 109373 25808.2 -1 -1 1
72 7062 -1 5 403034 0.16399 -0.10967 109821 26325.3 160068 160086 -1
72 7062 -1 5 -1 0.1671 -0.337 109373 25808.2 -1 -1 1
72 7062 -1 5 403034 0.16399 -0.10967 109821 26325.3 160068 160086 -1
72 7062 -1 5 -1 0.1671 -0.337 109373 25808.2 -1 -1 1
72 7062 -1 5 403034 0.16399 -0.10967 109821 26325.3 160068 160086 -1
72 10994 -1 6 -1 0.2836 -0.385 40579.8 51499.8 -1 -1 1
72 10994 -1 6 257498 0.00308 -0.06981 39924.4 51095.5 160065 160085 -1
72 13441 -1 6 -1 0.1176 -0.1823 6328.8 7811.9 -1 -1 1
72 13441 -1 6 156071 -0.04383 -0.07087 5371.47 7331.13 160113 160077 -1
72 123 -1 6 -1 0.5672 -0.1349 7285.6 43769.6 -1 -1 1
72 123 -1 6 1124852 -0.70223 0.18452 10269.2 44027.1 160260 160235 -1
72 10994 -1 6 -1 0.2836 -0.385 40579.8 51499.8 -1 -1 1
72 10994 -1 6 257498 0.00308 -0.06981 39924.4 51095.5 160065 160085 -1
72 13441 -1 6 -1 0.1176 -0.1823 6328.8 7811.9 -1 -1 1
72 13441 -1 6 156071 -0.04383 -0.07087 5371.47 7331.13 160113 160077 -1
72 123 -1 6 -1 0.5672 -0.1349 7285.6 43769.6 -1 -1 1
72 123 -1 6 1124852 -0.70223 0.18452 10269.2 44027.1 160260 160235 -1
72 10994 -1 6 -1 0.2836 -0.385 40579.8 51499.8 -1 -1 1
72 10994 -1 6 257498 0.00308 -0.06981 39924.4 51095.5 160065 160085 -1
72 13441 -1 6 -1 0.1176 -0.1823 6328.8 7811.9 -1 -1 1
72 13441 -1 6 156071 -0.04383 -0.07087 5371.47 7331.13 160113 160077 -1
72 123 -1 6 -1 0.5672 -0.1349 7285.6 43769.6 -1 -1 1
72 123 -1 6 1124852 -0.70223 0.18452 10269.2 44027.1 160260 160235 -1
72 10994 -1 6 -1 0.2836 -0.385 40579.8 51499.8 -1 -1 1
72 10994 -1 6 257498 0.00308 -0.06981 39924.4 51095.5 160065 160085 -1
72 13441 -1 6 -1 0.1176 -0.1823 6328.8 7811.9 -1 -1 1
72 13441 -1 6 156071 -0.04383 -0.07087 5371.47 7331.13 160113 160077 -1
72 123 -1 6 -1 0.5672 -0.1349 7285.6 43769.6 -1 -1 1
72 123 -1 6 1124852 -0.70223 0.18452 10269.2 44027.1 160260 160235 -1
73 10600 -1 1 -1 0.2109 0.1758 90401.5 75500.8 -1 -1 1
73 10600 -1 1 757430 -0.00776 -0.10925 90390.5 76329.7 160135 160119 -1
73 1507 -1 1 -1 0.0159 -0.1064 95107.6 43721.1 -1 -1 1
73 1507 -1 1 16029 0.77621 0.24423 97335.1 45314.6 160250 160265 -1
73 10600 -1 1 -1 0.2109 0.1758 90401.5 75500.8 -1 -1 1
73 10600 -1 1 757430 -0.00776 -0.10925 90390.5 76329.7 160135 160119 -1
73 1507 -1 1 -1 0.0159 -0.1064 95107.6 43721.1 -1 -1 1
73 1507 -1 1 16029 0.77621 0.24423 97335.1 45314.6 160250 160265 -1
73 10600 -1 1 -1 0.2109 0.1758 90401.5 75500.8 -1 -1 1
73 10600 -1 1 757430 -0.00776 -0.10925 90390.5 76329.7 160135 160119 -1
73 1507 -1 1 -1 0.0159 -0.1064 95107.6 43721.1 -1 -1 1
73 1507 -1 1 16029 0.77621 0.24423 97335.1 45314.6 160250 160265 -1
73 10600 -1 1 -1 0.2109 0.1758 90401.5 75500.8 -1 -1 1
73 10600 -1 1 757430 -0.00776 -0.10925 90390.5 76329.7 160135 160119 -1
73 1507 -1 1 -1 0.0159 -0.1064 95107.6 43721.1 -1 -1 1
73 1507 -1 1 16029 0.77621 0.24423 97335.1 45314.6 160250 160265 -1
73 16142 -1 3 -1 0.2807 0.2179 62433.4 83988.4 -1 -1 1
73 16142 -1 3 327089 -0.03117 0.53379 62539.9 83879.4 160282 160289 -1
73 1760 -1 3 -1 0.0037 -0.0159 53307.8 33803.9 -1 -1 1
73 1760 -1 3 198614 -0.02976 0.25786 52550.6 30846.1 160160 160131 -1
73 3043 -1 3 -1 0.1399 -0.3236 50985.2 18442.2 -1 -1 1
73 3043 -1 3 145401 0.10055 0.5364 51553.3 15649.6 160280 160256 -1
73 6442 3527423 3 -1 0.19641 -0.40586 105876 118442 110019 110032 0
73 6442 -1 3 656324 0.44398 0.25636 109007 40599.4 160194 160161 -1
73 16142 -1 3 -1 0.2807 0.2179 62433.4 83988.4 -1 -1 1
73 16142 -1 3 327089 -0.03117 0.53379 62539.9 83879.4 160282 160289 -1
73 1760 -1 3 -1 0.0037 -0.0159 53307.8 33803.9 -1 -1 1
73 1760 -1 3 198614 -0.02976 0.25786 52550.6 30846.1 160160 160131 -1
73 3043 -1 3 -1 0.1399 -0.3236 50985.2 18442.2 -1 -1 1
73 3043 -1 3 145401 0.10055 0.5364 51553.3 15649.6 160280 160256 -1
73 6442 3527423 3 -1 0.19641 -0.40586 105876 118442 110019 110032 0
73 6442 -1 3 656324 0.44398 0.25636 109007 40599.4 160194 160161 -1
73 16142 -1 3 -1 0.2807 0.2179 62433.4 83988.4 -1 -1 1
73 16142 -1 3 327089 -0.03117 0.53379 62539.9 83879.4 160282 160289 -1
73 1760 -1 3 -1 0.0037 -0.0159 53307.8 33803.9 -1 -1 1
73 1760 -1 3 198614 -0.02976 0.25786 52550.6 30846.1 160160 160131 -1
73 3043 -1 3 -1 0.1399 -0.3236 50985.2 18442.2 -1 -1 1
73 3043 -1 3 145401 0.10055 0.5364 51553.3 15649.6 160280 160256 -1
73 6442 3527423 3 -1 0.19641 -0.40586 105876 118442 110019 110032 0
73 6442 -1 3 656324 0.44398 0.25636 109007 40599.4 160194 160161 -1
73 16142 -1 3 -1 0.2807 0.2179 62433.4 83988.4 -1 -1 1
73 16142 -1 3 327089 -0.03117 0.53379 62539.9 83879.4 160282 160289 -1
73 1760 -1 3 -1 0.0037 -0.0159 53307.8 33803.9 -1 -1 1
73 1760 -1 3 198614 -0.02976 0.25786 52550.6 30846.1 160160 160131 -1
73 3043 -1 3 -1 0.1399 -0.3236 50985.2 18442.2 -1 -1 1
73 3043 -1 3 145401 0.10055 0.5364 51553.3 15649.6 160280 160256 -1
73 6442 3527423 3 -1 0.19641 -0.40586 105876 118442 110019 110032 0
73 6442 -1 3 656324 0.44398 0.25636 109007 40599.4 160194 160161 -1
73 14531 -1 4 -1 0.0072 -0.1035 61349.2 27821.8 -1 -1 1
73 14531 -1 4 196028 -0.20039 -0.05543 62162.1 26972.3 160188 160197 -1
73 14531 -1 4 -1 0.0072 -0.1035 61349.2 27821.8 -1 -1 1
73 14531 -1 4 196028 -0.20039 -0.05543 62162.1 26972.3 160188 160197 -1
73 14531 -1 4 -1 0.0072 -0.1035 61349.2 27821.8 -1 -1 1
73 14531 -1 4 196028 -0.20039 -0.05543 62162.1 26972.3 160188 160197 -1
73 14531 -1 4 -1 0.0072 -0.1035 61349.2 27821.8 -1 -1 1
73 14531 -1 4 196028 -0.20039 -0.05543 62162.1 26972.3 160188 160197 -1
73 13441 -1 5 -1 0.117 -0.1821 123894 6446 -1 -1 1
73 13441 -1 5 328289 0.02894 -0.63405 123772 7236.69 160127 160115 -1
73 123 -1 5 -1 0.567 -0.1365 124584 42367.3 -1 -1 1
73 123 -1 5 457132 -0.06886 -0.08967 124870 43026.7 160151 160140 -1
73 13441 -1 5 -1 0.117 -0.1821 123894 6446 -1 -1 1
73 13441 -1 5 328289 0.02894 -0.63405 123772 7236.69 160127 160115 -1
73 123 -1 5 -1 0.567 -0.1365 124584 42367.3 -1 -1 1
73 123 -1 5 457132 -0.06886 -0.08967 124870 43026.7 160151 160140 -1
73 13441 -1 5 -1 0.117 -0.1821 123894 6446 -1 -1 1
73 13441 -1 5 328289 0.02894 -0.63405 123772 7236.69 160127 160115 -1
73 123 -1 5 -1 0.567 -0.1365 124584 42367.3 -1 -1 1
73 123 -1 5 457132 -0.06886 -0.08967 124870 43026.7 160151 160140 -1
73 13441 -1 5 -1 0.117 -0.1821 123894 6446 -1 -1 1
73 13441 -1 5 328289 0.02894 -0.63405 123772 7236.69 160127 160115 -1
73 123 -1 5 -1 0.567 -0.1365 124584 42367.3 -1 -1 1
73 123 -1 5 457132 -0.06886 -0.08967 124870 43026.7 160151 160140 -1
73 10994 -1 6 -1 0.2821 -0.3901 37950.6 50284 -1 -1 1
73 10994 -1 6 60075 0.00923 0.17764 36541.7 51433 160151 160121 -1
73 10994 -1 6 -1 0.2821 -0.3901 37950.6 50284 -1 -1 1
73 10994 -1 6 60075 0.00923 0.17764 36541.7 51433 160151 160121 -1
73 10994 -1 6 -1 0.2821 -0.3901 37950.6 50284 -1 -1 1
73 10994 -1 6 60075 0.00923 0.17764 36541.7 51433 160151 160121 -1
73 10994 -1 6 -1 0.2821 -0.3901 37950.6 50284 -1 -1 1
73 10994 -1 6 60075 0.00923 0.17764 36541.7 51433 160151 160121 -1
74 10600 -1 1 -1 0.2102 0.176 94791 74332.9 -1 -1 1
74 10600 -1 1 301543 0.02908 -0.09438 95343.2 74953.8 160134 160093 -1
74 1507 -1 1 -1 0.0162 -0.1063 100086 43331.9 -1 -1 1
74 1507 -1 1 16235 0.04908 -0.03433 99227.9 44022.1 160103 160089 -1
74 10600 -1 1 -1 0.2102 0.176 94791 74332.9 -1 -1 1
74 10600 -1 1 301543 0.02908 -0.09438 95343.2 74953.8 160134 160093 -1
74 1507 -1 1 -1 0.0162 -0.1063 100086 43331.9 -1 -1 1
74 1507 -1 1 16235 0.04908 -0.03433 99227.9 44022.1 160103 160089 -1
74 10600 -1 1 -1 0.2102 0.176 94791 74332.9 -1 -1 1
74 10600 -1 1 301543 0.02908 -0.09438 95343.2 74953.8 160134 160093 -1
74 1507 -1 1 -1 0.0162 -0.1063 100086 43331.9 -1 -1 1
74 1507 -1 1 16235 0.04908 -0.03433 99227.9 44022.1 160103 160089 -1
74 10600 -1 1 -1 0.2102 0.176 94791 74332.9 -1 -1 1
74 10600 -1 1 301543 0.02908 -0.09438 95343.2 74953.8 160134 160093 -1
74 1507 -1 1 -1 0.0162 -0.1063 100086 43331.9 -1 -1 1
74 1507 -1 1 16235 0.04908 -0.03433 99227.9 44022.1 160103 160089 -1
74 16142 -1 3 -1 0.2798 0.2195 65736.4 83051.7 -1 -1 1
74 16142 -1 3 763059 0.12443 0.40954 65523.8 83304.4 160281 160268 -1
74 3043 -1 3 -1 0.1414 -0.3233 54999.4 18869.4 -1 -1 1
74 3043 -1 3 591679 -0.06868 0.11871 56065.4 19338.9 160188 160148 -1
74 6442 -1 3 -1 0.1973 -0.4058 109980 40181 -1 -1 1
74 6442 -1 3 876280 -0.03838 0.0515 110011 40740.3 160108 160064 -1
74 16142 -1 3 -1 0.2798 0.2195 65736.4 83051.7 -1 -1 1
74 16142 -1 3 763059 0.12443 0.40954 65523.8 83304.4 160281 160268 -1
74 3043 -1 3 -1 0.1414 -0.3233 54999.4 18869.4 -1 -1 1
74 3043 -1 3 591679 -0.06868 0.11871 56065.4 19338.9 160188 160148 -1
74 6442 -1 3 -1 0.1973 -0.4058 109980 40181 -1 -1 1
74 6442 -1 3 876280 -0.03838 0.0515 110011 40740.3 160108 160064 -1
74 16142 -1 3 -1 0.2798 0.2195 65736.4 83051.7 -1 -1 1
74 16142 -1 3 763059 0.12443 0.40954 65523.8 83304.4 160281 160268 -1
74 3043 -1 3 -1 0.1414 -0.3233 54999.4 18869.4 -1 -1 1
74 3043 -1 3 591679 -0.06868 0.11871 56065.4 19338.9 160188 160148 -1
74 6442 -1 3 -1 0.1973 -0.4058 109980 40181 -1 -1 1
74 6442 -1 3 876280 -0.03838 0.0515 110011 40740.3 160108 160064 -1
74 16142 -1 3 -1 0.2798 0.2195 65736.4 83051.7 -1 -1 1
74 16142 -1 3 763059 0.12443 0.40954 65523.8 83304.4 160281 160268 -1
74 3043 -1 3 -1 0.1414 -0.3233 54999.4 18869.4 -1 -1 1
74 3043 -1 3 591679 -0.06868 0.11871 56065.4 19338.9 160188 160148 -1
74 6442 -1 3 -1 0.1973 -0.4058 109980 40181 -1 -1 1
74 6442 -1 3 876280 -0.03838 0.0515 110011 40740.3 160108 160064 -1
74 14531 -1 4 -1 0.0076 -0.1034 66326.1 27607.3 -1 -1 1
74 14531 -1 4 400905 -0.02644 0.03413 67252.3 27106.9 160097 160112 -1
74 14531 -1 4 -1 0.0076 -0.1034 66326.1 27607.3 -1 -1 1
74 14531 -1 4 400905 -0.02644 0.03413 67252.3 27106.9 160097 160112 -1
74 14531 -1 4 -1 0.0076 -0.1034 66326.1 27607.3 -1 -1 1
74 14531 -1 4 400905 -0.02644 0.03413 67252.3 27106.9 160097 160112 -1
74 14531 -1 4 -1 0.0076 -0.1034 66326.1 27607.3 -1 -1 1
74 14531 -1 4 400905 -0.02644 0.03413 67252.3 27106.9 160097 160112 -1
74 123 -1 6 -1 0.5678 -0.1344 6871.9 47936.9 -1 -1 1
74 123 -1 6 58133 -0.0721 -0.09025 6374.77 48736.1 160148 160139 -1
74 123 -1 6 -1 0.5678 -0.1344 6871.9 47936.9 -1 -1 1
74 123 -1 6 58133 -0.0721 -0.09025 6374.77 48736.1 160148 160139 -1
74 123 -1 6 -1 0.5678 -0.1344 6871.9 47936.9 -1 -1 1
74 123 -1 6 58133 -0.0721 -0.09025 6374.77 48736.1 160148 160139 -1
74 123 -1 6 -1 0.5678 -0.1344 6871.9 47936.9 -1 -1 1
74 123 -1 6 58133 -0.0721 -0.09025 6374.77 48736.1 160148 160139 -1
75 16142 -1 3 -1 0.2792 0.2205 64625.4 83839.5 -1 -1 1
75 16142 -1 3 353017 0.20678 0.4166 64483.8 83915 160264 160249 -1
75 3043 -1 3 -1 0.1422 -0.323 54160.6 20046.3 -1 -1 1
75 3043 -1 3 173774 -0.34412 -0.19232 53377 20044.3 160215 160148 -1
75 6442 -1 3 -1 0.1983 -0.4053 109058 41585.3 -1 -1 1
75 6442 -1 3 456225 -0.29795 -0.48524 110482 42387.6 160268 160245 -1
75 16142 -1 3 -1 0.2792 0.2205 64625.4 83839.5 -1 -1 1
75 16142 -1 3 353017 0.20678 0.4166 64483.8 83915 160264 160249 -1
75 3043 -1 3 -1 0.1422 -0.323 54160.6 20046.3 -1 -1 1
75 3043 -1 3 173774 -0.34412 -0.19232 53377 20044.3 160215 160148 -1
75 6442 -1 3 -1 0.1983 -0.4053 109058 41585.3 -1 -1 1
75 6442 -1 3 456225 -0.29795 -0.48524 110482 42387.6 160268 160245 -1
75 16142 -1 3 -1 0.2792 0.2205 64625.4 83839.5 -1 -1 1
75 16142 -1 3 353017 0.20678 0.4166 64483.8 83915 160264 160249 -1
75 3043 -1 3 -1 0.1422 -0.323 54160.6 20046.3 -1 -1 1
75 3043 -1 3 173774 -0.34412 -0.19232 53377 20044.3 160215 160148 -1
75 6442 -1 3 -1 0.1983 -0.4053 109058 41585.3 -1 -1 1
75 6442 -1 3 456225 -0.29795 -0.48524 110482 42387.6 160268 160245 -1
75 16142 -1 3 -1 0.2792 0.2205 64625.4 83839.5 -1 -1 1
75 16142 -1 3 353017 0.20678 0.4166 64483.8 83915 160264 160249 -1
75 3043 -1 3 -1 0.1422 -0.323 54160.6 20046.3 -1 -1 1
75 3043 -1 3 173774 -0.34412 -0.19232 53377 20044.3 160215 160148 -1
75 6442 -1 3 -1 0.1983 -0.4053 109058 41585.3 -1 -1 1
75 6442 -1 3 456225 -0.29795 -0.48524 110482 42387.6 160268 160245 -1
75 12699 5176347 5 -1 0.80626 -0.68428 113312 165085 110034 90009 0
75 12699 -1 5 946378 0.41589 -0.50722 113644 4323.06 160174 160114 -1
75 12699 5176347 5 -1 0.80626 -0.68428 113312 165085 110034 90009 0
75 12699 -1 5 946378 0.41589 -0.50722 113644 4323.06 160174 160114 -1
75 12699 5176347 5 -1 0.80626 -0.68428 113312 165085 110034 90009 0
75 12699 -1 5 946378 0.41589 -0.50722 113644 4323.06 160174 160114 -1
75 12699 5176347 5 -1 0.80626 -0.68428 113312 165085 110034 90009 0
75 12699 -1 5 946378 0.41589 -0.50722 113644 4323.06 160174 160114 -1
75 387 6516370 6 -1 -0.2427 0.13043 195997 167128 80010 90015 0
75 387 -1 6 339674 0.22563 -0.20378 76735 6999.02 160208 160254 -1
75 387 6516370 6 -1 -0.2427 0.13043 195997 167128 80010 90015 0
75 387 -1 6 339674 0.22563 -0.20378 76735 6999.02 160208 160254 -1
75 387 6516370 6 -1 -0.2427 0.13043 195997 167128 80010 90015 0
75 387 -1 6 339674 0.22563 -0.20378 76735 6999.02 160208 160254 -1
75 387 6516370 6 -1 -0.2427 0.13043 195997 167128 80010 90015 0
75 387 -1 6 339674 0.22563 -0.20378 76735 6999.02 160208 160254 -1
76 14141 472090 1 -1 -0.0754 -0.33112 89007.9 51618.8 120028 110033 0
76 14141 -1 1 31085 -0.4904 0.5236 90092.9 50882 160236 160224 -1
76 14141 472090 1 -1 -0.0754 -0.33112 89007.9 51618.8 120028 110033 0
76 14141 -1 1 31085 -0.4904 0.5236 90092.9 50882 160236 160224 -1
76 14141 472090 1 -1 -0.0754 -0.33112 89007.9 51618.8 120028 110033 0
76 14141 -1 1 31085 -0.4904 0.5236 90092.9 50882 160236 160224 -1
76 14141 472090 1 -1 -0.0754 -0.33112 89007.9 51618.8 120028 110033 0
76 14141 -1 1 31085 -0.4904 0.5236 90092.9 50882 160236 160224 -1
76 6442 -1 3 -1 0.1986 -0.4047 107538 42173.9 -1 -1 1
76 6442 -1 3 230491 -0.24315 0.04598 107760 45144.8 160192 160178 -1
76 6442 -1 3 -1 0.1986 -0.4047 107538 42173.9 -1 -1 1
76 6442 -1 3 230491 -0.24315 0.04598 107760 45144.8 160192 160178 -1
76 6442 -1 3 -1 0.1986 -0.4047 107538 42173.9 -1 -1 1
76 6442 -1 3 230491 -0.24315 0.04598 107760 45144.8 160192 160178 -1
76 6442 -1 3 -1 0.1986 -0.4047 107538 42173.9 -1 -1 1
76 6442 -1 3 230491 -0.24315 0.04598 107760 45144.8 160192 160178 -1
76 12699 -1 5 -1 0.8072 -0.6823 110710 5774 -1 -1 1
76 12699 -1 5 327406 -0.26642 0.06726 109172 2795.36 160195 160163 -1
76 12699 -1 5 -1 0.8072 -0.6823 110710 5774 -1 -1 1
76 12699 -1 5 327406 -0.26642 0.06726 109172 2795.36 160195 160163 -1
76 12699 -1 5 -1 0.8072 -0.6823 110710 5774 -1 -1 1
76 12699 -1 5 327406 -0.26642 0.06726 109172 2795.36 160195 160163 -1
76 12699 -1 5 -1 0.8072 -0.6823 110710 5774 -1 -1 1
76 12699 -1 5 327406 -0.26642 0.06726 109172 2795.36 160195 160163 -1
76 387 -1 6 -1 -0.243 0.1297 75595.2 6196.7 -1 -1 1
76 387 -1 6 108717 0.18196 0.48915 76076.5 5251.94 160197 160179 -1
76 387 -1 6 -1 -0.243 0.1297 75595.2 6196.7 -1 -1 1
76 387 -1 6 108717 0.18196 0.48915 76076.5 5251.94 160197 160179 -1
76 387 -1 6 -1 -0.243 0.1297 75595.2 6196.7 -1 -1 1
76 387 -1 6 108717 0.18196 0.48915 76076.5 5251.94 160197 160179 -1
76 387 -1 6 -1 -0.243 0.1297 75595.2 6196.7 -1 -1 1
76 387 -1 6 108717 0.18196 0.48915 76076.5 5251.94 160197 160179 -1
77 14141 -1 1 -1 -0.0777 -0.3307 90219.3 51440.8 -1 -1 1
77 14141 -1 1 475791 -0.185 0.06167 90735.9 51739.4 160187 160175 -1
77 14141 -1 1 -1 -0.0777 -0.3307 90219.3 51440.8 -1 -1 1
77 14141 -1 1 475791 -0.185 0.06167 90735.9 51739.4 160187 160175 -1
77 14141 -1 1 -1 -0.0777 -0.3307 90219.3 51440.8 -1 -1 1
77 14141 -1 1 475791 -0.185 0.06167 90735.9 51739.4 160187 160175 -1
77 14141 -1 1 -1 -0.0777 -0.3307 90219.3 51440.8 -1 -1 1
77 14141 -1 1 475791 -0.185 0.06167 90735.9 51739.4 160187 160175 -1
77 12699 -1 5 -1 0.8039 -0.6861 111803 6007.5 -1 -1 1
77 12699 -1 5 318013 -0.25793 -0.05133 113836 5910.13 160169 160174 -1
77 12699 -1 5 -1 0.8039 -0.6861 111803 6007.5 -1 -1 1
77 12699 -1 5 318013 -0.25793 -0.05133 113836 5910.13 160169 160174 -1
77 12699 -1 5 -1 0.8039 -0.6861 111803 6007.5 -1 -1 1
77 12699 -1 5 318013 -0.25793 -0.05133 113836 5910.13 160169 160174 -1
77 12699 -1 5 -1 0.8039 -0.6861 111803 6007.5 -1 -1 1
77 12699 -1 5 318013 -0.25793 -0.05133 113836 5910.13 160169 160174 -1
77 387 -1 6 -1 -0.2421 0.1311 77433.6 5239.1 -1 -1 1
77 387 -1 6 108418 -0.24409 0.48588 77779.6 3967.56 160286 160252 -1
77 9234 6549397 6 -1 0.34385 0.32782 204849 183964 130029 120033 0
77 9234 -1 6 179157 0.03496 -0.07389 85142.4 23892.3 160109 160080 -1
77 387 -1 6 -1 -0.2421 0.1311 77433.6 5239.1 -1 -1 1
77 387 -1 6 108418 -0.24409 0.48588 77779.6 3967.56 160286 160252 -1
77 9234 6549397 6 -1 0.34385 0.32782 204849 183964 130029 120033 0
77 9234 -1 6 179157 0.03496 -0.07389 85142.4 23892.3 160109 160080 -1
77 387 -1 6 -1 -0.2421 0.1311 77433.6 5239.1 -1 -1 1
77 387 -1 6 108418 -0.24409 0.48588 77779.6 3967.56 160286 160252 -1
77 9234 6549397 6 -1 0.34385 0.32782 204849 183964 130029 120033 0
77 9234 -1 6 179157 0.03496 -0.07389 85142.4 23892.3 160109 160080 -1
77 387 -1 6 -1 -0.2421 0.1311 77433.6 5239.1 -1 -1 1
77 387 -1 6 108418 -0.24409 0.48588 77779.6 3967.56 160286 160252 -1
77 9234 6549397 6 -1 0.34385 0.32782 204849 183964 130029 120033 0
77 9234 -1 6 179157 0.03496 -0.07389 85142.4 23892.3 160109 160080 -1
78 14141 -1 1 -1 -0.0757 -0.3315 88236.1 53425.6 -1 -1 1
78 14141 -1 1 471401 0.29233 -0.53599 87384.8 52707.3 160210 160160 -1
78 14141 -1 1 -1 -0.0757 -0.3315 88236.1 53425.6 -1 -1 1
78 14141 -1 1 471401 0.29233 -0.53599 87384.8 52707.3 160210 160160 -1
78 14141 -1 1 -1 -0.0757 -0.3315 88236.1 53425.6 -1 -1 1
78 14141 -1 1 471401 0.29233 -0.53599 87384.8 52707.3 160210 160160 -1
78 14141 -1 1 -1 -0.0757 -0.3315 88236.1 53425.6 -1 -1 1
78 14141 -1 1 471401 0.29233 -0.53599 87384.8 52707.3 160210 160160 -1
78 649 1177750 2 -1 0.17516 0.2338 183099 57869.5 110032 90014 0
78 649 -1 2 491103 -0.12123 -0.07505 63519.1 57491 160092 160068 -1
78 649 1177750 2 -1 0.17516 0.2338 183099 57869.5 110032 90014 0
78 649 -1 2 491103 -0.12123 -0.07505 63519.1 57491 160092 160068 -1
78 649 1177750 2 -1 0.17516 0.2338 183099 57869.5 110032 90014 0
78 649 -1 2 491103 -0.12123 -0.07505 63519.1 57491 160092 160068 -1
78 649 1177750 2 -1 0.17516 0.2338 183099 57869.5 110032 90014 0
78 649 -1 2 491103 -0.12123 -0.07505 63519.1 57491 160092 160068 -1
78 12699 -1 5 -1 0.8055 -0.6841 107125 8782.4 -1 -1 1
78 12699 -1 5 340908 0.38958 0.15866 109359 9334.61 160219 160206 -1
78 12699 -1 5 -1 0.8055 -0.6841 107125 8782.4 -1 -1 1
78 12699 -1 5 340908 0.38958 0.15866 109359 9334.61 160219 160206 -1
78 12699 -1 5 -1 0.8055 -0.6841 107125 8782.4 -1 -1 1
78 12699 -1 5 340908 0.38958 0.15866 109359 9334.61 160219 160206 -1
78 12699 -1 5 -1 0.8055 -0.6841 107125 8782.4 -1 -1 1
78 12699 -1 5 340908 0.38958 0.15866 109359 9334.61 160219 160206 -1
78 387 -1 6 -1 -0.2427 0.1309 75844.5 5448.8 -1 -1 1
78 387 -1 6 108896 0.11837 -0.06706 75678.5 4979.05 160075 160073 -1
78 9234 -1 6 -1 0.3436 0.3283 81131.5 22810.8 -1 -1 1
78 9234 -1 6 178016 0.02819 -0.0917 80871.8 22265.5 160087 160075 -1
78 387 -1 6 -1 -0.2427 0.1309 75844.5 5448.8 -1 -1 1
78 387 -1 6 108896 0.11837 -0.06706 75678.5 4979.05 160075 160073 -1
78 9234 -1 6 -1 0.3436 0.3283 81131.5 22810.8 -1 -1 1
78 9234 -1 6 178016 0.02819 -0.0917 80871.8 22265.5 160087 160075 -1
78 387 -1 6 -1 -0.2427 0.1309 75844.5 5448.8 -1 -1 1
78 387 -1 6 108896 0.11837 -0.06706 75678.5 4979.05 160075 160073 -1
78 9234 -1 6 -1 0.3436 0.3283 81131.5 22810.8 -1 -1 1
78 9234 -1 6 178016 0.02819 -0.0917 80871.8 22265.5 160087 160075 -1
78 387 -1 6 -1 -0.2427 0.1309 75844.5 5448.8 -1 -1 1
78 387 -1 6 108896 0.11837 -0.06706 75678.5 4979.05 160075 160073 -1
78 9234 -1 6 -1 0.3436 0.3283 81131.5 22810.8 -1 -1 1
78 9234 -1 6 178016 0.02819 -0.0917 80871.8 22265.5 160087 160075 -1
79 14141 -1 1 -1 -0.074 -0.3319 88028 52584.9 -1 -1 1
79 14141 -1 1 479227 0.08735 -0.68824 88409.2 53335.7 160186 160223 -1
79 14141 -1 1 -1 -0.074 -0.3319 88028 52584.9 -1 -1 1
79 14141 -1 1 479227 0.08735 -0.68824 88409.2 53335.7 160186 160223 -1
79 14141 -1 1 -1 -0.074 -0.3319 88028 52584.9 -1 -1 1
79 14141 -1 1 479227 0.08735 -0.68824 88409.2 53335.7 160186 160223 -1
79 14141 -1 1 -1 -0.074 -0.3319 88028 52584.9 -1 -1 1
79 14141 -1 1 479227 0.08735 -0.68824 88409.2 53335.7 160186 160223 -1
79 649 -1 2 -1 0.1742 0.2344 62563.8 56915 -1 -1 1
79 649 -1 2 478727 0.62815 -0.15461 64146.6 55206.4 160248 160246 -1
79 649 -1 2 -1 0.1742 0.2344 62563.8 56915 -1 -1 1
79 649 -1 2 478727 0.62815 -0.15461 64146.6 55206.4 160248 160246 -1
79 649 -1 2 -1 0.1742 0.2344 62563.8 56915 -1 -1 1
79 649 -1 2 478727 0.62815 -0.15461 64146.6 55206.4 160248 160246 -1
79 649 -1 2 -1 0.1742 0.2344 62563.8 56915 -1 -1 1
79 649 -1 2 478727 0.62815 -0.15461 64146.6 55206.4 160248 160246 -1
79 9220 2589281 3 -1 0.1754 -0.53162 89608.9 96275.7 80005 100011 0
79 9220 -1 3 160594 -0.02248 -0.10568 89529.3 17814 160114 160081 -1
79 9220 2589281 3 -1 0.1754 -0.53162 89608.9 96275.7 80005 100011 0
79 9220 -1 3 160594 -0.02248 -0.10568 89529.3 17814 160114 160081 -1
79 9220 2589281 3 -1 0.1754 -0.53162 89608.9 96275.7 80005 100011 0
79 9220 -1 3 160594 -0.02248 -0.10568 89529.3 17814 160114 160081 -1
79 9220 2589281 3 -1 0.1754 -0.53162 89608.9 96275.7 80005 100011 0
79 9220 -1 3 160594 -0.02248 -0.10568 89529.3 17814 160114 160081 -1
79 1663 5505614 5 -1 -0.35418 -0.28819 64806.8 194580 130042 120014 0
79 1663 -1 5 651936 0.059 -0.06983 65303 33021.1 160074 160067 -1
79 1663 5505614 5 -1 -0.35418 -0.28819 64806.8 194580 130042 120014 0
79 1663 -1 5 651936 0.059 -0.06983 65303 33021.1 160074 160067 -1
79 1663 5505614 5 -1 -0.35418 -0.28819 64806.8 194580 130042 120014 0
79 1663 -1 5 651936 0.059 -0.06983 65303 33021.1 160074 160067 -1
79 1663 5505614 5 -1 -0.35418 -0.28819 64806.8 194580 130042 120014 0
79 1663 -1 5 651936 0.059 -0.06983 65303 33021.1 160074 160067 -1
79 9234 -1 6 -1 0.342 0.3303 80229.9 21996.7 -1 -1 1
79 9234 -1 6 186611 0.02897 -0.09166 80238.3 21799.6 160099 160052 -1
79 9234 -1 6 -1 0.342 0.3303 80229.9 21996.7 -1 -1 1
79 9234 -1 6 186611 0.02897 -0.09166 80238.3 21799.6 160099 160052 -1
79 9234 -1 6 -1 0.342 0.3303 80229.9 21996.7 -1 -1 1
79 9234 -1 6 186611 0.02897 -0.09166 80238.3 21799.6 160099 160052 -1
79 9234 -1 6 -1 0.342 0.3303 80229.9 21996.7 -1 -1 1
79 9234 -1 6 186611 0.02897 -0.09166 80238.3 21799.6 160099 160052 -1
80 649 -1 2 -1 0.1753 0.2332 63723.4 55762.5 -1 -1 1
80 649 -1 2 482503 0.08294 0.02188 64449.3 55515.7 160122 160122 -1
80 649 -1 2 -1 0.1753 0.2332 63723.4 55762.5 -1 -1 1
80 649 -1 2 482503 0.08294 0.02188 64449.3 55515.7 160122 160122 -1
80 649 -1 2 -1 0.1753 0.2332 63723.4 55762.5 -1 -1 1
80 649 -1 2 482503 0.08294 0.02188 64449.3 55515.7 160122 160122 -1
80 649 -1 2 -1 0.1753 0.2332 63723.4 55762.5 -1 -1 1
80 649 -1 2 482503 0.08294 0.02188 64449.3 55515.7 160122 160122 -1
80 9220 -1 3 -1 0.1696 -0.534 91467.9 19928.9 -1 -1 1
80 9220 -1 3 602744 0.18273 0.0459 90682.2 19045.9 160097 160115 -1
80 9220 -1 3 -1 0.1696 -0.534 91467.9 19928.9 -1 -1 1
80 9220 -1 3 602744 0.18273 0.0459 90682.2 19045.9 160097 160115 -1
80 9220 -1 3 -1 0.1696 -0.534 91467.9 19928.9 -1 -1 1
80 9220 -1 3 602744 0.18273 0.0459 90682.2 19045.9 160097 160115 -1
80 9220 -1 3 -1 0.1696 -0.534 91467.9 19928.9 -1 -1 1
80 9220 -1 3 602744 0.18273 0.0459 90682.2 19045.9 160097 160115 -1
80 13942 4184997 4 -1 -0.01394 0.37368 135551 112293 110022 100020 0
80 13942 -1 4 651744 -0.04753 -0.14565 16662.7 33360.1 160174 160157 -1
80 13942 4184997 4 -1 -0.01394 0.37368 135551 112293 110022 100020 0
80 13942 -1 4 651744 -0.04753 -0.14565 16662.7 33360.1 160174 160157 -1
80 13942 4184997 4 -1 -0.01394 0.37368 135551 112293 110022 100020 0
80 13942 -1 4 651744 -0.04753 -0.14565 16662.7 33360.1 160174 160157 -1
80 13942 4184997 4 -1 -0.01394 0.37368 135551 112293 110022 100020 0
80 13942 -1 4 651744 -0.04753 -0.14565 16662.7 33360.1 160174 160157 -1
80 1663 -1 5 -1 -0.3568 -0.2839 69101.8 35518.1 -1 -1 1
80 1663 -1 5 424453 -0.298 0.10525 71881.5 34080.8 160200 160170 -1
80 1663 -1 5 -1 -0.3568 -0.2839 69101.8 35518.1 -1 -1 1
80 1663 -1 5 424453 -0.298 0.10525 71881.5 34080.8 160200 160170 -1
80 1663 -1 5 -1 -0.3568 -0.2839 69101.8 35518.1 -1 -1 1
80 1663 -1 5 424453 -0.298 0.10525 71881.5 34080.8 160200 160170 -1
80 1663 -1 5 -1 -0.3568 -0.2839 69101.8 35518.1 -1 -1 1
80 1663 -1 5 424453 -0.298 0.10525 71881.5 34080.8 160200 160170 -1
80 8496 6154492 6 -1 -0.16957 -0.00153 154292 191373 150071 70005 0
80 8496 -1 6 649020 0.63674 -0.36919 36789.3 32035.1 160223 160237 -1
80 9234 -1 6 -1 0.3443 0.3281 82139.8 21052.7 -1 -1 1
80 9234 -1 6 167022 -0.08132 0.02893 82918.6 21079.8 160153 160137 -1
80 8496 6154492 6 -1 -0.16957 -0.00153 154292 191373 150071 70005 0
80 8496 -1 6 649020 0.63674 -0.36919 36789.3 32035.1 160223 160237 -1
80 9234 -1 6 -1 0.3443 0.3281 82139.8 21052.7 -1 -1 1
80 9234 -1 6 167022 -0.08132 0.02893 82918.6 21079.8 160153 160137 -1
80 8496 6154492 6 -1 -0.16957 -0.00153 154292 191373 150071 70005 0
80 8496 -1 6 649020 0.63674 -0.36919 36789.3 32035.1 160223 160237 -1
80 9234 -1 6 -1 0.3443 0.3281 82139.8 21052.7 -1 -1 1
80 9234 -1 6 167022 -0.08132 0.02893 82918.6 21079.8 160153 160137 -1
80 8496 6154492 6 -1 -0.16957 -0.00153 154292 191373 150071 70005 0
80 8496 -1 6 649020 0.63674 -0.36919 36789.3 32035.1 160223 160237 -1
80 9234 -1 6 -1 0.3443 0.3281 82139.8 21052.7 -1 -1 1
80 9234 -1 6 167022 -0.08132 0.02893 82918.6 21079.8 160153 160137 -1
81 649 -1 2 -1 0.1761 0.2328 64236.3 54229.7 -1 -1 1
81 649 -1 2 55062 0.04218 -0.46173 63411 54763 160247 160229 -1
81 649 -1 2 -1 0.1761 0.2328 64236.3 54229.7 -1 -1 1
81 649 -1 2 55062 0.04218 -0.46173 63411 54763 160247 160229 -1
81 649 -1 2 -1 0.1761 0.2328 64236.3 54229.7 -1 -1 1
81 649 -1 2 55062 0.04218 -0.46173 63411 54763 160247 160229 -1
81 649 -1 2 -1 0.1761 0.2328 64236.3 54229.7 -1 -1 1
81 649 -1 2 55062 0.04218 -0.46173 63411 54763 160247 160229 -1
81 9220 -1 3 -1 0.1668 -0.535 91882.1 19363.2 -1 -1 1
81 9220 -1 3 160704 -0.68774 0.35821 94288.5 17967.7 160203 160196 -1
81 9220 -1 3 -1 0.1668 -0.535 91882.1 19363.2 -1 -1 1
81 9220 -1 3 160704 -0.68774 0.35821 94288.5 17967.7 160203 160196 -1
81 9220 -1 3 -1 0.1668 -0.535 91882.1 19363.2 -1 -1 1
81 9220 -1 3 160704 -0.68774 0.35821 94288.5 17967.7 160203 160196 -1
81 9220 -1 3 -1 0.1668 -0.535 91882.1 19363.2 -1 -1 1
81 9220 -1 3 160704 -0.68774 0.35821 94288.5 17967.7 160203 160196 -1
81 13942 -1 4 -1 -0.0147 0.3737 17066.3 32662.3 -1 -1 1
81 13942 -1 4 204442 -0.09742 0.59118 16076.2 30999.8 160311 160285 -1
81 13942 -1 4 -1 -0.0147 0.3737 17066.3 32662.3 -1 -1 1
81 13942 -1 4 204442 -0.09742 0.59118 16076.2 30999.8 160311 160285 -1
81 13942 -1 4 -1 -0.0147 0.3737 17066.3 32662.3 -1 -1 1
81 13942 -1 4 204442 -0.09742 0.59118 16076.2 30999.8 160311 160285 -1
81 13942 -1 4 -1 -0.0147 0.3737 17066.3 32662.3 -1 -1 1
81 13942 -1 4 204442 -0.09742 0.59118 16076.2 30999.8 160311 160285 -1
81 1663 -1 5 -1 -0.3584 -0.2824 70258.9 35381.1 -1 -1 1
81 1663 -1 5 429375 0.14593 0.11095 70610.1 36199.4 160071 160074 -1
81 9692 5480758 5 -1 0.29419 -0.28384 72752.7 183853 100010 150049 0
81 9692 -1 5 401839 -0.07227 0.01271 72217.9 21794.5 160062 160079 -1
81 1663 -1 5 -1 -0.3584 -0.2824 70258.9 35381.1 -1 -1 1
81 1663 -1 5 429375 0.14593 0.11095 70610.1 36199.4 160071 160074 -1
81 9692 5480758 5 -1 0.29419 -0.28384 72752.7 183853 100010 150049 0
81 9692 -1 5 401839 -0.07227 0.01271 72217.9 21794.5 160062 160079 -1
81 1663 -1 5 -1 -0.3584 -0.2824 70258.9 35381.1 -1 -1 1
81 1663 -1 5 429375 0.14593 0.11095 70610.1 36199.4 160071 160074 -1
81 9692 5480758 5 -1 0.29419 -0.28384 72752.7 183853 100010 150049 0
81 9692 -1 5 401839 -0.07227 0.01271 72217.9 21794.5 160062 160079 -1
81 1663 -1 5 -1 -0.3584 -0.2824 70258.9 35381.1 -1 -1 1
81 1663 -1 5 429375 0.14593 0.11095 70610.1 36199.4 160071 160074 -1
81 9692 5480758 5 -1 0.29419 -0.28384 72752.7 183853 100010 150049 0
81 9692 -1 5 401839 -0.07227 0.01271 72217.9 21794.5 160062 160079 -1
81 8496 -1 6 -1 -0.1696 -0.0001 36718.9 30800.8 -1 -1 1
81 8496 -1 6 211465 -0.72775 0.0321 36590.3 29398.8 160271 160261 -1
81 8496 -1 6 -1 -0.1696 -0.0001 36718.9 30800.8 -1 -1 1
81 8496 -1 6 211465 -0.72775 0.0321 36590.3 29398.8 160271 160261 -1
81 8496 -1 6 -1 -0.1696 -0.0001 36718.9 30800.8 -1 -1 1
81 8496 -1 6 211465 -0.72775 0.0321 36590.3 29398.8 160271 160261 -1
81 8496 -1 6 -1 -0.1696 -0.0001 36718.9 30800.8 -1 -1 1
81 8496 -1 6 211465 -0.72775 0.0321 36590.3 29398.8 160271 160261 -1
82 14639 3595822 3 -1 -0.13079 0.38721 44931.6 131451 110018 140037 0
82 14639 -1 3 68287 0.09827 -0.07455 44243.7 52492.2 160145 160137 -1
82 170 3286353 3 -1 0.12221 -0.17876 103182 112483 90010 140045 0
82 170 -1 3 424132 0.41349 -0.55379 103426 33731.2 160320 160296 -1
82 9220 -1 3 -1 0.1786 -0.5303 90148 20395.9 -1 -1 1
82 9220 -1 3 161570 0.43324 0.25134 91207.3 17552.6 160200 160188 -1
82 14639 3595822 3 -1 -0.13079 0.38721 44931.6 131451 110018 140037 0
82 14639 -1 3 68287 0.09827 -0.07455 44243.7 52492.2 160145 160137 -1
82 170 3286353 3 -1 0.12221 -0.17876 103182 112483 90010 140045 0
82 170 -1 3 424132 0.41349 -0.55379 103426 33731.2 160320 160296 -1
82 9220 -1 3 -1 0.1786 -0.5303 90148 20395.9 -1 -1 1
82 9220 -1 3 161570 0.43324 0.25134 91207.3 17552.6 160200 160188 -1
82 14639 3595822 3 -1 -0.13079 0.38721 44931.6 131451 110018 140037 0
82 14639 -1 3 68287 0.09827 -0.07455 44243.7 52492.2 160145 160137 -1
82 170 3286353 3 -1 0.12221 -0.17876 103182 112483 90010 140045 0
82 170 -1 3 424132 0.41349 -0.55379 103426 33731.2 160320 160296 -1
82 9220 -1 3 -1 0.1786 -0.5303 90148 20395.9 -1 -1 1
82 9220 -1 3 161570 0.43324 0.25134 91207.3 17552.6 160200 160188 -1
82 14639 3595822 3 -1 -0.13079 0.38721 44931.6 131451 110018 140037 0
82 14639 -1 3 68287 0.09827 -0.07455 44243.7 52492.2 160145 160137 -1
82 170 3286353 3 -1 0.12221 -0.17876 103182 112483 90010 140045 0
82 170 -1 3 424132 0.41349 -0.55379 103426 33731.2 160320 160296 -1
82 9220 -1 3 -1 0.1786 -0.5303 90148 20395.9 -1 -1 1
82 9220 -1 3 161570 0.43324 0.25134 91207.3 17552.6 160200 160188 -1
82 11160 4848453 4 -1 0.28819 -0.2562 181969 114113 130025 100012 0
82 11160 -1 4 1360 0.15679 -0.14326 59898 36484.4 160178 160098 -1
82 13942 -1 4 -1 -0.0166 0.3739 15067.9 32333.8 -1 -1 1
82 13942 -1 4 219117 -0.18924 -0.26107 15371.6 31447.9 160194 160126 -1
82 7412 4662244 4 -1 -0.42837 -0.45481 161978 138183 110048 130038 0
82 7412 -1 4 515306 -0.3891 -0.18982 42318.3 57967.6 160156 160143 -1
82 11160 4848453 4 -1 0.28819 -0.2562 181969 114113 130025 100012 0
82 11160 -1 4 1360 0.15679 -0.14326 59898 36484.4 160178 160098 -1
82 13942 -1 4 -1 -0.0166 0.3739 15067.9 32333.8 -1 -1 1
82 13942 -1 4 219117 -0.18924 -0.26107 15371.6 31447.9 160194 160126 -1
82 7412 4662244 4 -1 -0.42837 -0.45481 161978 138183 110048 130038 0
82 7412 -1 4 515306 -0.3891 -0.18982 42318.3 57967.6 160156 160143 -1
82 11160 4848453 4 -1 0.28819 -0.2562 181969 114113 130025 100012 0
82 11160 -1 4 1360 0.15679 -0.14326 59898 36484.4 160178 160098 -1
82 13942 -1 4 -1 -0.0166 0.3739 15067.9 32333.8 -1 -1 1
82 13942 -1 4 219117 -0.18924 -0.26107 15371.6 31447.9 160194 160126 -1
82 7412 4662244 4 -1 -0.42837 -0.45481 161978 138183 110048 130038 0
82 7412 -1 4 515306 -0.3891 -0.18982 42318.3 57967.6 160156 160143 -1
82 11160 4848453 4 -1 0.28819 -0.2562 181969 114113 130025 100012 0
82 11160 -1 4 1360 0.15679 -0.14326 59898 36484.4 160178 160098 -1
82 13942 -1 4 -1 -0.0166 0.3739 15067.9 32333.8 -1 -1 1
82 13942 -1 4 219117 -0.18924 -0.26107 15371.6 31447.9 160194 160126 -1
82 7412 4662244 4 -1 -0.42837 -0.45481 161978 138183 110048 130038 0
82 7412 -1 4 515306 -0.3891 -0.18982 42318.3 57967.6 160156 160143 -1
82 1663 -1 5 -1 -0.3539 -0.2884 68841.2 35531.4 -1 -1 1
82 1663 -1 5 440662 0.28407 -0.15393 67576 38496.1 160138 160096 -1
82 9692 -1 5 -1 0.2985 -0.2794 69010.8 22790.5 -1 -1 1
82 9692 -1 5 602187 -0.01559 -0.0546 69182.1 22917.4 160084 160056 -1
82 1663 -1 5 -1 -0.3539 -0.2884 68841.2 35531.4 -1 -1 1
82 1663 -1 5 440662 0.28407 -0.15393 67576 38496.1 160138 160096 -1
82 9692 -1 5 -1 0.2985 -0.2794 69010.8 22790.5 -1 -1 1
82 9692 -1 5 602187 -0.01559 -0.0546 69182.1 22917.4 160084 160056 -1
82 1663 -1 5 -1 -0.3539 -0.2884 68841.2 35531.4 -1 -1 1
82 1663 -1 5 440662 0.28407 -0.15393 67576 38496.1 160138 160096 -1
82 9692 -1 5 -1 0.2985 -0.2794 69010.8 22790.5 -1 -1 1
82 9692 -1 5 602187 -0.01559 -0.0546 69182.1 22917.4 160084 160056 -1
82 1663 -1 5 -1 -0.3539 -0.2884 68841.2 35531.4 -1 -1 1
82 1663 -1 5 440662 0.28407 -0.15393 67576 38496.1 160138 160096 -1
82 9692 -1 5 -1 0.2985 -0.2794 69010.8 22790.5 -1 -1 1
82 9692 -1 5 602187 -0.01559 -0.0546 69182.1 22917.4 160084 160056 -1
82 8496 -1 6 -1 -0.1699 -0.0023 33604.9 30783.1 -1 -1 1
82 8496 -1 6 201190 -0.06874 0.07429 33642.7 29865.3 160122 160125 -1
82 8496 -1 6 -1 -0.1699 -0.0023 33604.9 30783.1 -1 -1 1
82 8496 -1 6 201190 -0.06874 0.07429 33642.7 29865.3 160122 160125 -1
82 8496 -1 6 -1 -0.1699 -0.0023 33604.9 30783.1 -1 -1 1
82 8496 -1 6 201190 -0.06874 0.07429 33642.7 29865.3 160122 160125 -1
82 8496 -1 6 -1 -0.1699 -0.0023 33604.9 30783.1 -1 -1 1
82 8496 -1 6 201190 -0.06874 0.07429 33642.7 29865.3 160122 160125 -1
83 4483 25533 1 -1 0.21582 0.16211 77763.1 44828.6 100017 120027 0
83 4483 -1 1 26280 -0.48674 0.07413 78189.1 44943.8 160259 160264 -1
83 4483 25533 1 -1 0.21582 0.16211 77763.1 44828.6 100017 120027 0
83 4483 -1 1 26280 -0.48674 0.07413 78189.1 44943.8 160259 160264 -1
83 4483 25533 1 -1 0.21582 0.16211 77763.1 44828.6 100017 120027 0
83 4483 -1 1 26280 -0.48674 0.07413 78189.1 44943.8 160259 160264 -1
83 4483 25533 1 -1 0.21582 0.16211 77763.1 44828.6 100017 120027 0
83 4483 -1 1 26280 -0.48674 0.07413 78189.1 44943.8 160259 160264 -1
83 14639 -1 3 -1 -0.1259 0.389 47237.2 53307.4 -1 -1 1
83 14639 -1 3 265972 -0.03359 -0.12836 47471.7 53711.8 160147 160136 -1
83 170 -1 3 -1 0.12 -0.1803 105041 34071.1 -1 -1 1
83 170 -1 3 1695438 0.18266 0.43665 105899 34422.1 160106 160137 -1
83 8671 3097221 3 -1 0.15761 -0.07374 100918 126211 160086 160066 0
83 8671 -1 3 229303 0.35698 -0.36773 99926 48288.6 160142 160176 -1
83 14639 -1 3 -1 -0.1259 0.389 47237.2 53307.4 -1 -1 1
83 14639 -1 3 265972 -0.03359 -0.12836 47471.7 53711.8 160147 160136 -1
83 170 -1 3 -1 0.12 -0.1803 105041 34071.1 -1 -1 1
83 170 -1 3 1695438 0.18266 0.43665 105899 34422.1 160106 160137 -1
83 8671 3097221 3 -1 0.15761 -0.07374 100918 126211 160086 160066 0
83 8671 -1 3 229303 0.35698 -0.36773 99926 48288.6 160142 160176 -1
83 14639 -1 3 -1 -0.1259 0.389 47237.2 53307.4 -1 -1 1
83 14639 -1 3 265972 -0.03359 -0.12836 47471.7 53711.8 160147 160136 -1
83 170 -1 3 -1 0.12 -0.1803 105041 34071.1 -1 -1 1
83 170 -1 3 1695438 0.18266 0.43665 105899 34422.1 160106 160137 -1
83 8671 3097221 3 -1 0.15761 -0.07374 100918 126211 160086 160066 0
83 8671 -1 3 229303 0.35698 -0.36773 99926 48288.6 160142 160176 -1
83 14639 -1 3 -1 -0.1259 0.389 47237.2 53307.4 -1 -1 1
83 14639 -1 3 265972 -0.03359 -0.12836 47471.7 53711.8 160147 160136 -1
83 170 -1 3 -1 0.12 -0.1803 105041 34071.1 -1 -1 1
83 170 -1 3 1695438 0.18266 0.43665 105899 34422.1 160106 160137 -1
83 8671 3097221 3 -1 0.15761 -0.07374 100918 126211 160086 160066 0
83 8671 -1 3 229303 0.35698 -0.36773 99926 48288.6 160142 160176 -1
83 11160 -1 4 -1 0.285 -0.2597 63355.9 34866.2 -1 -1 1
83 11160 -1 4 421807 -0.38113 -0.11354 65795.8 35951 160142 160185 -1
83 13942 -1 4 -1 -0.012 0.3737 16873.5 31862.4 -1 -1 1
83 13942 -1 4 216484 -0.121 -0.27309 17557.1 31659.1 160113 160132 -1
83 7412 -1 4 -1 -0.4337 -0.4497 44254.3 59334.4 -1 -1 1
83 7412 -1 4 1338084 0.48976 0.14763 44241.2 61590.7 160188 160161 -1
83 11336 5159128 4 -1 -0.05003 -0.14758 184741 140237 110024 110025 0
83 11336 -1 4 727327 -0.20878 0.16544 63811.3 60825.8 160115 160178 -1
83 11160 -1 4 -1 0.285 -0.2597 63355.9 34866.2 -1 -1 1
83 11160 -1 4 421807 -0.38113 -0.11354 65795.8 35951 160142 160185 -1
83 13942 -1 4 -1 -0.012 0.3737 16873.5 31862.4 -1 -1 1
83 13942 -1 4 216484 -0.121 -0.27309 17557.1 31659.1 160113 160132 -1
83 7412 -1 4 -1 -0.4337 -0.4497 44254.3 59334.4 -1 -1 1
83 7412 -1 4 1338084 0.48976 0.14763 44241.2 61590.7 160188 160161 -1
83 11336 5159128 4 -1 -0.05003 -0.14758 184741 140237 110024 110025 0
83 11336 -1 4 727327 -0.20878 0.16544 63811.3 60825.8 160115 160178 -1
83 11160 -1 4 -1 0.285 -0.2597 63355.9 34866.2 -1 -1 1
83 11160 -1 4 421807 -0.38113 -0.11354 65795.8 35951 160142 160185 -1
83 13942 -1 4 -1 -0.012 0.3737 16873.5 31862.4 -1 -1 1
83 13942 -1 4 216484 -0.121 -0.27309 17557.1 31659.1 160113 160132 -1
83 7412 -1 4 -1 -0.4337 -0.4497 44254.3 59334.4 -1 -1 1
83 7412 -1 4 1338084 0.48976 0.14763 44241.2 61590.7 160188 160161 -1
83 11336 5159128 4 -1 -0.05003 -0.14758 184741 140237 110024 110025 0
83 11336 -1 4 727327 -0.20878 0.16544 63811.3 60825.8 160115 160178 -1
83 11160 -1 4 -1 0.285 -0.2597 63355.9 34866.2 -1 -1 1
83 11160 -1 4 421807 -0.38113 -0.11354 65795.8 35951 160142 160185 -1
83 13942 -1 4 -1 -0.012 0.3737 16873.5 31862.4 -1 -1 1
83 13942 -1 4 216484 -0.121 -0.27309 17557.1 31659.1 160113 160132 -1
83 7412 -1 4 -1 -0.4337 -0.4497 44254.3 59334.4 -1 -1 1
83 7412 -1 4 1338084 0.48976 0.14763 44241.2 61590.7 160188 160161 -1
83 11336 5159128 4 -1 -0.05003 -0.14758 184741 140237 110024 110025 0
83 11336 -1 4 727327 -0.20878 0.16544 63811.3 60825.8 160115 160178 -1
83 9692 -1 5 -1 0.2948 -0.2832 71227.7 23588.7 -1 -1 1
83 9692 -1 5 805552 0.02397 0.08647 73042.1 22318.7 160103 160071 -1
83 9692 -1 5 -1 0.2948 -0.2832 71227.7 23588.7 -1 -1 1
83 9692 -1 5 805552 0.02397 0.08647 73042.1 22318.7 160103 160071 -1
83 9692 -1 5 -1 0.2948 -0.2832 71227.7 23588.7 -1 -1 1
83 9692 -1 5 805552 0.02397 0.08647 73042.1 22318.7 160103 160071 -1
83 9692 -1 5 -1 0.2948 -0.2832 71227.7 23588.7 -1 -1 1
83 9692 -1 5 805552 0.02397 0.08647 73042.1 22318.7 160103 160071 -1
83 8496 -1 6 -1 -0.17 -0.0003 36863.6 30295.8 -1 -1 1
83 8496 -1 6 624477 -0.62044 0.0356 39157.7 28503.5 160236 160197 -1
83 8496 -1 6 -1 -0.17 -0.0003 36863.6 30295.8 -1 -1 1
83 8496 -1 6 624477 -0.62044 0.0356 39157.7 28503.5 160236 160197 -1
83 8496 -1 6 -1 -0.17 -0.0003 36863.6 30295.8 -1 -1 1
83 8496 -1 6 624477 -0.62044 0.0356 39157.7 28503.5 160236 160197 -1
83 8496 -1 6 -1 -0.17 -0.0003 36863.6 30295.8 -1 -1 1
83 8496 -1 6 624477 -0.62044 0.0356 39157.7 28503.5 160236 160197 -1
84 4483 -1 1 -1 0.2162 0.162 76217.9 45249.5 -1 -1 1
84 4483 -1 1 19068 -0.36646 -0.29512 76845.5 45623.8 160201 160146 -1
84 4483 -1 1 -1 0.2162 0.162 76217.9 45249.5 -1 -1 1
84 4483 -1 1 19068 -0.36646 -0.29512 76845.5 45623.8 160201 160146 -1
84 4483 -1 1 -1 0.2162 0.162 76217.9 45249.5 -1 -1 1
84 4483 -1 1 19068 -0.36646 -0.29512 76845.5 45623.8 160201 160146 -1
84 4483 -1 1 -1 0.2162 0.162 76217.9 45249.5 -1 -1 1
84 4483 -1 1 19068 -0.36646 -0.29512 76845.5 45623.8 160201 160146 -1
84 10175 2937446 3 -1 -0.06228 -0.22384 107158 137556 130034 120026 0
84 10175 -1 3 509290 0.48567 -0.37487 107416 57472.2 160180 160141 -1
84 14639 -1 3 -1 -0.1249 0.3897 47265.6 52733.8 -1 -1 1
84 14639 -1 3 500536 -0.03795 0.0661 47577.5 52421.1 160089 160053 -1
84 170 -1 3 -1 0.1194 -0.1806 104190 35193.1 -1 -1 1
84 170 -1 3 640476 -0.27524 -0.08566 104462 35612.1 160194 160147 -1
84 8671 -1 3 -1 0.1574 -0.0741 99903.4 48201.4 -1 -1 1
84 8671 -1 3 477555 0.01649 0.446 99158 48132.5 160136 160133 -1
84 10175 2937446 3 -1 -0.06228 -0.22384 107158 137556 130034 120026 0
84 10175 -1 3 509290 0.48567 -0.37487 107416 57472.2 160180 160141 -1
84 14639 -1 3 -1 -0.1249 0.3897 47265.6 52733.8 -1 -1 1
84 14639 -1 3 500536 -0.03795 0.0661 47577.5 52421.1 160089 160053 -1
84 170 -1 3 -1 0.1194 -0.1806 104190 35193.1 -1 -1 1
84 170 -1 3 640476 -0.27524 -0.08566 104462 35612.1 160194 160147 -1
84 8671 -1 3 -1 0.1574 -0.0741 99903.4 48201.4 -1 -1 1
84 8671 -1 3 477555 0.01649 0.446 99158 48132.5 160136 160133 -1
84 10175 2937446 3 -1 -0.06228 -0.22384 107158 137556 130034 120026 0
84 10175 -1 3 509290 0.48567 -0.37487 107416 57472.2 160180 160141 -1
84 14639 -1 3 -1 -0.1249 0.3897 47265.6 52733.8 -1 -1 1
84 14639 -1 3 500536 -0.03795 0.0661 47577.5 52421.1 160089 160053 -1
84 170 -1 3 -1 0.1194 -0.1806 104190 35193.1 -1 -1 1
84 170 -1 3 640476 -0.27524 -0.08566 104462 35612.1 160194 160147 -1
84 8671 -1 3 -1 0.1574 -0.0741 99903.4 48201.4 -1 -1 1
84 8671 -1 3 477555 0.01649 0.446 99158 48132.5 160136 160133 -1
84 10175 2937446 3 -1 -0.06228 -0.22384 107158 137556 130034 120026 0
84 10175 -1 3 509290 0.48567 -0.37487 107416 57472.2 160180 160141 -1
84 14639 -1 3 -1 -0.1249 0.3897 47265.6 52733.8 -1 -1 1
84 14639 -1 3 500536 -0.03795 0.0661 47577.5 52421.1 160089 160053 -1
84 170 -1 3 -1 0.1194 -0.1806 104190 35193.1 -1 -1 1
84 170 -1 3 640476 -0.27524 -0.08566 104462 35612.1 160194 160147 -1
84 8671 -1 3 -1 0.1574 -0.0741 99903.4 48201.4 -1 -1 1
84 8671 -1 3 477555 0.01649 0.446 99158 48132.5 160136 160133 -1
84 11160 -1 4 -1 0.2839 -0.2606 61440.2 35849.8 -1 -1 1
84 11160 -1 4 153 -0.07947 0.00167 60881.6 36640.2 160071 160080 -1
84 4383 4412558 4 -1 0.09054 -0.11573 203331 118548 160062 130052 0
84 4383 -1 4 439114 -0.61101 -0.07043 83595 38491.2 160273 160273 -1
84 7412 -1 4 -1 -0.4346 -0.4478 44924 61017.1 -1 -1 1
84 7412 -1 4 251998 -0.0337 0.78365 45498 61918.8 160144 160155 -1
84 11336 -1 4 -1 -0.0505 -0.1475 63631.9 62090.1 -1 -1 1
84 11336 -1 4 74376 0.53849 0.37476 60937.1 61151 160239 160248 -1
84 11160 -1 4 -1 0.2839 -0.2606 61440.2 35849.8 -1 -1 1
84 11160 -1 4 153 -0.07947 0.00167 60881.6 36640.2 160071 160080 -1
84 4383 4412558 4 -1 0.09054 -0.11573 203331 118548 160062 130052 0
84 4383 -1 4 439114 -0.61101 -0.07043 83595 38491.2 160273 160273 -1
84 7412 -1 4 -1 -0.4346 -0.4478 44924 61017.1 -1 -1 1
84 7412 -1 4 251998 -0.0337 0.78365 45498 61918.8 160144 160155 -1
84 11336 -1 4 -1 -0.0505 -0.1475 63631.9 62090.1 -1 -1 1
84 11336 -1 4 74376 0.53849 0.37476 60937.1 61151 160239 160248 -1
84 11160 -1 4 -1 0.2839 -0.2606 61440.2 35849.8 -1 -1 1
84 11160 -1 4 153 -0.07947 0.00167 60881.6 36640.2 160071 160080 -1
84 4383 4412558 4 -1 0.09054 -0.11573 203331 118548 160062 130052 0
84 4383 -1 4 439114 -0.61101 -0.07043 83595 38491.2 160273 160273 -1
84 7412 -1 4 -1 -0.4346 -0.4478 44924 61017.1 -1 -1 1
84 7412 -1 4 251998 -0.0337 0.78365 45498 61918.8 160144 160155 -1
84 11336 -1 4 -1 -0.0505 -0.1475 63631.9 62090.1 -1 -1 1
84 11336 -1 4 74376 0.53849 0.37476 60937.1 61151 160239 160248 -1
84 11160 -1 4 -1 0.2839 -0.2606 61440.2 35849.8 -1 -1 1
84 11160 -1 4 153 -0.07947 0.00167 60881.6 36640.2 160071 160080 -1
84 4383 4412558 4 -1 0.09054 -0.11573 203331 118548 160062 130052 0
84 4383 -1 4 439114 -0.61101 -0.07043 83595 38491.2 160273 160273 -1
84 7412 -1 4 -1 -0.4346 -0.4478 44924 61017.1 -1 -1 1
84 7412 -1 4 251998 -0.0337 0.78365 45498 61918.8 160144 160155 -1
84 11336 -1 4 -1 -0.0505 -0.1475 63631.9 62090.1 -1 -1 1
84 11336 -1 4 74376 0.53849 0.37476 60937.1 61151 160239 160248 -1
84 6192 4998617 5 -1 0.13485 0.04293 104832 174098 130037 160057 0
84 6192 -1 5 354740 -0.19494 0.09477 106039 13162.4 160103 160094 -1
84 9692 -1 5 -1 0.2941 -0.2806 70368 24797.6 -1 -1 1
84 9692 -1 5 185034 -0.20011 -0.04508 72004.8 25791 160196 160178 -1
84 6192 4998617 5 -1 0.13485 0.04293 104832 174098 130037 160057 0
84 6192 -1 5 354740 -0.19494 0.09477 106039 13162.4 160103 160094 -1
84 9692 -1 5 -1 0.2941 -0.2806 70368 24797.6 -1 -1 1
84 9692 -1 5 185034 -0.20011 -0.04508 72004.8 25791 160196 160178 -1
84 6192 4998617 5 -1 0.13485 0.04293 104832 174098 130037 160057 0
84 6192 -1 5 354740 -0.19494 0.09477 106039 13162.4 160103 160094 -1
84 9692 -1 5 -1 0.2941 -0.2806 70368 24797.6 -1 -1 1
84 9692 -1 5 185034 -0.20011 -0.04508 72004.8 25791 160196 160178 -1
84 6192 4998617 5 -1 0.13485 0.04293 104832 174098 130037 160057 0
84 6192 -1 5 354740 -0.19494 0.09477 106039 13162.4 160103 160094 -1
84 9692 -1 5 -1 0.2941 -0.2806 70368 24797.6 -1 -1 1
84 9692 -1 5 185034 -0.20011 -0.04508 72004.8 25791 160196 160178 -1
85 4483 -1 1 -1 0.2165 0.1614 76435.8 44208.3 -1 -1 1
85 4483 -1 1 21003 0.04296 0.56685 75722.8 43844 160205 160182 -1
85 4483 -1 1 -1 0.2165 0.1614 76435.8 44208.3 -1 -1 1
85 4483 -1 1 21003 0.04296 0.56685 75722.8 43844 160205 160182 -1
85 4483 -1 1 -1 0.2165 0.1614 76435.8 44208.3 -1 -1 1
85 4483 -1 1 21003 0.04296 0.56685 75722.8 43844 160205 160182 -1
85 4483 -1 1 -1 0.2165 0.1614 76435.8 44208.3 -1 -1 1
85 4483 -1 1 21003 0.04296 0.56685 75722.8 43844 160205 160182 -1
85 10175 -1 3 -1 -0.0623 -0.2238 107661 58167.7 -1 -1 1
85 10175 -1 3 1138692 0.3206 -0.48956 108428 58581.9 160236 160169 -1
85 14639 -1 3 -1 -0.1258 0.3888 47526 51878.6 -1 -1 1
85 14639 -1 3 59946 0.17081 0.09485 47126 51843.2 160137 160109 -1
85 170 -1 3 -1 0.1199 -0.1803 104293 34925.3 -1 -1 1
85 170 -1 3 426770 0.29027 -0.76691 104545 34592.8 160244 160220 -1
85 13121 3389694 3 -1 0.15026 -0.77695 63262 152649 110036 110035 0
85 13121 -1 3 289070 0.27509 -0.22899 62867.7 71554.1 160272 160282 -1
85 8671 -1 3 -1 0.1576 -0.0738 99946.1 47840.1 -1 -1 1
85 8671 -1 3 33609 -0.04952 0.0102 100486 47354.9 160126 160085 -1
85 10175 -1 3 -1 -0.0623 -0.2238 107661 58167.7 -1 -1 1
85 10175 -1 3 1138692 0.3206 -0.48956 108428 58581.9 160236 160169 -1
85 14639 -1 3 -1 -0.1258 0.3888 47526 51878.6 -1 -1 1
85 14639 -1 3 59946 0.17081 0.09485 47126 51843.2 160137 160109 -1
85 170 -1 3 -1 0.1199 -0.1803 104293 34925.3 -1 -1 1
85 170 -1 3 426770 0.29027 -0.76691 104545 34592.8 160244 160220 -1
85 13121 3389694 3 -1 0.15026 -0.77695 63262 152649 110036 110035 0
85 13121 -1 3 289070 0.27509 -0.22899 62867.7 71554.1 160272 160282 -1
85 8671 -1 3 -1 0.1576 -0.0738 99946.1 47840.1 -1 -1 1
85 8671 -1 3 33609 -0.04952 0.0102 100486 47354.9 160126 160085 -1
85 10175 -1 3 -1 -0.0623 -0.2238 107661 58167.7 -1 -1 1
85 10175 -1 3 1138692 0.3206 -0.48956 108428 58581.9 160236 160169 -1
85 14639 -1 3 -1 -0.1258 0.3888 47526 51878.6 -1 -1 1
85 14639 -1 3 59946 0.17081 0.09485 47126 51843.2 160137 160109 -1
85 170 -1 3 -1 0.1199 -0.1803 104293 34925.3 -1 -1 1
85 170 -1 3 426770 0.29027 -0.76691 104545 34592.8 160244 160220 -1
85 13121 3389694 3 -1 0.15026 -0.77695 63262 152649 110036 110035 0
85 13121 -1 3 289070 0.27509 -0.22899 62867.7 71554.1 160272 160282 -1
85 8671 -1 3 -1 0.1576 -0.0738 99946.1 47840.1 -1 -1 1
85 8671 -1 3 33609 -0.04952 0.0102 100486 47354.9 160126 160085 -1
85 10175 -1 3 -1 -0.0623 -0.2238 107661 58167.7 -1 -1 1
85 10175 -1 3 1138692 0.3206 -0.48956 108428 58581.9 160236 160169 -1
85 14639 -1 3 -1 -0.1258 0.3888 47526 51878.6 -1 -1 1
85 14639 -1 3 59946 0.17081 0.09485 47126 51843.2 160137 160109 -1
85 170 -1 3 -1 0.1199 -0.1803 104293 34925.3 -1 -1 1
85 170 -1 3 426770 0.29027 -0.76691 104545 34592.8 160244 160220 -1
85 13121 3389694 3 -1 0.15026 -0.77695 63262 152649 110036 110035 0
85 13121 -1 3 289070 0.27509 -0.22899 62867.7 71554.1 160272 160282 -1
85 8671 -1 3 -1 0.1576 -0.0738 99946.1 47840.1 -1 -1 1
85 8671 -1 3 33609 -0.04952 0.0102 100486 47354.9 160126 160085 -1
85 11160 -1 4 -1 0.285 -0.2598 62094.7 35763.7 -1 -1 1
85 11160 -1 4 644908 0.62153 -0.17943 64652.1 33621.2 160211 160186 -1
85 4383 -1 4 -1 0.0907 -0.1156 83563 38924.9 -1 -1 1
85 4383 -1 4 438785 -0.40466 -0.68423 81346.9 37407.9 160231 160225 -1
85 7412 -1 4 -1 -0.4321 -0.4476 46108.2 61040.3 -1 -1 1
85 7412 -1 4 536699 -0.11865 0.62375 45140.1 61816.5 160170 160191 -1
85 11336 -1 4 -1 -0.0499 -0.1475 64483.7 61915.1 -1 -1 1
85 11336 -1 4 1121353 0.44044 0.41469 64606.3 61131.5 160217 160234 -1
85 11160 -1 4 -1 0.285 -0.2598 62094.7 35763.7 -1 -1 1
85 11160 -1 4 644908 0.62153 -0.17943 64652.1 33621.2 160211 160186 -1
85 4383 -1 4 -1 0.0907 -0.1156 83563 38924.9 -1 -1 1
85 4383 -1 4 438785 -0.40466 -0.68423 81346.9 37407.9 160231 160225 -1
85 7412 -1 4 -1 -0.4321 -0.4476 46108.2 61040.3 -1 -1 1
85 7412 -1 4 536699 -0.11865 0.62375 45140.1 61816.5 160170 160191 -1
85 11336 -1 4 -1 -0.0499 -0.1475 64483.7 61915.1 -1 -1 1
85 11336 -1 4 1121353 0.44044 0.41469 64606.3 61131.5 160217 160234 -1
85 11160 -1 4 -1 0.285 -0.2598 62094.7 35763.7 -1 -1 1
85 11160 -1 4 644908 0.62153 -0.17943 64652.1 33621.2 160211 160186 -1
85 4383 -1 4 -1 0.0907 -0.1156 83563 38924.9 -1 -1 1
85 4383 -1 4 438785 -0.40466 -0.68423 81346.9 37407.9 160231 160225 -1
85 7412 -1 4 -1 -0.4321 -0.4476 46108.2 61040.3 -1 -1 1
85 7412 -1 4 536699 -0.11865 0.62375 45140.1 61816.5 160170 160191 -1
85 11336 -1 4 -1 -0.0499 -0.1475 64483.7 61915.1 -1 -1 1
85 11336 -1 4 1121353 0.44044 0.41469 64606.3 61131.5 160217 160234 -1
85 11160 -1 4 -1 0.285 -0.2598 62094.7 35763.7 -1 -1 1
85 11160 -1 4 644908 0.62153 -0.17943 64652.1 33621.2 160211 160186 -1
85 4383 -1 4 -1 0.0907 -0.1156 83563 38924.9 -1 -1 1
85 4383 -1 4 438785 -0.40466 -0.68423 81346.9 37407.9 160231 160225 -1
85 7412 -1 4 -1 -0.4321 -0.4476 46108.2 61040.3 -1 -1 1
85 7412 -1 4 536699 -0.11865 0.62375 45140.1 61816.5 160170 160191 -1
85 11336 -1 4 -1 -0.0499 -0.1475 64483.7 61915.1 -1 -1 1
85 11336 -1 4 1121353 0.44044 0.41469 64606.3 61131.5 160217 160234 -1
85 6192 -1 5 -1 0.135 0.0426 105557 12242 -1 -1 1
85 6192 -1 5 367685 -0.47927 -0.20851 106450 11622.1 160238 160236 -1
85 6192 -1 5 -1 0.135 0.0426 105557 12242 -1 -1 1
85 6192 -1 5 367685 -0.47927 -0.20851 106450 11622.1 160238 160236 -1
85 6192 -1 5 -1 0.135 0.0426 105557 12242 -1 -1 1
85 6192 -1 5 367685 -0.47927 -0.20851 106450 11622.1 160238 160236 -1
85 6192 -1 5 -1 0.135 0.0426 105557 12242 -1 -1 1
85 6192 -1 5 367685 -0.47927 -0.20851 106450 11622.1 160238 160236 -1
86 4483 -1 1 -1 0.2152 0.1637 75752.6 44941.5 -1 -1 1
86 4483 -1 1 23610 0.00032 0.60406 75815.3 45144.7 160233 160268 -1
86 4483 -1 1 -1 0.2152 0.1637 75752.6 44941.5 -1 -1 1
86 4483 -1 1 23610 0.00032 0.60406 75815.3 45144.7 160233 160268 -1
86 4483 -1 1 -1 0.2152 0.1637 75752.6 44941.5 -1 -1 1
86 4483 -1 1 23610 0.00032 0.60406 75815.3 45144.7 160233 160268 -1
86 4483 -1 1 -1 0.2152 0.1637 75752.6 44941.5 -1 -1 1
86 4483 -1 1 23610 0.00032 0.60406 75815.3 45144.7 160233 160268 -1
86 10175 -1 3 -1 -0.0613 -0.2246 107032 59656 -1 -1 1
86 10175 -1 3 273033 0.23349 0.5173 106420 59722.2 160287 160237 -1
86 13121 -1 3 -1 0.1551 -0.7774 61786.5 76866.8 -1 -1 1
86 13121 -1 3 466584 0.05149 -0.58195 60177.3 79811.8 160242 160218 -1
86 8671 -1 3 -1 0.158 -0.0732 98733.4 48860.2 -1 -1 1
86 8671 -1 3 49456 -0.63062 0.19437 97768.8 48591.1 160202 160188 -1
86 10175 -1 3 -1 -0.0613 -0.2246 107032 59656 -1 -1 1
86 10175 -1 3 273033 0.23349 0.5173 106420 59722.2 160287 160237 -1
86 13121 -1 3 -1 0.1551 -0.7774 61786.5 76866.8 -1 -1 1
86 13121 -1 3 466584 0.05149 -0.58195 60177.3 79811.8 160242 160218 -1
86 8671 -1 3 -1 0.158 -0.0732 98733.4 48860.2 -1 -1 1
86 8671 -1 3 49456 -0.63062 0.19437 97768.8 48591.1 160202 160188 -1
86 10175 -1 3 -1 -0.0613 -0.2246 107032 59656 -1 -1 1
86 10175 -1 3 273033 0.23349 0.5173 106420 59722.2 160287 160237 -1
86 13121 -1 3 -1 0.1551 -0.7774 61786.5 76866.8 -1 -1 1
86 13121 -1 3 466584 0.05149 -0.58195 60177.3 79811.8 160242 160218 -1
86 8671 -1 3 -1 0.158 -0.0732 98733.4 48860.2 -1 -1 1
86 8671 -1 3 49456 -0.63062 0.19437 97768.8 48591.1 160202 160188 -1
86 10175 -1 3 -1 -0.0613 -0.2246 107032 59656 -1 -1 1
86 10175 -1 3 273033 0.23349 0.5173 106420 59722.2 160287 160237 -1
86 13121 -1 3 -1 0.1551 -0.7774 61786.5 76866.8 -1 -1 1
86 13121 -1 3 466584 0.05149 -0.58195 60177.3 79811.8 160242 160218 -1
86 8671 -1 3 -1 0.158 -0.0732 98733.4 48860.2 -1 -1 1
86 8671 -1 3 49456 -0.63062 0.19437 97768.8 48591.1 160202 160188 -1
86 4383 -1 4 -1 0.0908 -0.1152 82552.5 40659.3 -1 -1 1
86 4383 -1 4 438855 -0.27414 -0.36883 83486.5 40275.1 160203 160169 -1
86 9950 4653970 4 -1 0.02839 -0.11224 203673 139636 140057 140037 0
86 9950 -1 4 240225 0.0327 0.02122 83607.4 59801 160077 160064 -1
86 11336 -1 4 -1 -0.0493 -0.1473 63813.2 63681.8 -1 -1 1
86 11336 -1 4 896889 0.15603 -0.67028 63881.8 62836.6 160145 160140 -1
86 4383 -1 4 -1 0.0908 -0.1152 82552.5 40659.3 -1 -1 1
86 4383 -1 4 438855 -0.27414 -0.36883 83486.5 40275.1 160203 160169 -1
86 9950 4653970 4 -1 0.02839 -0.11224 203673 139636 140057 140037 0
86 9950 -1 4 240225 0.0327 0.02122 83607.4 59801 160077 160064 -1
86 11336 -1 4 -1 -0.0493 -0.1473 63813.2 63681.8 -1 -1 1
86 11336 -1 4 896889 0.15603 -0.67028 63881.8 62836.6 160145 160140 -1
86 4383 -1 4 -1 0.0908 -0.1152 82552.5 40659.3 -1 -1 1
86 4383 -1 4 438855 -0.27414 -0.36883 83486.5 40275.1 160203 160169 -1
86 9950 4653970 4 -1 0.02839 -0.11224 203673 139636 140057 140037 0
86 9950 -1 4 240225 0.0327 0.02122 83607.4 59801 160077 160064 -1
86 11336 -1 4 -1 -0.0493 -0.1473 63813.2 63681.8 -1 -1 1
86 11336 -1 4 896889 0.15603 -0.67028 63881.8 62836.6 160145 160140 -1
86 4383 -1 4 -1 0.0908 -0.1152 82552.5 40659.3 -1 -1 1
86 4383 -1 4 438855 -0.27414 -0.36883 83486.5 40275.1 160203 160169 -1
86 9950 4653970 4 -1 0.02839 -0.11224 203673 139636 140057 140037 0
86 9950 -1 4 240225 0.0327 0.02122 83607.4 59801 160077 160064 -1
86 11336 -1 4 -1 -0.0493 -0.1473 63813.2 63681.8 -1 -1 1
86 11336 -1 4 896889 0.15603 -0.67028 63881.8 62836.6 160145 160140 -1
86 6192 -1 5 -1 0.1348 0.0446 104152 13148.5 -1 -1 1
86 6192 -1 5 137219 0.29435 -0.49411 104391 14014.2 160297 160290 -1
86 9153 5836574 5 -1 -0.0997 0.27164 124751 167430 80004 120030 0
86 9153 -1 5 111271 0.01742 0.07033 122070 8197.39 160113 160131 -1
86 6192 -1 5 -1 0.1348 0.0446 104152 13148.5 -1 -1 1
86 6192 -1 5 137219 0.29435 -0.49411 104391 14014.2 160297 160290 -1
86 9153 5836574 5 -1 -0.0997 0.27164 124751 167430 80004 120030 0
86 9153 -1 5 111271 0.01742 0.07033 122070 8197.39 160113 160131 -1
86 6192 -1 5 -1 0.1348 0.0446 104152 13148.5 -1 -1 1
86 6192 -1 5 137219 0.29435 -0.49411 104391 14014.2 160297 160290 -1
86 9153 5836574 5 -1 -0.0997 0.27164 124751 167430 80004 120030 0
86 9153 -1 5 111271 0.01742 0.07033 122070 8197.39 160113 160131 -1
86 6192 -1 5 -1 0.1348 0.0446 104152 13148.5 -1 -1 1
86 6192 -1 5 137219 0.29435 -0.49411 104391 14014.2 160297 160290 -1
86 9153 5836574 5 -1 -0.0997 0.27164 124751 167430 80004 120030 0
86 9153 -1 5 111271 0.01742 0.07033 122070 8197.39 160113 160131 -1
87 9444 3254954 2 -1 0.26968 -0.34605 198899 83124.3 110014 100013 0
87 9444 -1 2 858062 -0.13837 -0.39605 81122.7 82422.3 160235 160175 -1
87 9444 3254954 2 -1 0.26968 -0.34605 198899 83124.3 110014 100013 0
87 9444 -1 2 858062 -0.13837 -0.39605 81122.7 82422.3 160235 160175 -1
87 9444 3254954 2 -1 0.26968 -0.34605 198899 83124.3 110014 100013 0
87 9444 -1 2 858062 -0.13837 -0.39605 81122.7 82422.3 160235 160175 -1
87 9444 3254954 2 -1 0.26968 -0.34605 198899 83124.3 110014 100013 0
87 9444 -1 2 858062 -0.13837 -0.39605 81122.7 82422.3 160235 160175 -1
87 10175 -1 3 -1 -0.0613 -0.224 107351 58810.4 -1 -1 1
87 10175 -1 3 1394076 -0.01137 -0.46627 107078 60905.7 160175 160177 -1
87 13121 -1 3 -1 0.1544 -0.7764 61935.7 76523.4 -1 -1 1
87 13121 -1 3 445746 0.03487 -0.07169 61296.4 76405.1 160080 160063 -1
87 10175 -1 3 -1 -0.0613 -0.224 107351 58810.4 -1 -1 1
87 10175 -1 3 1394076 -0.01137 -0.46627 107078 60905.7 160175 160177 -1
87 13121 -1 3 -1 0.1544 -0.7764 61935.7 76523.4 -1 -1 1
87 13121 -1 3 445746 0.03487 -0.07169 61296.4 76405.1 160080 160063 -1
87 10175 -1 3 -1 -0.0613 -0.224 107351 58810.4 -1 -1 1
87 10175 -1 3 1394076 -0.01137 -0.46627 107078 60905.7 160175 160177 -1
87 13121 -1 3 -1 0.1544 -0.7764 61935.7 76523.4 -1 -1 1
87 13121 -1 3 445746 0.03487 -0.07169 61296.4 76405.1 160080 160063 -1
87 10175 -1 3 -1 -0.0613 -0.224 107351 58810.4 -1 -1 1
87 10175 -1 3 1394076 -0.01137 -0.46627 107078 60905.7 160175 160177 -1
87 13121 -1 3 -1 0.1544 -0.7764 61935.7 76523.4 -1 -1 1
87 13121 -1 3 445746 0.03487 -0.07169 61296.4 76405.1 160080 160063 -1
87 4383 -1 4 -1 0.091 -0.1154 82862.5 39519.2 -1 -1 1
87 4383 -1 4 438766 -0.54721 -0.04856 85400.5 41113.2 160242 160243 -1
87 9950 -1 4 -1 0.0282 -0.1124 83770.2 59140.3 -1 -1 1
87 9950 -1 4 244790 0.0317 0.02066 83770.9 59647.6 160074 160059 -1
87 4383 -1 4 -1 0.091 -0.1154 82862.5 39519.2 -1 -1 1
87 4383 -1 4 438766 -0.54721 -0.04856 85400.5 41113.2 160242 160243 -1
87 9950 -1 4 -1 0.0282 -0.1124 83770.2 59140.3 -1 -1 1
87 9950 -1 4 244790 0.0317 0.02066 83770.9 59647.6 160074 160059 -1
87 4383 -1 4 -1 0.091 -0.1154 82862.5 39519.2 -1 -1 1
87 4383 -1 4 438766 -0.54721 -0.04856 85400.5 41113.2 160242 160243 -1
87 9950 -1 4 -1 0.0282 -0.1124 83770.2 59140.3 -1 -1 1
87 9950 -1 4 244790 0.0317 0.02066 83770.9 59647.6 160074 160059 -1
87 4383 -1 4 -1 0.091 -0.1154 82862.5 39519.2 -1 -1 1
87 4383 -1 4 438766 -0.54721 -0.04856 85400.5 41113.2 160242 160243 -1
87 9950 -1 4 -1 0.0282 -0.1124 83770.2 59140.3 -1 -1 1
87 9950 -1 4 244790 0.0317 0.02066 83770.9 59647.6 160074 160059 -1
87 6192 -1 5 -1 0.1349 0.0432 104413 11973.8 -1 -1 1
87 6192 -1 5 135729 0.35527 0.41653 105359 11931.1 160315 160261 -1
87 6192 -1 5 -1 0.1349 0.0432 104413 11973.8 -1 -1 1
87 6192 -1 5 135729 0.35527 0.41653 105359 11931.1 160315 160261 -1
87 6192 -1 5 -1 0.1349 0.0432 104413 11973.8 -1 -1 1
87 6192 -1 5 135729 0.35527 0.41653 105359 11931.1 160315 160261 -1
87 6192 -1 5 -1 0.1349 0.0432 104413 11973.8 -1 -1 1
87 6192 -1 5 135729 0.35527 0.41653 105359 11931.1 160315 160261 -1
87 9153 -1 6 -1 -0.0985 0.2721 4928.4 4653.6 -1 -1 1
87 9153 -1 6 134344 -0.79701 -0.24198 7076.94 6698.39 160223 160166 -1
87 9153 -1 6 -1 -0.0985 0.2721 4928.4 4653.6 -1 -1 1
87 9153 -1 6 134344 -0.79701 -0.24198 7076.94 6698.39 160223 160166 -1
87 9153 -1 6 -1 -0.0985 0.2721 4928.4 4653.6 -1 -1 1
87 9153 -1 6 134344 -0.79701 -0.24198 7076.94 6698.39 160223 160166 -1
87 9153 -1 6 -1 -0.0985 0.2721 4928.4 4653.6 -1 -1 1
87 9153 -1 6 134344 -0.79701 -0.24198 7076.94 6698.39 160223 160166 -1
88 15986 310558 1 -1 -0.06165 -0.25369 81427.6 56908.1 130032 120022 0
88 15986 -1 1 442363 0.27803 0.74473 80041.8 57146.6 160264 160236 -1
88 15986 310558 1 -1 -0.06165 -0.25369 81427.6 56908.1 130032 120022 0
88 15986 -1 1 442363 0.27803 0.74473 80041.8 57146.6 160264 160236 -1
88 15986 310558 1 -1 -0.06165 -0.25369 81427.6 56908.1 130032 120022 0
88 15986 -1 1 442363 0.27803 0.74473 80041.8 57146.6 160264 160236 -1
88 15986 310558 1 -1 -0.06165 -0.25369 81427.6 56908.1 130032 120022 0
88 15986 -1 1 442363 0.27803 0.74473 80041.8 57146.6 160264 160236 -1
88 9444 -1 2 -1 0.2721 -0.3434 76532.2 85130.5 -1 -1 1
88 9444 -1 2 849830 0.78798 0.11901 77000 85078.1 160194 160195 -1
88 9444 -1 2 -1 0.2721 -0.3434 76532.2 85130.5 -1 -1 1
88 9444 -1 2 849830 0.78798 0.11901 77000 85078.1 160194 160195 -1
88 9444 -1 2 -1 0.2721 -0.3434 76532.2 85130.5 -1 -1 1
88 9444 -1 2 849830 0.78798 0.11901 77000 85078.1 160194 160195 -1
88 9444 -1 2 -1 0.2721 -0.3434 76532.2 85130.5 -1 -1 1
88 9444 -1 2 849830 0.78798 0.11901 77000 85078.1 160194 160195 -1
88 13121 -1 3 -1 0.1533 -0.775 61019.8 79456.3 -1 -1 1
88 13121 -1 3 966674 0.5045 0.53737 61461.9 80111 160256 160197 -1
88 13121 -1 3 -1 0.1533 -0.775 61019.8 79456.3 -1 -1 1
88 13121 -1 3 966674 0.5045 0.53737 61461.9 80111 160256 160197 -1
88 13121 -1 3 -1 0.1533 -0.775 61019.8 79456.3 -1 -1 1
88 13121 -1 3 966674 0.5045 0.53737 61461.9 80111 160256 160197 -1
88 13121 -1 3 -1 0.1533 -0.775 61019.8 79456.3 -1 -1 1
88 13121 -1 3 966674 0.5045 0.53737 61461.9 80111 160256 160197 -1
88 10470 4440417 4 -1 0.00155 -0.25037 159103 120142 100011 120030 0
88 10470 -1 4 1107889 -0.37698 -0.28028 39422.5 40702.9 160180 160217 -1
88 437 4677790 4 -1 0.17763 -0.49186 205933 143203 100018 110029 0
88 437 -1 4 924582 0.5624 0.47285 87265.3 63271.2 160308 160217 -1
88 9950 -1 4 -1 0.0282 -0.1122 82454.3 60426.1 -1 -1 1
88 9950 -1 4 244267 -0.71636 0.09412 81752.3 59860.6 160205 160142 -1
88 10470 4440417 4 -1 0.00155 -0.25037 159103 120142 100011 120030 0
88 10470 -1 4 1107889 -0.37698 -0.28028 39422.5 40702.9 160180 160217 -1
88 437 4677790 4 -1 0.17763 -0.49186 205933 143203 100018 110029 0
88 437 -1 4 924582 0.5624 0.47285 87265.3 63271.2 160308 160217 -1
88 9950 -1 4 -1 0.0282 -0.1122 82454.3 60426.1 -1 -1 1
88 9950 -1 4 244267 -0.71636 0.09412 81752.3 59860.6 160205 160142 -1
88 10470 4440417 4 -1 0.00155 -0.25037 159103 120142 100011 120030 0
88 10470 -1 4 1107889 -0.37698 -0.28028 39422.5 40702.9 160180 160217 -1
88 437 4677790 4 -1 0.17763 -0.49186 205933 143203 100018 110029 0
88 437 -1 4 924582 0.5624 0.47285 87265.3 63271.2 160308 160217 -1
88 9950 -1 4 -1 0.0282 -0.1122 82454.3 60426.1 -1 -1 1
88 9950 -1 4 244267 -0.71636 0.09412 81752.3 59860.6 160205 160142 -1
88 10470 4440417 4 -1 0.00155 -0.25037 159103 120142 100011 120030 0
88 10470 -1 4 1107889 -0.37698 -0.28028 39422.5 40702.9 160180 160217 -1
88 437 4677790 4 -1 0.17763 -0.49186 205933 143203 100018 110029 0
88 437 -1 4 924582 0.5624 0.47285 87265.3 63271.2 160308 160217 -1
88 9950 -1 4 -1 0.0282 -0.1122 82454.3 60426.1 -1 -1 1
88 9950 -1 4 244267 -0.71636 0.09412 81752.3 59860.6 160205 160142 -1
88 7122 7488742 6 -1 -0.25506 -0.61406 196194 196032 90012 90022 0
88 7122 -1 6 209532 -0.16309 -0.66088 76947.7 34260.2 160243 160200 -1
88 9153 -1 6 -1 -0.099 0.2717 4435.9 5081.2 -1 -1 1
88 9153 -1 6 107538 0.64043 0.41124 5501.07 3063.52 160331 160267 -1
88 7122 7488742 6 -1 -0.25506 -0.61406 196194 196032 90012 90022 0
88 7122 -1 6 209532 -0.16309 -0.66088 76947.7 34260.2 160243 160200 -1
88 9153 -1 6 -1 -0.099 0.2717 4435.9 5081.2 -1 -1 1
88 9153 -1 6 107538 0.64043 0.41124 5501.07 3063.52 160331 160267 -1
88 7122 7488742 6 -1 -0.25506 -0.61406 196194 196032 90012 90022 0
88 7122 -1 6 209532 -0.16309 -0.66088 76947.7 34260.2 160243 160200 -1
88 9153 -1 6 -1 -0.099 0.2717 4435.9 5081.2 -1 -1 1
88 9153 -1 6 107538 0.64043 0.41124 5501.07 3063.52 160331 160267 -1
88 7122 7488742 6 -1 -0.25506 -0.61406 196194 196032 90012 90022 0
88 7122 -1 6 209532 -0.16309 -0.66088 76947.7 34260.2 160243 160200 -1
88 9153 -1 6 -1 -0.099 0.2717 4435.9 5081.2 -1 -1 1
88 9153 -1 6 107538 0.64043 0.41124 5501.07 3063.52 160331 160267 -1
89 15986 -1 1 -1 -0.0609 -0.2539 82067.6 57491.6 -1 -1 1
89 15986 -1 1 956521 0.16599 -0.65797 81756.1 56345.8 160255 160230 -1
89 15986 -1 1 -1 -0.0609 -0.2539 82067.6 57491.6 -1 -1 1
89 15986 -1 1 956521 0.16599 -0.65797 81756.1 56345.8 160255 160230 -1
89 15986 -1 1 -1 -0.0609 -0.2539 82067.6 57491.6 -1 -1 1
89 15986 -1 1 956521 0.16599 -0.65797 81756.1 56345.8 160255 160230 -1
89 15986 -1 1 -1 -0.0609 -0.2539 82067.6 57491.6 -1 -1 1
89 15986 -1 1 956521 0.16599 -0.65797 81756.1 56345.8 160255 160230 -1
89 10470 -1 4 -1 0.0021 -0.2504 38921 41857 -1 -1 1
89 10470 -1 4 1108015 -0.0944 0.53254 40380.3 39569.8 160208 160177 -1
89 437 -1 4 -1 0.1786 -0.4915 85546.5 65228 -1 -1 1
89 437 -1 4 260415 -0.05548 -0.139 86561.9 62767.1 160117 160119 -1
89 9950 -1 4 -1 0.0284 -0.1122 83208.4 60495.2 -1 -1 1
89 9950 -1 4 239888 0.65117 0.18152 82329.7 59956.4 160165 160208 -1
89 9444 -1 4 -1 0.2713 -0.3439 77297.7 6759.6 -1 -1 1
89 9444 -1 4 401500 0.77944 0.1066 77343 6334.65 160219 160207 -1
89 9833 5038566 4 -1 -0.16364 -0.1731 191776 109240 140060 130043 0
89 9833 -1 4 621532 -0.17166 0.16429 71012.2 30599.1 160143 160113 -1
89 10470 -1 4 -1 0.0021 -0.2504 38921 41857 -1 -1 1
89 10470 -1 4 1108015 -0.0944 0.53254 40380.3 39569.8 160208 160177 -1
89 437 -1 4 -1 0.1786 -0.4915 85546.5 65228 -1 -1 1
89 437 -1 4 260415 -0.05548 -0.139 86561.9 62767.1 160117 160119 -1
89 9950 -1 4 -1 0.0284 -0.1122 83208.4 60495.2 -1 -1 1
89 9950 -1 4 239888 0.65117 0.18152 82329.7 59956.4 160165 160208 -1
89 9444 -1 4 -1 0.2713 -0.3439 77297.7 6759.6 -1 -1 1
89 9444 -1 4 401500 0.77944 0.1066 77343 6334.65 160219 160207 -1
89 9833 5038566 4 -1 -0.16364 -0.1731 191776 109240 140060 130043 0
89 9833 -1 4 621532 -0.17166 0.16429 71012.2 30599.1 160143 160113 -1
89 10470 -1 4 -1 0.0021 -0.2504 38921 41857 -1 -1 1
89 10470 -1 4 1108015 -0.0944 0.53254 40380.3 39569.8 160208 160177 -1
89 437 -1 4 -1 0.1786 -0.4915 85546.5 65228 -1 -1 1
89 437 -1 4 260415 -0.05548 -0.139 86561.9 62767.1 160117 160119 -1
89 9950 -1 4 -1 0.0284 -0.1122 83208.4 60495.2 -1 -1 1
89 9950 -1 4 239888 0.65117 0.18152 82329.7 59956.4 160165 160208 -1
89 9444 -1 4 -1 0.2713 -0.3439 77297.7 6759.6 -1 -1 1
89 9444 -1 4 401500 0.77944 0.1066 77343 6334.65 160219 160207 -1
89 9833 5038566 4 -1 -0.16364 -0.1731 191776 109240 140060 130043 0
89 9833 -1 4 621532 -0.17166 0.16429 71012.2 30599.1 160143 160113 -1
89 10470 -1 4 -1 0.0021 -0.2504 38921 41857 -1 -1 1
89 10470 -1 4 1108015 -0.0944 0.53254 40380.3 39569.8 160208 160177 -1
89 437 -1 4 -1 0.1786 -0.4915 85546.5 65228 -1 -1 1
89 437 -1 4 260415 -0.05548 -0.139 86561.9 62767.1 160117 160119 -1
89 9950 -1 4 -1 0.0284 -0.1122 83208.4 60495.2 -1 -1 1
89 9950 -1 4 239888 0.65117 0.18152 82329.7 59956.4 160165 160208 -1
89 9444 -1 4 -1 0.2713 -0.3439 77297.7 6759.6 -1 -1 1
89 9444 -1 4 401500 0.77944 0.1066 77343 6334.65 160219 160207 -1
89 9833 5038566 4 -1 -0.16364 -0.1731 191776 109240 140060 130043 0
89 9833 -1 4 621532 -0.17166 0.16429 71012.2 30599.1 160143 160113 -1
89 1961 6711744 5 -1 0.00016 -0.42148 104821 169567 100010 110015 0
89 1961 -1 5 530679 -0.16666 -0.44746 104773 8292.69 160263 160235 -1
89 1961 6711744 5 -1 0.00016 -0.42148 104821 169567 100010 110015 0
89 1961 -1 5 530679 -0.16666 -0.44746 104773 8292.69 160263 160235 -1
89 1961 6711744 5 -1 0.00016 -0.42148 104821 169567 100010 110015 0
89 1961 -1 5 530679 -0.16666 -0.44746 104773 8292.69 160263 160235 -1
89 1961 6711744 5 -1 0.00016 -0.42148 104821 169567 100010 110015 0
89 1961 -1 5 530679 -0.16666 -0.44746 104773 8292.69 160263 160235 -1
89 7122 -1 6 -1 -0.2548 -0.6141 76541.4 35807.3 -1 -1 1
89 7122 -1 6 209724 -0.13862 -0.65027 77101.2 33693.8 160243 160193 -1
89 9153 -1 6 -1 -0.0993 0.2719 5316.4 4426.9 -1 -1 1
89 9153 -1 6 108267 -0.46628 0.14274 3886.4 5149.14 160216 160109 -1
89 7122 -1 6 -1 -0.2548 -0.6141 76541.4 35807.3 -1 -1 1
89 7122 -1 6 209724 -0.13862 -0.65027 77101.2 33693.8 160243 160193 -1
89 9153 -1 6 -1 -0.0993 0.2719 5316.4 4426.9 -1 -1 1
89 9153 -1 6 108267 -0.46628 0.14274 3886.4 5149.14 160216 160109 -1
89 7122 -1 6 -1 -0.2548 -0.6141 76541.4 35807.3 -1 -1 1
89 7122 -1 6 209724 -0.13862 -0.65027 77101.2 33693.8 160243 160193 -1
89 9153 -1 6 -1 -0.0993 0.2719 5316.4 4426.9 -1 -1 1
89 9153 -1 6 108267 -0.46628 0.14274 3886.4 5149.14 160216 160109 -1
89 7122 -1 6 -1 -0.2548 -0.6141 76541.4 35807.3 -1 -1 1
89 7122 -1 6 209724 -0.13862 -0.65027 77101.2 33693.8 160243 160193 -1
89 9153 -1 6 -1 -0.0993 0.2719 5316.4 4426.9 -1 -1 1
89 9153 -1 6 108267 -0.46628 0.14274 3886.4 5149.14 160216 160109 -1
90 15986 -1 1 -1 -0.0605 -0.2536 81160 58038.7 -1 -1 1
90 15986 -1 1 237597 0.07563 -0.06589 80368.2 58732.2 160140 160081 -1
90 15986 -1 1 -1 -0.0605 -0.2536 81160 58038.7 -1 -1 1
90 15986 -1 1 237597 0.07563 -0.06589 80368.2 58732.2 160140 160081 -1
90 15986 -1 1 -1 -0.0605 -0.2536 81160 58038.7 -1 -1 1
90 15986 -1 1 237597 0.07563 -0.06589 80368.2 58732.2 160140 160081 -1
90 15986 -1 1 -1 -0.0605 -0.2536 81160 58038.7 -1 -1 1
90 15986 -1 1 237597 0.07563 -0.06589 80368.2 58732.2 160140 160081 -1
90 10470 -1 4 -1 0.0018 -0.2503 38535.9 42558.1 -1 -1 1
90 10470 -1 4 27041 -0.10438 -0.06159 38693.8 43528.9 160095 160079 -1
90 437 -1 4 -1 0.1778 -0.4918 84653.2 66576 -1 -1 1
90 437 -1 4 283467 -0.31074 -0.61234 81924.8 69264.2 160259 160273 -1
90 9444 -1 4 -1 0.2704 -0.3442 76067.2 7662.1 -1 -1 1
90 9444 -1 4 551023 -0.75204 -0.32743 76148.7 7637.48 160288 160296 -1
90 9833 -1 4 -1 -0.164 -0.1728 71218.8 30538.6 -1 -1 1
90 9833 -1 4 630205 0.0345 0.67853 70313.8 30501.3 160178 160155 -1
90 10470 -1 4 -1 0.0018 -0.2503 38535.9 42558.1 -1 -1 1
90 10470 -1 4 27041 -0.10438 -0.06159 38693.8 43528.9 160095 160079 -1
90 437 -1 4 -1 0.1778 -0.4918 84653.2 66576 -1 -1 1
90 437 -1 4 283467 -0.31074 -0.61234 81924.8 69264.2 160259 160273 -1
90 9444 -1 4 -1 0.2704 -0.3442 76067.2 7662.1 -1 -1 1
90 9444 -1 4 551023 -0.75204 -0.32743 76148.7 7637.48 160288 160296 -1
90 9833 -1 4 -1 -0.164 -0.1728 71218.8 30538.6 -1 -1 1
90 9833 -1 4 630205 0.0345 0.67853 70313.8 30501.3 160178 160155 -1
90 10470 -1 4 -1 0.0018 -0.2503 38535.9 42558.1 -1 -1 1
90 10470 -1 4 27041 -0.10438 -0.06159 38693.8 43528.9 160095 160079 -1
90 437 -1 4 -1 0.1778 -0.4918 84653.2 66576 -1 -1 1
90 437 -1 4 283467 -0.31074 -0.61234 81924.8 69264.2 160259 160273 -1
90 9444 -1 4 -1 0.2704 -0.3442 76067.2 7662.1 -1 -1 1
90 9444 -1 4 551023 -0.75204 -0.32743 76148.7 7637.48 160288 160296 -1
90 9833 -1 4 -1 -0.164 -0.1728 71218.8 30538.6 -1 -1 1
90 9833 -1 4 630205 0.0345 0.67853 70313.8 30501.3 160178 160155 -1
90 10470 -1 4 -1 0.0018 -0.2503 38535.9 42558.1 -1 -1 1
90 10470 -1 4 27041 -0.10438 -0.06159 38693.8 43528.9 160095 160079 -1
90 437 -1 4 -1 0.1778 -0.4918 84653.2 66576 -1 -1 1
90 437 -1 4 283467 -0.31074 -0.61234 81924.8 69264.2 160259 160273 -1
90 9444 -1 4 -1 0.2704 -0.3442 76067.2 7662.1 -1 -1 1
90 9444 -1 4 551023 -0.75204 -0.32743 76148.7 7637.48 160288 160296 -1
90 9833 -1 4 -1 -0.164 -0.1728 71218.8 30538.6 -1 -1 1
90 9833 -1 4 630205 0.0345 0.67853 70313.8 30501.3 160178 160155 -1
90 1961 -1 5 -1 -0.001 -0.4209 104128 9617.1 -1 -1 1
90 1961 -1 5 124579 -0.19159 -0.46739 104235 9523.06 160286 160279 -1
90 1961 -1 5 -1 -0.001 -0.4209 104128 9617.1 -1 -1 1
90 1961 -1 5 124579 -0.19159 -0.46739 104235 9523.06 160286 160279 -1
90 1961 -1 5 -1 -0.001 -0.4209 104128 9617.1 -1 -1 1
90 1961 -1 5 124579 -0.19159 -0.46739 104235 9523.06 160286 160279 -1
90 1961 -1 5 -1 -0.001 -0.4209 104128 9617.1 -1 -1 1
90 1961 -1 5 124579 -0.19159 -0.46739 104235 9523.06 160286 160279 -1
90 7122 -1 6 -1 -0.2552 -0.6145 76663 37964.1 -1 -1 1
90 7122 -1 6 438995 -0.80575 0.1903 76262.5 37347.5 160210 160173 -1
90 7122 -1 6 -1 -0.2552 -0.6145 76663 37964.1 -1 -1 1
90 7122 -1 6 438995 -0.80575 0.1903 76262.5 37347.5 160210 160173 -1
90 7122 -1 6 -1 -0.2552 -0.6145 76663 37964.1 -1 -1 1
90 7122 -1 6 438995 -0.80575 0.1903 76262.5 37347.5 160210 160173 -1
90 7122 -1 6 -1 -0.2552 -0.6145 76663 37964.1 -1 -1 1
90 7122 -1 6 438995 -0.80575 0.1903 76262.5 37347.5 160210 160173 -1
91 15986 -1 1 -1 -0.0624 -0.2533 82736.6 58535.5 -1 -1 1
91 15986 -1 1 236567 0.07589 -0.06927 82796.7 58900.2 160103 160067 -1
91 15986 -1 1 -1 -0.0624 -0.2533 82736.6 58535.5 -1 -1 1
91 15986 -1 1 236567 0.07589 -0.06927 82796.7 58900.2 160103 160067 -1
91 15986 -1 1 -1 -0.0624 -0.2533 82736.6 58535.5 -1 -1 1
91 15986 -1 1 236567 0.07589 -0.06927 82796.7 58900.2 160103 160067 -1
91 15986 -1 1 -1 -0.0624 -0.2533 82736.6 58535.5 -1 -1 1
91 15986 -1 1 236567 0.07589 -0.06927 82796.7 58900.2 160103 160067 -1
91 11234 3030565 3 -1 -0.25323 -0.1348 80454 163207 140099 130052 0
91 11234 -1 3 351203 0.07135 -0.12124 81318.7 83286 160111 160073 -1
91 11234 3030565 3 -1 -0.25323 -0.1348 80454 163207 140099 130052 0
91 11234 -1 3 351203 0.07135 -0.12124 81318.7 83286 160111 160073 -1
91 11234 3030565 3 -1 -0.25323 -0.1348 80454 163207 140099 130052 0
91 11234 -1 3 351203 0.07135 -0.12124 81318.7 83286 160111 160073 -1
91 11234 3030565 3 -1 -0.25323 -0.1348 80454 163207 140099 130052 0
91 11234 -1 3 351203 0.07135 -0.12124 81318.7 83286 160111 160073 -1
91 10470 -1 4 -1 0.0002 -0.2501 39811.6 42451.3 -1 -1 1
91 10470 -1 4 26425 0.07977 -0.5075 39557.4 41369.5 160134 160159 -1
91 437 -1 4 -1 0.1749 -0.4922 85921.4 66398.7 -1 -1 1
91 437 -1 4 693738 0.06895 0.0097 84943.3 66227.9 160115 160080 -1
91 9833 -1 4 -1 -0.1651 -0.1718 72554.3 30177.1 -1 -1 1
91 9833 -1 4 1276506 -0.25482 0.72916 73116 28282 160262 160248 -1
91 10470 -1 4 -1 0.0002 -0.2501 39811.6 42451.3 -1 -1 1
91 10470 -1 4 26425 0.07977 -0.5075 39557.4 41369.5 160134 160159 -1
91 437 -1 4 -1 0.1749 -0.4922 85921.4 66398.7 -1 -1 1
91 437 -1 4 693738 0.06895 0.0097 84943.3 66227.9 160115 160080 -1
91 9833 -1 4 -1 -0.1651 -0.1718 72554.3 30177.1 -1 -1 1
91 9833 -1 4 1276506 -0.25482 0.72916 73116 28282 160262 160248 -1
91 10470 -1 4 -1 0.0002 -0.2501 39811.6 42451.3 -1 -1 1
91 10470 -1 4 26425 0.07977 -0.5075 39557.4 41369.5 160134 160159 -1
91 437 -1 4 -1 0.1749 -0.4922 85921.4 66398.7 -1 -1 1
91 437 -1 4 693738 0.06895 0.0097 84943.3 66227.9 160115 160080 -1
91 9833 -1 4 -1 -0.1651 -0.1718 72554.3 30177.1 -1 -1 1
91 9833 -1 4 1276506 -0.25482 0.72916 73116 28282 160262 160248 -1
91 10470 -1 4 -1 0.0002 -0.2501 39811.6 42451.3 -1 -1 1
91 10470 -1 4 26425 0.07977 -0.5075 39557.4 41369.5 160134 160159 -1
91 437 -1 4 -1 0.1749 -0.4922 85921.4 66398.7 -1 -1 1
91 437 -1 4 693738 0.06895 0.0097 84943.3 66227.9 160115 160080 -1
91 9833 -1 4 -1 -0.1651 -0.1718 72554.3 30177.1 -1 -1 1
91 9833 -1 4 1276506 -0.25482 0.72916 73116 28282 160262 160248 -1
91 1961 -1 5 -1 -0.0028 -0.4211 106456 9899.7 -1 -1 1
91 1961 -1 5 124189 -0.21425 -0.42915 106730 9817.95 160262 160272 -1
91 1961 -1 5 -1 -0.0028 -0.4211 106456 9899.7 -1 -1 1
91 1961 -1 5 124189 -0.21425 -0.42915 106730 9817.95 160262 160272 -1
91 1961 -1 5 -1 -0.0028 -0.4211 106456 9899.7 -1 -1 1
91 1961 -1 5 124189 -0.21425 -0.42915 106730 9817.95 160262 160272 -1
91 1961 -1 5 -1 -0.0028 -0.4211 106456 9899.7 -1 -1 1
91 1961 -1 5 124189 -0.21425 -0.42915 106730 9817.95 160262 160272 -1
91 7122 -1 6 -1 -0.2578 -0.6129 78417.2 37605.4 -1 -1 1
91 7122 -1 6 660001 -0.07035 -0.1016 78148.9 36733.2 160095 160089 -1
91 7122 -1 6 -1 -0.2578 -0.6129 78417.2 37605.4 -1 -1 1
91 7122 -1 6 660001 -0.07035 -0.1016 78148.9 36733.2 160095 160089 -1
91 7122 -1 6 -1 -0.2578 -0.6129 78417.2 37605.4 -1 -1 1
91 7122 -1 6 660001 -0.07035 -0.1016 78148.9 36733.2 160095 160089 -1
91 7122 -1 6 -1 -0.2578 -0.6129 78417.2 37605.4 -1 -1 1
91 7122 -1 6 660001 -0.07035 -0.1016 78148.9 36733.2 160095 160089 -1
92 16318 277666 1 -1 0.16028 -0.10351 81317.6 69080.6 160093 140062 0
92 16318 -1 1 1192702 0.12763 -0.36004 80697.2 68383.9 160125 160177 -1
92 16318 277666 1 -1 0.16028 -0.10351 81317.6 69080.6 160093 140062 0
92 16318 -1 1 1192702 0.12763 -0.36004 80697.2 68383.9 160125 160177 -1
92 16318 277666 1 -1 0.16028 -0.10351 81317.6 69080.6 160093 140062 0
92 16318 -1 1 1192702 0.12763 -0.36004 80697.2 68383.9 160125 160177 -1
92 16318 277666 1 -1 0.16028 -0.10351 81317.6 69080.6 160093 140062 0
92 16318 -1 1 1192702 0.12763 -0.36004 80697.2 68383.9 160125 160177 -1
92 1656 1850425 2 -1 0.07558 -0.30513 134205 62453.5 110036 100019 0
92 1656 -1 2 1199618 0.03863 0.72647 13832.4 61930.8 160215 160175 -1
92 1656 1850425 2 -1 0.07558 -0.30513 134205 62453.5 110036 100019 0
92 1656 -1 2 1199618 0.03863 0.72647 13832.4 61930.8 160215 160175 -1
92 1656 1850425 2 -1 0.07558 -0.30513 134205 62453.5 110036 100019 0
92 1656 -1 2 1199618 0.03863 0.72647 13832.4 61930.8 160215 160175 -1
92 1656 1850425 2 -1 0.07558 -0.30513 134205 62453.5 110036 100019 0
92 1656 -1 2 1199618 0.03863 0.72647 13832.4 61930.8 160215 160175 -1
92 4078 3271545 3 -1 0.22646 -0.08256 88137.3 110139 90020 100016 0
92 4078 -1 3 640611 0.20207 0.09395 88841.6 31793.3 160223 160209 -1
92 11234 -1 3 -1 -0.2533 -0.1341 79743.2 84333.8 -1 -1 1
92 11234 -1 3 338313 -0.1258 -0.07287 80319.9 85103.4 160080 160070 -1
92 4078 3271545 3 -1 0.22646 -0.08256 88137.3 110139 90020 100016 0
92 4078 -1 3 640611 0.20207 0.09395 88841.6 31793.3 160223 160209 -1
92 11234 -1 3 -1 -0.2533 -0.1341 79743.2 84333.8 -1 -1 1
92 11234 -1 3 338313 -0.1258 -0.07287 80319.9 85103.4 160080 160070 -1
92 4078 3271545 3 -1 0.22646 -0.08256 88137.3 110139 90020 100016 0
92 4078 -1 3 640611 0.20207 0.09395 88841.6 31793.3 160223 160209 -1
92 11234 -1 3 -1 -0.2533 -0.1341 79743.2 84333.8 -1 -1 1
92 11234 -1 3 338313 -0.1258 -0.07287 80319.9 85103.4 160080 160070 -1
92 4078 3271545 3 -1 0.22646 -0.08256 88137.3 110139 90020 100016 0
92 4078 -1 3 640611 0.20207 0.09395 88841.6 31793.3 160223 160209 -1
92 11234 -1 3 -1 -0.2533 -0.1341 79743.2 84333.8 -1 -1 1
92 11234 -1 3 338313 -0.1258 -0.07287 80319.9 85103.4 160080 160070 -1
92 9833 -1 4 -1 -0.1647 -0.173 71275.5 30285.1 -1 -1 1
92 9833 -1 4 414088 0.02962 -0.39426 69511 29414.9 160202 160245 -1
92 9833 -1 4 -1 -0.1647 -0.173 71275.5 30285.1 -1 -1 1
92 9833 -1 4 414088 0.02962 -0.39426 69511 29414.9 160202 160245 -1
92 9833 -1 4 -1 -0.1647 -0.173 71275.5 30285.1 -1 -1 1
92 9833 -1 4 414088 0.02962 -0.39426 69511 29414.9 160202 160245 -1
92 9833 -1 4 -1 -0.1647 -0.173 71275.5 30285.1 -1 -1 1
92 9833 -1 4 414088 0.02962 -0.39426 69511 29414.9 160202 160245 -1
92 1961 -1 5 -1 -0.0031 -0.4212 104595 10800.7 -1 -1 1
92 1961 -1 5 357811 -0.21773 -0.4435 105476 10771.3 160320 160334 -1
92 1961 -1 5 -1 -0.0031 -0.4212 104595 10800.7 -1 -1 1
92 1961 -1 5 357811 -0.21773 -0.4435 105476 10771.3 160320 160334 -1
92 1961 -1 5 -1 -0.0031 -0.4212 104595 10800.7 -1 -1 1
92 1961 -1 5 357811 -0.21773 -0.4435 105476 10771.3 160320 160334 -1
92 1961 -1 5 -1 -0.0031 -0.4212 104595 10800.7 -1 -1 1
92 1961 -1 5 357811 -0.21773 -0.4435 105476 10771.3 160320 160334 -1
93 16318 -1 1 -1 0.1607 -0.1032 80448.3 68384.4 -1 -1 1
93 16318 -1 1 290014 0.09605 -0.11117 81392.3 67670.6 160080 160074 -1
93 16318 -1 1 -1 0.1607 -0.1032 80448.3 68384.4 -1 -1 1
93 16318 -1 1 290014 0.09605 -0.11117 81392.3 67670.6 160080 160074 -1
93 16318 -1 1 -1 0.1607 -0.1032 80448.3 68384.4 -1 -1 1
93 16318 -1 1 290014 0.09605 -0.11117 81392.3 67670.6 160080 160074 -1
93 16318 -1 1 -1 0.1607 -0.1032 80448.3 68384.4 -1 -1 1
93 16318 -1 1 290014 0.09605 -0.11117 81392.3 67670.6 160080 160074 -1
93 1656 -1 2 -1 0.077 -0.3049 12775.7 60905.4 -1 -1 1
93 1656 -1 2 245408 -0.18564 -0.07596 13500.7 60180.1 160108 160143 -1
93 1656 -1 2 -1 0.077 -0.3049 12775.7 60905.4 -1 -1 1
93 1656 -1 2 245408 -0.18564 -0.07596 13500.7 60180.1 160108 160143 -1
93 1656 -1 2 -1 0.077 -0.3049 12775.7 60905.4 -1 -1 1
93 1656 -1 2 245408 -0.18564 -0.07596 13500.7 60180.1 160108 160143 -1
93 1656 -1 2 -1 0.077 -0.3049 12775.7 60905.4 -1 -1 1
93 1656 -1 2 245408 -0.18564 -0.07596 13500.7 60180.1 160108 160143 -1
93 4078 -1 3 -1 0.2264 -0.0836 87132.5 30612.9 -1 -1 1
93 4078 -1 3 640656 0.19942 -0.6318 88081 33302.2 160317 160267 -1
93 11234 -1 3 -1 -0.254 -0.1336 79163.4 83831.6 -1 -1 1
93 11234 -1 3 328606 0.07386 -0.12143 79822.3 82324.7 160105 160094 -1
93 11620 3254608 3 -1 0.24399 -0.28458 79363.1 104209 120039 140059 0
93 11620 -1 3 184100 0.0615 -0.12017 80336.5 25597.2 160084 160084 -1
93 4078 -1 3 -1 0.2264 -0.0836 87132.5 30612.9 -1 -1 1
93 4078 -1 3 640656 0.19942 -0.6318 88081 33302.2 160317 160267 -1
93 11234 -1 3 -1 -0.254 -0.1336 79163.4 83831.6 -1 -1 1
93 11234 -1 3 328606 0.07386 -0.12143 79822.3 82324.7 160105 160094 -1
93 11620 3254608 3 -1 0.24399 -0.28458 79363.1 104209 120039 140059 0
93 11620 -1 3 184100 0.0615 -0.12017 80336.5 25597.2 160084 160084 -1
93 4078 -1 3 -1 0.2264 -0.0836 87132.5 30612.9 -1 -1 1
93 4078 -1 3 640656 0.19942 -0.6318 88081 33302.2 160317 160267 -1
93 11234 -1 3 -1 -0.254 -0.1336 79163.4 83831.6 -1 -1 1
93 11234 -1 3 328606 0.07386 -0.12143 79822.3 82324.7 160105 160094 -1
93 11620 3254608 3 -1 0.24399 -0.28458 79363.1 104209 120039 140059 0
93 11620 -1 3 184100 0.0615 -0.12017 80336.5 25597.2 160084 160084 -1
93 4078 -1 3 -1 0.2264 -0.0836 87132.5 30612.9 -1 -1 1
93 4078 -1 3 640656 0.19942 -0.6318 88081 33302.2 160317 160267 -1
93 11234 -1 3 -1 -0.254 -0.1336 79163.4 83831.6 -1 -1 1
93 11234 -1 3 328606 0.07386 -0.12143 79822.3 82324.7 160105 160094 -1
93 11620 3254608 3 -1 0.24399 -0.28458 79363.1 104209 120039 140059 0
93 11620 -1 3 184100 0.0615 -0.12017 80336.5 25597.2 160084 160084 -1
93 13162 4733863 4 -1 -0.36004 -0.45521 172099 154033 90011 110034 0
93 13162 -1 4 286186 0.81131 0.1405 52641 75134.7 160217 160199 -1
93 13162 4733863 4 -1 -0.36004 -0.45521 172099 154033 90011 110034 0
93 13162 -1 4 286186 0.81131 0.1405 52641 75134.7 160217 160199 -1
93 13162 4733863 4 -1 -0.36004 -0.45521 172099 154033 90011 110034 0
93 13162 -1 4 286186 0.81131 0.1405 52641 75134.7 160217 160199 -1
93 13162 4733863 4 -1 -0.36004 -0.45521 172099 154033 90011 110034 0
93 13162 -1 4 286186 0.81131 0.1405 52641 75134.7 160217 160199 -1
94 16318 -1 1 -1 0.1609 -0.1026 81458.7 69663.2 -1 -1 1
94 16318 -1 1 275055 -0.16187 0.30465 82383.1 67235.1 160178 160154 -1
94 16318 -1 1 -1 0.1609 -0.1026 81458.7 69663.2 -1 -1 1
94 16318 -1 1 275055 -0.16187 0.30465 82383.1 67235.1 160178 160154 -1
94 16318 -1 1 -1 0.1609 -0.1026 81458.7 69663.2 -1 -1 1
94 16318 -1 1 275055 -0.16187 0.30465 82383.1 67235.1 160178 160154 -1
94 16318 -1 1 -1 0.1609 -0.1026 81458.7 69663.2 -1 -1 1
94 16318 -1 1 275055 -0.16187 0.30465 82383.1 67235.1 160178 160154 -1
94 1656 -1 2 -1 0.0789 -0.3054 14312.8 62845.4 -1 -1 1
94 1656 -1 2 264842 -0.61614 0.19996 13374.8 64055.5 160281 160219 -1
94 1656 -1 2 -1 0.0789 -0.3054 14312.8 62845.4 -1 -1 1
94 1656 -1 2 264842 -0.61614 0.19996 13374.8 64055.5 160281 160219 -1
94 1656 -1 2 -1 0.0789 -0.3054 14312.8 62845.4 -1 -1 1
94 1656 -1 2 264842 -0.61614 0.19996 13374.8 64055.5 160281 160219 -1
94 1656 -1 2 -1 0.0789 -0.3054 14312.8 62845.4 -1 -1 1
94 1656 -1 2 264842 -0.61614 0.19996 13374.8 64055.5 160281 160219 -1
94 4078 -1 3 -1 0.2268 -0.0823 87777.8 32146.2 -1 -1 1
94 4078 -1 3 647021 0.18201 -0.63078 88513 33642.1 160335 160327 -1
94 11234 -1 3 -1 -0.2529 -0.1346 80736.5 85445.1 -1 -1 1
94 11234 -1 3 759094 -0.45891 -0.26108 83698.7 86130.1 160190 160177 -1
94 11620 -1 3 -1 0.2434 -0.2849 79973.3 27401.4 -1 -1 1
94 11620 -1 3 636253 -0.01601 -0.18955 79321.9 26614.8 160071 160086 -1
94 4078 -1 3 -1 0.2268 -0.0823 87777.8 32146.2 -1 -1 1
94 4078 -1 3 647021 0.18201 -0.63078 88513 33642.1 160335 160327 -1
94 11234 -1 3 -1 -0.2529 -0.1346 80736.5 85445.1 -1 -1 1
94 11234 -1 3 759094 -0.45891 -0.26108 83698.7 86130.1 160190 160177 -1
94 11620 -1 3 -1 0.2434 -0.2849 79973.3 27401.4 -1 -1 1
94 11620 -1 3 636253 -0.01601 -0.18955 79321.9 26614.8 160071 160086 -1
94 4078 -1 3 -1 0.2268 -0.0823 87777.8 32146.2 -1 -1 1
94 4078 -1 3 647021 0.18201 -0.63078 88513 33642.1 160335 160327 -1
94 11234 -1 3 -1 -0.2529 -0.1346 80736.5 85445.1 -1 -1 1
94 11234 -1 3 759094 -0.45891 -0.26108 83698.7 86130.1 160190 160177 -1
94 11620 -1 3 -1 0.2434 -0.2849 79973.3 27401.4 -1 -1 1
94 11620 -1 3 636253 -0.01601 -0.18955 79321.9 26614.8 160071 160086 -1
94 4078 -1 3 -1 0.2268 -0.0823 87777.8 32146.2 -1 -1 1
94 4078 -1 3 647021 0.18201 -0.63078 88513 33642.1 160335 160327 -1
94 11234 -1 3 -1 -0.2529 -0.1346 80736.5 85445.1 -1 -1 1
94 11234 -1 3 759094 -0.45891 -0.26108 83698.7 86130.1 160190 160177 -1
94 11620 -1 3 -1 0.2434 -0.2849 79973.3 27401.4 -1 -1 1
94 11620 -1 3 636253 -0.01601 -0.18955 79321.9 26614.8 160071 160086 -1
94 12946 3849164 4 -1 0.32254 0.41788 186141 147120 100034 110032 0
94 12946 -1 4 272446 0.02513 -0.03522 65809.2 69308.8 160101 160098 -1
94 13162 -1 4 -1 -0.3573 -0.4572 53302.6 77629.9 -1 -1 1
94 13162 -1 4 308588 -0.10901 0.52897 54355.7 77174.7 160328 160297 -1
94 12946 3849164 4 -1 0.32254 0.41788 186141 147120 100034 110032 0
94 12946 -1 4 272446 0.02513 -0.03522 65809.2 69308.8 160101 160098 -1
94 13162 -1 4 -1 -0.3573 -0.4572 53302.6 77629.9 -1 -1 1
94 13162 -1 4 308588 -0.10901 0.52897 54355.7 77174.7 160328 160297 -1
94 12946 3849164 4 -1 0.32254 0.41788 186141 147120 100034 110032 0
94 12946 -1 4 272446 0.02513 -0.03522 65809.2 69308.8 160101 160098 -1
94 13162 -1 4 -1 -0.3573 -0.4572 53302.6 77629.9 -1 -1 1
94 13162 -1 4 308588 -0.10901 0.52897 54355.7 77174.7 160328 160297 -1
94 12946 3849164 4 -1 0.32254 0.41788 186141 147120 100034 110032 0
94 12946 -1 4 272446 0.02513 -0.03522 65809.2 69308.8 160101 160098 -1
94 13162 -1 4 -1 -0.3573 -0.4572 53302.6 77629.9 -1 -1 1
94 13162 -1 4 308588 -0.10901 0.52897 54355.7 77174.7 160328 160297 -1
95 16318 -1 1 -1 0.1603 -0.1034 81618.9 68874.7 -1 -1 1
95 16318 -1 1 251755 -0.16722 0.31548 82797.6 66096.6 160167 160165 -1
95 16318 -1 1 -1 0.1603 -0.1034 81618.9 68874.7 -1 -1 1
95 16318 -1 1 251755 -0.16722 0.31548 82797.6 66096.6 160167 160165 -1
95 16318 -1 1 -1 0.1603 -0.1034 81618.9 68874.7 -1 -1 1
95 16318 -1 1 251755 -0.16722 0.31548 82797.6 66096.6 160167 160165 -1
95 16318 -1 1 -1 0.1603 -0.1034 81618.9 68874.7 -1 -1 1
95 16318 -1 1 251755 -0.16722 0.31548 82797.6 66096.6 160167 160165 -1
95 1656 -1 2 -1 0.078 -0.3055 14433.7 62898.1 -1 -1 1
95 1656 -1 2 516979 0.01289 -0.10562 14401.5 62538.8 160120 160062 -1
95 1656 -1 2 -1 0.078 -0.3055 14433.7 62898.1 -1 -1 1
95 1656 -1 2 516979 0.01289 -0.10562 14401.5 62538.8 160120 160062 -1
95 1656 -1 2 -1 0.078 -0.3055 14433.7 62898.1 -1 -1 1
95 1656 -1 2 516979 0.01289 -0.10562 14401.5 62538.8 160120 160062 -1
95 1656 -1 2 -1 0.078 -0.3055 14433.7 62898.1 -1 -1 1
95 1656 -1 2 516979 0.01289 -0.10562 14401.5 62538.8 160120 160062 -1
95 4078 -1 3 -1 0.2271 -0.0812 87837.2 31484.5 -1 -1 1
95 4078 -1 3 193230 -0.02091 0.03257 87696.1 31201.9 160078 160071 -1
95 11620 -1 3 -1 0.2447 -0.2835 80040.1 26870 -1 -1 1
95 11620 -1 3 195019 0.00933 -0.01385 80241.5 28024.7 160109 160086 -1
95 5211 2694367 3 -1 0.08713 -0.29711 105705 134557 130050 120026 0
95 5211 -1 3 46591 0.19418 0.60673 107881 55352.3 160268 160245 -1
95 4078 -1 3 -1 0.2271 -0.0812 87837.2 31484.5 -1 -1 1
95 4078 -1 3 193230 -0.02091 0.03257 87696.1 31201.9 160078 160071 -1
95 11620 -1 3 -1 0.2447 -0.2835 80040.1 26870 -1 -1 1
95 11620 -1 3 195019 0.00933 -0.01385 80241.5 28024.7 160109 160086 -1
95 5211 2694367 3 -1 0.08713 -0.29711 105705 134557 130050 120026 0
95 5211 -1 3 46591 0.19418 0.60673 107881 55352.3 160268 160245 -1
95 4078 -1 3 -1 0.2271 -0.0812 87837.2 31484.5 -1 -1 1
95 4078 -1 3 193230 -0.02091 0.03257 87696.1 31201.9 160078 160071 -1
95 11620 -1 3 -1 0.2447 -0.2835 80040.1 26870 -1 -1 1
95 11620 -1 3 195019 0.00933 -0.01385 80241.5 28024.7 160109 160086 -1
95 5211 2694367 3 -1 0.08713 -0.29711 105705 134557 130050 120026 0
95 5211 -1 3 46591 0.19418 0.60673 107881 55352.3 160268 160245 -1
95 4078 -1 3 -1 0.2271 -0.0812 87837.2 31484.5 -1 -1 1
95 4078 -1 3 193230 -0.02091 0.03257 87696.1 31201.9 160078 160071 -1
95 11620 -1 3 -1 0.2447 -0.2835 80040.1 26870 -1 -1 1
95 11620 -1 3 195019 0.00933 -0.01385 80241.5 28024.7 160109 160086 -1
95 5211 2694367 3 -1 0.08713 -0.29711 105705 134557 130050 120026 0
95 5211 -1 3 46591 0.19418 0.60673 107881 55352.3 160268 160245 -1
95 12946 -1 4 -1 0.3246 0.4162 66186.6 66873.3 -1 -1 1
95 12946 -1 4 709882 -0.23355 0.45494 68971.5 65113.9 160107 160123 -1
95 13162 -1 4 -1 -0.3591 -0.4549 54629.6 77163.1 -1 -1 1
95 13162 -1 4 553373 -0.02642 -0.79583 55628.6 76260.9 160274 160278 -1
95 12946 -1 4 -1 0.3246 0.4162 66186.6 66873.3 -1 -1 1
95 12946 -1 4 709882 -0.23355 0.45494 68971.5 65113.9 160107 160123 -1
95 13162 -1 4 -1 -0.3591 -0.4549 54629.6 77163.1 -1 -1 1
95 13162 -1 4 553373 -0.02642 -0.79583 55628.6 76260.9 160274 160278 -1
95 12946 -1 4 -1 0.3246 0.4162 66186.6 66873.3 -1 -1 1
95 12946 -1 4 709882 -0.23355 0.45494 68971.5 65113.9 160107 160123 -1
95 13162 -1 4 -1 -0.3591 -0.4549 54629.6 77163.1 -1 -1 1
95 13162 -1 4 553373 -0.02642 -0.79583 55628.6 76260.9 160274 160278 -1
95 12946 -1 4 -1 0.3246 0.4162 66186.6 66873.3 -1 -1 1
95 12946 -1 4 709882 -0.23355 0.45494 68971.5 65113.9 160107 160123 -1
95 13162 -1 4 -1 -0.3591 -0.4549 54629.6 77163.1 -1 -1 1
95 13162 -1 4 553373 -0.02642 -0.79583 55628.6 76260.9 160274 160278 -1
96 1495 2314464 2 -1 0.26906 -0.32883 150355 78000.6 150038 100012 0
96 1495 -1 2 315338 -0.21138 -0.00496 29444.6 77625.1 160085 160080 -1
96 1495 2314464 2 -1 0.26906 -0.32883 150355 78000.6 150038 100012 0
96 1495 -1 2 315338 -0.21138 -0.00496 29444.6 77625.1 160085 160080 -1
96 1495 2314464 2 -1 0.26906 -0.32883 150355 78000.6 150038 100012 0
96 1495 -1 2 315338 -0.21138 -0.00496 29444.6 77625.1 160085 160080 -1
96 1495 2314464 2 -1 0.26906 -0.32883 150355 78000.6 150038 100012 0
96 1495 -1 2 315338 -0.21138 -0.00496 29444.6 77625.1 160085 160080 -1
96 11620 -1 3 -1 0.2411 -0.2857 78863 28124.8 -1 -1 1
96 11620 -1 3 196447 0.06751 0.02719 78363.2 28354.4 160168 160172 -1
96 5211 -1 3 -1 0.0853 -0.2981 104961 57236.5 -1 -1 1
96 5211 -1 3 47874 0.12221 0.67961 107905 55611.2 160289 160285 -1
96 11620 -1 3 -1 0.2411 -0.2857 78863 28124.8 -1 -1 1
96 11620 -1 3 196447 0.06751 0.02719 78363.2 28354.4 160168 160172 -1
96 5211 -1 3 -1 0.0853 -0.2981 104961 57236.5 -1 -1 1
96 5211 -1 3 47874 0.12221 0.67961 107905 55611.2 160289 160285 -1
96 11620 -1 3 -1 0.2411 -0.2857 78863 28124.8 -1 -1 1
96 11620 -1 3 196447 0.06751 0.02719 78363.2 28354.4 160168 160172 -1
96 5211 -1 3 -1 0.0853 -0.2981 104961 57236.5 -1 -1 1
96 5211 -1 3 47874 0.12221 0.67961 107905 55611.2 160289 160285 -1
96 11620 -1 3 -1 0.2411 -0.2857 78863 28124.8 -1 -1 1
96 11620 -1 3 196447 0.06751 0.02719 78363.2 28354.4 160168 160172 -1
96 5211 -1 3 -1 0.0853 -0.2981 104961 57236.5 -1 -1 1
96 5211 -1 3 47874 0.12221 0.67961 107905 55611.2 160289 160285 -1
96 12946 -1 4 -1 0.3263 0.4143 64908.3 65096.4 -1 -1 1
96 12946 -1 4 256586 0.0963 0.0602 64643.4 66035.8 160094 160087 -1
96 13162 -1 4 -1 -0.3618 -0.4543 55719.9 78350.5 -1 -1 1
96 13162 -1 4 310946 0.08285 0.05076 55599.8 78813 160102 160103 -1
96 12946 -1 4 -1 0.3263 0.4143 64908.3 65096.4 -1 -1 1
96 12946 -1 4 256586 0.0963 0.0602 64643.4 66035.8 160094 160087 -1
96 13162 -1 4 -1 -0.3618 -0.4543 55719.9 78350.5 -1 -1 1
96 13162 -1 4 310946 0.08285 0.05076 55599.8 78813 160102 160103 -1
96 12946 -1 4 -1 0.3263 0.4143 64908.3 65096.4 -1 -1 1
96 12946 -1 4 256586 0.0963 0.0602 64643.4 66035.8 160094 160087 -1
96 13162 -1 4 -1 -0.3618 -0.4543 55719.9 78350.5 -1 -1 1
96 13162 -1 4 310946 0.08285 0.05076 55599.8 78813 160102 160103 -1
96 12946 -1 4 -1 0.3263 0.4143 64908.3 65096.4 -1 -1 1
96 12946 -1 4 256586 0.0963 0.0602 64643.4 66035.8 160094 160087 -1
96 13162 -1 4 -1 -0.3618 -0.4543 55719.9 78350.5 -1 -1 1
96 13162 -1 4 310946 0.08285 0.05076 55599.8 78813 160102 160103 -1
97 1495 -1 2 -1 0.2691 -0.3287 30611.8 76773.3 -1 -1 1
97 1495 -1 2 298863 -0.71728 -0.41 33090.8 75990.9 160318 160315 -1
97 1495 -1 2 -1 0.2691 -0.3287 30611.8 76773.3 -1 -1 1
97 1495 -1 2 298863 -0.71728 -0.41 33090.8 75990.9 160318 160315 -1
97 1495 -1 2 -1 0.2691 -0.3287 30611.8 76773.3 -1 -1 1
97 1495 -1 2 298863 -0.71728 -0.41 33090.8 75990.9 160318 160315 -1
97 1495 -1 2 -1 0.2691 -0.3287 30611.8 76773.3 -1 -1 1
97 1495 -1 2 298863 -0.71728 -0.41 33090.8 75990.9 160318 160315 -1
97 5211 -1 3 -1 0.0846 -0.2986 105968 56954.3 -1 -1 1
97 5211 -1 3 470408 -0.16935 -0.20097 104873 56122.7 160320 160234 -1
97 5211 -1 3 -1 0.0846 -0.2986 105968 56954.3 -1 -1 1
97 5211 -1 3 470408 -0.16935 -0.20097 104873 56122.7 160320 160234 -1
97 5211 -1 3 -1 0.0846 -0.2986 105968 56954.3 -1 -1 1
97 5211 -1 3 470408 -0.16935 -0.20097 104873 56122.7 160320 160234 -1
97 5211 -1 3 -1 0.0846 -0.2986 105968 56954.3 -1 -1 1
97 5211 -1 3 470408 -0.16935 -0.20097 104873 56122.7 160320 160234 -1
97 12946 -1 4 -1 0.3273 0.4133 65361.2 64026.5 -1 -1 1
97 12946 -1 4 258062 -0.22132 0.03262 65780.9 61914.3 160223 160128 -1
97 12946 -1 4 -1 0.3273 0.4133 65361.2 64026.5 -1 -1 1
97 12946 -1 4 258062 -0.22132 0.03262 65780.9 61914.3 160223 160128 -1
97 12946 -1 4 -1 0.3273 0.4133 65361.2 64026.5 -1 -1 1
97 12946 -1 4 258062 -0.22132 0.03262 65780.9 61914.3 160223 160128 -1
97 12946 -1 4 -1 0.3273 0.4133 65361.2 64026.5 -1 -1 1
97 12946 -1 4 258062 -0.22132 0.03262 65780.9 61914.3 160223 160128 -1
98 1983 54456 1 -1 0.30025 0.39164 114362 58111.2 100019 90005 0
98 1983 -1 1 54386 -0.48463 -0.07487 113979 57877.9 160285 160246 -1
98 1983 54456 1 -1 0.30025 0.39164 114362 58111.2 100019 90005 0
98 1983 -1 1 54386 -0.48463 -0.07487 113979 57877.9 160285 160246 -1
98 1983 54456 1 -1 0.30025 0.39164 114362 58111.2 100019 90005 0
98 1983 -1 1 54386 -0.48463 -0.07487 113979 57877.9 160285 160246 -1
98 1983 54456 1 -1 0.30025 0.39164 114362 58111.2 100019 90005 0
98 1983 -1 1 54386 -0.48463 -0.07487 113979 57877.9 160285 160246 -1
98 1495 -1 2 -1 0.2722 -0.3271 28055.1 77520.5 -1 -1 1
98 1495 -1 2 1371258 -0.10575 -0.47797 27390 77615 160227 160169 -1
98 1495 -1 2 -1 0.2722 -0.3271 28055.1 77520.5 -1 -1 1
98 1495 -1 2 1371258 -0.10575 -0.47797 27390 77615 160227 160169 -1
98 1495 -1 2 -1 0.2722 -0.3271 28055.1 77520.5 -1 -1 1
98 1495 -1 2 1371258 -0.10575 -0.47797 27390 77615 160227 160169 -1
98 1495 -1 2 -1 0.2722 -0.3271 28055.1 77520.5 -1 -1 1
98 1495 -1 2 1371258 -0.10575 -0.47797 27390 77615 160227 160169 -1
98 5211 -1 3 -1 0.0874 -0.2979 103495 59121 -1 -1 1
98 5211 -1 3 280661 -0.04724 -0.04831 103296 58333.2 160141 160140 -1
98 5211 -1 3 -1 0.0874 -0.2979 103495 59121 -1 -1 1
98 5211 -1 3 280661 -0.04724 -0.04831 103296 58333.2 160141 160140 -1
98 5211 -1 3 -1 0.0874 -0.2979 103495 59121 -1 -1 1
98 5211 -1 3 280661 -0.04724 -0.04831 103296 58333.2 160141 160140 -1
98 5211 -1 3 -1 0.0874 -0.2979 103495 59121 -1 -1 1
98 5211 -1 3 280661 -0.04724 -0.04831 103296 58333.2 160141 160140 -1
98 4668 5458963 5 -1 -0.23912 -0.24939 55985.5 176486 130035 130029 0
98 4668 -1 5 175090 -0.06908 -0.21107 56861.2 17921.4 160178 160125 -1
98 4668 5458963 5 -1 -0.23912 -0.24939 55985.5 176486 130035 130029 0
98 4668 -1 5 175090 -0.06908 -0.21107 56861.2 17921.4 160178 160125 -1
98 4668 5458963 5 -1 -0.23912 -0.24939 55985.5 176486 130035 130029 0
98 4668 -1 5 175090 -0.06908 -0.21107 56861.2 17921.4 160178 160125 -1
98 4668 5458963 5 -1 -0.23912 -0.24939 55985.5 176486 130035 130029 0
98 4668 -1 5 175090 -0.06908 -0.21107 56861.2 17921.4 160178 160125 -1
99 1983 -1 1 -1 0.301 0.3911 115795 58058.4 -1 -1 1
99 1983 -1 1 970640 0.05047 -0.54438 116750 57523.1 160216 160253 -1
99 1983 -1 1 -1 0.301 0.3911 115795 58058.4 -1 -1 1
99 1983 -1 1 970640 0.05047 -0.54438 116750 57523.1 160216 160253 -1
99 1983 -1 1 -1 0.301 0.3911 115795 58058.4 -1 -1 1
99 1983 -1 1 970640 0.05047 -0.54438 116750 57523.1 160216 160253 -1
99 1983 -1 1 -1 0.301 0.3911 115795 58058.4 -1 -1 1
99 1983 -1 1 970640 0.05047 -0.54438 116750 57523.1 160216 160253 -1
99 1495 -1 2 -1 0.2702 -0.3286 28316 78208.9 -1 -1 1
99 1495 -1 2 569168 0.78411 -0.10802 28327 77291.3 160178 160170 -1
99 1495 -1 2 -1 0.2702 -0.3286 28316 78208.9 -1 -1 1
99 1495 -1 2 569168 0.78411 -0.10802 28327 77291.3 160178 160170 -1
99 1495 -1 2 -1 0.2702 -0.3286 28316 78208.9 -1 -1 1
99 1495 -1 2 569168 0.78411 -0.10802 28327 77291.3 160178 160170 -1
99 1495 -1 2 -1 0.2702 -0.3286 28316 78208.9 -1 -1 1
99 1495 -1 2 569168 0.78411 -0.10802 28327 77291.3 160178 160170 -1
99 1216 4528216 3 -1 0.62522 -0.50318 63060.1 164578 100025 100015 0
99 1216 -1 3 371482 0.12101 -0.03796 62546.6 86214.2 160204 160202 -1
99 1216 4528216 3 -1 0.62522 -0.50318 63060.1 164578 100025 100015 0
99 1216 -1 3 371482 0.12101 -0.03796 62546.6 86214.2 160204 160202 -1
99 1216 4528216 3 -1 0.62522 -0.50318 63060.1 164578 100025 100015 0
99 1216 -1 3 371482 0.12101 -0.03796 62546.6 86214.2 160204 160202 -1
99 1216 4528216 3 -1 0.62522 -0.50318 63060.1 164578 100025 100015 0
99 1216 -1 3 371482 0.12101 -0.03796 62546.6 86214.2 160204 160202 -1
99 4668 -1 5 -1 -0.2405 -0.2482 58122.1 16337.5 -1 -1 1
99 4668 -1 5 1093301 0.02509 -0.5639 58631.6 17223.6 160185 160150 -1
99 4668 -1 5 -1 -0.2405 -0.2482 58122.1 16337.5 -1 -1 1
99 4668 -1 5 1093301 0.02509 -0.5639 58631.6 17223.6 160185 160150 -1
99 4668 -1 5 -1 -0.2405 -0.2482 58122.1 16337.5 -1 -1 1
99 4668 -1 5 1093301 0.02509 -0.5639 58631.6 17223.6 160185 160150 -1
99 4668 -1 5 -1 -0.2405 -0.2482 58122.1 16337.5 -1 -1 1
99 4668 -1 5 1093301 0.02509 -0.5639 58631.6 17223.6 160185 160150 -1
100 1983 -1 1 -1 0.2995 0.3929 116486 57828.4 -1 -1 1
100 1983 -1 1 978540 -0.31068 -0.62928 116816 56782 160212 160287 -1
100 1983 -1 1 -1 0.2995 0.3929 116486 57828.4 -1 -1 1
100 1983 -1 1 978540 -0.31068 -0.62928 116816 56782 160212 160287 -1
100 1983 -1 1 -1 0.2995 0.3929 116486 57828.4 -1 -1 1
100 1983 -1 1 978540 -0.31068 -0.62928 116816 56782 160212 160287 -1
100 1983 -1 1 -1 0.2995 0.3929 116486 57828.4 -1 -1 1
100 1983 -1 1 978540 -0.31068 -0.62928 116816 56782 160212 160287 -1
100 16736 2007730 2 -1 -0.23905 -0.05046 174465 51753.5 100031 140062 0
100 16736 -1 2 46744 -0.46867 0.66687 56148.3 50835.4 160349 160350 -1
100 16736 2007730 2 -1 -0.23905 -0.05046 174465 51753.5 100031 140062 0
100 16736 -1 2 46744 -0.46867 0.66687 56148.3 50835.4 160349 160350 -1
100 16736 2007730 2 -1 -0.23905 -0.05046 174465 51753.5 100031 140062 0
100 16736 -1 2 46744 -0.46867 0.66687 56148.3 50835.4 160349 160350 -1
100 16736 2007730 2 -1 -0.23905 -0.05046 174465 51753.5 100031 140062 0
100 16736 -1 2 46744 -0.46867 0.66687 56148.3 50835.4 160349 160350 -1
100 4668 -1 5 -1 -0.2398 -0.2492 60740.5 18884.3 -1 -1 1
100 4668 -1 5 341238 -0.36287 -0.35748 59934.2 19433.6 160328 160354 -1
100 1216 -1 5 -1 0.624 -0.5052 63232 7080.1 -1 -1 1
100 1216 -1 5 130619 -0.06761 -0.39254 63781.7 6737.12 160263 160243 -1
100 4668 -1 5 -1 -0.2398 -0.2492 60740.5 18884.3 -1 -1 1
100 4668 -1 5 341238 -0.36287 -0.35748 59934.2 19433.6 160328 160354 -1
100 1216 -1 5 -1 0.624 -0.5052 63232 7080.1 -1 -1 1
100 1216 -1 5 130619 -0.06761 -0.39254 63781.7 6737.12 160263 160243 -1
100 4668 -1 5 -1 -0.2398 -0.2492 60740.5 18884.3 -1 -1 1
100 4668 -1 5 341238 -0.36287 -0.35748 59934.2 19433.6 160328 160354 -1
100 1216 -1 5 -1 0.624 -0.5052 63232 7080.1 -1 -1 1
100 1216 -1 5 130619 -0.06761 -0.39254 63781.7 6737.12 160263 160243 -1
100 4668 -1 5 -1 -0.2398 -0.2492 60740.5 18884.3 -1 -1 1
100 4668 -1 5 341238 -0.36287 -0.35748 59934.2 19433.6 160328 160354 -1
100 1216 -1 5 -1 0.624 -0.5052 63232 7080.1 -1 -1 1
100 1216 -1 5 130619 -0.06761 -0.39254 63781.7 6737.12 160263 160243 -1
101 1983 -1 1 -1 0.2971 0.3942 113446 56945.4 -1 -1 1
101 1983 -1 1 278486 -0.02386 0.08252 113706 56296.6 160068 160043 -1
101 1983 -1 1 -1 0.2971 0.3942 113446 56945.4 -1 -1 1
101 1983 -1 1 278486 -0.02386 0.08252 113706 56296.6 160068 160043 -1
101 1983 -1 1 -1 0.2971 0.3942 113446 56945.4 -1 -1 1
101 1983 -1 1 278486 -0.02386 0.08252 113706 56296.6 160068 160043 -1
101 1983 -1 1 -1 0.2971 0.3942 113446 56945.4 -1 -1 1
101 1983 -1 1 278486 -0.02386 0.08252 113706 56296.6 160068 160043 -1
101 16736 -1 2 -1 -0.2382 -0.0548 53450.3 50071.8 -1 -1 1
101 16736 -1 2 485741 0.19045 0.39083 53839.8 50356.3 160122 160122 -1
101 16736 -1 2 -1 -0.2382 -0.0548 53450.3 50071.8 -1 -1 1
101 16736 -1 2 485741 0.19045 0.39083 53839.8 50356.3 160122 160122 -1
101 16736 -1 2 -1 -0.2382 -0.0548 53450.3 50071.8 -1 -1 1
101 16736 -1 2 485741 0.19045 0.39083 53839.8 50356.3 160122 160122 -1
101 16736 -1 2 -1 -0.2382 -0.0548 53450.3 50071.8 -1 -1 1
101 16736 -1 2 485741 0.19045 0.39083 53839.8 50356.3 160122 160122 -1
101 1907 4268415 3 -1 0.11059 0.45029 117992 136452 80005 100012 0
101 1907 -1 3 722683 0.00305 -0.02405 120198 57237.8 160085 160062 -1
101 1907 4268415 3 -1 0.11059 0.45029 117992 136452 80005 100012 0
101 1907 -1 3 722683 0.00305 -0.02405 120198 57237.8 160085 160062 -1
101 1907 4268415 3 -1 0.11059 0.45029 117992 136452 80005 100012 0
101 1907 -1 3 722683 0.00305 -0.02405 120198 57237.8 160085 160062 -1
101 1907 4268415 3 -1 0.11059 0.45029 117992 136452 80005 100012 0
101 1907 -1 3 722683 0.00305 -0.02405 120198 57237.8 160085 160062 -1
101 337 5184088 4 -1 -0.06831 -0.30371 183114 151219 120042 100025 0
101 337 -1 4 763036 0.29916 -0.1144 63459.5 70255.7 160130 160138 -1
101 337 5184088 4 -1 -0.06831 -0.30371 183114 151219 120042 100025 0
101 337 -1 4 763036 0.29916 -0.1144 63459.5 70255.7 160130 160138 -1
101 337 5184088 4 -1 -0.06831 -0.30371 183114 151219 120042 100025 0
101 337 -1 4 763036 0.29916 -0.1144 63459.5 70255.7 160130 160138 -1
101 337 5184088 4 -1 -0.06831 -0.30371 183114 151219 120042 100025 0
101 337 -1 4 763036 0.29916 -0.1144 63459.5 70255.7 160130 160138 -1
101 4668 -1 5 -1 -0.2385 -0.2504 58024.2 16842 -1 -1 1
101 4668 -1 5 630459 -0.34319 -0.3438 57312.8 17482.2 160254 160277 -1
101 1216 -1 5 -1 0.6278 -0.5012 59858.9 5261.1 -1 -1 1
101 1216 -1 5 584964 0.13067 0.58115 59929.8 6946.62 160277 160240 -1
101 4668 -1 5 -1 -0.2385 -0.2504 58024.2 16842 -1 -1 1
101 4668 -1 5 630459 -0.34319 -0.3438 57312.8 17482.2 160254 160277 -1
101 1216 -1 5 -1 0.6278 -0.5012 59858.9 5261.1 -1 -1 1
101 1216 -1 5 584964 0.13067 0.58115 59929.8 6946.62 160277 160240 -1
101 4668 -1 5 -1 -0.2385 -0.2504 58024.2 16842 -1 -1 1
101 4668 -1 5 630459 -0.34319 -0.3438 57312.8 17482.2 160254 160277 -1
101 1216 -1 5 -1 0.6278 -0.5012 59858.9 5261.1 -1 -1 1
101 1216 -1 5 584964 0.13067 0.58115 59929.8 6946.62 160277 160240 -1
101 4668 -1 5 -1 -0.2385 -0.2504 58024.2 16842 -1 -1 1
101 4668 -1 5 630459 -0.34319 -0.3438 57312.8 17482.2 160254 160277 -1
101 1216 -1 5 -1 0.6278 -0.5012 59858.9 5261.1 -1 -1 1
101 1216 -1 5 584964 0.13067 0.58115 59929.8 6946.62 160277 160240 -1
102 16736 -1 2 -1 -0.2385 -0.0541 53791.6 52060.4 -1 -1 1
102 16736 -1 2 255168 -0.45159 0.58048 55112.8 51688.7 160340 160348 -1
102 16736 -1 2 -1 -0.2385 -0.0541 53791.6 52060.4 -1 -1 1
102 16736 -1 2 255168 -0.45159 0.58048 55112.8 51688.7 160340 160348 -1
102 16736 -1 2 -1 -0.2385 -0.0541 53791.6 52060.4 -1 -1 1
102 16736 -1 2 255168 -0.45159 0.58048 55112.8 51688.7 160340 160348 -1
102 16736 -1 2 -1 -0.2385 -0.0541 53791.6 52060.4 -1 -1 1
102 16736 -1 2 255168 -0.45159 0.58048 55112.8 51688.7 160340 160348 -1
102 14658 3791936 3 -1 0.0559 0.12471 90504.1 133902 140054 140044 0
102 14658 -1 3 234457 0.00745 0.16041 90000.5 53718.6 160162 160135 -1
102 15079 3811630 3 -1 0.5286 -0.74085 107422 137019 110017 80007 0
102 15079 -1 3 256153 -0.06378 0.0641 106816 57125.7 160195 160174 -1
102 1907 -1 3 -1 0.1112 0.4506 119215 55888.1 -1 -1 1
102 1907 -1 3 1350146 -0.64028 -0.03325 119144 55504.7 160176 160178 -1
102 14658 3791936 3 -1 0.0559 0.12471 90504.1 133902 140054 140044 0
102 14658 -1 3 234457 0.00745 0.16041 90000.5 53718.6 160162 160135 -1
102 15079 3811630 3 -1 0.5286 -0.74085 107422 137019 110017 80007 0
102 15079 -1 3 256153 -0.06378 0.0641 106816 57125.7 160195 160174 -1
102 1907 -1 3 -1 0.1112 0.4506 119215 55888.1 -1 -1 1
102 1907 -1 3 1350146 -0.64028 -0.03325 119144 55504.7 160176 160178 -1
102 14658 3791936 3 -1 0.0559 0.12471 90504.1 133902 140054 140044 0
102 14658 -1 3 234457 0.00745 0.16041 90000.5 53718.6 160162 160135 -1
102 15079 3811630 3 -1 0.5286 -0.74085 107422 137019 110017 80007 0
102 15079 -1 3 256153 -0.06378 0.0641 106816 57125.7 160195 160174 -1
102 1907 -1 3 -1 0.1112 0.4506 119215 55888.1 -1 -1 1
102 1907 -1 3 1350146 -0.64028 -0.03325 119144 55504.7 160176 160178 -1
102 14658 3791936 3 -1 0.0559 0.12471 90504.1 133902 140054 140044 0
102 14658 -1 3 234457 0.00745 0.16041 90000.5 53718.6 160162 160135 -1
102 15079 3811630 3 -1 0.5286 -0.74085 107422 137019 110017 80007 0
102 15079 -1 3 256153 -0.06378 0.0641 106816 57125.7 160195 160174 -1
102 1907 -1 3 -1 0.1112 0.4506 119215 55888.1 -1 -1 1
102 1907 -1 3 1350146 -0.64028 -0.03325 119144 55504.7 160176 160178 -1
102 337 -1 4 -1 -0.0663 -0.3038 64663 73729 -1 -1 1
102 337 -1 4 321203 0.07119 0.11667 61673.1 76034.4 160170 160143 -1
102 337 -1 4 -1 -0.0663 -0.3038 64663 73729 -1 -1 1
102 337 -1 4 321203 0.07119 0.11667 61673.1 76034.4 160170 160143 -1
102 337 -1 4 -1 -0.0663 -0.3038 64663 73729 -1 -1 1
102 337 -1 4 321203 0.07119 0.11667 61673.1 76034.4 160170 160143 -1
102 337 -1 4 -1 -0.0663 -0.3038 64663 73729 -1 -1 1
102 337 -1 4 321203 0.07119 0.11667 61673.1 76034.4 160170 160143 -1
102 1831 6403442 5 -1 0.10308 -0.04593 59953.3 197562 160088 120028 0
102 1831 -1 5 442909 -0.0134 0.65936 57185.8 37322.5 160285 160268 -1
102 1216 -1 5 -1 0.6307 -0.4927 58128 7331.6 -1 -1 1
102 1216 -1 5 100476 0.51563 -0.3656 59482.1 4671.32 160259 160236 -1
102 1831 6403442 5 -1 0.10308 -0.04593 59953.3 197562 160088 120028 0
102 1831 -1 5 442909 -0.0134 0.65936 57185.8 37322.5 160285 160268 -1
102 1216 -1 5 -1 0.6307 -0.4927 58128 7331.6 -1 -1 1
102 1216 -1 5 100476 0.51563 -0.3656 59482.1 4671.32 160259 160236 -1
102 1831 6403442 5 -1 0.10308 -0.04593 59953.3 197562 160088 120028 0
102 1831 -1 5 442909 -0.0134 0.65936 57185.8 37322.5 160285 160268 -1
102 1216 -1 5 -1 0.6307 -0.4927 58128 7331.6 -1 -1 1
102 1216 -1 5 100476 0.51563 -0.3656 59482.1 4671.32 160259 160236 -1
102 1831 6403442 5 -1 0.10308 -0.04593 59953.3 197562 160088 120028 0
102 1831 -1 5 442909 -0.0134 0.65936 57185.8 37322.5 160285 160268 -1
102 1216 -1 5 -1 0.6307 -0.4927 58128 7331.6 -1 -1 1
102 1216 -1 5 100476 0.51563 -0.3656 59482.1 4671.32 160259 160236 -1
102 5674 7685030 6 -1 -0.0706 -0.34709 186495 187593 110034 120037 0
102 5674 -1 6 857806 -0.27449 0.30429 65901.5 27668.2 160294 160289 -1
102 5674 7685030 6 -1 -0.0706 -0.34709 186495 187593 110034 120037 0
102 5674 -1 6 857806 -0.27449 0.30429 65901.5 27668.2 160294 160289 -1
102 5674 7685030 6 -1 -0.0706 -0.34709 186495 187593 110034 120037 0
102 5674 -1 6 857806 -0.27449 0.30429 65901.5 27668.2 160294 160289 -1
102 5674 7685030 6 -1 -0.0706 -0.34709 186495 187593 110034 120037 0
102 5674 -1 6 857806 -0.27449 0.30429 65901.5 27668.2 160294 160289 -1
103 16736 -1 2 -1 -0.2391 -0.0517 54697.1 50204.2 -1 -1 1
103 16736 -1 2 241848 0.21219 -0.71869 55285.1 51713.8 160240 160179 -1
103 16736 -1 2 -1 -0.2391 -0.0517 54697.1 50204.2 -1 -1 1
103 16736 -1 2 241848 0.21219 -0.71869 55285.1 51713.8 160240 160179 -1
103 16736 -1 2 -1 -0.2391 -0.0517 54697.1 50204.2 -1 -1 1
103 16736 -1 2 241848 0.21219 -0.71869 55285.1 51713.8 160240 160179 -1
103 16736 -1 2 -1 -0.2391 -0.0517 54697.1 50204.2 -1 -1 1
103 16736 -1 2 241848 0.21219 -0.71869 55285.1 51713.8 160240 160179 -1
103 14658 -1 3 -1 0.0564 0.1245 91554.1 54776.1 -1 -1 1
103 14658 -1 3 497126 -0.03434 0.07827 91944.8 54521.4 160103 160081 -1
103 15079 -1 3 -1 0.5256 -0.7428 108095 58546.4 -1 -1 1
103 15079 -1 3 236002 -0.73679 -0.36087 108137 57826.7 160233 160192 -1
103 1907 -1 3 -1 0.1149 0.4495 120407 55563.4 -1 -1 1
103 1907 -1 3 57229 0.05774 0.04668 120142 55754.7 160144 160103 -1
103 6867 3250306 3 -1 0.43587 -0.38217 113991 94790.3 90013 120030 0
103 6867 -1 3 574147 0.56297 0.58272 114515 19700 160302 160289 -1
103 8069 3593597 3 -1 0.06902 0.33755 130807 151587 110034 90013 0
103 8069 -1 3 299515 0.12894 -0.02099 129693 73144.6 160045 160054 -1
103 14658 -1 3 -1 0.0564 0.1245 91554.1 54776.1 -1 -1 1
103 14658 -1 3 497126 -0.03434 0.07827 91944.8 54521.4 160103 160081 -1
103 15079 -1 3 -1 0.5256 -0.7428 108095 58546.4 -1 -1 1
103 15079 -1 3 236002 -0.73679 -0.36087 108137 57826.7 160233 160192 -1
103 1907 -1 3 -1 0.1149 0.4495 120407 55563.4 -1 -1 1
103 1907 -1 3 57229 0.05774 0.04668 120142 55754.7 160144 160103 -1
103 6867 3250306 3 -1 0.43587 -0.38217 113991 94790.3 90013 120030 0
103 6867 -1 3 574147 0.56297 0.58272 114515 19700 160302 160289 -1
103 8069 3593597 3 -1 0.06902 0.33755 130807 151587 110034 90013 0
103 8069 -1 3 299515 0.12894 -0.02099 129693 73144.6 160045 160054 -1
103 14658 -1 3 -1 0.0564 0.1245 91554.1 54776.1 -1 -1 1
103 14658 -1 3 497126 -0.03434 0.07827 91944.8 54521.4 160103 160081 -1
103 15079 -1 3 -1 0.5256 -0.7428 108095 58546.4 -1 -1 1
103 15079 -1 3 236002 -0.73679 -0.36087 108137 57826.7 160233 160192 -1
103 1907 -1 3 -1 0.1149 0.4495 120407 55563.4 -1 -1 1
103 1907 -1 3 57229 0.05774 0.04668 120142 55754.7 160144 160103 -1
103 6867 3250306 3 -1 0.43587 -0.38217 113991 94790.3 90013 120030 0
103 6867 -1 3 574147 0.56297 0.58272 114515 19700 160302 160289 -1
103 8069 3593597 3 -1 0.06902 0.33755 130807 151587 110034 90013 0
103 8069 -1 3 299515 0.12894 -0.02099 129693 73144.6 160045 160054 -1
103 14658 -1 3 -1 0.0564 0.1245 91554.1 54776.1 -1 -1 1
103 14658 -1 3 497126 -0.03434 0.07827 91944.8 54521.4 160103 160081 -1
103 15079 -1 3 -1 0.5256 -0.7428 108095 58546.4 -1 -1 1
103 15079 -1 3 236002 -0.73679 -0.36087 108137 57826.7 160233 160192 -1
103 1907 -1 3 -1 0.1149 0.4495 120407 55563.4 -1 -1 1
103 1907 -1 3 57229 0.05774 0.04668 120142 55754.7 160144 160103 -1
103 6867 3250306 3 -1 0.43587 -0.38217 113991 94790.3 90013 120030 0
103 6867 -1 3 574147 0.56297 0.58272 114515 19700 160302 160289 -1
103 8069 3593597 3 -1 0.06902 0.33755 130807 151587 110034 90013 0
103 8069 -1 3 299515 0.12894 -0.02099 129693 73144.6 160045 160054 -1
103 337 -1 4 -1 -0.0719 -0.303 66470.1 72320.7 -1 -1 1
103 337 -1 4 316138 -0.07223 0.01543 66778.6 72391.1 160149 160161 -1
103 337 -1 4 -1 -0.0719 -0.303 66470.1 72320.7 -1 -1 1
103 337 -1 4 316138 -0.07223 0.01543 66778.6 72391.1 160149 160161 -1
103 337 -1 4 -1 -0.0719 -0.303 66470.1 72320.7 -1 -1 1
103 337 -1 4 316138 -0.07223 0.01543 66778.6 72391.1 160149 160161 -1
103 337 -1 4 -1 -0.0719 -0.303 66470.1 72320.7 -1 -1 1
103 337 -1 4 316138 -0.07223 0.01543 66778.6 72391.1 160149 160161 -1
103 1831 -1 5 -1 0.1028 -0.0465 61666.7 36519.9 -1 -1 1
103 1831 -1 5 594 -0.16855 0.00048 61607.9 37266.3 160095 160057 -1
103 1831 -1 5 -1 0.1028 -0.0465 61666.7 36519.9 -1 -1 1
103 1831 -1 5 594 -0.16855 0.00048 61607.9 37266.3 160095 160057 -1
103 1831 -1 5 -1 0.1028 -0.0465 61666.7 36519.9 -1 -1 1
103 1831 -1 5 594 -0.16855 0.00048 61607.9 37266.3 160095 160057 -1
103 1831 -1 5 -1 0.1028 -0.0465 61666.7 36519.9 -1 -1 1
103 1831 -1 5 594 -0.16855 0.00048 61607.9 37266.3 160095 160057 -1
103 5674 -1 6 -1 -0.0729 -0.3467 67786 26332.2 -1 -1 1
103 5674 -1 6 621696 -0.20234 0.73717 70280.5 27800.3 160221 160222 -1
103 5674 -1 6 -1 -0.0729 -0.3467 67786 26332.2 -1 -1 1
103 5674 -1 6 621696 -0.20234 0.73717 70280.5 27800.3 160221 160222 -1
103 5674 -1 6 -1 -0.0729 -0.3467 67786 26332.2 -1 -1 1
103 5674 -1 6 621696 -0.20234 0.73717 70280.5 27800.3 160221 160222 -1
103 5674 -1 6 -1 -0.0729 -0.3467 67786 26332.2 -1 -1 1
103 5674 -1 6 621696 -0.20234 0.73717 70280.5 27800.3 160221 160222 -1
104 14658 -1 3 -1 0.0567 0.1242 90983.5 55265.7 -1 -1 1
104 14658 -1 3 473661 0.01114 -0.16863 90549.8 54928.2 160090 160094 -1
104 15079 -1 3 -1 0.5222 -0.7439 106462 60972.7 -1 -1 1
104 15079 -1 3 1128168 0.6459 -0.15743 106920 63196.8 160142 160160 -1
104 9229 2982578 3 -1 0.68885 -0.54129 111553 161364 110038 110009 0
104 9229 -1 3 566918 0.65482 0.00604 112279 82447 160300 160293 -1
104 1907 -1 3 -1 0.1162 0.4494 119684 55238.6 -1 -1 1
104 1907 -1 3 469878 0.09069 -0.08434 118931 55636 160087 160099 -1
104 6867 -1 3 -1 0.4375 -0.3791 111926 18352.7 -1 -1 1
104 6867 -1 3 156662 -0.04004 0.03859 112488 18369.1 160103 160096 -1
104 14658 -1 3 -1 0.0567 0.1242 90983.5 55265.7 -1 -1 1
104 14658 -1 3 473661 0.01114 -0.16863 90549.8 54928.2 160090 160094 -1
104 15079 -1 3 -1 0.5222 -0.7439 106462 60972.7 -1 -1 1
104 15079 -1 3 1128168 0.6459 -0.15743 106920 63196.8 160142 160160 -1
104 9229 2982578 3 -1 0.68885 -0.54129 111553 161364 110038 110009 0
104 9229 -1 3 566918 0.65482 0.00604 112279 82447 160300 160293 -1
104 1907 -1 3 -1 0.1162 0.4494 119684 55238.6 -1 -1 1
104 1907 -1 3 469878 0.09069 -0.08434 118931 55636 160087 160099 -1
104 6867 -1 3 -1 0.4375 -0.3791 111926 18352.7 -1 -1 1
104 6867 -1 3 156662 -0.04004 0.03859 112488 18369.1 160103 160096 -1
104 14658 -1 3 -1 0.0567 0.1242 90983.5 55265.7 -1 -1 1
104 14658 -1 3 473661 0.01114 -0.16863 90549.8 54928.2 160090 160094 -1
104 15079 -1 3 -1 0.5222 -0.7439 106462 60972.7 -1 -1 1
104 15079 -1 3 1128168 0.6459 -0.15743 106920 63196.8 160142 160160 -1
104 9229 2982578 3 -1 0.68885 -0.54129 111553 161364 110038 110009 0
104 9229 -1 3 566918 0.65482 0.00604 112279 82447 160300 160293 -1
104 1907 -1 3 -1 0.1162 0.4494 119684 55238.6 -1 -1 1
104 1907 -1 3 469878 0.09069 -0.08434 118931 55636 160087 160099 -1
104 6867 -1 3 -1 0.4375 -0.3791 111926 18352.7 -1 -1 1
104 6867 -1 3 156662 -0.04004 0.03859 112488 18369.1 160103 160096 -1
104 14658 -1 3 -1 0.0567 0.1242 90983.5 55265.7 -1 -1 1
104 14658 -1 3 473661 0.01114 -0.16863 90549.8 54928.2 160090 160094 -1
104 15079 -1 3 -1 0.5222 -0.7439 106462 60972.7 -1 -1 1
104 15079 -1 3 1128168 0.6459 -0.15743 106920 63196.8 160142 160160 -1
104 9229 2982578 3 -1 0.68885 -0.54129 111553 161364 110038 110009 0
104 9229 -1 3 566918 0.65482 0.00604 112279 82447 160300 160293 -1
104 1907 -1 3 -1 0.1162 0.4494 119684 55238.6 -1 -1 1
104 1907 -1 3 469878 0.09069 -0.08434 118931 55636 160087 160099 -1
104 6867 -1 3 -1 0.4375 -0.3791 111926 18352.7 -1 -1 1
104 6867 -1 3 156662 -0.04004 0.03859 112488 18369.1 160103 160096 -1
104 10115 3838998 4 -1 -0.16142 -0.15356 179524 155133 120030 70005 0
104 10115 -1 4 551208 0.04938 -0.0239 56739.7 77450.3 160217 160167 -1
104 337 -1 4 -1 -0.0706 -0.3031 65362 74225.3 -1 -1 1
104 337 -1 4 289095 0.04573 -0.13442 65898.8 73797.7 160092 160088 -1
104 8069 -1 4 -1 0.0653 0.3376 8560.7 73643.9 -1 -1 1
104 8069 -1 4 541393 -0.2491 0.10478 8620.21 73375.9 160248 160210 -1
104 10115 3838998 4 -1 -0.16142 -0.15356 179524 155133 120030 70005 0
104 10115 -1 4 551208 0.04938 -0.0239 56739.7 77450.3 160217 160167 -1
104 337 -1 4 -1 -0.0706 -0.3031 65362 74225.3 -1 -1 1
104 337 -1 4 289095 0.04573 -0.13442 65898.8 73797.7 160092 160088 -1
104 8069 -1 4 -1 0.0653 0.3376 8560.7 73643.9 -1 -1 1
104 8069 -1 4 541393 -0.2491 0.10478 8620.21 73375.9 160248 160210 -1
104 10115 3838998 4 -1 -0.16142 -0.15356 179524 155133 120030 70005 0
104 10115 -1 4 551208 0.04938 -0.0239 56739.7 77450.3 160217 160167 -1
104 337 -1 4 -1 -0.0706 -0.3031 65362 74225.3 -1 -1 1
104 337 -1 4 289095 0.04573 -0.13442 65898.8 73797.7 160092 160088 -1
104 8069 -1 4 -1 0.0653 0.3376 8560.7 73643.9 -1 -1 1
104 8069 -1 4 541393 -0.2491 0.10478 8620.21 73375.9 160248 160210 -1
104 10115 3838998 4 -1 -0.16142 -0.15356 179524 155133 120030 70005 0
104 10115 -1 4 551208 0.04938 -0.0239 56739.7 77450.3 160217 160167 -1
104 337 -1 4 -1 -0.0706 -0.3031 65362 74225.3 -1 -1 1
104 337 -1 4 289095 0.04573 -0.13442 65898.8 73797.7 160092 160088 -1
104 8069 -1 4 -1 0.0653 0.3376 8560.7 73643.9 -1 -1 1
104 8069 -1 4 541393 -0.2491 0.10478 8620.21 73375.9 160248 160210 -1
104 1831 -1 5 -1 0.1028 -0.0464 60939 37342.1 -1 -1 1
104 1831 -1 5 299 0.03269 -0.07922 61771.9 36865.3 160088 160083 -1
104 1831 -1 5 -1 0.1028 -0.0464 60939 37342.1 -1 -1 1
104 1831 -1 5 299 0.03269 -0.07922 61771.9 36865.3 160088 160083 -1
104 1831 -1 5 -1 0.1028 -0.0464 60939 37342.1 -1 -1 1
104 1831 -1 5 299 0.03269 -0.07922 61771.9 36865.3 160088 160083 -1
104 1831 -1 5 -1 0.1028 -0.0464 60939 37342.1 -1 -1 1
104 1831 -1 5 299 0.03269 -0.07922 61771.9 36865.3 160088 160083 -1
104 5674 -1 6 -1 -0.072 -0.3463 67219.5 28073.8 -1 -1 1
104 5674 -1 6 404721 0.23809 -0.04862 67999.4 27829.9 160158 160160 -1
104 5674 -1 6 -1 -0.072 -0.3463 67219.5 28073.8 -1 -1 1
104 5674 -1 6 404721 0.23809 -0.04862 67999.4 27829.9 160158 160160 -1
104 5674 -1 6 -1 -0.072 -0.3463 67219.5 28073.8 -1 -1 1
104 5674 -1 6 404721 0.23809 -0.04862 67999.4 27829.9 160158 160160 -1
104 5674 -1 6 -1 -0.072 -0.3463 67219.5 28073.8 -1 -1 1
104 5674 -1 6 404721 0.23809 -0.04862 67999.4 27829.9 160158 160160 -1
105 14658 -1 3 -1 0.0564 0.1245 91048.7 54561.5 -1 -1 1
105 14658 -1 3 54978 0.10484 -0.0664 90326.5 55263.8 160083 160078 -1
105 15079 -1 3 -1 0.5243 -0.743 106132 61019.1 -1 -1 1
105 15079 -1 3 71087 0.03018 0.12713 106237 60383.3 160191 160152 -1
105 9229 -1 3 -1 0.6861 -0.5456 111769 82264.6 -1 -1 1
105 9229 -1 3 571200 -0.03009 -0.17748 111403 82650.1 160115 160076 -1
105 6867 -1 3 -1 0.4386 -0.378 111772 18107.2 -1 -1 1
105 6867 -1 3 161639 0.3844 0.42458 110995 19593.6 160214 160154 -1
105 9995 2690266 3 -1 -0.00813 -0.28021 71655.9 134067 150068 120038 0
105 9995 -1 3 491012 -0.12425 -0.61548 74460.3 57446.5 160275 160270 -1
105 14658 -1 3 -1 0.0564 0.1245 91048.7 54561.5 -1 -1 1
105 14658 -1 3 54978 0.10484 -0.0664 90326.5 55263.8 160083 160078 -1
105 15079 -1 3 -1 0.5243 -0.743 106132 61019.1 -1 -1 1
105 15079 -1 3 71087 0.03018 0.12713 106237 60383.3 160191 160152 -1
105 9229 -1 3 -1 0.6861 -0.5456 111769 82264.6 -1 -1 1
105 9229 -1 3 571200 -0.03009 -0.17748 111403 82650.1 160115 160076 -1
105 6867 -1 3 -1 0.4386 -0.378 111772 18107.2 -1 -1 1
105 6867 -1 3 161639 0.3844 0.42458 110995 19593.6 160214 160154 -1
105 9995 2690266 3 -1 -0.00813 -0.28021 71655.9 134067 150068 120038 0
105 9995 -1 3 491012 -0.12425 -0.61548 74460.3 57446.5 160275 160270 -1
105 14658 -1 3 -1 0.0564 0.1245 91048.7 54561.5 -1 -1 1
105 14658 -1 3 54978 0.10484 -0.0664 90326.5 55263.8 160083 160078 -1
105 15079 -1 3 -1 0.5243 -0.743 106132 61019.1 -1 -1 1
105 15079 -1 3 71087 0.03018 0.12713 106237 60383.3 160191 160152 -1
105 9229 -1 3 -1 0.6861 -0.5456 111769 82264.6 -1 -1 1
105 9229 -1 3 571200 -0.03009 -0.17748 111403 82650.1 160115 160076 -1
105 6867 -1 3 -1 0.4386 -0.378 111772 18107.2 -1 -1 1
105 6867 -1 3 161639 0.3844 0.42458 110995 19593.6 160214 160154 -1
105 9995 2690266 3 -1 -0.00813 -0.28021 71655.9 134067 150068 120038 0
105 9995 -1 3 491012 -0.12425 -0.61548 74460.3 57446.5 160275 160270 -1
105 14658 -1 3 -1 0.0564 0.1245 91048.7 54561.5 -1 -1 1
105 14658 -1 3 54978 0.10484 -0.0664 90326.5 55263.8 160083 160078 -1
105 15079 -1 3 -1 0.5243 -0.743 106132 61019.1 -1 -1 1
105 15079 -1 3 71087 0.03018 0.12713 106237 60383.3 160191 160152 -1
105 9229 -1 3 -1 0.6861 -0.5456 111769 82264.6 -1 -1 1
105 9229 -1 3 571200 -0.03009 -0.17748 111403 82650.1 160115 160076 -1
105 6867 -1 3 -1 0.4386 -0.378 111772 18107.2 -1 -1 1
105 6867 -1 3 161639 0.3844 0.42458 110995 19593.6 160214 160154 -1
105 9995 2690266 3 -1 -0.00813 -0.28021 71655.9 134067 150068 120038 0
105 9995 -1 3 491012 -0.12425 -0.61548 74460.3 57446.5 160275 160270 -1
105 10115 -1 4 -1 -0.162 -0.1529 59718.9 75607 -1 -1 1
105 10115 -1 4 300483 0.00911 -0.67721 60321.2 75025 160334 160284 -1
105 8069 -1 4 -1 0.0659 0.3372 8620.5 72960.4 -1 -1 1
105 8069 -1 4 308481 -0.04624 0.10463 8487.67 72463.3 160231 160170 -1
105 10115 -1 4 -1 -0.162 -0.1529 59718.9 75607 -1 -1 1
105 10115 -1 4 300483 0.00911 -0.67721 60321.2 75025 160334 160284 -1
105 8069 -1 4 -1 0.0659 0.3372 8620.5 72960.4 -1 -1 1
105 8069 -1 4 308481 -0.04624 0.10463 8487.67 72463.3 160231 160170 -1
105 10115 -1 4 -1 -0.162 -0.1529 59718.9 75607 -1 -1 1
105 10115 -1 4 300483 0.00911 -0.67721 60321.2 75025 160334 160284 -1
105 8069 -1 4 -1 0.0659 0.3372 8620.5 72960.4 -1 -1 1
105 8069 -1 4 308481 -0.04624 0.10463 8487.67 72463.3 160231 160170 -1
105 10115 -1 4 -1 -0.162 -0.1529 59718.9 75607 -1 -1 1
105 10115 -1 4 300483 0.00911 -0.67721 60321.2 75025 160334 160284 -1
105 8069 -1 4 -1 0.0659 0.3372 8620.5 72960.4 -1 -1 1
105 8069 -1 4 308481 -0.04624 0.10463 8487.67 72463.3 160231 160170 -1
105 1831 -1 5 -1 0.1029 -0.0465 60663.7 36814 -1 -1 1
105 1831 -1 5 220866 -0.12925 -0.20841 62387.3 37711 160263 160235 -1
105 13407 4952987 5 -1 0.49547 0.32567 120037 165846 140053 120031 0
105 13407 -1 5 100980 0.22849 -0.59089 122338 4975.46 160191 160139 -1
105 1831 -1 5 -1 0.1029 -0.0465 60663.7 36814 -1 -1 1
105 1831 -1 5 220866 -0.12925 -0.20841 62387.3 37711 160263 160235 -1
105 13407 4952987 5 -1 0.49547 0.32567 120037 165846 140053 120031 0
105 13407 -1 5 100980 0.22849 -0.59089 122338 4975.46 160191 160139 -1
105 1831 -1 5 -1 0.1029 -0.0465 60663.7 36814 -1 -1 1
105 1831 -1 5 220866 -0.12925 -0.20841 62387.3 37711 160263 160235 -1
105 13407 4952987 5 -1 0.49547 0.32567 120037 165846 140053 120031 0
105 13407 -1 5 100980 0.22849 -0.59089 122338 4975.46 160191 160139 -1
105 1831 -1 5 -1 0.1029 -0.0465 60663.7 36814 -1 -1 1
105 1831 -1 5 220866 -0.12925 -0.20841 62387.3 37711 160263 160235 -1
105 13407 4952987 5 -1 0.49547 0.32567 120037 165846 140053 120031 0
105 13407 -1 5 100980 0.22849 -0.59089 122338 4975.46 160191 160139 -1
105 5674 -1 6 -1 -0.0716 -0.3464 67168.2 27691.6 -1 -1 1
105 5674 -1 6 199531 0.26605 0.66278 68590.7 27187.8 160283 160270 -1
105 5674 -1 6 -1 -0.0716 -0.3464 67168.2 27691.6 -1 -1 1
105 5674 -1 6 199531 0.26605 0.66278 68590.7 27187.8 160283 160270 -1
105 5674 -1 6 -1 -0.0716 -0.3464 67168.2 27691.6 -1 -1 1
105 5674 -1 6 199531 0.26605 0.66278 68590.7 27187.8 160283 160270 -1
105 5674 -1 6 -1 -0.0716 -0.3464 67168.2 27691.6 -1 -1 1
105 5674 -1 6 199531 0.26605 0.66278 68590.7 27187.8 160283 160270 -1
106 9735 1185710 2 -1 0.1305 0.03864 179435 59359.8 140049 120028 0
106 9735 -1 2 74182 0.12926 -0.74749 58478.7 58647.2 160309 160293 -1
106 9735 1185710 2 -1 0.1305 0.03864 179435 59359.8 140049 120028 0
106 9735 -1 2 74182 0.12926 -0.74749 58478.7 58647.2 160309 160293 -1
106 9735 1185710 2 -1 0.1305 0.03864 179435 59359.8 140049 120028 0
106 9735 -1 2 74182 0.12926 -0.74749 58478.7 58647.2 160309 160293 -1
106 9735 1185710 2 -1 0.1305 0.03864 179435 59359.8 140049 120028 0
106 9735 -1 2 74182 0.12926 -0.74749 58478.7 58647.2 160309 160293 -1
106 8507 3411000 3 -1 0.30605 -0.35933 82409.6 159036 90013 90008 0
106 8507 -1 3 558308 -0.31315 0.41002 82755.7 80176.9 160222 160182 -1
106 9229 -1 3 -1 0.6843 -0.5498 111829 83953.2 -1 -1 1
106 9229 -1 3 319341 0.31106 0.55078 111764 83675.6 160186 160151 -1
106 13407 -1 3 -1 0.4986 0.3218 120832 85704.5 -1 -1 1
106 13407 -1 3 570105 0.01921 0.07653 120067 85943.8 160092 160068 -1
106 6867 -1 3 -1 0.4375 -0.3801 112417 19172.2 -1 -1 1
106 6867 -1 3 156553 0.23272 0.33012 112006 18231.3 160171 160157 -1
106 9995 -1 3 -1 -0.0107 -0.2802 73781.2 56238.4 -1 -1 1
106 9995 -1 3 52609 -0.10965 -0.54802 74039.6 56027.6 160276 160250 -1
106 8507 3411000 3 -1 0.30605 -0.35933 82409.6 159036 90013 90008 0
106 8507 -1 3 558308 -0.31315 0.41002 82755.7 80176.9 160222 160182 -1
106 9229 -1 3 -1 0.6843 -0.5498 111829 83953.2 -1 -1 1
106 9229 -1 3 319341 0.31106 0.55078 111764 83675.6 160186 160151 -1
106 13407 -1 3 -1 0.4986 0.3218 120832 85704.5 -1 -1 1
106 13407 -1 3 570105 0.01921 0.07653 120067 85943.8 160092 160068 -1
106 6867 -1 3 -1 0.4375 -0.3801 112417 19172.2 -1 -1 1
106 6867 -1 3 156553 0.23272 0.33012 112006 18231.3 160171 160157 -1
106 9995 -1 3 -1 -0.0107 -0.2802 73781.2 56238.4 -1 -1 1
106 9995 -1 3 52609 -0.10965 -0.54802 74039.6 56027.6 160276 160250 -1
106 8507 3411000 3 -1 0.30605 -0.35933 82409.6 159036 90013 90008 0
106 8507 -1 3 558308 -0.31315 0.41002 82755.7 80176.9 160222 160182 -1
106 9229 -1 3 -1 0.6843 -0.5498 111829 83953.2 -1 -1 1
106 9229 -1 3 319341 0.31106 0.55078 111764 83675.6 160186 160151 -1
106 13407 -1 3 -1 0.4986 0.3218 120832 85704.5 -1 -1 1
106 13407 -1 3 570105 0.01921 0.07653 120067 85943.8 160092 160068 -1
106 6867 -1 3 -1 0.4375 -0.3801 112417 19172.2 -1 -1 1
106 6867 -1 3 156553 0.23272 0.33012 112006 18231.3 160171 160157 -1
106 9995 -1 3 -1 -0.0107 -0.2802 73781.2 56238.4 -1 -1 1
106 9995 -1 3 52609 -0.10965 -0.54802 74039.6 56027.6 160276 160250 -1
106 8507 3411000 3 -1 0.30605 -0.35933 82409.6 159036 90013 90008 0
106 8507 -1 3 558308 -0.31315 0.41002 82755.7 80176.9 160222 160182 -1
106 9229 -1 3 -1 0.6843 -0.5498 111829 83953.2 -1 -1 1
106 9229 -1 3 319341 0.31106 0.55078 111764 83675.6 160186 160151 -1
106 13407 -1 3 -1 0.4986 0.3218 120832 85704.5 -1 -1 1
106 13407 -1 3 570105 0.01921 0.07653 120067 85943.8 160092 160068 -1
106 6867 -1 3 -1 0.4375 -0.3801 112417 19172.2 -1 -1 1
106 6867 -1 3 156553 0.23272 0.33012 112006 18231.3 160171 160157 -1
106 9995 -1 3 -1 -0.0107 -0.2802 73781.2 56238.4 -1 -1 1
106 9995 -1 3 52609 -0.10965 -0.54802 74039.6 56027.6 160276 160250 -1
106 10115 -1 4 -1 -0.163 -0.1517 61998 75335.7 -1 -1 1
106 10115 -1 4 292736 -0.05502 0.01007 62240.9 75967.3 160095 160070 -1
106 7290 4321628 4 -1 0.523 0.22514 159830 95390.4 90013 110025 0
106 7290 -1 4 150075 -0.6347 -0.3809 38626.1 16158.3 160216 160253 -1
106 8069 -1 4 -1 0.0681 0.336 10098.3 71449.2 -1 -1 1
106 8069 -1 4 547177 -0.04396 0.10323 9684.61 72299.4 160203 160179 -1
106 10115 -1 4 -1 -0.163 -0.1517 61998 75335.7 -1 -1 1
106 10115 -1 4 292736 -0.05502 0.01007 62240.9 75967.3 160095 160070 -1
106 7290 4321628 4 -1 0.523 0.22514 159830 95390.4 90013 110025 0
106 7290 -1 4 150075 -0.6347 -0.3809 38626.1 16158.3 160216 160253 -1
106 8069 -1 4 -1 0.0681 0.336 10098.3 71449.2 -1 -1 1
106 8069 -1 4 547177 -0.04396 0.10323 9684.61 72299.4 160203 160179 -1
106 10115 -1 4 -1 -0.163 -0.1517 61998 75335.7 -1 -1 1
106 10115 -1 4 292736 -0.05502 0.01007 62240.9 75967.3 160095 160070 -1
106 7290 4321628 4 -1 0.523 0.22514 159830 95390.4 90013 110025 0
106 7290 -1 4 150075 -0.6347 -0.3809 38626.1 16158.3 160216 160253 -1
106 8069 -1 4 -1 0.0681 0.336 10098.3 71449.2 -1 -1 1
106 8069 -1 4 547177 -0.04396 0.10323 9684.61 72299.4 160203 160179 -1
106 10115 -1 4 -1 -0.163 -0.1517 61998 75335.7 -1 -1 1
106 10115 -1 4 292736 -0.05502 0.01007 62240.9 75967.3 160095 160070 -1
106 7290 4321628 4 -1 0.523 0.22514 159830 95390.4 90013 110025 0
106 7290 -1 4 150075 -0.6347 -0.3809 38626.1 16158.3 160216 160253 -1
106 8069 -1 4 -1 0.0681 0.336 10098.3 71449.2 -1 -1 1
106 8069 -1 4 547177 -0.04396 0.10323 9684.61 72299.4 160203 160179 -1
106 6393 6378750 6 -1 -0.38239 -0.18322 158089 187632 120033 90008 0
106 6393 -1 6 418899 -0.6982 0.11757 35335.9 28012.5 160294 160312 -1
106 6393 6378750 6 -1 -0.38239 -0.18322 158089 187632 120033 90008 0
106 6393 -1 6 418899 -0.6982 0.11757 35335.9 28012.5 160294 160312 -1
106 6393 6378750 6 -1 -0.38239 -0.18322 158089 187632 120033 90008 0
106 6393 -1 6 418899 -0.6982 0.11757 35335.9 28012.5 160294 160312 -1
106 6393 6378750 6 -1 -0.38239 -0.18322 158089 187632 120033 90008 0
106 6393 -1 6 418899 -0.6982 0.11757 35335.9 28012.5 160294 160312 -1
107 9735 -1 2 -1 0.1305 0.0387 60198.4 59853.9 -1 -1 1
107 9735 -1 2 41833 -0.05949 0.03157 60687.4 61251.9 160087 160079 -1
107 9735 -1 2 -1 0.1305 0.0387 60198.4 59853.9 -1 -1 1
107 9735 -1 2 41833 -0.05949 0.03157 60687.4 61251.9 160087 160079 -1
107 9735 -1 2 -1 0.1305 0.0387 60198.4 59853.9 -1 -1 1
107 9735 -1 2 41833 -0.05949 0.03157 60687.4 61251.9 160087 160079 -1
107 9735 -1 2 -1 0.1305 0.0387 60198.4 59853.9 -1 -1 1
107 9735 -1 2 41833 -0.05949 0.03157 60687.4 61251.9 160087 160079 -1
107 8507 -1 3 -1 0.3059 -0.3595 83509 82625.6 -1 -1 1
107 8507 -1 3 1172253 0.47644 -0.30561 83386.3 82593.8 160286 160273 -1
107 9229 -1 3 -1 0.6842 -0.5479 112223 86617 -1 -1 1
107 9229 -1 3 85462 -0.09423 -0.13263 113466 83727.5 160145 160135 -1
107 1028 2835756 3 -1 -0.06385 -0.09025 55571.4 106276 160077 130028 0
107 1028 -1 3 201815 0.12202 -0.05747 56178.1 28637.5 160098 160087 -1
107 13407 -1 3 -1 0.4983 0.3209 121380 87646.1 -1 -1 1
107 13407 -1 3 84952 0.07298 -0.00999 120608 85762.7 160070 160045 -1
107 9995 -1 3 -1 -0.0108 -0.2801 74748.2 58693 -1 -1 1
107 9995 -1 3 273961 -0.17944 -0.53879 75129.2 58694.8 160277 160222 -1
107 8507 -1 3 -1 0.3059 -0.3595 83509 82625.6 -1 -1 1
107 8507 -1 3 1172253 0.47644 -0.30561 83386.3 82593.8 160286 160273 -1
107 9229 -1 3 -1 0.6842 -0.5479 112223 86617 -1 -1 1
107 9229 -1 3 85462 -0.09423 -0.13263 113466 83727.5 160145 160135 -1
107 1028 2835756 3 -1 -0.06385 -0.09025 55571.4 106276 160077 130028 0
107 1028 -1 3 201815 0.12202 -0.05747 56178.1 28637.5 160098 160087 -1
107 13407 -1 3 -1 0.4983 0.3209 121380 87646.1 -1 -1 1
107 13407 -1 3 84952 0.07298 -0.00999 120608 85762.7 160070 160045 -1
107 9995 -1 3 -1 -0.0108 -0.2801 74748.2 58693 -1 -1 1
107 9995 -1 3 273961 -0.17944 -0.53879 75129.2 58694.8 160277 160222 -1
107 8507 -1 3 -1 0.3059 -0.3595 83509 82625.6 -1 -1 1
107 8507 -1 3 1172253 0.47644 -0.30561 83386.3 82593.8 160286 160273 -1
107 9229 -1 3 -1 0.6842 -0.5479 112223 86617 -1 -1 1
107 9229 -1 3 85462 -0.09423 -0.13263 113466 83727.5 160145 160135 -1
107 1028 2835756 3 -1 -0.06385 -0.09025 55571.4 106276 160077 130028 0
107 1028 -1 3 201815 0.12202 -0.05747 56178.1 28637.5 160098 160087 -1
107 13407 -1 3 -1 0.4983 0.3209 121380 87646.1 -1 -1 1
107 13407 -1 3 84952 0.07298 -0.00999 120608 85762.7 160070 160045 -1
107 9995 -1 3 -1 -0.0108 -0.2801 74748.2 58693 -1 -1 1
107 9995 -1 3 273961 -0.17944 -0.53879 75129.2 58694.8 160277 160222 -1
107 8507 -1 3 -1 0.3059 -0.3595 83509 82625.6 -1 -1 1
107 8507 -1 3 1172253 0.47644 -0.30561 83386.3 82593.8 160286 160273 -1
107 9229 -1 3 -1 0.6842 -0.5479 112223 86617 -1 -1 1
107 9229 -1 3 85462 -0.09423 -0.13263 113466 83727.5 160145 160135 -1
107 1028 2835756 3 -1 -0.06385 -0.09025 55571.4 106276 160077 130028 0
107 1028 -1 3 201815 0.12202 -0.05747 56178.1 28637.5 160098 160087 -1
107 13407 -1 3 -1 0.4983 0.3209 121380 87646.1 -1 -1 1
107 13407 -1 3 84952 0.07298 -0.00999 120608 85762.7 160070 160045 -1
107 9995 -1 3 -1 -0.0108 -0.2801 74748.2 58693 -1 -1 1
107 9995 -1 3 273961 -0.17944 -0.53879 75129.2 58694.8 160277 160222 -1
107 10115 -1 4 -1 -0.1629 -0.1519 64853.4 78033.1 -1 -1 1
107 10115 -1 4 79518 -0.28972 -0.31916 64922.8 77641.3 160268 160297 -1
107 7290 -1 4 -1 0.5235 0.2245 41259.1 18681.5 -1 -1 1
107 7290 -1 4 400698 0.44469 0.2562 41421 21523.6 160299 160279 -1
107 10115 -1 4 -1 -0.1629 -0.1519 64853.4 78033.1 -1 -1 1
107 10115 -1 4 79518 -0.28972 -0.31916 64922.8 77641.3 160268 160297 -1
107 7290 -1 4 -1 0.5235 0.2245 41259.1 18681.5 -1 -1 1
107 7290 -1 4 400698 0.44469 0.2562 41421 21523.6 160299 160279 -1
107 10115 -1 4 -1 -0.1629 -0.1519 64853.4 78033.1 -1 -1 1
107 10115 -1 4 79518 -0.28972 -0.31916 64922.8 77641.3 160268 160297 -1
107 7290 -1 4 -1 0.5235 0.2245 41259.1 18681.5 -1 -1 1
107 7290 -1 4 400698 0.44469 0.2562 41421 21523.6 160299 160279 -1
107 10115 -1 4 -1 -0.1629 -0.1519 64853.4 78033.1 -1 -1 1
107 10115 -1 4 79518 -0.28972 -0.31916 64922.8 77641.3 160268 160297 -1
107 7290 -1 4 -1 0.5235 0.2245 41259.1 18681.5 -1 -1 1
107 7290 -1 4 400698 0.44469 0.2562 41421 21523.6 160299 160279 -1
107 6393 -1 6 -1 -0.3826 -0.1825 40182.8 30426.9 -1 -1 1
107 6393 -1 6 652140 -0.21372 -0.35267 38629.2 31252.3 160117 160114 -1
107 6393 -1 6 -1 -0.3826 -0.1825 40182.8 30426.9 -1 -1 1
107 6393 -1 6 652140 -0.21372 -0.35267 38629.2 31252.3 160117 160114 -1
107 6393 -1 6 -1 -0.3826 -0.1825 40182.8 30426.9 -1 -1 1
107 6393 -1 6 652140 -0.21372 -0.35267 38629.2 31252.3 160117 160114 -1
107 6393 -1 6 -1 -0.3826 -0.1825 40182.8 30426.9 -1 -1 1
107 6393 -1 6 652140 -0.21372 -0.35267 38629.2 31252.3 160117 160114 -1
108 9735 -1 2 -1 0.1299 0.0403 56750.1 57231.6 -1 -1 1
108 9735 -1 2 74129 0.12137 0.03825 57099.2 57612.4 160064 160064 -1
108 9735 -1 2 -1 0.1299 0.0403 56750.1 57231.6 -1 -1 1
108 9735 -1 2 74129 0.12137 0.03825 57099.2 57612.4 160064 160064 -1
108 9735 -1 2 -1 0.1299 0.0403 56750.1 57231.6 -1 -1 1
108 9735 -1 2 74129 0.12137 0.03825 57099.2 57612.4 160064 160064 -1
108 9735 -1 2 -1 0.1299 0.0403 56750.1 57231.6 -1 -1 1
108 9735 -1 2 74129 0.12137 0.03825 57099.2 57612.4 160064 160064 -1
108 8507 -1 3 -1 0.3088 -0.3572 78339.6 80056.7 -1 -1 1
108 8507 -1 3 307255 0.46386 -0.29434 77734.5 79820.1 160277 160254 -1
108 1028 -1 3 -1 -0.0633 -0.0906 51604.8 25266.4 -1 -1 1
108 1028 -1 3 634659 -0.17065 0.27202 53587.9 26449.5 160246 160210 -1
108 13407 -1 3 -1 0.496 0.3255 115583 83307.7 -1 -1 1
108 13407 -1 3 319586 0.46969 -0.54519 114588 83338.7 160299 160195 -1
108 9995 -1 3 -1 -0.0087 -0.2802 70696.2 55806.7 -1 -1 1
108 9995 -1 3 50948 0.0379 0.26008 70604.6 54938.5 160111 160124 -1
108 8507 -1 3 -1 0.3088 -0.3572 78339.6 80056.7 -1 -1 1
108 8507 -1 3 307255 0.46386 -0.29434 77734.5 79820.1 160277 160254 -1
108 1028 -1 3 -1 -0.0633 -0.0906 51604.8 25266.4 -1 -1 1
108 1028 -1 3 634659 -0.17065 0.27202 53587.9 26449.5 160246 160210 -1
108 13407 -1 3 -1 0.496 0.3255 115583 83307.7 -1 -1 1
108 13407 -1 3 319586 0.46969 -0.54519 114588 83338.7 160299 160195 -1
108 9995 -1 3 -1 -0.0087 -0.2802 70696.2 55806.7 -1 -1 1
108 9995 -1 3 50948 0.0379 0.26008 70604.6 54938.5 160111 160124 -1
108 8507 -1 3 -1 0.3088 -0.3572 78339.6 80056.7 -1 -1 1
108 8507 -1 3 307255 0.46386 -0.29434 77734.5 79820.1 160277 160254 -1
108 1028 -1 3 -1 -0.0633 -0.0906 51604.8 25266.4 -1 -1 1
108 1028 -1 3 634659 -0.17065 0.27202 53587.9 26449.5 160246 160210 -1
108 13407 -1 3 -1 0.496 0.3255 115583 83307.7 -1 -1 1
108 13407 -1 3 319586 0.46969 -0.54519 114588 83338.7 160299 160195 -1
108 9995 -1 3 -1 -0.0087 -0.2802 70696.2 55806.7 -1 -1 1
108 9995 -1 3 50948 0.0379 0.26008 70604.6 54938.5 160111 160124 -1
108 8507 -1 3 -1 0.3088 -0.3572 78339.6 80056.7 -1 -1 1
108 8507 -1 3 307255 0.46386 -0.29434 77734.5 79820.1 160277 160254 -1
108 1028 -1 3 -1 -0.0633 -0.0906 51604.8 25266.4 -1 -1 1
108 1028 -1 3 634659 -0.17065 0.27202 53587.9 26449.5 160246 160210 -1
108 13407 -1 3 -1 0.496 0.3255 115583 83307.7 -1 -1 1
108 13407 -1 3 319586 0.46969 -0.54519 114588 83338.7 160299 160195 -1
108 9995 -1 3 -1 -0.0087 -0.2802 70696.2 55806.7 -1 -1 1
108 9995 -1 3 50948 0.0379 0.26008 70604.6 54938.5 160111 160124 -1
108 7290 -1 4 -1 0.5212 0.2305 35156.6 14333.3 -1 -1 1
108 7290 -1 4 151394 -0.03142 0.05308 35226.3 15152.9 160088 160090 -1
108 7290 -1 4 -1 0.5212 0.2305 35156.6 14333.3 -1 -1 1
108 7290 -1 4 151394 -0.03142 0.05308 35226.3 15152.9 160088 160090 -1
108 7290 -1 4 -1 0.5212 0.2305 35156.6 14333.3 -1 -1 1
108 7290 -1 4 151394 -0.03142 0.05308 35226.3 15152.9 160088 160090 -1
108 7290 -1 4 -1 0.5212 0.2305 35156.6 14333.3 -1 -1 1
108 7290 -1 4 151394 -0.03142 0.05308 35226.3 15152.9 160088 160090 -1
108 6393 -1 6 -1 -0.3815 -0.1854 36587.8 26641.9 -1 -1 1
108 6393 -1 6 401685 -0.05582 -0.09076 37256.5 26159.3 160125 160097 -1
108 6393 -1 6 -1 -0.3815 -0.1854 36587.8 26641.9 -1 -1 1
108 6393 -1 6 401685 -0.05582 -0.09076 37256.5 26159.3 160125 160097 -1
108 6393 -1 6 -1 -0.3815 -0.1854 36587.8 26641.9 -1 -1 1
108 6393 -1 6 401685 -0.05582 -0.09076 37256.5 26159.3 160125 160097 -1
108 6393 -1 6 -1 -0.3815 -0.1854 36587.8 26641.9 -1 -1 1
108 6393 -1 6 401685 -0.05582 -0.09076 37256.5 26159.3 160125 160097 -1
109 9735 -1 2 -1 0.1304 0.0377 58637.9 58898.5 -1 -1 1
109 9735 -1 2 53557 0.11577 0.04378 58875.9 59566.8 160089 160046 -1
109 9735 -1 2 -1 0.1304 0.0377 58637.9 58898.5 -1 -1 1
109 9735 -1 2 53557 0.11577 0.04378 58875.9 59566.8 160089 160046 -1
109 9735 -1 2 -1 0.1304 0.0377 58637.9 58898.5 -1 -1 1
109 9735 -1 2 53557 0.11577 0.04378 58875.9 59566.8 160089 160046 -1
109 9735 -1 2 -1 0.1304 0.0377 58637.9 58898.5 -1 -1 1
109 9735 -1 2 53557 0.11577 0.04378 58875.9 59566.8 160089 160046 -1
109 8507 -1 3 -1 0.3063 -0.3588 81530 82116.9 -1 -1 1
109 8507 -1 3 1156421 0.52139 -0.3266 80757 81836.4 160259 160238 -1
109 1028 -1 3 -1 -0.0638 -0.0904 54730 27271.5 -1 -1 1
109 1028 -1 3 857298 0.28998 0.52983 53792.4 29294.4 160218 160210 -1
109 912 2621648 3 -1 -0.15383 -0.07695 95369.5 105865 150060 120022 0
109 912 -1 3 192455 0.02832 -0.07189 95808.2 28440.7 160069 160080 -1
109 8507 -1 3 -1 0.3063 -0.3588 81530 82116.9 -1 -1 1
109 8507 -1 3 1156421 0.52139 -0.3266 80757 81836.4 160259 160238 -1
109 1028 -1 3 -1 -0.0638 -0.0904 54730 27271.5 -1 -1 1
109 1028 -1 3 857298 0.28998 0.52983 53792.4 29294.4 160218 160210 -1
109 912 2621648 3 -1 -0.15383 -0.07695 95369.5 105865 150060 120022 0
109 912 -1 3 192455 0.02832 -0.07189 95808.2 28440.7 160069 160080 -1
109 8507 -1 3 -1 0.3063 -0.3588 81530 82116.9 -1 -1 1
109 8507 -1 3 1156421 0.52139 -0.3266 80757 81836.4 160259 160238 -1
109 1028 -1 3 -1 -0.0638 -0.0904 54730 27271.5 -1 -1 1
109 1028 -1 3 857298 0.28998 0.52983 53792.4 29294.4 160218 160210 -1
109 912 2621648 3 -1 -0.15383 -0.07695 95369.5 105865 150060 120022 0
109 912 -1 3 192455 0.02832 -0.07189 95808.2 28440.7 160069 160080 -1
109 8507 -1 3 -1 0.3063 -0.3588 81530 82116.9 -1 -1 1
109 8507 -1 3 1156421 0.52139 -0.3266 80757 81836.4 160259 160238 -1
109 1028 -1 3 -1 -0.0638 -0.0904 54730 27271.5 -1 -1 1
109 1028 -1 3 857298 0.28998 0.52983 53792.4 29294.4 160218 160210 -1
109 912 2621648 3 -1 -0.15383 -0.07695 95369.5 105865 150060 120022 0
109 912 -1 3 192455 0.02832 -0.07189 95808.2 28440.7 160069 160080 -1
109 7290 -1 4 -1 0.5235 0.2251 37602.3 15021.2 -1 -1 1
109 7290 -1 4 593962 -0.35845 -0.19118 36829.3 14761.5 160143 160132 -1
109 7290 -1 4 -1 0.5235 0.2251 37602.3 15021.2 -1 -1 1
109 7290 -1 4 593962 -0.35845 -0.19118 36829.3 14761.5 160143 160132 -1
109 7290 -1 4 -1 0.5235 0.2251 37602.3 15021.2 -1 -1 1
109 7290 -1 4 593962 -0.35845 -0.19118 36829.3 14761.5 160143 160132 -1
109 7290 -1 4 -1 0.5235 0.2251 37602.3 15021.2 -1 -1 1
109 7290 -1 4 593962 -0.35845 -0.19118 36829.3 14761.5 160143 160132 -1
109 4659 4625022 5 -1 -0.14747 -0.02675 50552.3 190709 140045 110016 0
109 4659 -1 5 209782 0.00151 0.04551 51135 32266.7 160098 160122 -1
109 4659 4625022 5 -1 -0.14747 -0.02675 50552.3 190709 140045 110016 0
109 4659 -1 5 209782 0.00151 0.04551 51135 32266.7 160098 160122 -1
109 4659 4625022 5 -1 -0.14747 -0.02675 50552.3 190709 140045 110016 0
109 4659 -1 5 209782 0.00151 0.04551 51135 32266.7 160098 160122 -1
109 4659 4625022 5 -1 -0.14747 -0.02675 50552.3 190709 140045 110016 0
109 4659 -1 5 209782 0.00151 0.04551 51135 32266.7 160098 160122 -1
109 6393 -1 6 -1 -0.3841 -0.1799 40937.1 28366.2 -1 -1 1
109 6393 -1 6 198900 0.08787 -0.06007 40414.3 29891.4 160102 160094 -1
109 6393 -1 6 -1 -0.3841 -0.1799 40937.1 28366.2 -1 -1 1
109 6393 -1 6 198900 0.08787 -0.06007 40414.3 29891.4 160102 160094 -1
109 6393 -1 6 -1 -0.3841 -0.1799 40937.1 28366.2 -1 -1 1
109 6393 -1 6 198900 0.08787 -0.06007 40414.3 29891.4 160102 160094 -1
109 6393 -1 6 -1 -0.3841 -0.1799 40937.1 28366.2 -1 -1 1
109 6393 -1 6 198900 0.08787 -0.06007 40414.3 29891.4 160102 160094 -1
110 5450 2608790 3 -1 -0.04974 -0.36375 108619 108724 110016 110017 0
110 5450 -1 3 195966 -0.20932 0.63559 109467 30562.2 160224 160197 -1
110 1028 -1 3 -1 -0.0644 -0.0897 54618.1 28045.3 -1 -1 1
110 1028 -1 3 421072 0.07269 0.00294 53630.1 28224.9 160096 160091 -1
110 912 -1 3 -1 -0.154 -0.0769 95692.4 27967 -1 -1 1
110 912 -1 3 417390 0.37188 0.00711 94889.7 28202.5 160147 160123 -1
110 5450 2608790 3 -1 -0.04974 -0.36375 108619 108724 110016 110017 0
110 5450 -1 3 195966 -0.20932 0.63559 109467 30562.2 160224 160197 -1
110 1028 -1 3 -1 -0.0644 -0.0897 54618.1 28045.3 -1 -1 1
110 1028 -1 3 421072 0.07269 0.00294 53630.1 28224.9 160096 160091 -1
110 912 -1 3 -1 -0.154 -0.0769 95692.4 27967 -1 -1 1
110 912 -1 3 417390 0.37188 0.00711 94889.7 28202.5 160147 160123 -1
110 5450 2608790 3 -1 -0.04974 -0.36375 108619 108724 110016 110017 0
110 5450 -1 3 195966 -0.20932 0.63559 109467 30562.2 160224 160197 -1
110 1028 -1 3 -1 -0.0644 -0.0897 54618.1 28045.3 -1 -1 1
110 1028 -1 3 421072 0.07269 0.00294 53630.1 28224.9 160096 160091 -1
110 912 -1 3 -1 -0.154 -0.0769 95692.4 27967 -1 -1 1
110 912 -1 3 417390 0.37188 0.00711 94889.7 28202.5 160147 160123 -1
110 5450 2608790 3 -1 -0.04974 -0.36375 108619 108724 110016 110017 0
110 5450 -1 3 195966 -0.20932 0.63559 109467 30562.2 160224 160197 -1
110 1028 -1 3 -1 -0.0644 -0.0897 54618.1 28045.3 -1 -1 1
110 1028 -1 3 421072 0.07269 0.00294 53630.1 28224.9 160096 160091 -1
110 912 -1 3 -1 -0.154 -0.0769 95692.4 27967 -1 -1 1
110 912 -1 3 417390 0.37188 0.00711 94889.7 28202.5 160147 160123 -1
110 4761 4409885 5 -1 -0.32423 -0.75112 75544.1 168847 120022 120028 0
110 4761 -1 5 379335 0.16033 -0.31543 78812.6 8603.34 160201 160184 -1
110 4659 -1 5 -1 -0.1477 -0.0262 51110.5 31761.8 -1 -1 1
110 4659 -1 5 198451 -0.78431 0.10772 51061.9 31028.7 160231 160189 -1
110 4761 4409885 5 -1 -0.32423 -0.75112 75544.1 168847 120022 120028 0
110 4761 -1 5 379335 0.16033 -0.31543 78812.6 8603.34 160201 160184 -1
110 4659 -1 5 -1 -0.1477 -0.0262 51110.5 31761.8 -1 -1 1
110 4659 -1 5 198451 -0.78431 0.10772 51061.9 31028.7 160231 160189 -1
110 4761 4409885 5 -1 -0.32423 -0.75112 75544.1 168847 120022 120028 0
110 4761 -1 5 379335 0.16033 -0.31543 78812.6 8603.34 160201 160184 -1
110 4659 -1 5 -1 -0.1477 -0.0262 51110.5 31761.8 -1 -1 1
110 4659 -1 5 198451 -0.78431 0.10772 51061.9 31028.7 160231 160189 -1
110 4761 4409885 5 -1 -0.32423 -0.75112 75544.1 168847 120022 120028 0
110 4761 -1 5 379335 0.16033 -0.31543 78812.6 8603.34 160201 160184 -1
110 4659 -1 5 -1 -0.1477 -0.0262 51110.5 31761.8 -1 -1 1
110 4659 -1 5 198451 -0.78431 0.10772 51061.9 31028.7 160231 160189 -1
110 9853 5459890 6 -1 -0.05547 -0.6578 209689 172992 110018 110011 0
110 9853 -1 6 157728 0.0108 -0.33094 89612.2 14126.3 160178 160173 -1
110 9853 5459890 6 -1 -0.05547 -0.6578 209689 172992 110018 110011 0
110 9853 -1 6 157728 0.0108 -0.33094 89612.2 14126.3 160178 160173 -1
110 9853 5459890 6 -1 -0.05547 -0.6578 209689 172992 110018 110011 0
110 9853 -1 6 157728 0.0108 -0.33094 89612.2 14126.3 160178 160173 -1
110 9853 5459890 6 -1 -0.05547 -0.6578 209689 172992 110018 110011 0
110 9853 -1 6 157728 0.0108 -0.33094 89612.2 14126.3 160178 160173 -1
111 5450 -1 3 -1 -0.0464 -0.3642 106664 31019.7 -1 -1 1
111 5450 -1 3 406379 0.06287 -0.00059 106058 30801.9 160092 160074 -1
111 912 -1 3 -1 -0.1529 -0.0786 92907.9 28543.5 -1 -1 1
111 912 -1 3 408413 0.03505 -0.07012 93811.6 27906.1 160073 160059 -1
111 5450 -1 3 -1 -0.0464 -0.3642 106664 31019.7 -1 -1 1
111 5450 -1 3 406379 0.06287 -0.00059 106058 30801.9 160092 160074 -1
111 912 -1 3 -1 -0.1529 -0.0786 92907.9 28543.5 -1 -1 1
111 912 -1 3 408413 0.03505 -0.07012 93811.6 27906.1 160073 160059 -1
111 5450 -1 3 -1 -0.0464 -0.3642 106664 31019.7 -1 -1 1
111 5450 -1 3 406379 0.06287 -0.00059 106058 30801.9 160092 160074 -1
111 912 -1 3 -1 -0.1529 -0.0786 92907.9 28543.5 -1 -1 1
111 912 -1 3 408413 0.03505 -0.07012 93811.6 27906.1 160073 160059 -1
111 5450 -1 3 -1 -0.0464 -0.3642 106664 31019.7 -1 -1 1
111 5450 -1 3 406379 0.06287 -0.00059 106058 30801.9 160092 160074 -1
111 912 -1 3 -1 -0.1529 -0.0786 92907.9 28543.5 -1 -1 1
111 912 -1 3 408413 0.03505 -0.07012 93811.6 27906.1 160073 160059 -1
111 8743 3354936 4 -1 0.07419 -0.09069 160470 137623 160087 160071 0
111 8743 -1 4 42317 0.07393 -0.0909 40161 59956 160087 160071 -1
111 8743 3354936 4 -1 0.07419 -0.09069 160470 137623 160087 160071 0
111 8743 -1 4 42317 0.07393 -0.0909 40161 59956 160087 160071 -1
111 8743 3354936 4 -1 0.07419 -0.09069 160470 137623 160087 160071 0
111 8743 -1 4 42317 0.07393 -0.0909 40161 59956 160087 160071 -1
111 8743 3354936 4 -1 0.07419 -0.09069 160470 137623 160087 160071 0
111 8743 -1 4 42317 0.07393 -0.0909 40161 59956 160087 160071 -1
111 4761 -1 5 -1 -0.3236 -0.7516 73308.6 10581.4 -1 -1 1
111 4761 -1 5 145795 0.02653 0.35742 74036.7 8969.54 160188 160206 -1
111 4659 -1 5 -1 -0.1476 -0.027 47441.5 32365.6 -1 -1 1
111 4659 -1 5 429377 -0.05781 0.39197 44747.5 31429.1 160255 160221 -1
111 4761 -1 5 -1 -0.3236 -0.7516 73308.6 10581.4 -1 -1 1
111 4761 -1 5 145795 0.02653 0.35742 74036.7 8969.54 160188 160206 -1
111 4659 -1 5 -1 -0.1476 -0.027 47441.5 32365.6 -1 -1 1
111 4659 -1 5 429377 -0.05781 0.39197 44747.5 31429.1 160255 160221 -1
111 4761 -1 5 -1 -0.3236 -0.7516 73308.6 10581.4 -1 -1 1
111 4761 -1 5 145795 0.02653 0.35742 74036.7 8969.54 160188 160206 -1
111 4659 -1 5 -1 -0.1476 -0.027 47441.5 32365.6 -1 -1 1
111 4659 -1 5 429377 -0.05781 0.39197 44747.5 31429.1 160255 160221 -1
111 4761 -1 5 -1 -0.3236 -0.7516 73308.6 10581.4 -1 -1 1
111 4761 -1 5 145795 0.02653 0.35742 74036.7 8969.54 160188 160206 -1
111 4659 -1 5 -1 -0.1476 -0.027 47441.5 32365.6 -1 -1 1
111 4659 -1 5 429377 -0.05781 0.39197 44747.5 31429.1 160255 160221 -1
111 9853 -1 6 -1 -0.0525 -0.6582 87142 14515 -1 -1 1
111 9853 -1 6 369704 0.11384 0.05293 87565.8 14886.8 160077 160056 -1
111 6662 5918486 6 -1 -0.00818 -0.22872 189600 182838 140037 120025 0
111 6662 -1 6 396465 -0.01043 -0.09279 70082.9 23261.5 160083 160068 -1
111 9853 -1 6 -1 -0.0525 -0.6582 87142 14515 -1 -1 1
111 9853 -1 6 369704 0.11384 0.05293 87565.8 14886.8 160077 160056 -1
111 6662 5918486 6 -1 -0.00818 -0.22872 189600 182838 140037 120025 0
111 6662 -1 6 396465 -0.01043 -0.09279 70082.9 23261.5 160083 160068 -1
111 9853 -1 6 -1 -0.0525 -0.6582 87142 14515 -1 -1 1
111 9853 -1 6 369704 0.11384 0.05293 87565.8 14886.8 160077 160056 -1
111 6662 5918486 6 -1 -0.00818 -0.22872 189600 182838 140037 120025 0
111 6662 -1 6 396465 -0.01043 -0.09279 70082.9 23261.5 160083 160068 -1
111 9853 -1 6 -1 -0.0525 -0.6582 87142 14515 -1 -1 1
111 9853 -1 6 369704 0.11384 0.05293 87565.8 14886.8 160077 160056 -1
111 6662 5918486 6 -1 -0.00818 -0.22872 189600 182838 140037 120025 0
111 6662 -1 6 396465 -0.01043 -0.09279 70082.9 23261.5 160083 160068 -1
112 5450 -1 3 -1 -0.053 -0.3628 110110 33152.3 -1 -1 1
112 5450 -1 3 204525 0.00443 -0.08791 112300 31301.4 160103 160092 -1
112 912 -1 3 -1 -0.1543 -0.0758 96577.7 30192.9 -1 -1 1
112 912 -1 3 863623 0.38104 -0.03147 95153.6 29355.2 160141 160142 -1
112 5450 -1 3 -1 -0.053 -0.3628 110110 33152.3 -1 -1 1
112 5450 -1 3 204525 0.00443 -0.08791 112300 31301.4 160103 160092 -1
112 912 -1 3 -1 -0.1543 -0.0758 96577.7 30192.9 -1 -1 1
112 912 -1 3 863623 0.38104 -0.03147 95153.6 29355.2 160141 160142 -1
112 5450 -1 3 -1 -0.053 -0.3628 110110 33152.3 -1 -1 1
112 5450 -1 3 204525 0.00443 -0.08791 112300 31301.4 160103 160092 -1
112 912 -1 3 -1 -0.1543 -0.0758 96577.7 30192.9 -1 -1 1
112 912 -1 3 863623 0.38104 -0.03147 95153.6 29355.2 160141 160142 -1
112 5450 -1 3 -1 -0.053 -0.3628 110110 33152.3 -1 -1 1
112 5450 -1 3 204525 0.00443 -0.08791 112300 31301.4 160103 160092 -1
112 912 -1 3 -1 -0.1543 -0.0758 96577.7 30192.9 -1 -1 1
112 912 -1 3 863623 0.38104 -0.03147 95153.6 29355.2 160141 160142 -1
112 8743 -1 4 -1 0.0728 -0.092 44419.5 60337.8 -1 -1 1
112 8743 -1 4 511776 0.22431 0.3137 43389.1 57690.4 160164 160113 -1
112 8743 -1 4 -1 0.0728 -0.092 44419.5 60337.8 -1 -1 1
112 8743 -1 4 511776 0.22431 0.3137 43389.1 57690.4 160164 160113 -1
112 8743 -1 4 -1 0.0728 -0.092 44419.5 60337.8 -1 -1 1
112 8743 -1 4 511776 0.22431 0.3137 43389.1 57690.4 160164 160113 -1
112 8743 -1 4 -1 0.0728 -0.092 44419.5 60337.8 -1 -1 1
112 8743 -1 4 511776 0.22431 0.3137 43389.1 57690.4 160164 160113 -1
112 14192 5093875 5 -1 0.52983 0.16299 58411.9 200046 120048 100021 0
112 14192 -1 5 84 0.30706 -0.45576 61046.7 38856 160269 160248 -1
112 4761 -1 5 -1 -0.3299 -0.7486 78379.4 13643.3 -1 -1 1
112 4761 -1 5 378983 0.09391 -0.06601 78822.7 13246.6 160094 160067 -1
112 4659 -1 5 -1 -0.1478 -0.0257 52223.8 33714.1 -1 -1 1
112 4659 -1 5 873545 -0.76488 0.05907 50825.2 32171.5 160229 160216 -1
112 14192 5093875 5 -1 0.52983 0.16299 58411.9 200046 120048 100021 0
112 14192 -1 5 84 0.30706 -0.45576 61046.7 38856 160269 160248 -1
112 4761 -1 5 -1 -0.3299 -0.7486 78379.4 13643.3 -1 -1 1
112 4761 -1 5 378983 0.09391 -0.06601 78822.7 13246.6 160094 160067 -1
112 4659 -1 5 -1 -0.1478 -0.0257 52223.8 33714.1 -1 -1 1
112 4659 -1 5 873545 -0.76488 0.05907 50825.2 32171.5 160229 160216 -1
112 14192 5093875 5 -1 0.52983 0.16299 58411.9 200046 120048 100021 0
112 14192 -1 5 84 0.30706 -0.45576 61046.7 38856 160269 160248 -1
112 4761 -1 5 -1 -0.3299 -0.7486 78379.4 13643.3 -1 -1 1
112 4761 -1 5 378983 0.09391 -0.06601 78822.7 13246.6 160094 160067 -1
112 4659 -1 5 -1 -0.1478 -0.0257 52223.8 33714.1 -1 -1 1
112 4659 -1 5 873545 -0.76488 0.05907 50825.2 32171.5 160229 160216 -1
112 14192 5093875 5 -1 0.52983 0.16299 58411.9 200046 120048 100021 0
112 14192 -1 5 84 0.30706 -0.45576 61046.7 38856 160269 160248 -1
112 4761 -1 5 -1 -0.3299 -0.7486 78379.4 13643.3 -1 -1 1
112 4761 -1 5 378983 0.09391 -0.06601 78822.7 13246.6 160094 160067 -1
112 4659 -1 5 -1 -0.1478 -0.0257 52223.8 33714.1 -1 -1 1
112 4659 -1 5 873545 -0.76488 0.05907 50825.2 32171.5 160229 160216 -1
112 9853 -1 6 -1 -0.0598 -0.6574 91594 16212.3 -1 -1 1
112 9853 -1 6 173814 0.06775 0.0038 90871.9 16684.4 160096 160058 -1
112 6662 -1 6 -1 -0.0106 -0.2284 73921.4 24728.2 -1 -1 1
112 6662 -1 6 859845 0.41918 0.5551 71752.1 25705.3 160319 160361 -1
112 9853 -1 6 -1 -0.0598 -0.6574 91594 16212.3 -1 -1 1
112 9853 -1 6 173814 0.06775 0.0038 90871.9 16684.4 160096 160058 -1
112 6662 -1 6 -1 -0.0106 -0.2284 73921.4 24728.2 -1 -1 1
112 6662 -1 6 859845 0.41918 0.5551 71752.1 25705.3 160319 160361 -1
112 9853 -1 6 -1 -0.0598 -0.6574 91594 16212.3 -1 -1 1
112 9853 -1 6 173814 0.06775 0.0038 90871.9 16684.4 160096 160058 -1
112 6662 -1 6 -1 -0.0106 -0.2284 73921.4 24728.2 -1 -1 1
112 6662 -1 6 859845 0.41918 0.5551 71752.1 25705.3 160319 160361 -1
112 9853 -1 6 -1 -0.0598 -0.6574 91594 16212.3 -1 -1 1
112 9853 -1 6 173814 0.06775 0.0038 90871.9 16684.4 160096 160058 -1
112 6662 -1 6 -1 -0.0106 -0.2284 73921.4 24728.2 -1 -1 1
112 6662 -1 6 859845 0.41918 0.5551 71752.1 25705.3 160319 160361 -1
113 5450 -1 3 -1 -0.0507 -0.3633 107368 31724 -1 -1 1
113 5450 -1 3 1071936 0.63241 -0.35864 107260 34557.8 160244 160183 -1
113 5450 -1 3 -1 -0.0507 -0.3633 107368 31724 -1 -1 1
113 5450 -1 3 1071936 0.63241 -0.35864 107260 34557.8 160244 160183 -1
113 5450 -1 3 -1 -0.0507 -0.3633 107368 31724 -1 -1 1
113 5450 -1 3 1071936 0.63241 -0.35864 107260 34557.8 160244 160183 -1
113 5450 -1 3 -1 -0.0507 -0.3633 107368 31724 -1 -1 1
113 5450 -1 3 1071936 0.63241 -0.35864 107260 34557.8 160244 160183 -1
113 8743 -1 4 -1 0.0744 -0.0907 41192.3 59962.2 -1 -1 1
113 8743 -1 4 268160 0.59735 0.10877 41623.1 60944.5 160266 160245 -1
113 8743 -1 4 -1 0.0744 -0.0907 41192.3 59962.2 -1 -1 1
113 8743 -1 4 268160 0.59735 0.10877 41623.1 60944.5 160266 160245 -1
113 8743 -1 4 -1 0.0744 -0.0907 41192.3 59962.2 -1 -1 1
113 8743 -1 4 268160 0.59735 0.10877 41623.1 60944.5 160266 160245 -1
113 8743 -1 4 -1 0.0744 -0.0907 41192.3 59962.2 -1 -1 1
113 8743 -1 4 268160 0.59735 0.10877 41623.1 60944.5 160266 160245 -1
113 14192 -1 5 -1 0.5297 0.1647 54804.5 39880.8 -1 -1 1
113 14192 -1 5 995 0.03277 0.27512 52511.4 40823.9 160146 160099 -1
113 4761 -1 5 -1 -0.325 -0.7514 75304.8 12624.8 -1 -1 1
113 4761 -1 5 381405 0.53478 -0.27414 76459.5 14764.3 160238 160205 -1
113 7355 4453430 5 -1 0.27039 -0.16136 120405 204946 120026 100007 0
113 7355 -1 5 259357 0.27825 0.16986 119980 47626.6 160197 160191 -1
113 14192 -1 5 -1 0.5297 0.1647 54804.5 39880.8 -1 -1 1
113 14192 -1 5 995 0.03277 0.27512 52511.4 40823.9 160146 160099 -1
113 4761 -1 5 -1 -0.325 -0.7514 75304.8 12624.8 -1 -1 1
113 4761 -1 5 381405 0.53478 -0.27414 76459.5 14764.3 160238 160205 -1
113 7355 4453430 5 -1 0.27039 -0.16136 120405 204946 120026 100007 0
113 7355 -1 5 259357 0.27825 0.16986 119980 47626.6 160197 160191 -1
113 14192 -1 5 -1 0.5297 0.1647 54804.5 39880.8 -1 -1 1
113 14192 -1 5 995 0.03277 0.27512 52511.4 40823.9 160146 160099 -1
113 4761 -1 5 -1 -0.325 -0.7514 75304.8 12624.8 -1 -1 1
113 4761 -1 5 381405 0.53478 -0.27414 76459.5 14764.3 160238 160205 -1
113 7355 4453430 5 -1 0.27039 -0.16136 120405 204946 120026 100007 0
113 7355 -1 5 259357 0.27825 0.16986 119980 47626.6 160197 160191 -1
113 14192 -1 5 -1 0.5297 0.1647 54804.5 39880.8 -1 -1 1
113 14192 -1 5 995 0.03277 0.27512 52511.4 40823.9 160146 160099 -1
113 4761 -1 5 -1 -0.325 -0.7514 75304.8 12624.8 -1 -1 1
113 4761 -1 5 381405 0.53478 -0.27414 76459.5 14764.3 160238 160205 -1
113 7355 4453430 5 -1 0.27039 -0.16136 120405 204946 120026 100007 0
113 7355 -1 5 259357 0.27825 0.16986 119980 47626.6 160197 160191 -1
113 9853 -1 6 -1 -0.058 -0.6576 87471.4 15946.5 -1 -1 1
113 9853 -1 6 801463 0.36526 -0.7481 87125.7 17815.4 160281 160259 -1
113 6662 -1 6 -1 -0.0097 -0.2288 69717 24032.7 -1 -1 1
113 6662 -1 6 404738 -0.01524 -0.07695 70699.7 24504.8 160084 160063 -1
113 9853 -1 6 -1 -0.058 -0.6576 87471.4 15946.5 -1 -1 1
113 9853 -1 6 801463 0.36526 -0.7481 87125.7 17815.4 160281 160259 -1
113 6662 -1 6 -1 -0.0097 -0.2288 69717 24032.7 -1 -1 1
113 6662 -1 6 404738 -0.01524 -0.07695 70699.7 24504.8 160084 160063 -1
113 9853 -1 6 -1 -0.058 -0.6576 87471.4 15946.5 -1 -1 1
113 9853 -1 6 801463 0.36526 -0.7481 87125.7 17815.4 160281 160259 -1
113 6662 -1 6 -1 -0.0097 -0.2288 69717 24032.7 -1 -1 1
113 6662 -1 6 404738 -0.01524 -0.07695 70699.7 24504.8 160084 160063 -1
113 9853 -1 6 -1 -0.058 -0.6576 87471.4 15946.5 -1 -1 1
113 9853 -1 6 801463 0.36526 -0.7481 87125.7 17815.4 160281 160259 -1
113 6662 -1 6 -1 -0.0097 -0.2288 69717 24032.7 -1 -1 1
113 6662 -1 6 404738 -0.01524 -0.07695 70699.7 24504.8 160084 160063 -1
114 8743 -1 4 -1 0.0738 -0.0914 40410 62976.1 -1 -1 1
114 8743 -1 4 69257 -0.136 0.00582 39551.5 62322.3 160083 160080 -1
114 8743 -1 4 -1 0.0738 -0.0914 40410 62976.1 -1 -1 1
114 8743 -1 4 69257 -0.136 0.00582 39551.5 62322.3 160083 160080 -1
114 8743 -1 4 -1 0.0738 -0.0914 40410 62976.1 -1 -1 1
114 8743 -1 4 69257 -0.136 0.00582 39551.5 62322.3 160083 160080 -1
114 8743 -1 4 -1 0.0738 -0.0914 40410 62976.1 -1 -1 1
114 8743 -1 4 69257 -0.136 0.00582 39551.5 62322.3 160083 160080 -1
114 14192 -1 5 -1 0.5299 0.1665 53362.5 41939.6 -1 -1 1
114 14192 -1 5 442235 0.54307 0.24131 55899 39538.4 160200 160161 -1
114 7355 -1 5 -1 0.2712 -0.1605 119183 50233 -1 -1 1
114 7355 -1 5 239261 -0.00627 -0.01252 119643 49668.3 160096 160053 -1
114 14192 -1 5 -1 0.5299 0.1665 53362.5 41939.6 -1 -1 1
114 14192 -1 5 442235 0.54307 0.24131 55899 39538.4 160200 160161 -1
114 7355 -1 5 -1 0.2712 -0.1605 119183 50233 -1 -1 1
114 7355 -1 5 239261 -0.00627 -0.01252 119643 49668.3 160096 160053 -1
114 14192 -1 5 -1 0.5299 0.1665 53362.5 41939.6 -1 -1 1
114 14192 -1 5 442235 0.54307 0.24131 55899 39538.4 160200 160161 -1
114 7355 -1 5 -1 0.2712 -0.1605 119183 50233 -1 -1 1
114 7355 -1 5 239261 -0.00627 -0.01252 119643 49668.3 160096 160053 -1
114 14192 -1 5 -1 0.5299 0.1665 53362.5 41939.6 -1 -1 1
114 14192 -1 5 442235 0.54307 0.24131 55899 39538.4 160200 160161 -1
114 7355 -1 5 -1 0.2712 -0.1605 119183 50233 -1 -1 1
114 7355 -1 5 239261 -0.00627 -0.01252 119643 49668.3 160096 160053 -1
114 6662 -1 6 -1 -0.009 -0.2288 70173.7 27642.2 -1 -1 1
114 6662 -1 6 414204 0.26661 0.53072 69715.5 27540.2 160174 160106 -1
114 6662 -1 6 -1 -0.009 -0.2288 70173.7 27642.2 -1 -1 1
114 6662 -1 6 414204 0.26661 0.53072 69715.5 27540.2 160174 160106 -1
114 6662 -1 6 -1 -0.009 -0.2288 70173.7 27642.2 -1 -1 1
114 6662 -1 6 414204 0.26661 0.53072 69715.5 27540.2 160174 160106 -1
114 6662 -1 6 -1 -0.009 -0.2288 70173.7 27642.2 -1 -1 1
114 6662 -1 6 414204 0.26661 0.53072 69715.5 27540.2 160174 160106 -1
115 620 3711136 4 -1 0.21051 -0.13752 152879 95336.3 80010 120027 0
115 620 -1 4 596727 0.2306 -0.33823 32753.7 17213.9 160134 160133 -1
115 620 3711136 4 -1 0.21051 -0.13752 152879 95336.3 80010 120027 0
115 620 -1 4 596727 0.2306 -0.33823 32753.7 17213.9 160134 160133 -1
115 620 3711136 4 -1 0.21051 -0.13752 152879 95336.3 80010 120027 0
115 620 -1 4 596727 0.2306 -0.33823 32753.7 17213.9 160134 160133 -1
115 620 3711136 4 -1 0.21051 -0.13752 152879 95336.3 80010 120027 0
115 620 -1 4 596727 0.2306 -0.33823 32753.7 17213.9 160134 160133 -1
115 14192 -1 5 -1 0.5303 0.165 53567 39119.5 -1 -1 1
115 14192 -1 5 221915 -0.47819 -0.46369 52877.9 39357.2 160141 160096 -1
115 7355 -1 5 -1 0.2708 -0.1608 119612 47495.2 -1 -1 1
115 7355 -1 5 22377 -0.00337 -0.01246 120293 46807.9 160061 160056 -1
115 14192 -1 5 -1 0.5303 0.165 53567 39119.5 -1 -1 1
115 14192 -1 5 221915 -0.47819 -0.46369 52877.9 39357.2 160141 160096 -1
115 7355 -1 5 -1 0.2708 -0.1608 119612 47495.2 -1 -1 1
115 7355 -1 5 22377 -0.00337 -0.01246 120293 46807.9 160061 160056 -1
115 14192 -1 5 -1 0.5303 0.165 53567 39119.5 -1 -1 1
115 14192 -1 5 221915 -0.47819 -0.46369 52877.9 39357.2 160141 160096 -1
115 7355 -1 5 -1 0.2708 -0.1608 119612 47495.2 -1 -1 1
115 7355 -1 5 22377 -0.00337 -0.01246 120293 46807.9 160061 160056 -1
115 14192 -1 5 -1 0.5303 0.165 53567 39119.5 -1 -1 1
115 14192 -1 5 221915 -0.47819 -0.46369 52877.9 39357.2 160141 160096 -1
115 7355 -1 5 -1 0.2708 -0.1608 119612 47495.2 -1 -1 1
115 7355 -1 5 22377 -0.00337 -0.01246 120293 46807.9 160061 160056 -1
115 15585 5709498 6 -1 -0.05535 -0.33121 169715 173973 120026 140033 0
115 15585 -1 6 172439 -0.50162 0.23425 46728.8 17660.5 160250 160286 -1
115 15585 5709498 6 -1 -0.05535 -0.33121 169715 173973 120026 140033 0
115 15585 -1 6 172439 -0.50162 0.23425 46728.8 17660.5 160250 160286 -1
115 15585 5709498 6 -1 -0.05535 -0.33121 169715 173973 120026 140033 0
115 15585 -1 6 172439 -0.50162 0.23425 46728.8 17660.5 160250 160286 -1
115 15585 5709498 6 -1 -0.05535 -0.33121 169715 173973 120026 140033 0
115 15585 -1 6 172439 -0.50162 0.23425 46728.8 17660.5 160250 160286 -1
116 103 724665 1 -1 0.00562 -0.13969 91334.6 46723.9 120026 150068 0
116 103 -1 1 727082 -0.3213 0.63247 89784.3 47392 160179 160195 -1
116 103 724665 1 -1 0.00562 -0.13969 91334.6 46723.9 120026 150068 0
116 103 -1 1 727082 -0.3213 0.63247 89784.3 47392 160179 160195 -1
116 103 724665 1 -1 0.00562 -0.13969 91334.6 46723.9 120026 150068 0
116 103 -1 1 727082 -0.3213 0.63247 89784.3 47392 160179 160195 -1
116 103 724665 1 -1 0.00562 -0.13969 91334.6 46723.9 120026 150068 0
116 103 -1 1 727082 -0.3213 0.63247 89784.3 47392 160179 160195 -1
116 620 -1 4 -1 0.2111 -0.1366 31273.6 17891.4 -1 -1 1
116 620 -1 4 820222 0.23845 0.10689 31443.3 17452.9 160118 160124 -1
116 620 -1 4 -1 0.2111 -0.1366 31273.6 17891.4 -1 -1 1
116 620 -1 4 820222 0.23845 0.10689 31443.3 17452.9 160118 160124 -1
116 620 -1 4 -1 0.2111 -0.1366 31273.6 17891.4 -1 -1 1
116 620 -1 4 820222 0.23845 0.10689 31443.3 17452.9 160118 160124 -1
116 620 -1 4 -1 0.2111 -0.1366 31273.6 17891.4 -1 -1 1
116 620 -1 4 820222 0.23845 0.10689 31443.3 17452.9 160118 160124 -1
116 6034 9708859 5 -1 -0.07949 -0.42581 89049.6 194652 110025 120029 0
116 6034 -1 5 398707 0.06721 -0.3098 88473.2 34029.8 160172 160115 -1
116 7355 -1 5 -1 0.2717 -0.1585 116782 45641.4 -1 -1 1
116 7355 -1 5 895244 -0.23458 0.58241 116530 46241.4 160121 160119 -1
116 6034 9708859 5 -1 -0.07949 -0.42581 89049.6 194652 110025 120029 0
116 6034 -1 5 398707 0.06721 -0.3098 88473.2 34029.8 160172 160115 -1
116 7355 -1 5 -1 0.2717 -0.1585 116782 45641.4 -1 -1 1
116 7355 -1 5 895244 -0.23458 0.58241 116530 46241.4 160121 160119 -1
116 6034 9708859 5 -1 -0.07949 -0.42581 89049.6 194652 110025 120029 0
116 6034 -1 5 398707 0.06721 -0.3098 88473.2 34029.8 160172 160115 -1
116 7355 -1 5 -1 0.2717 -0.1585 116782 45641.4 -1 -1 1
116 7355 -1 5 895244 -0.23458 0.58241 116530 46241.4 160121 160119 -1
116 6034 9708859 5 -1 -0.07949 -0.42581 89049.6 194652 110025 120029 0
116 6034 -1 5 398707 0.06721 -0.3098 88473.2 34029.8 160172 160115 -1
116 7355 -1 5 -1 0.2717 -0.1585 116782 45641.4 -1 -1 1
116 7355 -1 5 895244 -0.23458 0.58241 116530 46241.4 160121 160119 -1
116 15585 -1 6 -1 -0.0536 -0.3313 48205 14659.3 -1 -1 1
116 15585 -1 6 587109 -0.03681 0.04699 47973.2 14815.2 160104 160100 -1
116 15585 -1 6 -1 -0.0536 -0.3313 48205 14659.3 -1 -1 1
116 15585 -1 6 587109 -0.03681 0.04699 47973.2 14815.2 160104 160100 -1
116 15585 -1 6 -1 -0.0536 -0.3313 48205 14659.3 -1 -1 1
116 15585 -1 6 587109 -0.03681 0.04699 47973.2 14815.2 160104 160100 -1
116 15585 -1 6 -1 -0.0536 -0.3313 48205 14659.3 -1 -1 1
116 15585 -1 6 587109 -0.03681 0.04699 47973.2 14815.2 160104 160100 -1
117 103 -1 1 -1 0.0045 -0.1397 94402.3 47994.8 -1 -1 1
117 103 -1 1 1141181 -0.08324 0.1549 95154.1 48362.4 160143 160110 -1
117 103 -1 1 -1 0.0045 -0.1397 94402.3 47994.8 -1 -1 1
117 103 -1 1 1141181 -0.08324 0.1549 95154.1 48362.4 160143 160110 -1
117 103 -1 1 -1 0.0045 -0.1397 94402.3 47994.8 -1 -1 1
117 103 -1 1 1141181 -0.08324 0.1549 95154.1 48362.4 160143 160110 -1
117 103 -1 1 -1 0.0045 -0.1397 94402.3 47994.8 -1 -1 1
117 103 -1 1 1141181 -0.08324 0.1549 95154.1 48362.4 160143 160110 -1
117 6223 4547031 3 -1 0.02534 -0.03031 88130.5 103865 160064 160080 0
117 6223 -1 3 803534 -0.24865 -0.11078 88753.3 23967.5 160100 160068 -1
117 6223 4547031 3 -1 0.02534 -0.03031 88130.5 103865 160064 160080 0
117 6223 -1 3 803534 -0.24865 -0.11078 88753.3 23967.5 160100 160068 -1
117 6223 4547031 3 -1 0.02534 -0.03031 88130.5 103865 160064 160080 0
117 6223 -1 3 803534 -0.24865 -0.11078 88753.3 23967.5 160100 160068 -1
117 6223 4547031 3 -1 0.02534 -0.03031 88130.5 103865 160064 160080 0
117 6223 -1 3 803534 -0.24865 -0.11078 88753.3 23967.5 160100 160068 -1
117 620 -1 4 -1 0.2104 -0.1375 33058.2 18159.7 -1 -1 1
117 620 -1 4 805090 0.71558 0.05398 35643.1 20689.6 160288 160242 -1
117 620 -1 4 -1 0.2104 -0.1375 33058.2 18159.7 -1 -1 1
117 620 -1 4 805090 0.71558 0.05398 35643.1 20689.6 160288 160242 -1
117 620 -1 4 -1 0.2104 -0.1375 33058.2 18159.7 -1 -1 1
117 620 -1 4 805090 0.71558 0.05398 35643.1 20689.6 160288 160242 -1
117 620 -1 4 -1 0.2104 -0.1375 33058.2 18159.7 -1 -1 1
117 620 -1 4 805090 0.71558 0.05398 35643.1 20689.6 160288 160242 -1
117 6034 -1 5 -1 -0.0838 -0.4251 93777.8 40420.2 -1 -1 1
117 6034 -1 5 1540278 -0.77862 -0.11221 93317.4 40141.5 160213 160182 -1
117 6034 -1 5 -1 -0.0838 -0.4251 93777.8 40420.2 -1 -1 1
117 6034 -1 5 1540278 -0.77862 -0.11221 93317.4 40141.5 160213 160182 -1
117 6034 -1 5 -1 -0.0838 -0.4251 93777.8 40420.2 -1 -1 1
117 6034 -1 5 1540278 -0.77862 -0.11221 93317.4 40141.5 160213 160182 -1
117 6034 -1 5 -1 -0.0838 -0.4251 93777.8 40420.2 -1 -1 1
117 6034 -1 5 1540278 -0.77862 -0.11221 93317.4 40141.5 160213 160182 -1
117 15585 -1 6 -1 -0.0559 -0.3312 50374.5 20899.1 -1 -1 1
117 15585 -1 6 1057158 -0.19772 -0.43382 49724.7 21050.4 160225 160244 -1
117 15585 -1 6 -1 -0.0559 -0.3312 50374.5 20899.1 -1 -1 1
117 15585 -1 6 1057158 -0.19772 -0.43382 49724.7 21050.4 160225 160244 -1
117 15585 -1 6 -1 -0.0559 -0.3312 50374.5 20899.1 -1 -1 1
117 15585 -1 6 1057158 -0.19772 -0.43382 49724.7 21050.4 160225 160244 -1
117 15585 -1 6 -1 -0.0559 -0.3312 50374.5 20899.1 -1 -1 1
117 15585 -1 6 1057158 -0.19772 -0.43382 49724.7 21050.4 160225 160244 -1
118 103 -1 1 -1 0.0057 -0.1398 92627.2 47642.9 -1 -1 1
118 103 -1 1 935381 0.02995 -0.45782 92500.1 49672.9 160202 160159 -1
118 103 -1 1 -1 0.0057 -0.1398 92627.2 47642.9 -1 -1 1
118 103 -1 1 935381 0.02995 -0.45782 92500.1 49672.9 160202 160159 -1
118 103 -1 1 -1 0.0057 -0.1398 92627.2 47642.9 -1 -1 1
118 103 -1 1 935381 0.02995 -0.45782 92500.1 49672.9 160202 160159 -1
118 103 -1 1 -1 0.0057 -0.1398 92627.2 47642.9 -1 -1 1
118 103 -1 1 935381 0.02995 -0.45782 92500.1 49672.9 160202 160159 -1
118 6223 -1 3 -1 0.0256 -0.0301 87719.4 25782.6 -1 -1 1
118 6223 -1 3 182645 -0.01974 -0.04041 86940.2 25411.5 160081 160079 -1
118 6223 -1 3 -1 0.0256 -0.0301 87719.4 25782.6 -1 -1 1
118 6223 -1 3 182645 -0.01974 -0.04041 86940.2 25411.5 160081 160079 -1
118 6223 -1 3 -1 0.0256 -0.0301 87719.4 25782.6 -1 -1 1
118 6223 -1 3 182645 -0.01974 -0.04041 86940.2 25411.5 160081 160079 -1
118 6223 -1 3 -1 0.0256 -0.0301 87719.4 25782.6 -1 -1 1
118 6223 -1 3 182645 -0.01974 -0.04041 86940.2 25411.5 160081 160079 -1
118 4226 3656046 4 -1 0.04516 -0.1711 187938 161072 160070 130036 0
118 4226 -1 4 859533 -0.19372 0.47697 66692.5 82093.2 160292 160253 -1
118 620 -1 4 -1 0.2123 -0.1342 32088.5 19869.5 -1 -1 1
118 620 -1 4 383286 -0.00387 -0.30883 30505.6 17366.9 160233 160177 -1
118 4226 3656046 4 -1 0.04516 -0.1711 187938 161072 160070 130036 0
118 4226 -1 4 859533 -0.19372 0.47697 66692.5 82093.2 160292 160253 -1
118 620 -1 4 -1 0.2123 -0.1342 32088.5 19869.5 -1 -1 1
118 620 -1 4 383286 -0.00387 -0.30883 30505.6 17366.9 160233 160177 -1
118 4226 3656046 4 -1 0.04516 -0.1711 187938 161072 160070 130036 0
118 4226 -1 4 859533 -0.19372 0.47697 66692.5 82093.2 160292 160253 -1
118 620 -1 4 -1 0.2123 -0.1342 32088.5 19869.5 -1 -1 1
118 620 -1 4 383286 -0.00387 -0.30883 30505.6 17366.9 160233 160177 -1
118 4226 3656046 4 -1 0.04516 -0.1711 187938 161072 160070 130036 0
118 4226 -1 4 859533 -0.19372 0.47697 66692.5 82093.2 160292 160253 -1
118 620 -1 4 -1 0.2123 -0.1342 32088.5 19869.5 -1 -1 1
118 620 -1 4 383286 -0.00387 -0.30883 30505.6 17366.9 160233 160177 -1
118 6034 -1 5 -1 -0.0798 -0.4259 91490 37837.8 -1 -1 1
118 6034 -1 5 421145 0.07385 -0.09388 91717.3 35570 160108 160076 -1
118 6034 -1 5 -1 -0.0798 -0.4259 91490 37837.8 -1 -1 1
118 6034 -1 5 421145 0.07385 -0.09388 91717.3 35570 160108 160076 -1
118 6034 -1 5 -1 -0.0798 -0.4259 91490 37837.8 -1 -1 1
118 6034 -1 5 421145 0.07385 -0.09388 91717.3 35570 160108 160076 -1
118 6034 -1 5 -1 -0.0798 -0.4259 91490 37837.8 -1 -1 1
118 6034 -1 5 421145 0.07385 -0.09388 91717.3 35570 160108 160076 -1
118 15585 -1 6 -1 -0.0531 -0.3323 49671.2 18556.7 -1 -1 1
118 15585 -1 6 376503 0.05355 0.03672 50457.7 17788.2 160106 160067 -1
118 15585 -1 6 -1 -0.0531 -0.3323 49671.2 18556.7 -1 -1 1
118 15585 -1 6 376503 0.05355 0.03672 50457.7 17788.2 160106 160067 -1
118 15585 -1 6 -1 -0.0531 -0.3323 49671.2 18556.7 -1 -1 1
118 15585 -1 6 376503 0.05355 0.03672 50457.7 17788.2 160106 160067 -1
118 15585 -1 6 -1 -0.0531 -0.3323 49671.2 18556.7 -1 -1 1
118 15585 -1 6 376503 0.05355 0.03672 50457.7 17788.2 160106 160067 -1
119 103 -1 1 -1 0.0052 -0.1397 94371 48392.4 -1 -1 1
119 103 -1 1 244570 0.09645 0.01469 94938 48978.7 160093 160073 -1
119 103 -1 1 -1 0.0052 -0.1397 94371 48392.4 -1 -1 1
119 103 -1 1 244570 0.09645 0.01469 94938 48978.7 160093 160073 -1
119 103 -1 1 -1 0.0052 -0.1397 94371 48392.4 -1 -1 1
119 103 -1 1 244570 0.09645 0.01469 94938 48978.7 160093 160073 -1
119 103 -1 1 -1 0.0052 -0.1397 94371 48392.4 -1 -1 1
119 103 -1 1 244570 0.09645 0.01469 94938 48978.7 160093 160073 -1
119 6223 -1 3 -1 0.0255 -0.0301 87924.4 26271.7 -1 -1 1
119 6223 -1 3 195306 -0.07555 -0.05858 87463.4 26272.4 160100 160075 -1
119 6223 -1 3 -1 0.0255 -0.0301 87924.4 26271.7 -1 -1 1
119 6223 -1 3 195306 -0.07555 -0.05858 87463.4 26272.4 160100 160075 -1
119 6223 -1 3 -1 0.0255 -0.0301 87924.4 26271.7 -1 -1 1
119 6223 -1 3 195306 -0.07555 -0.05858 87463.4 26272.4 160100 160075 -1
119 6223 -1 3 -1 0.0255 -0.0301 87924.4 26271.7 -1 -1 1
119 6223 -1 3 195306 -0.07555 -0.05858 87463.4 26272.4 160100 160075 -1
119 4226 -1 4 -1 0.0433 -0.1716 70493.4 83512.7 -1 -1 1
119 4226 -1 4 909146 -0.193 0.45745 68766.8 83071 160283 160207 -1
119 4226 -1 4 -1 0.0433 -0.1716 70493.4 83512.7 -1 -1 1
119 4226 -1 4 909146 -0.193 0.45745 68766.8 83071 160283 160207 -1
119 4226 -1 4 -1 0.0433 -0.1716 70493.4 83512.7 -1 -1 1
119 4226 -1 4 909146 -0.193 0.45745 68766.8 83071 160283 160207 -1
119 4226 -1 4 -1 0.0433 -0.1716 70493.4 83512.7 -1 -1 1
119 4226 -1 4 909146 -0.193 0.45745 68766.8 83071 160283 160207 -1
119 6034 -1 5 -1 -0.0813 -0.4246 92851.8 38876.9 -1 -1 1
119 6034 -1 5 438063 0.05821 -0.01978 93195.2 38619 160102 160090 -1
119 6034 -1 5 -1 -0.0813 -0.4246 92851.8 38876.9 -1 -1 1
119 6034 -1 5 438063 0.05821 -0.01978 93195.2 38619 160102 160090 -1
119 6034 -1 5 -1 -0.0813 -0.4246 92851.8 38876.9 -1 -1 1
119 6034 -1 5 438063 0.05821 -0.01978 93195.2 38619 160102 160090 -1
119 6034 -1 5 -1 -0.0813 -0.4246 92851.8 38876.9 -1 -1 1
119 6034 -1 5 438063 0.05821 -0.01978 93195.2 38619 160102 160090 -1
119 4338 5776827 6 -1 0.33976 -0.26931 142559 206298 140035 110029 0
119 4338 -1 6 689323 0.66024 -0.42692 21540.3 49927.2 160281 160196 -1
119 4338 5776827 6 -1 0.33976 -0.26931 142559 206298 140035 110029 0
119 4338 -1 6 689323 0.66024 -0.42692 21540.3 49927.2 160281 160196 -1
119 4338 5776827 6 -1 0.33976 -0.26931 142559 206298 140035 110029 0
119 4338 -1 6 689323 0.66024 -0.42692 21540.3 49927.2 160281 160196 -1
119 4338 5776827 6 -1 0.33976 -0.26931 142559 206298 140035 110029 0
119 4338 -1 6 689323 0.66024 -0.42692 21540.3 49927.2 160281 160196 -1
120 6223 -1 3 -1 0.0256 -0.0301 86441 25947.7 -1 -1 1
120 6223 -1 3 398660 -0.02046 -0.04125 86026.3 26083.4 160109 160081 -1
120 6223 -1 3 -1 0.0256 -0.0301 86441 25947.7 -1 -1 1
120 6223 -1 3 398660 -0.02046 -0.04125 86026.3 26083.4 160109 160081 -1
120 6223 -1 3 -1 0.0256 -0.0301 86441 25947.7 -1 -1 1
120 6223 -1 3 398660 -0.02046 -0.04125 86026.3 26083.4 160109 160081 -1
120 6223 -1 3 -1 0.0256 -0.0301 86441 25947.7 -1 -1 1
120 6223 -1 3 398660 -0.02046 -0.04125 86026.3 26083.4 160109 160081 -1
120 4226 -1 4 -1 0.0453 -0.1708 68050.5 84738.8 -1 -1 1
120 4226 -1 4 98124 -0.26461 -0.09763 67390 84161 160117 160147 -1
120 4226 -1 4 -1 0.0453 -0.1708 68050.5 84738.8 -1 -1 1
120 4226 -1 4 98124 -0.26461 -0.09763 67390 84161 160117 160147 -1
120 4226 -1 4 -1 0.0453 -0.1708 68050.5 84738.8 -1 -1 1
120 4226 -1 4 98124 -0.26461 -0.09763 67390 84161 160117 160147 -1
120 4226 -1 4 -1 0.0453 -0.1708 68050.5 84738.8 -1 -1 1
120 4226 -1 4 98124 -0.26461 -0.09763 67390 84161 160117 160147 -1
120 974 6472538 6 -1 0.10014 -0.47106 203744 163923 120032 100019 0
120 974 -1 6 122360 -0.13034 -0.12343 83496.9 4990.23 160103 160086 -1
120 4338 -1 6 -1 0.3412 -0.267 19394.1 48129 -1 -1 1
120 4338 -1 6 504929 0.68326 -0.42258 17569.9 50066.4 160222 160228 -1
120 974 6472538 6 -1 0.10014 -0.47106 203744 163923 120032 100019 0
120 974 -1 6 122360 -0.13034 -0.12343 83496.9 4990.23 160103 160086 -1
120 4338 -1 6 -1 0.3412 -0.267 19394.1 48129 -1 -1 1
120 4338 -1 6 504929 0.68326 -0.42258 17569.9 50066.4 160222 160228 -1
120 974 6472538 6 -1 0.10014 -0.47106 203744 163923 120032 100019 0
120 974 -1 6 122360 -0.13034 -0.12343 83496.9 4990.23 160103 160086 -1
120 4338 -1 6 -1 0.3412 -0.267 19394.1 48129 -1 -1 1
120 4338 -1 6 504929 0.68326 -0.42258 17569.9 50066.4 160222 160228 -1
120 974 6472538 6 -1 0.10014 -0.47106 203744 163923 120032 100019 0
120 974 -1 6 122360 -0.13034 -0.12343 83496.9 4990.23 160103 160086 -1
120 4338 -1 6 -1 0.3412 -0.267 19394.1 48129 -1 -1 1
120 4338 -1 6 504929 0.68326 -0.42258 17569.9 50066.4 160222 160228 -1
121 5887 1612208 2 -1 0.14418 0.12351 138856 61304.2 110027 140053 0
121 5887 -1 2 1119525 -0.61063 -0.0035 18962.3 61274.5 160204 160201 -1
121 5887 1612208 2 -1 0.14418 0.12351 138856 61304.2 110027 140053 0
121 5887 -1 2 1119525 -0.61063 -0.0035 18962.3 61274.5 160204 160201 -1
121 5887 1612208 2 -1 0.14418 0.12351 138856 61304.2 110027 140053 0
121 5887 -1 2 1119525 -0.61063 -0.0035 18962.3 61274.5 160204 160201 -1
121 5887 1612208 2 -1 0.14418 0.12351 138856 61304.2 110027 140053 0
121 5887 -1 2 1119525 -0.61063 -0.0035 18962.3 61274.5 160204 160201 -1
121 4226 -1 4 -1 0.0428 -0.1717 70380.1 85051.4 -1 -1 1
121 4226 -1 4 513010 -0.28156 -0.09479 69972.3 84417.9 160149 160139 -1
121 974 -1 4 -1 0.0941 -0.4725 85748.7 87332.2 -1 -1 1
121 974 -1 4 1272789 0.55508 -0.25872 85379.9 84692.2 160214 160253 -1
121 4226 -1 4 -1 0.0428 -0.1717 70380.1 85051.4 -1 -1 1
121 4226 -1 4 513010 -0.28156 -0.09479 69972.3 84417.9 160149 160139 -1
121 974 -1 4 -1 0.0941 -0.4725 85748.7 87332.2 -1 -1 1
121 974 -1 4 1272789 0.55508 -0.25872 85379.9 84692.2 160214 160253 -1
121 4226 -1 4 -1 0.0428 -0.1717 70380.1 85051.4 -1 -1 1
121 4226 -1 4 513010 -0.28156 -0.09479 69972.3 84417.9 160149 160139 -1
121 974 -1 4 -1 0.0941 -0.4725 85748.7 87332.2 -1 -1 1
121 974 -1 4 1272789 0.55508 -0.25872 85379.9 84692.2 160214 160253 -1
121 4226 -1 4 -1 0.0428 -0.1717 70380.1 85051.4 -1 -1 1
121 4226 -1 4 513010 -0.28156 -0.09479 69972.3 84417.9 160149 160139 -1
121 974 -1 4 -1 0.0941 -0.4725 85748.7 87332.2 -1 -1 1
121 974 -1 4 1272789 0.55508 -0.25872 85379.9 84692.2 160214 160253 -1
121 4338 -1 6 -1 0.3376 -0.2714 22112.4 49042 -1 -1 1
121 4338 -1 6 257678 -0.78909 -0.05421 23486.4 50051.3 160218 160180 -1
121 4338 -1 6 -1 0.3376 -0.2714 22112.4 49042 -1 -1 1
121 4338 -1 6 257678 -0.78909 -0.05421 23486.4 50051.3 160218 160180 -1
121 4338 -1 6 -1 0.3376 -0.2714 22112.4 49042 -1 -1 1
121 4338 -1 6 257678 -0.78909 -0.05421 23486.4 50051.3 160218 160180 -1
121 4338 -1 6 -1 0.3376 -0.2714 22112.4 49042 -1 -1 1
121 4338 -1 6 257678 -0.78909 -0.05421 23486.4 50051.3 160218 160180 -1
122 5887 -1 2 -1 0.1436 0.1246 14289.6 61899.1 -1 -1 1
122 5887 -1 2 706671 0.04387 0.58134 13851.9 61119.9 160277 160197 -1
122 5887 -1 2 -1 0.1436 0.1246 14289.6 61899.1 -1 -1 1
122 5887 -1 2 706671 0.04387 0.58134 13851.9 61119.9 160277 160197 -1
122 5887 -1 2 -1 0.1436 0.1246 14289.6 61899.1 -1 -1 1
122 5887 -1 2 706671 0.04387 0.58134 13851.9 61119.9 160277 160197 -1
122 5887 -1 2 -1 0.1436 0.1246 14289.6 61899.1 -1 -1 1
122 5887 -1 2 706671 0.04387 0.58134 13851.9 61119.9 160277 160197 -1
122 974 -1 6 -1 0.0961 -0.4728 82535.3 8329.7 -1 -1 1
122 974 -1 6 964209 0.39408 0.34396 84287.1 11289.1 160311 160367 -1
122 4338 -1 6 -1 0.3386 -0.2713 17827.8 51059.3 -1 -1 1
122 4338 -1 6 1126842 -0.72949 0.11681 17944 51632.3 160149 160135 -1
122 974 -1 6 -1 0.0961 -0.4728 82535.3 8329.7 -1 -1 1
122 974 -1 6 964209 0.39408 0.34396 84287.1 11289.1 160311 160367 -1
122 4338 -1 6 -1 0.3386 -0.2713 17827.8 51059.3 -1 -1 1
122 4338 -1 6 1126842 -0.72949 0.11681 17944 51632.3 160149 160135 -1
122 974 -1 6 -1 0.0961 -0.4728 82535.3 8329.7 -1 -1 1
122 974 -1 6 964209 0.39408 0.34396 84287.1 11289.1 160311 160367 -1
122 4338 -1 6 -1 0.3386 -0.2713 17827.8 51059.3 -1 -1 1
122 4338 -1 6 1126842 -0.72949 0.11681 17944 51632.3 160149 160135 -1
122 974 -1 6 -1 0.0961 -0.4728 82535.3 8329.7 -1 -1 1
122 974 -1 6 964209 0.39408 0.34396 84287.1 11289.1 160311 160367 -1
122 4338 -1 6 -1 0.3386 -0.2713 17827.8 51059.3 -1 -1 1
122 4338 -1 6 1126842 -0.72949 0.11681 17944 51632.3 160149 160135 -1
123 5887 -1 2 -1 0.1438 0.1248 15186.9 59646.2 -1 -1 1
123 5887 -1 2 284051 0.02232 0.03609 15024.5 60581.2 160081 160090 -1
123 5887 -1 2 -1 0.1438 0.1248 15186.9 59646.2 -1 -1 1
123 5887 -1 2 284051 0.02232 0.03609 15024.5 60581.2 160081 160090 -1
123 5887 -1 2 -1 0.1438 0.1248 15186.9 59646.2 -1 -1 1
123 5887 -1 2 284051 0.02232 0.03609 15024.5 60581.2 160081 160090 -1
123 5887 -1 2 -1 0.1438 0.1248 15186.9 59646.2 -1 -1 1
123 5887 -1 2 284051 0.02232 0.03609 15024.5 60581.2 160081 160090 -1
123 14777 3313808 3 -1 0.02701 -0.07224 51000.7 114061 160106 160069 0
123 14777 -1 3 2528 0.02701 -0.07224 51699 36472.9 160106 160069 -1
123 5696 3509009 3 -1 0.72579 0.34671 58342.8 102029 110032 100013 0
123 5696 -1 3 608111 -0.07861 -0.28585 59254.5 25369 160156 160111 -1
123 14777 3313808 3 -1 0.02701 -0.07224 51000.7 114061 160106 160069 0
123 14777 -1 3 2528 0.02701 -0.07224 51699 36472.9 160106 160069 -1
123 5696 3509009 3 -1 0.72579 0.34671 58342.8 102029 110032 100013 0
123 5696 -1 3 608111 -0.07861 -0.28585 59254.5 25369 160156 160111 -1
123 14777 3313808 3 -1 0.02701 -0.07224 51000.7 114061 160106 160069 0
123 14777 -1 3 2528 0.02701 -0.07224 51699 36472.9 160106 160069 -1
123 5696 3509009 3 -1 0.72579 0.34671 58342.8 102029 110032 100013 0
123 5696 -1 3 608111 -0.07861 -0.28585 59254.5 25369 160156 160111 -1
123 14777 3313808 3 -1 0.02701 -0.07224 51000.7 114061 160106 160069 0
123 14777 -1 3 2528 0.02701 -0.07224 51699 36472.9 160106 160069 -1
123 5696 3509009 3 -1 0.72579 0.34671 58342.8 102029 110032 100013 0
123 5696 -1 3 608111 -0.07861 -0.28585 59254.5 25369 160156 160111 -1
123 974 -1 4 -1 0.0967 -0.4731 82201.8 86370.6 -1 -1 1
123 974 -1 4 785939 -0.00866 -0.03381 80412.1 86031.3 160090 160067 -1
123 974 -1 4 -1 0.0967 -0.4731 82201.8 86370.6 -1 -1 1
123 974 -1 4 785939 -0.00866 -0.03381 80412.1 86031.3 160090 160067 -1
123 974 -1 4 -1 0.0967 -0.4731 82201.8 86370.6 -1 -1 1
123 974 -1 4 785939 -0.00866 -0.03381 80412.1 86031.3 160090 160067 -1
123 974 -1 4 -1 0.0967 -0.4731 82201.8 86370.6 -1 -1 1
123 974 -1 4 785939 -0.00866 -0.03381 80412.1 86031.3 160090 160067 -1
124 5887 -1 2 -1 0.1425 0.1256 16618 60388.4 -1 -1 1
124 5887 -1 2 904062 0.20454 0.56658 16428.5 60879 160179 160152 -1
124 5887 -1 2 -1 0.1425 0.1256 16618 60388.4 -1 -1 1
124 5887 -1 2 904062 0.20454 0.56658 16428.5 60879 160179 160152 -1
124 5887 -1 2 -1 0.1425 0.1256 16618 60388.4 -1 -1 1
124 5887 -1 2 904062 0.20454 0.56658 16428.5 60879 160179 160152 -1
124 5887 -1 2 -1 0.1425 0.1256 16618 60388.4 -1 -1 1
124 5887 -1 2 904062 0.20454 0.56658 16428.5 60879 160179 160152 -1
124 14777 -1 3 -1 0.027 -0.0722 54170.3 37649.3 -1 -1 1
124 14777 -1 3 1106266 -0.52936 -0.28338 55113.1 38486.9 160196 160178 -1
124 5696 -1 3 -1 0.7235 0.348 59173 24233.5 -1 -1 1
124 5696 -1 3 206395 -0.28877 0.75081 58901.8 24172.4 160232 160246 -1
124 14777 -1 3 -1 0.027 -0.0722 54170.3 37649.3 -1 -1 1
124 14777 -1 3 1106266 -0.52936 -0.28338 55113.1 38486.9 160196 160178 -1
124 5696 -1 3 -1 0.7235 0.348 59173 24233.5 -1 -1 1
124 5696 -1 3 206395 -0.28877 0.75081 58901.8 24172.4 160232 160246 -1
124 14777 -1 3 -1 0.027 -0.0722 54170.3 37649.3 -1 -1 1
124 14777 -1 3 1106266 -0.52936 -0.28338 55113.1 38486.9 160196 160178 -1
124 5696 -1 3 -1 0.7235 0.348 59173 24233.5 -1 -1 1
124 5696 -1 3 206395 -0.28877 0.75081 58901.8 24172.4 160232 160246 -1
124 14777 -1 3 -1 0.027 -0.0722 54170.3 37649.3 -1 -1 1
124 14777 -1 3 1106266 -0.52936 -0.28338 55113.1 38486.9 160196 160178 -1
124 5696 -1 3 -1 0.7235 0.348 59173 24233.5 -1 -1 1
124 5696 -1 3 206395 -0.28877 0.75081 58901.8 24172.4 160232 160246 -1
125 14777 -1 3 -1 0.0269 -0.0723 52441.1 37190.2 -1 -1 1
125 14777 -1 3 886283 -0.36262 0.50587 51458.4 37457.6 160309 160291 -1
125 5696 -1 3 -1 0.7232 0.3464 56849 23419.6 -1 -1 1
125 5696 -1 3 1020821 0.48062 -0.18904 54026.2 23043.5 160181 160178 -1
125 14777 -1 3 -1 0.0269 -0.0723 52441.1 37190.2 -1 -1 1
125 14777 -1 3 886283 -0.36262 0.50587 51458.4 37457.6 160309 160291 -1
125 5696 -1 3 -1 0.7232 0.3464 56849 23419.6 -1 -1 1
125 5696 -1 3 1020821 0.48062 -0.18904 54026.2 23043.5 160181 160178 -1
125 14777 -1 3 -1 0.0269 -0.0723 52441.1 37190.2 -1 -1 1
125 14777 -1 3 886283 -0.36262 0.50587 51458.4 37457.6 160309 160291 -1
125 5696 -1 3 -1 0.7232 0.3464 56849 23419.6 -1 -1 1
125 5696 -1 3 1020821 0.48062 -0.18904 54026.2 23043.5 160181 160178 -1
125 14777 -1 3 -1 0.0269 -0.0723 52441.1 37190.2 -1 -1 1
125 14777 -1 3 886283 -0.36262 0.50587 51458.4 37457.6 160309 160291 -1
125 5696 -1 3 -1 0.7232 0.3464 56849 23419.6 -1 -1 1
125 5696 -1 3 1020821 0.48062 -0.18904 54026.2 23043.5 160181 160178 -1
126 2538 1573190 2 -1 -0.19282 0.20972 147377 59028.9 120034 100027 0
126 2538 -1 2 250503 -0.30656 -0.36643 24118.6 57227.6 160289 160202 -1
126 2538 1573190 2 -1 -0.19282 0.20972 147377 59028.9 120034 100027 0
126 2538 -1 2 250503 -0.30656 -0.36643 24118.6 57227.6 160289 160202 -1
126 2538 1573190 2 -1 -0.19282 0.20972 147377 59028.9 120034 100027 0
126 2538 -1 2 250503 -0.30656 -0.36643 24118.6 57227.6 160289 160202 -1
126 2538 1573190 2 -1 -0.19282 0.20972 147377 59028.9 120034 100027 0
126 2538 -1 2 250503 -0.30656 -0.36643 24118.6 57227.6 160289 160202 -1
126 14777 -1 3 -1 0.0267 -0.0723 52748 36495.7 -1 -1 1
126 14777 -1 3 1847 -0.2618 0.3377 54620.8 37780 160296 160256 -1
126 5696 -1 3 -1 0.7256 0.3405 55319.4 21642.7 -1 -1 1
126 5696 -1 3 186915 0.06744 -0.58308 56161.2 22120.2 160216 160138 -1
126 14777 -1 3 -1 0.0267 -0.0723 52748 36495.7 -1 -1 1
126 14777 -1 3 1847 -0.2618 0.3377 54620.8 37780 160296 160256 -1
126 5696 -1 3 -1 0.7256 0.3405 55319.4 21642.7 -1 -1 1
126 5696 -1 3 186915 0.06744 -0.58308 56161.2 22120.2 160216 160138 -1
126 14777 -1 3 -1 0.0267 -0.0723 52748 36495.7 -1 -1 1
126 14777 -1 3 1847 -0.2618 0.3377 54620.8 37780 160296 160256 -1
126 5696 -1 3 -1 0.7256 0.3405 55319.4 21642.7 -1 -1 1
126 5696 -1 3 186915 0.06744 -0.58308 56161.2 22120.2 160216 160138 -1
126 14777 -1 3 -1 0.0267 -0.0723 52748 36495.7 -1 -1 1
126 14777 -1 3 1847 -0.2618 0.3377 54620.8 37780 160296 160256 -1
126 5696 -1 3 -1 0.7256 0.3405 55319.4 21642.7 -1 -1 1
126 5696 -1 3 186915 0.06744 -0.58308 56161.2 22120.2 160216 160138 -1
126 3226 5624480 5 -1 -0.10788 -0.0973 59578 166456 130041 110017 0
126 3226 -1 5 123541 0.76509 -0.15944 60310.3 8517.88 160267 160232 -1
126 3226 5624480 5 -1 -0.10788 -0.0973 59578 166456 130041 110017 0
126 3226 -1 5 123541 0.76509 -0.15944 60310.3 8517.88 160267 160232 -1
126 3226 5624480 5 -1 -0.10788 -0.0973 59578 166456 130041 110017 0
126 3226 -1 5 123541 0.76509 -0.15944 60310.3 8517.88 160267 160232 -1
126 3226 5624480 5 -1 -0.10788 -0.0973 59578 166456 130041 110017 0
126 3226 -1 5 123541 0.76509 -0.15944 60310.3 8517.88 160267 160232 -1
127 2538 -1 2 -1 -0.1927 0.2097 28876.6 55672.3 -1 -1 1
127 2538 -1 2 1177738 -0.31812 0.30016 29872.4 54910.5 160171 160169 -1
127 2538 -1 2 -1 -0.1927 0.2097 28876.6 55672.3 -1 -1 1
127 2538 -1 2 1177738 -0.31812 0.30016 29872.4 54910.5 160171 160169 -1
127 2538 -1 2 -1 -0.1927 0.2097 28876.6 55672.3 -1 -1 1
127 2538 -1 2 1177738 -0.31812 0.30016 29872.4 54910.5 160171 160169 -1
127 2538 -1 2 -1 -0.1927 0.2097 28876.6 55672.3 -1 -1 1
127 2538 -1 2 1177738 -0.31812 0.30016 29872.4 54910.5 160171 160169 -1
127 3226 -1 5 -1 -0.1081 -0.097 62116.6 4103.2 -1 -1 1
127 3226 -1 5 99723 0.21262 -0.12519 62306.2 3011.37 160208 160136 -1
127 3226 -1 5 -1 -0.1081 -0.097 62116.6 4103.2 -1 -1 1
127 3226 -1 5 99723 0.21262 -0.12519 62306.2 3011.37 160208 160136 -1
127 3226 -1 5 -1 -0.1081 -0.097 62116.6 4103.2 -1 -1 1
127 3226 -1 5 99723 0.21262 -0.12519 62306.2 3011.37 160208 160136 -1
127 3226 -1 5 -1 -0.1081 -0.097 62116.6 4103.2 -1 -1 1
127 3226 -1 5 99723 0.21262 -0.12519 62306.2 3011.37 160208 160136 -1
128 2538 -1 2 -1 -0.1949 0.208 27314.5 55166.1 -1 -1 1
128 2538 -1 2 504614 0.1254 0.04785 26879.8 56160.7 160137 160133 -1
128 2538 -1 2 -1 -0.1949 0.208 27314.5 55166.1 -1 -1 1
128 2538 -1 2 504614 0.1254 0.04785 26879.8 56160.7 160137 160133 -1
128 2538 -1 2 -1 -0.1949 0.208 27314.5 55166.1 -1 -1 1
128 2538 -1 2 504614 0.1254 0.04785 26879.8 56160.7 160137 160133 -1
128 2538 -1 2 -1 -0.1949 0.208 27314.5 55166.1 -1 -1 1
128 2538 -1 2 504614 0.1254 0.04785 26879.8 56160.7 160137 160133 -1
128 3226 -1 3 -1 -0.1078 -0.0974 59002.1 85475.7 -1 -1 1
128 3226 -1 3 603244 0.30906 0.53896 57286.1 85208.7 160313 160295 -1
128 3226 -1 3 -1 -0.1078 -0.0974 59002.1 85475.7 -1 -1 1
128 3226 -1 3 603244 0.30906 0.53896 57286.1 85208.7 160313 160295 -1
128 3226 -1 3 -1 -0.1078 -0.0974 59002.1 85475.7 -1 -1 1
128 3226 -1 3 603244 0.30906 0.53896 57286.1 85208.7 160313 160295 -1
128 3226 -1 3 -1 -0.1078 -0.0974 59002.1 85475.7 -1 -1 1
128 3226 -1 3 603244 0.30906 0.53896 57286.1 85208.7 160313 160295 -1
129 2538 -1 2 -1 -0.1981 0.2054 29483.7 55622.3 -1 -1 1
129 2538 -1 2 242168 -0.30541 -0.25474 27874.7 56757.1 160108 160139 -1
129 2538 -1 2 -1 -0.1981 0.2054 29483.7 55622.3 -1 -1 1
129 2538 -1 2 242168 -0.30541 -0.25474 27874.7 56757.1 160108 160139 -1
129 2538 -1 2 -1 -0.1981 0.2054 29483.7 55622.3 -1 -1 1
129 2538 -1 2 242168 -0.30541 -0.25474 27874.7 56757.1 160108 160139 -1
129 2538 -1 2 -1 -0.1981 0.2054 29483.7 55622.3 -1 -1 1
129 2538 -1 2 242168 -0.30541 -0.25474 27874.7 56757.1 160108 160139 -1
129 3226 -1 3 -1 -0.1072 -0.0981 60859.1 85689.3 -1 -1 1
129 3226 -1 3 338527 0.03593 0.01691 61050.6 85785.6 160073 160104 -1
129 10482 3271661 3 -1 -0.38115 -0.18399 89857.5 105788 90014 110030 0
129 10482 -1 3 420748 0.25586 -0.18582 90898.6 27753.5 160153 160147 -1
129 3226 -1 3 -1 -0.1072 -0.0981 60859.1 85689.3 -1 -1 1
129 3226 -1 3 338527 0.03593 0.01691 61050.6 85785.6 160073 160104 -1
129 10482 3271661 3 -1 -0.38115 -0.18399 89857.5 105788 90014 110030 0
129 10482 -1 3 420748 0.25586 -0.18582 90898.6 27753.5 160153 160147 -1
129 3226 -1 3 -1 -0.1072 -0.0981 60859.1 85689.3 -1 -1 1
129 3226 -1 3 338527 0.03593 0.01691 61050.6 85785.6 160073 160104 -1
129 10482 3271661 3 -1 -0.38115 -0.18399 89857.5 105788 90014 110030 0
129 10482 -1 3 420748 0.25586 -0.18582 90898.6 27753.5 160153 160147 -1
129 3226 -1 3 -1 -0.1072 -0.0981 60859.1 85689.3 -1 -1 1
129 3226 -1 3 338527 0.03593 0.01691 61050.6 85785.6 160073 160104 -1
129 10482 3271661 3 -1 -0.38115 -0.18399 89857.5 105788 90014 110030 0
129 10482 -1 3 420748 0.25586 -0.18582 90898.6 27753.5 160153 160147 -1
130 10482 -1 3 -1 -0.3817 -0.1817 93774.8 28776 -1 -1 1
130 10482 -1 3 620879 -0.02591 -0.04109 93984.7 27994.1 160055 160085 -1
130 10482 -1 3 -1 -0.3817 -0.1817 93774.8 28776 -1 -1 1
130 10482 -1 3 620879 -0.02591 -0.04109 93984.7 27994.1 160055 160085 -1
130 10482 -1 3 -1 -0.3817 -0.1817 93774.8 28776 -1 -1 1
130 10482 -1 3 620879 -0.02591 -0.04109 93984.7 27994.1 160055 160085 -1
130 10482 -1 3 -1 -0.3817 -0.1817 93774.8 28776 -1 -1 1
130 10482 -1 3 620879 -0.02591 -0.04109 93984.7 27994.1 160055 160085 -1
131 10482 -1 3 -1 -0.3829 -0.1785 93236.7 29450.4 -1 -1 1
131 10482 -1 3 425546 0.73298 0.3893 95377.3 31693.6 160275 160235 -1
131 10482 -1 3 -1 -0.3829 -0.1785 93236.7 29450.4 -1 -1 1
131 10482 -1 3 425546 0.73298 0.3893 95377.3 31693.6 160275 160235 -1
131 10482 -1 3 -1 -0.3829 -0.1785 93236.7 29450.4 -1 -1 1
131 10482 -1 3 425546 0.73298 0.3893 95377.3 31693.6 160275 160235 -1
131 10482 -1 3 -1 -0.3829 -0.1785 93236.7 29450.4 -1 -1 1
131 10482 -1 3 425546 0.73298 0.3893 95377.3 31693.6 160275 160235 -1
132 10482 -1 3 -1 -0.3828 -0.1781 96064.4 32140.7 -1 -1 1
132 10482 -1 3 862838 0.40477 0.65308 95640.6 31020.5 160163 160205 -1
132 10482 -1 3 -1 -0.3828 -0.1781 96064.4 32140.7 -1 -1 1
132 10482 -1 3 862838 0.40477 0.65308 95640.6 31020.5 160163 160205 -1
132 10482 -1 3 -1 -0.3828 -0.1781 96064.4 32140.7 -1 -1 1
132 10482 -1 3 862838 0.40477 0.65308 95640.6 31020.5 160163 160205 -1
132 10482 -1 3 -1 -0.3828 -0.1781 96064.4 32140.7 -1 -1 1
132 10482 -1 3 862838 0.40477 0.65308 95640.6 31020.5 160163 160205 -1
