16 14570 1119925 2 -1 -0.12161 -0.17973 150467 46455.4 130041 120025 0
16 14570 -1 2 695834 -1.99979 -1.91388 103449 492.67 100013 90007 -1
17 14570 -1 2 -1 -0.1175 -0.1829 30426.8 42068.7 -1 -1 1
17 14570 -1 2 456963 0.036 -0.57947 28564.4 43918.5 160115 160099 -1
17 15747 4606744 5 -1 0.7129 0.07676 66535 183806 110014 80004 0
17 15747 -1 5 418314 0.98944 -1.53388 2690.13 28597.4 120083 80002 -1
18 14570 -1 2 -1 -0.1204 -0.1809 28170.9 44232.1 -1 -1 1
18 14570 -1 2 16422 0.09267 0.03199 28789.3 44129.5 160061 160050 -1
18 13049 2534833 3 -1 0.29112 0.31942 92793.3 156039 110017 110013 0
18 13049 -1 3 99533 0.13921 -0.97828 14052.5 71451.9 110027 100021 -1
18 15747 -1 5 -1 0.7128 0.0716 64897.1 30345.4 -1 -1 1
18 15747 -1 5 1052433 0.3629 0.68801 64665.7 29897.2 160255 160284 -1
19 14570 -1 2 -1 -0.117 -0.1828 29211.4 44254.7 -1 -1 1
19 14570 -1 2 459570 -0.22607 -0.69618 31979.2 44123.1 160250 160235 -1
19 13049 -1 3 -1 0.2887 0.3215 93386.1 77851.3 -1 -1 1
19 13049 -1 3 1146026 -0.31851 -0.25108 93029.8 77641.8 160134 160136 -1
19 1626 2508661 3 -1 0.00723 -0.30608 87761.1 144129 90010 120029 0
19 1626 -1 3 83843 -0.05661 -1.11702 60394.8 66806.1 110011 80008 -1
19 15747 -1 5 -1 0.7121 0.0796 62712.1 29273.7 -1 -1 1
19 15747 -1 5 415917 0.35478 0.66614 62807 28333.5 160262 160247 -1
19 9355 5052538 5 -1 -0.02552 -0.03721 55541.6 181851 160068 140042 0
19 9355 -1 5 1071491 -5.13059 -2.51835 25279.6 26378.7 80002 80006 -1
20 2472 2025562 1 -1 0.07163 -0.66531 119972 60449.5 80003 80005 0
20 2472 -1 1 6411589 -0.01175 -0.68255 120418 61128.1 160218 160208 -1
20 13049 -1 3 -1 0.2956 0.3175 93927.2 76130.4 -1 -1 1
20 13049 -1 3 97494 -0.12817 -0.12958 93063.1 77040.5 160157 160090 -1
20 1626 -1 3 -1 -0.0019 -0.3065 90710.3 67446.5 -1 -1 1
20 1626 -1 3 1007639 0.19439 -0.45487 89641.2 64863.6 160254 160209 -1
20 18354 10596831 5 -1 -0.56332 -0.20357 60514.1 198375 110023 100020 0
20 18354 -1 5 1439766 0 0 0 0 -1 -1 -1
20 15747 -1 5 -1 0.711 0.0788 61306.4 29846.5 -1 -1 1
20 15747 -1 5 853305 0.31742 0.68203 62700.4 26883.3 160207 160242 -1
20 9355 -1 5 -1 -0.026 -0.0369 58041.2 28333.1 -1 -1 1
20 9355 -1 5 196051 0.05654 0.01435 55228.6 28965.4 160063 160061 -1
21 2472 -1 1 -1 0.0644 -0.6656 118010 57612.1 -1 -1 1
21 2472 -1 1 265833 -0.02751 -0.3798 118182 57250.6 160146 160122 -1
21 7628 1352360 2 -1 -0.27037 -0.10905 164206 46745.8 120024 100012 0
21 7628 -1 2 30909 -0.71361 2.37618 63237.3 48180.9 90007 110010 -1
21 13049 -1 3 -1 0.2878 0.3227 89530.7 75950.6 -1 -1 1
21 13049 -1 3 305889 0.08941 -0.03668 90918.2 73535.5 160066 160070 -1
21 1626 -1 3 -1 0.0047 -0.3061 86717.3 67722.7 -1 -1 1
21 1626 -1 3 1145914 0.36349 -0.27488 84142.5 68976.1 160178 160180 -1
21 18354 -1 5 -1 -0.5634 -0.2041 58916.9 40471.7 -1 -1 1
21 18354 -1 5 221487 0.045 -0.02852 58466.6 40714.7 160071 160051 -1
21 9355 -1 5 -1 -0.0259 -0.0371 55677.6 26396.6 -1 -1 1
21 9355 -1 5 416067 0.07643 -0.03184 55367.8 26805.9 160076 160050 -1
22 10749 9746 1 -1 0.30587 0.28126 99952.3 44634.6 120017 90006 0
22 10749 -1 1 9744 -0.53746 0.21471 99832.2 44624.7 160177 160157 -1
22 2472 -1 1 -1 0.0649 -0.6663 121546 63856 -1 -1 1
22 2472 -1 1 277214 0.21878 -0.52451 121692 61357.1 160276 160284 -1
22 7628 -1 2 -1 -0.2692 -0.1121 49077.8 50799.6 -1 -1 1
22 7628 -1 2 250413 -0.0831 -0.00273 49675.8 49477.1 160075 160083 -1
22 1628 2819517 3 -1 -0.30395 0.20251 110374 103025 90006 110019 0
22 1628 -1 3 619451 1.35346 -0.87215 96881.4 26203.5 110008 90009 -1
22 7873 2557714 3 -1 0.11604 0.30283 110150 87631.3 130031 120021 0
22 7873 -1 3 127160 -0.75757 1.09937 70959.1 5447.53 100017 90010 -1
22 1626 -1 3 -1 -0.004 -0.3064 93428.9 71085.5 -1 -1 1
22 1626 -1 3 75194 0.15525 -0.34901 94289 70796.5 160214 160159 -1
22 18354 -1 5 -1 -0.5654 -0.1951 66714.6 44957.8 -1 -1 1
22 18354 -1 5 905563 0.63804 0.41823 65305.6 46014.2 160154 160166 -1
22 9355 -1 5 -1 -0.0265 -0.0366 62001.7 30550.9 -1 -1 1
22 9355 -1 5 195489 0.0747 -0.04399 61466.3 30963.6 160072 160068 -1
23 10749 -1 1 -1 0.3048 0.2827 99102.9 40932.2 -1 -1 1
23 10749 -1 1 26510 0.25959 -0.20661 99145.4 41276 160307 160301 -1
23 2472 -1 1 -1 0.0686 -0.6721 120828 61029.6 -1 -1 1
23 2472 -1 1 970405 -0.10939 -0.09567 121479 60924.7 160119 160092 -1
23 7873 -1 1 -1 0.115 0.303 109315 83930.8 -1 -1 1
23 7873 -1 1 594180 -0.03827 -0.06365 108976 84738.9 160107 160096 -1
23 7628 -1 2 -1 -0.2685 -0.1129 47192.7 48013.3 -1 -1 1
23 7628 -1 2 235491 -0.54482 -0.08509 45676.1 46758.4 160243 160215 -1
23 9686 2486684 2 -1 -0.72899 -0.63201 138597 48896.3 70005 70005 0
23 9686 -1 2 257275 0.96229 0.84901 77372.2 55918.6 110027 120021 -1
23 1628 -1 3 -1 -0.3037 0.2029 109299 20891.2 -1 -1 1
23 1628 -1 3 812612 0.38127 -0.15921 109111 21554.1 160140 160178 -1
23 18354 -1 5 -1 -0.5647 -0.1983 64536.1 42529.4 -1 -1 1
23 18354 -1 5 36968 -0.04915 0.49377 64173.2 44378.6 160257 160250 -1
23 4924 7016655 5 -1 -0.61277 0.27561 105642 172637 110027 110040 0
23 4924 -1 5 738022 0.50187 -1.09077 81797.1 10393 120034 110037 -1
24 10749 -1 1 -1 0.3011 0.2853 96596.6 42148.1 -1 -1 1
24 10749 -1 1 448945 -0.41845 -0.34328 95863.6 42634.4 160248 160245 -1
24 7628 -1 2 -1 -0.2692 -0.1139 46412 51484.8 -1 -1 1
24 7628 -1 2 942562 -0.70659 0.25424 43726.4 50086.1 160275 160263 -1
24 9686 -1 2 -1 -0.7217 -0.6412 18228.2 53282.9 -1 -1 1
24 9686 -1 2 43816 -0.00418 0.04699 19121.5 51588.9 160065 160061 -1
24 1628 -1 3 -1 -0.305 0.2008 108154 23549.3 -1 -1 1
24 1628 -1 3 403035 -0.13757 0.13988 107551 22378.5 160064 160062 -1
24 7873 -1 3 -1 0.1136 0.3037 106293 7741.9 -1 -1 1
24 7873 -1 3 137642 -0.04818 -0.48453 106290 6495.62 160089 160112 -1
24 9003 4435061 5 -1 -0.48788 -0.39008 97861.6 204421 90012 100007 0
24 9003 -1 5 915470 0.66675 1.74649 112309 49236.7 110019 120017 -1
24 4924 -1 5 -1 -0.6141 0.27 104171 18161.5 -1 -1 1
24 4924 -1 5 163304 -0.06231 0.20803 104241 18148.7 160154 160140 -1
24 10708 5677740 6 -1 0.15481 -0.23522 185103 167653 140037 110017 0
24 10708 -1 6 384366 -0.15398 -1.31494 50664.8 12988.8 90008 90006 -1
24 5024 5688382 6 -1 0.1263 0.25084 183321 176806 90006 100014 0
24 5024 -1 6 407172 -0.09727 -0.94886 56153.6 25454.8 80004 100007 -1
25 10749 -1 1 -1 0.304 0.2806 97390.7 42184.8 -1 -1 1
25 10749 -1 1 234703 -0.05715 0.02401 99545.3 42454.6 160079 160073 -1
25 9686 -1 2 -1 -0.7199 -0.6429 20036.8 53491.9 -1 -1 1
25 9686 -1 2 952503 -0.03203 -0.72374 22154.6 54036.1 160278 160276 -1
25 1628 -1 3 -1 -0.3026 0.2056 110602 23022 -1 -1 1
25 1628 -1 3 183374 0.27051 0.12158 110108 21337.9 160104 160118 -1
25 7873 -1 3 -1 0.1181 0.3024 108182 7156.4 -1 -1 1
25 7873 -1 3 375647 -0.04727 -0.06807 107426 7869.38 160069 160072 -1
25 3045 2423257 3 -1 -0.12317 0.39223 117204 117199 90011 110016 0
25 3045 -1 3 215944 -0.05675 1.63698 118632 37206.8 90008 100014 -1
25 9003 -1 5 -1 -0.4936 -0.3828 101628 49731.5 -1 -1 1
25 9003 -1 5 18509 0.24067 0.11342 101393 49594.2 160188 160154 -1
25 4924 -1 5 -1 -0.6119 0.2767 107805 18546.2 -1 -1 1
25 4924 -1 5 392922 0.00521 0.21073 110725 19785.1 160051 160081 -1
25 10708 -1 6 -1 0.1513 -0.2375 67772 11570.7 -1 -1 1
25 10708 -1 6 758101 0.37332 -0.47385 68194 10788.7 160172 160184 -1
25 5024 -1 6 -1 0.1299 0.2493 66143.2 20350.7 -1 -1 1
25 5024 -1 6 183678 -0.02059 -0.0661 67794.8 22872.7 160078 160070 -1
26 9686 -1 2 -1 -0.7225 -0.6382 20920 53384.3 -1 -1 1
26 9686 -1 2 38352 0.00423 0.00375 20190.5 52244 160086 160084 -1
26 17578 2602115 3 -1 0.38665 -0.2239 99201.3 94582.1 100010 140028 0
26 17578 -1 3 747890 -0.52878 3.23824 114118 12591 90007 70002 -1
26 3045 -1 3 -1 -0.1244 0.3919 115452 36898 -1 -1 1
26 3045 -1 3 215917 0.02361 -0.10697 113105 39860.5 160052 160046 -1
26 4815 3395588 4 -1 -0.172 0.20141 164381 146897 120039 110016 0
26 4815 -1 4 1043977 -0.33159 3.2331 23098.4 70278.1 100011 90005 -1
26 9003 -1 5 -1 -0.4924 -0.3829 100917 48896.2 -1 -1 1
26 9003 -1 5 240852 -0.45934 -0.53374 101828 49875.7 160183 160217 -1
26 4924 -1 5 -1 -0.6128 0.2749 107512 15995 -1 -1 1
26 4924 -1 5 391398 0.1309 -0.49092 106983 16461.5 160136 160162 -1
26 10708 -1 6 -1 0.1517 -0.2385 64322.3 10690.3 -1 -1 1
26 10708 -1 6 151037 0.36888 0.141 63847 11029.9 160120 160157 -1
26 5024 -1 6 -1 0.1294 0.2481 62740.5 18209.3 -1 -1 1
26 5024 -1 6 391344 -0.03301 -0.00613 62497.9 17558.8 160078 160062 -1
27 2255 1463922 2 -1 -0.09727 0.32648 203302 82709.6 160188 160186 0
27 2255 -1 2 106467 0.43026 0.54083 113560 -2962.96 80006 100012 -1
27 7377 1454077 2 -1 0.05993 0.23856 190747 80648.8 120032 100012 0
27 7377 -1 2 108112 -1.45534 0.24056 102801 -3469.44 90010 100009 -1
27 17578 -1 3 -1 0.385 -0.2271 99984.6 19497 -1 -1 1
27 17578 -1 3 392419 -0.01819 -0.06994 101174 19580.9 160077 160058 -1
27 3045 -1 3 -1 -0.1216 0.3926 117193 38511.6 -1 -1 1
27 3045 -1 3 437113 0.03609 -0.00385 115166 40673.7 160082 160069 -1
27 4815 -1 4 -1 -0.1726 0.2005 44717.9 71048 -1 -1 1
27 4815 -1 4 78149 0.03659 -0.16229 43486.4 72515.5 160038 160039 -1
27 9003 -1 5 -1 -0.4962 -0.3794 103844 45932.1 -1 -1 1
27 9003 -1 5 228729 0.23793 -0.48398 103083 43956.2 160106 160156 -1
27 10708 -1 6 -1 0.1506 -0.2373 66227.4 10780.2 -1 -1 1
27 10708 -1 6 787667 0.36712 -0.44968 65920.2 10750.5 160178 160154 -1
27 5024 -1 6 -1 0.131 0.2486 64691.8 17901.2 -1 -1 1
27 5024 -1 6 164521 -0.00829 -0.05028 64268.5 15548.4 160050 160068 -1
28 13637 332459 1 -1 1.25178 0.20985 73755.2 83424.8 100016 90005 0
28 13637 -1 1 1264066 0 0 0 0 -1 -1 -1
28 385 1406226 2 -1 0.57027 -0.10994 169858 74399.4 100009 110017 0
28 385 -1 2 104052 -1.96461 -0.0766 78998.4 80681.3 90006 100011 -1
28 2255 -1 2 -1 -0.1019 0.3248 82549.6 80997.6 -1 -1 1
28 2255 -1 2 103318 -0.0582 0.33307 82523 80955.8 160230 160225 -1
28 7377 -1 2 -1 0.0568 0.2394 69585.3 78998.4 -1 -1 1
28 7377 -1 2 526349 0.34953 0.30313 67645.2 80143.1 160267 160236 -1
28 13734 2622510 3 -1 -0.2469 0.34411 88879.7 108696 100013 80003 0
28 13734 -1 3 880772 -0.26263 2.60194 97884.7 27857.7 100017 100012 -1
28 17578 -1 3 -1 0.3859 -0.2246 98099.9 17576.3 -1 -1 1
28 17578 -1 3 601291 -0.58663 -0.2102 100888 19494.8 160159 160121 -1
28 3045 -1 3 -1 -0.1236 0.3915 116659 34878.4 -1 -1 1
28 3045 -1 3 422760 0.34846 0.22078 116756 34747.1 160225 160196 -1
28 15598 3654821 4 -1 -0.11446 -0.25396 189788 154430 130046 130025 0
28 15598 -1 4 1239403 0 0 0 0 -1 -1 -1
28 4815 -1 4 -1 -0.1716 0.2012 44141.7 67813.6 -1 -1 1
28 4815 -1 4 1129013 -0.41594 0.356 44376.5 67596.3 160204 160223 -1
29 13637 -1 1 -1 1.2499 0.2234 73622.6 82763.6 -1 -1 1
29 13637 -1 1 1144606 0.64244 -0.00041 75007.2 80725.6 160190 160225 -1
29 385 -1 2 -1 0.572 -0.1021 49589.1 75081.4 -1 -1 1
29 385 -1 2 1117845 -0.43885 -0.62619 52129.7 72954.1 160189 160192 -1
29 2255 -1 2 -1 -0.1018 0.325 83266.6 81037.9 -1 -1 1
29 2255 -1 2 1139215 0.08563 0.39399 83156.2 80970.6 160248 160240 -1
29 7377 -1 2 -1 0.0568 0.2394 70169.1 79109.1 -1 -1 1
29 7377 -1 2 313877 -0.28927 0.19044 68499.3 79232.6 160153 160130 -1
29 13734 -1 3 -1 -0.2483 0.3432 89399 30861.7 -1 -1 1
29 13734 -1 3 635053 0.52819 -0.34516 89283.3 30343.6 160190 160148 -1
29 17578 -1 3 -1 0.3864 -0.2259 97717.4 18247.3 -1 -1 1
29 17578 -1 3 796596 0.62181 0.22273 96388.3 18774.8 160157 160171 -1
29 15598 -1 4 -1 -0.1126 -0.255 69239.9 78198.3 -1 -1 1
29 15598 -1 4 89970 -0.043 -0.02122 66811.7 76028.2 160061 160064 -1
29 4815 -1 4 -1 -0.1715 0.2012 44840 69004.9 -1 -1 1
29 4815 -1 4 79199 -0.2554 -0.15204 46801.6 67429.5 160144 160123 -1
29 3583 4435768 5 -1 0.38108 0.58117 86568.6 203818 110014 110017 0
29 3583 -1 5 25341 2.02482 1.9215 76953.6 47276.7 110014 90011 -1
30 385 -1 2 -1 0.5715 -0.1037 48319.1 77259.2 -1 -1 1
30 385 -1 2 278985 -0.74399 -0.17979 51031.9 75401.6 160168 160120 -1
30 2255 -1 2 -1 -0.1004 0.3263 83660.7 82023 -1 -1 1
30 2255 -1 2 544952 -0.04808 -0.13857 83562.2 81248.6 160063 160071 -1
30 7377 -1 2 -1 0.0571 0.2395 70140.6 80375.4 -1 -1 1
30 7377 -1 2 531152 -0.10869 0.00842 70372.7 79966.5 160143 160122 -1
30 10860 2905741 3 -1 -0.22353 0.03088 63779.4 138146 110019 120022 0
30 10860 -1 3 1173690 -0.83334 -1.40667 84755.5 73267.5 100012 90027 -1
30 13637 -1 3 -1 1.2515 0.2155 70576.6 6281.8 -1 -1 1
30 13637 -1 3 555599 0.33846 0.46276 70072.2 6379.74 160287 160261 -1
30 13734 -1 3 -1 -0.2491 0.3428 90419.4 31285.2 -1 -1 1
30 13734 -1 3 645296 0.5914 0.34355 88589 26385.5 160356 160303 -1
30 2638 2997919 3 -1 0.13723 -0.28259 86762.8 88087.1 110024 90014 0
30 2638 -1 3 348654 0.10649 -0.34306 76249.6 8330.77 100017 130050 -1
30 10398 3806542 4 -1 -0.09599 -0.16288 185807 129975 130023 140047 0
30 10398 -1 4 265023 0.73314 -0.07128 91492.4 54191.1 120021 110020 -1
30 15598 -1 4 -1 -0.1096 -0.2557 70626.9 78743.9 -1 -1 1
30 15598 -1 4 1251452 -0.5083 0.11799 71459.2 79119.7 160185 160211 -1
30 3583 -1 5 -1 0.3844 0.5787 86263.4 49400.5 -1 -1 1
30 3583 -1 5 249206 -0.20967 0.03195 85143.1 48850.4 160084 160071 -1
31 13637 -1 1 -1 1.2529 0.2121 69657.2 82342.9 -1 -1 1
31 13637 -1 1 324021 -0.24975 0.25266 70108.9 82332.9 160193 160124 -1
31 385 -1 2 -1 0.5713 -0.1013 46936 74955.1 -1 -1 1
31 385 -1 2 1148554 -0.37431 0.38076 47876.2 74950.1 160240 160181 -1
31 10860 -1 3 -1 -0.2237 0.0298 61667.4 57967.3 -1 -1 1
31 10860 -1 3 493827 -0.62873 0.02427 62378.5 58413 160179 160164 -1
31 13734 -1 3 -1 -0.2474 0.3444 89080.4 29764.8 -1 -1 1
31 13734 -1 3 414326 -0.09864 -0.06127 88133.8 29098.9 160069 160048 -1
31 2638 -1 3 -1 0.1387 -0.2825 84594.8 8270.2 -1 -1 1
31 2638 -1 3 582170 -0.51731 0.54501 82225.8 7437.06 160238 160158 -1
31 10398 -1 4 -1 -0.0931 -0.1646 63765.9 50477.9 -1 -1 1
31 10398 -1 4 42620 0.0862 0.07251 61596.9 51446.2 160132 160139 -1
31 15598 -1 4 -1 -0.1101 -0.2555 69127.4 78293.1 -1 -1 1
31 15598 -1 4 529386 -0.35347 0.02906 69619.1 77517.2 160124 160089 -1
31 4376 3423482 4 -1 0.07938 0.05073 202511 148713 140031 150040 0
31 4376 -1 4 296283 -0.38584 2.10657 45975.4 70692.1 90007 90007 -1
31 3583 -1 5 -1 0.3823 0.5803 85671.2 44710.9 -1 -1 1
31 3583 -1 5 231365 -0.44734 -0.37277 85149.2 45592.5 160098 160116 -1
32 10860 -1 3 -1 -0.223 0.0325 64352.4 60362.8 -1 -1 1
32 10860 -1 3 494174 -0.68863 0.17153 63605.5 59546.9 160219 160214 -1
32 2638 -1 3 -1 0.1353 -0.2826 85791.2 11247.9 -1 -1 1
32 2638 -1 3 151878 -0.11054 0.00022 86742.4 11844.2 160064 160056 -1
32 10398 -1 4 -1 -0.0947 -0.1634 64769.5 53926.7 -1 -1 1
32 10398 -1 4 257022 0.08186 0.07715 62133.3 54147.4 160158 160148 -1
32 4926 3399493 4 -1 -0.00024 -0.41783 209418 147765 110023 110025 0
32 4926 -1 4 687370 -0.40903 2.49642 42619.2 77779.6 120018 110022 -1
32 4376 -1 4 -1 0.079 0.0512 81237.3 74555.4 -1 -1 1
32 4376 -1 4 1162658 -0.16695 -0.38939 82670.2 73396.1 160262 160175 -1
32 3583 -1 5 -1 0.3854 0.5794 85027 47149.9 -1 -1 1
32 3583 -1 5 926237 0.08269 -0.39609 84341.7 46519.8 160269 160271 -1
33 10860 -1 3 -1 -0.2235 0.0288 66343 56774.1 -1 -1 1
33 10860 -1 3 275156 -0.08324 0.06981 67683.6 54113.1 160060 160040 -1
33 2638 -1 3 -1 0.1394 -0.2807 88194.1 8285.6 -1 -1 1
33 2638 -1 3 146654 -0.00764 -0.16952 87808 7829.38 160102 160093 -1
33 10398 -1 4 -1 -0.0937 -0.1634 67510.3 50440.4 -1 -1 1
33 10398 -1 4 37013 -0.00206 -0.05272 67490.9 51608.6 160070 160078 -1
33 4926 -1 4 -1 0.0062 -0.4175 90519.4 71054.6 -1 -1 1
33 4926 -1 4 307834 0.03484 0.05406 90785.8 72878.8 160080 160048 -1
33 17788 4159180 4 -1 -0.45604 0.375 176864 101745 100007 110018 0
33 17788 -1 4 1028839 0.96552 -2.3149 27348.6 65158.9 80005 100012 -1
33 18745 3848625 4 -1 0.83104 -0.08423 165560 141250 90006 90008 0
33 18745 -1 4 67097 -1.84104 1.36798 7030.34 64143.3 90011 110014 -1
33 4376 -1 4 -1 0.0787 0.0516 83685.4 70996.3 -1 -1 1
33 4376 -1 4 1118627 -0.31876 0.54915 85028.8 68453.2 160183 160187 -1
34 14931 56684 1 -1 -0.02631 -0.2049 71414.6 65193.1 130032 120034 0
34 14931 -1 1 304408 0.02541 -0.14128 70770.7 66011.7 160166 160174 -1
34 12220 2712929 3 -1 -0.51286 0.23572 50921.9 92599.3 110031 110023 0
34 12220 -1 3 763428 -0.34024 0.55149 46541.3 11991.2 70005 90005 -1
34 3692 3458906 4 -1 0.10416 0.10278 172277 90113.5 130025 150041 0
34 3692 -1 4 372359 0.08044 -0.14894 67330.7 6403.87 160062 150055 -1
34 4926 -1 4 -1 0.0063 -0.418 86809.8 72269.6 -1 -1 1
34 4926 -1 4 1063250 -0.5498 0.02654 86817.9 71477.9 160208 160192 -1
34 17788 -1 4 -1 -0.4589 0.3735 54768.3 21080.9 -1 -1 1
34 17788 -1 4 173846 -0.12216 0.31197 57177 19190.5 160213 160182 -1
34 18745 -1 4 -1 0.8334 -0.0814 38817.3 62057.5 -1 -1 1
34 18745 -1 4 286564 0.01827 -0.05123 38556.2 60871.5 160062 160063 -1
34 4376 -1 4 -1 0.0787 0.0519 79736.1 70683.1 -1 -1 1
34 4376 -1 4 85145 0.10953 -0.09669 80280.7 72550.8 160062 160061 -1
35 14931 -1 1 -1 -0.0287 -0.2046 72839.8 68861.1 -1 -1 1
35 14931 -1 1 1010318 0.13216 -0.36125 70627.6 69315.8 160192 160200 -1
35 12220 -1 3 -1 -0.5109 0.2389 53973.3 16735.2 -1 -1 1
35 12220 -1 3 168390 -0.08153 -0.06101 52354.6 14798.5 160073 160099 -1
35 3692 -1 4 -1 0.1053 0.1016 54260.1 13018 -1 -1 1
35 3692 -1 4 375950 0.41599 0.50846 55877.4 14496.7 160270 160313 -1
35 4926 -1 4 -1 0.003 -0.4187 88984.6 72948.3 -1 -1 1
35 4926 -1 4 519112 0.66233 -0.04637 89939.1 70773.1 160232 160160 -1
35 17788 -1 4 -1 -0.4548 0.3764 56951.8 21362 -1 -1 1
35 17788 -1 4 389264 -0.14688 0.31401 58892.4 20794.3 160238 160217 -1
35 18745 -1 4 -1 0.8331 -0.086 40265.5 62839.5 -1 -1 1
35 18745 -1 4 296734 -0.00722 -0.07163 40668.6 61910.5 160074 160066 -1
36 14931 -1 1 -1 -0.0274 -0.2043 72267.6 66969 -1 -1 1
36 14931 -1 1 293180 0.26001 -0.05381 73031.5 66240.5 160123 160094 -1
36 9638 284807 1 -1 -0.09216 -0.02524 45366.6 59834.1 140049 160050 0
36 9638 -1 1 51193 -0.02747 0.04736 45567.3 59381.2 160087 160069 -1
36 9982 271233 1 -1 0.35319 -0.13781 61233 52073 90010 90006 0
36 9982 -1 1 36778 -0.67414 0.0488 60849.6 52150.2 160220 160229 -1
36 12220 -1 3 -1 -0.5108 0.2391 53523 13783.5 -1 -1 1
36 12220 -1 3 161622 -0.21421 0.05804 55528.4 11535 160117 160125 -1
36 3692 -1 4 -1 0.1046 0.102 52198.2 10932.4 -1 -1 1
36 3692 -1 4 370533 0.01355 -0.08951 51335.4 10267.9 160070 160074 -1
36 17788 -1 4 -1 -0.4572 0.3712 56436.2 18514.2 -1 -1 1
36 17788 -1 4 394611 -0.10249 0.22365 56716.5 18708.7 160099 160088 -1
36 18745 -1 4 -1 0.8303 -0.0839 35858.8 61225.7 -1 -1 1
36 18745 -1 4 1014158 -0.17062 -0.45187 35386.7 62566.7 160094 160134 -1
36 2807 5104693 6 -1 0.61122 -0.74052 144268 204840 120017 80003 0
36 2807 -1 6 924979 0.26289 1.09454 122871 51280.1 90009 100012 -1
37 14931 -1 1 -1 -0.0276 -0.2038 72013.2 66946.8 -1 -1 1
37 14931 -1 1 295988 -0.21586 0.05368 73951.4 67576.5 160093 160058 -1
37 9638 -1 1 -1 -0.0922 -0.0252 45158.5 59688.3 -1 -1 1
37 9638 -1 1 286421 0.1027 -0.11289 44253.8 61454.9 160146 160131 -1
37 9982 -1 1 -1 0.353 -0.138 60657.5 52011.2 -1 -1 1
37 9982 -1 1 23769 0.06084 -0.04983 62905.7 51028.8 160055 160087 -1
37 15409 1332273 2 -1 -0.07702 0.24008 154748 40612.8 150056 130035 0
37 15409 -1 2 3229 -0.60085 0.40001 30256.4 38679.3 100014 80005 -1
37 12220 -1 3 -1 -0.5147 0.2303 53742.8 11289.8 -1 -1 1
37 12220 -1 3 159756 0.00729 -0.00527 51450.8 11356 160084 160036 -1
37 3692 -1 4 -1 0.1025 0.1043 53133.5 9368.8 -1 -1 1
37 3692 -1 4 353911 0.02034 -0.04749 55831.9 6832.72 160054 160053 -1
37 16010 3161272 4 -1 0.08855 -0.08247 203072 154360 150057 140036 0
37 16010 -1 4 83163 -0.55844 -0.04185 99214.4 77329.4 90005 100016 -1
37 2807 -1 6 -1 0.6106 -0.7405 22781.4 50204.1 -1 -1 1
37 2807 -1 6 26362 -0.26827 0.1873 21386 49840.2 160144 160119 -1
38 9638 -1 1 -1 -0.0924 -0.0244 46378.5 62395.6 -1 -1 1
38 9638 -1 1 65101 0.10276 -0.11564 46149.3 62720.8 160158 160153 -1
38 9982 -1 1 -1 0.3523 -0.1415 60617 54900.7 -1 -1 1
38 9982 -1 1 269194 -0.01837 -0.01893 60257.6 57422 160070 160072 -1
38 15409 -1 2 -1 -0.0764 0.2404 35951.8 41291.7 -1 -1 1
38 15409 -1 2 667445 -0.25768 -0.68929 38070.3 39581.3 160139 160129 -1
38 15886 2825096 3 -1 -0.13574 -0.35409 109870 102074 120024 120035 0
38 15886 -1 3 404530 0.94294 -0.90846 114620 22716.5 100017 100005 -1
38 2407 3371300 4 -1 -0.12272 -0.91561 158133 144740 90005 90008 0
38 2407 -1 4 292566 0.1132 0.15375 118850 62716.6 100009 120028 -1
38 2759 3737211 4 -1 -0.2021 -0.08297 200678 113734 120031 110015 0
38 2759 -1 4 440444 1.10114 1.31306 78594.4 39541.7 80005 90007 -1
38 16010 -1 4 -1 0.089 -0.0821 84454.7 77463.1 -1 -1 1
38 16010 -1 4 98098 0.10802 0.11869 85687.3 77025.6 160101 160105 -1
38 2807 -1 6 -1 0.6053 -0.7472 23986 54483.1 -1 -1 1
38 2807 -1 6 42518 0.02792 -0.07618 25282.2 52719.5 160077 160055 -1
39 9638 -1 1 -1 -0.0923 -0.0252 47364.6 57655.4 -1 -1 1
39 9638 -1 1 987302 -0.66805 -0.30513 44917.6 59802.1 160184 160219 -1
39 9982 -1 1 -1 0.3532 -0.1387 61302.9 50370.8 -1 -1 1
39 9982 -1 1 24150 -0.11562 -0.10336 62988.8 47240.8 160088 160065 -1
39 147 1194424 2 -1 0.07024 -0.08027 209017 79597.5 140037 110021 0
39 147 -1 2 340820 1.83 -1.27855 48078.7 81035.9 100015 110021 -1
39 15409 -1 2 -1 -0.0793 0.2395 35827.7 38157.6 -1 -1 1
39 15409 -1 2 2277 -0.2617 -0.69088 38113.3 37238.5 160104 160121 -1
39 15886 -1 3 -1 -0.1298 -0.3563 109578 22903.8 -1 -1 1
39 15886 -1 3 180313 -0.03458 -0.03375 109907 23840.9 160058 160071 -1
39 2407 -1 4 -1 -0.0982 -0.919 36505.8 65238.8 -1 -1 1
39 2407 -1 4 63174 -0.1226 0.02071 35975.1 64306.1 160073 160058 -1
39 2759 -1 4 -1 -0.1998 -0.0883 79958.5 34685.6 -1 -1 1
39 2759 -1 4 207339 -0.30737 -0.13383 79727.4 35002.2 160271 160277 -1
39 16010 -1 4 -1 0.0902 -0.0809 82624.4 77154 -1 -1 1
39 16010 -1 4 336362 0.10117 0.11775 83849.5 76564.7 160084 160075 -1
39 17626 4568140 5 -1 -0.58332 -0.14976 109760 161640 90010 100007 0
39 17626 -1 5 697776 1.19739 6.22422 97820.7 4181.37 100007 80003 -1
39 2807 -1 6 -1 0.6145 -0.7407 20947.6 52029.9 -1 -1 1
39 2807 -1 6 41634 -0.00289 -0.03491 20826.1 51640.1 160073 160069 -1
40 15409 -1 2 -1 -0.078 0.2397 34271.9 42129.7 -1 -1 1
40 15409 -1 2 14484 0.00558 -0.04201 33885.9 41655.4 160062 160068 -1
40 15886 -1 3 -1 -0.1345 -0.3547 109094 27441.6 -1 -1 1
40 15886 -1 3 193166 -0.04387 0.03578 109094 26585.7 160084 160090 -1
40 2407 -1 4 -1 -0.1164 -0.9171 36238.8 71889.9 -1 -1 1
40 2407 -1 4 1186500 0.20689 -0.40871 36855.4 72200 160213 160164 -1
40 2759 -1 4 -1 -0.2013 -0.084 79247.2 38751.7 -1 -1 1
40 2759 -1 4 440416 0.02155 0.0509 79874.8 38590.1 160085 160049 -1
40 147 -1 4 -1 0.0699 -0.0806 86181.9 7989.9 -1 -1 1
40 147 -1 4 150023 0.08995 0.53508 86091.8 8404.01 160202 160234 -1
40 16010 -1 4 -1 0.0884 -0.0818 82092.7 81138.1 -1 -1 1
40 16010 -1 4 322286 0.08203 -0.01853 84186.3 78501.5 160158 160118 -1
40 17626 -1 5 -1 -0.5833 -0.1475 108298 12106.1 -1 -1 1
40 17626 -1 5 154619 -0.30526 -0.12582 110694 11539.9 160161 160195 -1
40 12866 5685741 6 -1 -0.16464 0.06084 163179 171276 150033 130028 0
40 12866 -1 6 392063 -0.20841 -1.42155 82760.9 18227.6 80003 90010 -1
41 14375 62075 1 -1 0.39719 -0.12997 79163.1 63861.2 120033 110025 0
41 14375 -1 1 62039 -0.15769 -0.32318 77538.8 65094 160110 160062 -1
41 15886 -1 3 -1 -0.135 -0.3557 109309 25162.6 -1 -1 1
41 15886 -1 3 177828 -0.02239 -0.08105 109368 25230.5 160072 160047 -1
41 2407 -1 4 -1 -0.1152 -0.917 37461.8 70132.9 -1 -1 1
41 2407 -1 4 80703 0.00368 0.04687 35697 69153.3 160057 160052 -1
41 2759 -1 4 -1 -0.201 -0.0839 80582.3 36396 -1 -1 1
41 2759 -1 4 219498 -0.08527 -0.10526 79007.6 38112.7 160072 160053 -1
41 13489 3116620 4 -1 -0.46006 -0.25597 167752 126070 110027 120021 0
41 13489 -1 4 453556 1.52445 -1.13333 24010.6 44144.6 90013 110018 -1
41 147 -1 4 -1 0.0701 -0.0804 87344.5 5647.3 -1 -1 1
41 147 -1 4 716280 0.07542 0.53081 87235.5 5549.91 160195 160185 -1
41 17626 -1 5 -1 -0.5831 -0.1467 110067 11414.3 -1 -1 1
41 17626 -1 5 595058 -0.45577 0.61576 112697 11433.4 160295 160289 -1
41 12866 -1 6 -1 -0.1643 0.0617 44646.1 13961.5 -1 -1 1
41 12866 -1 6 386265 0.05232 0.03564 45760.2 15648.6 160115 160098 -1
41 2141 5266605 6 -1 -0.20892 -0.08685 135289 179187 130036 150044 0
41 2141 -1 6 187580 0.74539 -1.56961 8675.31 24794.4 100006 100020 -1
41 7272 5712538 6 -1 0.68535 -0.32704 140890 184590 100009 110024 0
41 7272 -1 6 834655 -0.49878 -5.0201 74931.4 22636.4 80007 100014 -1
42 14375 -1 1 -1 0.3972 -0.1293 79761.5 62759.5 -1 -1 1
42 14375 -1 1 954502 -0.43346 -0.50823 81383.1 62632.5 160189 160197 -1
42 12133 1852940 2 -1 -0.49034 -0.59663 174690 65889.9 110025 80005 0
42 12133 -1 2 985118 -2.46552 -0.53952 126539 67994.9 80003 110016 -1
42 147 -1 2 -1 0.0699 -0.0804 89077.4 83370.5 -1 -1 1
42 147 -1 2 530006 0.36599 0.20706 86366.2 83941.6 160192 160165 -1
42 13489 -1 4 -1 -0.4598 -0.2546 52090.7 46199.5 -1 -1 1
42 13489 -1 4 680474 0.59403 -0.2851 52316.5 45863.2 160232 160213 -1
42 15761 4226609 5 -1 0.06678 0.19003 116629 204104 130039 110023 0
42 15761 -1 5 19485 -0.11326 -0.3275 121088 48433.5 120040 90008 -1
42 17626 -1 5 -1 -0.5822 -0.1486 114090 10145.5 -1 -1 1
42 17626 -1 5 139850 0.01814 -0.03421 115900 10875.5 160053 160068 -1
42 12866 -1 6 -1 -0.1641 0.0625 47278.7 12443.3 -1 -1 1
42 12866 -1 6 158503 0.11545 -0.04731 49601.9 12591.8 160079 160071 -1
42 2141 -1 6 -1 -0.2091 -0.0862 18982.7 22335.4 -1 -1 1
42 2141 -1 6 187040 -0.03581 -0.18511 19529.8 21462.8 160084 160109 -1
42 7272 -1 6 -1 0.6834 -0.3296 21424.3 28583.9 -1 -1 1
42 7272 -1 6 199079 0.02179 -0.1259 22377.2 29950.7 160097 160064 -1
43 14375 -1 1 -1 0.3973 -0.1312 81364.4 64235.5 -1 -1 1
43 14375 -1 1 70566 -0.02621 0.03087 78640.8 61640.9 160052 160055 -1
43 832 70712 1 -1 0.03008 -0.45668 72465.5 63904.6 80004 100018 0
43 832 -1 1 979618 0.38599 0.19585 72263.2 64103.3 160250 160218 -1
43 12133 -1 2 -1 -0.4921 -0.5954 56315.6 66126.3 -1 -1 1
43 12133 -1 2 521122 0.60486 -0.44438 53329.9 67021.3 160215 160176 -1
43 13489 -1 4 -1 -0.4613 -0.2527 54466 48258.6 -1 -1 1
43 13489 -1 4 27482 -0.71793 0.30624 53992.2 47754.7 160256 160234 -1
43 4283 3665264 4 -1 -0.01635 0.29799 143524 163672 110018 110017 0
43 4283 -1 4 1293969 0 0 0 0 -1 -1 -1
43 15761 -1 5 -1 0.0683 0.1899 119740 49067.5 -1 -1 1
43 15761 -1 5 899600 -0.07275 -0.74557 119790 49411.8 160256 160225 -1
43 12866 -1 6 -1 -0.1642 0.0623 49168 12855.7 -1 -1 1
43 12866 -1 6 155948 0.01078 -0.0638 48252.3 13012.1 160073 160046 -1
43 2141 -1 6 -1 -0.2094 -0.0839 20956.8 23000.9 -1 -1 1
43 2141 -1 6 185005 -0.02829 -0.19301 21358.2 22210.5 160092 160093 -1
43 7272 -1 6 -1 0.6833 -0.3323 22696.1 29439.3 -1 -1 1
43 7272 -1 6 639960 -0.12606 0.5643 21659.8 31098.5 160274 160244 -1
44 14375 -1 1 -1 0.3945 -0.1319 77613 62717.2 -1 -1 1
44 14375 -1 1 48235 0.10757 -0.03188 80062 61157.8 160179 160176 -1
44 832 -1 1 -1 0.0298 -0.4575 69726.8 63310.9 -1 -1 1
44 832 -1 1 301267 -0.24742 -0.5162 72490.6 64712 160219 160249 -1
44 12133 -1 2 -1 -0.4884 -0.6011 55221.2 66732.8 -1 -1 1
44 12133 -1 2 75179 -0.13613 -0.10507 54535.7 66408.4 160066 160058 -1
44 13106 2374656 3 -1 0.59195 -0.68908 114018 96192.6 80004 100016 0
44 13106 -1 3 179641 1.22031 0.13734 109158 21605.4 90007 90007 -1
44 16229 2997522 3 -1 0.35127 -0.28416 99992.9 144994 110023 90005 0
44 16229 -1 3 70662 0.52004 -2.12568 99636.1 68206.8 90006 90007 -1
44 2440 2625863 3 -1 -0.17023 0.03329 81718.3 103981 120027 110021 0
44 2440 -1 3 193926 -1.62054 -0.56834 89920.4 26740 130027 100010 -1
44 10026 3176665 4 -1 0.01172 -0.13182 155835 153103 160116 160085 0
44 10026 -1 4 1038481 -0.50407 -3.85669 81666.2 66527.8 90007 90008 -1
44 10027 3176665 4 -1 0.01172 -0.13182 155835 153103 160116 160085 0
44 10027 -1 4 1038481 -0.50407 -3.85669 81666.2 66527.8 90007 90008 -1
44 10028 3176665 4 -1 0.01172 -0.13182 155835 153103 160116 160085 0
44 10028 -1 4 1038481 -0.50407 -3.85669 81666.2 66527.8 90007 90008 -1
44 10029 3176665 4 -1 0.01172 -0.13182 155835 153103 160116 160085 0
44 10029 -1 4 1038481 -0.50407 -3.85669 81666.2 66527.8 90007 90008 -1
44 10030 3176665 4 -1 0.01172 -0.13182 155835 153103 160116 160085 0
44 10030 -1 4 1038481 -0.50407 -3.85669 81666.2 66527.8 90007 90008 -1
44 10031 3176665 4 -1 0.01172 -0.13182 155835 153103 160116 160085 0
44 10031 -1 4 1038481 -0.50407 -3.85669 81666.2 66527.8 90007 90008 -1
44 10033 3176665 4 -1 0.01172 -0.13182 155835 153103 160116 160085 0
44 10033 -1 4 1038481 -0.50407 -3.85669 81666.2 66527.8 90007 90008 -1
44 10034 3176665 4 -1 0.01172 -0.13182 155835 153103 160116 160085 0
44 10034 -1 4 1038481 -0.50407 -3.85669 81666.2 66527.8 90007 90008 -1
44 10036 3176665 4 -1 0.01172 -0.13182 155835 153103 160116 160085 0
44 10036 -1 4 1038481 -0.50407 -3.85669 81666.2 66527.8 90007 90008 -1
44 10037 3176665 4 -1 0.01172 -0.13182 155835 153103 160116 160085 0
44 10037 -1 4 1038481 -0.50407 -3.85669 81666.2 66527.8 90007 90008 -1
44 10038 3176665 4 -1 0.01172 -0.13182 155835 153103 160116 160085 0
44 10038 -1 4 1038481 -0.50407 -3.85669 81666.2 66527.8 90007 90008 -1
44 10041 3176665 4 -1 0.01172 -0.13182 155835 153103 160116 160085 0
44 10041 -1 4 1038481 -0.50407 -3.85669 81666.2 66527.8 90007 90008 -1
44 10043 3176665 4 -1 0.01172 -0.13182 155835 153103 160116 160085 0
44 10043 -1 4 1038481 -0.50407 -3.85669 81666.2 66527.8 90007 90008 -1
44 10044 3176665 4 -1 0.01172 -0.13182 155835 153103 160116 160085 0
44 10044 -1 4 1038481 -0.50407 -3.85669 81666.2 66527.8 90007 90008 -1
44 10045 3176665 4 -1 0.01172 -0.13182 155835 153103 160116 160085 0
44 10045 -1 4 1038481 -0.50407 -3.85669 81666.2 66527.8 90007 90008 -1
44 10046 3176665 4 -1 0.01172 -0.13182 155835 153103 160116 160085 0
44 10046 -1 4 1038481 -0.50407 -3.85669 81666.2 66527.8 90007 90008 -1
44 10047 3176665 4 -1 0.01172 -0.13182 155835 153103 160116 160085 0
44 10047 -1 4 1038481 -0.50407 -3.85669 81666.2 66527.8 90007 90008 -1
44 10048 3176665 4 -1 0.01172 -0.13182 155835 153103 160116 160085 0
44 10048 -1 4 1038481 -0.50407 -3.85669 81666.2 66527.8 90007 90008 -1
44 10049 3176665 4 -1 0.01172 -0.13182 155835 153103 160116 160085 0
44 10049 -1 4 1038481 -0.50407 -3.85669 81666.2 66527.8 90007 90008 -1
44 10050 3176665 4 -1 0.01172 -0.13182 155835 153103 160116 160085 0
44 10050 -1 4 1038481 -0.50407 -3.85669 81666.2 66527.8 90007 90008 -1
44 10051 3176665 4 -1 0.01172 -0.13182 155835 153103 160116 160085 0
44 10051 -1 4 1038481 -0.50407 -3.85669 81666.2 66527.8 90007 90008 -1
44 10052 3176665 4 -1 0.01172 -0.13182 155835 153103 160116 160085 0
44 10052 -1 4 1038481 -0.50407 -3.85669 81666.2 66527.8 90007 90008 -1
44 10053 3176665 4 -1 0.01172 -0.13182 155835 153103 160116 160085 0
44 10053 -1 4 1038481 -0.50407 -3.85669 81666.2 66527.8 90007 90008 -1
44 10054 3176665 4 -1 0.01172 -0.13182 155835 153103 160116 160085 0
44 10054 -1 4 1038481 -0.50407 -3.85669 81666.2 66527.8 90007 90008 -1
44 10055 3176665 4 -1 0.01172 -0.13182 155835 153103 160116 160085 0
44 10055 -1 4 1038481 -0.50407 -3.85669 81666.2 66527.8 90007 90008 -1
44 10056 3176665 4 -1 0.01172 -0.13182 155835 153103 160116 160085 0
44 10056 -1 4 1038481 -0.50407 -3.85669 81666.2 66527.8 90007 90008 -1
44 10057 3176665 4 -1 0.01172 -0.13182 155835 153103 160116 160085 0
44 10057 -1 4 1038481 -0.50407 -3.85669 81666.2 66527.8 90007 90008 -1
44 10058 3176665 4 -1 0.01172 -0.13182 155835 153103 160116 160085 0
44 10058 -1 4 1038481 -0.50407 -3.85669 81666.2 66527.8 90007 90008 -1
44 10059 3176665 4 -1 0.01172 -0.13182 155835 153103 160116 160085 0
44 10059 -1 4 1038481 -0.50407 -3.85669 81666.2 66527.8 90007 90008 -1
44 10060 3176665 4 -1 0.01172 -0.13182 155835 153103 160116 160085 0
44 10060 -1 4 1038481 -0.50407 -3.85669 81666.2 66527.8 90007 90008 -1
44 10061 3176665 4 -1 0.01172 -0.13182 155835 153103 160116 160085 0
44 10061 -1 4 1038481 -0.50407 -3.85669 81666.2 66527.8 90007 90008 -1
44 10062 3176665 4 -1 0.01172 -0.13182 155835 153103 160116 160085 0
44 10062 -1 4 1038481 -0.50407 -3.85669 81666.2 66527.8 90007 90008 -1
44 10063 3176665 4 -1 0.01172 -0.13182 155835 153103 160116 160085 0
44 10063 -1 4 1038481 -0.50407 -3.85669 81666.2 66527.8 90007 90008 -1
44 10064 3176665 4 -1 0.01172 -0.13182 155835 153103 160116 160085 0
44 10064 -1 4 1038481 -0.50407 -3.85669 81666.2 66527.8 90007 90008 -1
44 10065 3176665 4 -1 0.01172 -0.13182 155835 153103 160116 160085 0
44 10065 -1 4 1038481 -0.50407 -3.85669 81666.2 66527.8 90007 90008 -1
44 10066 3176665 4 -1 0.01172 -0.13182 155835 153103 160116 160085 0
44 10066 -1 4 1038481 -0.50407 -3.85669 81666.2 66527.8 90007 90008 -1
44 10067 3176665 4 -1 0.01172 -0.13182 155835 153103 160116 160085 0
44 10067 -1 4 1038481 -0.50407 -3.85669 81666.2 66527.8 90007 90008 -1
44 10068 3176665 4 -1 0.01172 -0.13182 155835 153103 160116 160085 0
44 10068 -1 4 1038481 -0.50407 -3.85669 81666.2 66527.8 90007 90008 -1
44 10069 3176665 4 -1 0.01172 -0.13182 155835 153103 160116 160085 0
44 10069 -1 4 1038481 -0.50407 -3.85669 81666.2 66527.8 90007 90008 -1
44 10070 3176665 4 -1 0.01172 -0.13182 155835 153103 160116 160085 0
44 10070 -1 4 1038481 -0.50407 -3.85669 81666.2 66527.8 90007 90008 -1
44 10071 3176665 4 -1 0.01172 -0.13182 155835 153103 160116 160085 0
44 10071 -1 4 1038481 -0.50407 -3.85669 81666.2 66527.8 90007 90008 -1
44 10072 3176665 4 -1 0.01172 -0.13182 155835 153103 160116 160085 0
44 10072 -1 4 1038481 -0.50407 -3.85669 81666.2 66527.8 90007 90008 -1
44 10073 3176665 4 -1 0.01172 -0.13182 155835 153103 160116 160085 0
44 10073 -1 4 1038481 -0.50407 -3.85669 81666.2 66527.8 90007 90008 -1
44 10074 3176665 4 -1 0.01172 -0.13182 155835 153103 160116 160085 0
44 10074 -1 4 1038481 -0.50407 -3.85669 81666.2 66527.8 90007 90008 -1
44 10075 3176665 4 -1 0.01172 -0.13182 155835 153103 160116 160085 0
44 10075 -1 4 1038481 -0.50407 -3.85669 81666.2 66527.8 90007 90008 -1
44 10076 3176665 4 -1 0.01172 -0.13182 155835 153103 160116 160085 0
44 10076 -1 4 1038481 -0.50407 -3.85669 81666.2 66527.8 90007 90008 -1
44 10077 3176665 4 -1 0.01172 -0.13182 155835 153103 160116 160085 0
44 10077 -1 4 1038481 -0.50407 -3.85669 81666.2 66527.8 90007 90008 -1
44 10078 3176665 4 -1 0.01172 -0.13182 155835 153103 160116 160085 0
44 10078 -1 4 1038481 -0.50407 -3.85669 81666.2 66527.8 90007 90008 -1
44 10079 3176665 4 -1 0.01172 -0.13182 155835 153103 160116 160085 0
44 10079 -1 4 1038481 -0.50407 -3.85669 81666.2 66527.8 90007 90008 -1
44 10080 3176665 4 -1 0.01172 -0.13182 155835 153103 160116 160085 0
44 10080 -1 4 1038481 -0.50407 -3.85669 81666.2 66527.8 90007 90008 -1
44 10081 3176665 4 -1 0.01172 -0.13182 155835 153103 160116 160085 0
44 10081 -1 4 1038481 -0.50407 -3.85669 81666.2 66527.8 90007 90008 -1
44 10082 3176665 4 -1 0.01172 -0.13182 155835 153103 160116 160085 0
44 10082 -1 4 1038481 -0.50407 -3.85669 81666.2 66527.8 90007 90008 -1
44 10083 3176665 4 -1 0.01172 -0.13182 155835 153103 160116 160085 0
44 10083 -1 4 1038481 -0.50407 -3.85669 81666.2 66527.8 90007 90008 -1
44 10084 3176665 4 -1 0.01172 -0.13182 155835 153103 160116 160085 0
44 10084 -1 4 1038481 -0.50407 -3.85669 81666.2 66527.8 90007 90008 -1
44 10085 3176665 4 -1 0.01172 -0.13182 155835 153103 160116 160085 0
44 10085 -1 4 1038481 -0.50407 -3.85669 81666.2 66527.8 90007 90008 -1
44 13489 -1 4 -1 -0.4601 -0.2572 52114.5 48007.4 -1 -1 1
44 13489 -1 4 926655 0.5921 -0.28962 51969.1 47650.6 160208 160225 -1
44 4283 -1 4 -1 -0.0182 0.298 20444 83152.4 -1 -1 1
44 4283 -1 4 346144 -0.04394 -0.0647 18462.2 83164.1 160062 160074 -1
44 14676 4173502 5 -1 0.13078 -0.2754 91135.9 173645 130029 120027 0
44 14676 -1 5 612495 -1.29121 -0.39912 70739.5 33719.3 110027 110017 -1
44 15761 -1 5 -1 0.0657 0.191 113918 45825.2 -1 -1 1
44 15761 -1 5 20536 -0.01404 -0.01479 112448 47607.7 160086 160062 -1
44 2141 -1 6 -1 -0.2095 -0.084 17926.8 22597 -1 -1 1
44 2141 -1 6 186920 -0.02688 -0.19593 17825.1 22136.2 160113 160085 -1
44 7272 -1 6 -1 0.6826 -0.3261 17102.7 29727.1 -1 -1 1
44 7272 -1 6 203697 0.23341 -0.13632 16948.7 29516.2 160116 160105 -1
45 832 -1 1 -1 0.0336 -0.4568 69294.1 64945.8 -1 -1 1
45 832 -1 1 286481 0.03838 -0.28172 69861.4 65362.9 160095 160118 -1
45 12133 -1 2 -1 -0.4851 -0.6008 54573.6 69695.2 -1 -1 1
45 12133 -1 2 1027733 0.61479 -0.42727 54687.5 68696.9 160221 160215 -1
45 13106 -1 3 -1 0.5915 -0.6889 112280 19898.5 -1 -1 1
45 13106 -1 3 164903 -0.69914 0.14677 112717 17797.7 160108 160156 -1
45 16229 -1 3 -1 0.3509 -0.2845 98487.8 68367.2 -1 -1 1
45 16229 -1 3 78204 0.4162 -0.0997 98098.8 68899.5 160145 160104 -1
45 2440 -1 3 -1 -0.1702 0.0333 80620.7 27107.6 -1 -1 1
45 2440 -1 3 417068 0.13218 0.25191 81129.7 27095.3 160137 160161 -1
45 4289 2571972 3 -1 -0.02881 -0.15612 57256.9 160437 140043 150046 0
45 4289 -1 3 337516 -0.07491 0.11856 84329.8 82472.4 160052 150055 -1
45 10026 -1 4 -1 0.0119 -0.1318 33950.5 78220.8 -1 -1 1
45 10026 -1 4 1171326 -0.25486 0.49428 33209.8 77221.5 160127 160157 -1
45 10027 -1 4 -1 0.0119 -0.1318 33950.5 78220.8 -1 -1 1
45 10027 -1 4 105202 -0.65702 0.28425 33778.2 77979.2 160279 160266 -1
45 10028 -1 4 -1 0.0119 -0.1318 33950.5 78220.8 -1 -1 1
45 10028 -1 4 321725 -0.14737 0.23411 34167.3 78910.2 160131 160102 -1
45 10029 -1 4 -1 0.0119 -0.1318 33950.5 78220.8 -1 -1 1
45 10029 -1 4 1171326 -0.25486 0.49428 33209.8 77221.5 160127 160157 -1
45 10030 -1 4 -1 0.0119 -0.1318 33950.5 78220.8 -1 -1 1
45 10030 -1 4 1171035 -0.69423 0.30095 33782.3 77977.4 160313 160269 -1
45 10031 -1 4 -1 0.0119 -0.1318 33950.5 78220.8 -1 -1 1
45 10031 -1 4 321725 -0.14737 0.23411 34167.3 78910.2 160131 160102 -1
45 10033 -1 4 -1 0.0119 -0.1318 33950.5 78220.8 -1 -1 1
45 10033 -1 4 105202 -0.65702 0.28425 33778.2 77979.2 160279 160266 -1
45 10034 -1 4 -1 0.0119 -0.1318 33950.5 78220.8 -1 -1 1
45 10034 -1 4 321725 -0.14737 0.23411 34167.3 78910.2 160131 160102 -1
45 10036 -1 4 -1 0.0119 -0.1318 33950.5 78220.8 -1 -1 1
45 10036 -1 4 1171035 -0.69423 0.30095 33782.3 77977.4 160313 160269 -1
45 10037 -1 4 -1 0.0119 -0.1318 33950.5 78220.8 -1 -1 1
45 10037 -1 4 105202 -0.65702 0.28425 33778.2 77979.2 160279 160266 -1
45 10038 -1 4 -1 0.0119 -0.1318 33950.5 78220.8 -1 -1 1
45 10038 -1 4 1171326 -0.25486 0.49428 33209.8 77221.5 160127 160157 -1
45 10041 -1 4 -1 0.0119 -0.1318 33950.5 78220.8 -1 -1 1
45 10041 -1 4 1171035 -0.69423 0.30095 33782.3 77977.4 160313 160269 -1
45 10043 -1 4 -1 0.0119 -0.1318 33950.5 78220.8 -1 -1 1
45 10043 -1 4 105202 -0.65702 0.28425 33778.2 77979.2 160279 160266 -1
45 10044 -1 4 -1 0.0119 -0.1318 33950.5 78220.8 -1 -1 1
45 10044 -1 4 105202 -0.65702 0.28425 33778.2 77979.2 160279 160266 -1
45 10045 -1 4 -1 0.0119 -0.1318 33950.5 78220.8 -1 -1 1
45 10045 -1 4 1171326 -0.25486 0.49428 33209.8 77221.5 160127 160157 -1
45 10046 -1 4 -1 0.0119 -0.1318 33950.5 78220.8 -1 -1 1
45 10046 -1 4 1171035 -0.69423 0.30095 33782.3 77977.4 160313 160269 -1
45 10047 -1 4 -1 0.0119 -0.1318 33950.5 78220.8 -1 -1 1
45 10047 -1 4 1171035 -0.69423 0.30095 33782.3 77977.4 160313 160269 -1
45 10048 -1 4 -1 0.0119 -0.1318 33950.5 78220.8 -1 -1 1
45 10048 -1 4 105202 -0.65702 0.28425 33778.2 77979.2 160279 160266 -1
45 10049 -1 4 -1 0.0119 -0.1318 33950.5 78220.8 -1 -1 1
45 10049 -1 4 321725 -0.14737 0.23411 34167.3 78910.2 160131 160102 -1
45 10050 -1 4 -1 0.0119 -0.1318 33950.5 78220.8 -1 -1 1
45 10050 -1 4 1171326 -0.25486 0.49428 33209.8 77221.5 160127 160157 -1
45 10051 -1 4 -1 0.0119 -0.1318 33950.5 78220.8 -1 -1 1
45 10051 -1 4 105202 -0.65702 0.28425 33778.2 77979.2 160279 160266 -1
45 10052 -1 4 -1 0.0119 -0.1318 33950.5 78220.8 -1 -1 1
45 10052 -1 4 105202 -0.65702 0.28425 33778.2 77979.2 160279 160266 -1
45 10053 -1 4 -1 0.0119 -0.1318 33950.5 78220.8 -1 -1 1
45 10053 -1 4 321725 -0.14737 0.23411 34167.3 78910.2 160131 160102 -1
45 10054 -1 4 -1 0.0119 -0.1318 33950.5 78220.8 -1 -1 1
45 10054 -1 4 105202 -0.65702 0.28425 33778.2 77979.2 160279 160266 -1
45 10055 -1 4 -1 0.0119 -0.1318 33950.5 78220.8 -1 -1 1
45 10055 -1 4 1171326 -0.25486 0.49428 33209.8 77221.5 160127 160157 -1
45 10056 -1 4 -1 0.0119 -0.1318 33950.5 78220.8 -1 -1 1
45 10056 -1 4 1171326 -0.25486 0.49428 33209.8 77221.5 160127 160157 -1
45 10057 -1 4 -1 0.0119 -0.1318 33950.5 78220.8 -1 -1 1
45 10057 -1 4 1171326 -0.25486 0.49428 33209.8 77221.5 160127 160157 -1
45 10058 -1 4 -1 0.0119 -0.1318 33950.5 78220.8 -1 -1 1
45 10058 -1 4 1171326 -0.25486 0.49428 33209.8 77221.5 160127 160157 -1
45 10059 -1 4 -1 0.0119 -0.1318 33950.5 78220.8 -1 -1 1
45 10059 -1 4 321725 -0.14737 0.23411 34167.3 78910.2 160131 160102 -1
45 10060 -1 4 -1 0.0119 -0.1318 33950.5 78220.8 -1 -1 1
45 10060 -1 4 1171326 -0.25486 0.49428 33209.8 77221.5 160127 160157 -1
45 10061 -1 4 -1 0.0119 -0.1318 33950.5 78220.8 -1 -1 1
45 10061 -1 4 1171035 -0.69423 0.30095 33782.3 77977.4 160313 160269 -1
45 10062 -1 4 -1 0.0119 -0.1318 33950.5 78220.8 -1 -1 1
45 10062 -1 4 1171326 -0.25486 0.49428 33209.8 77221.5 160127 160157 -1
45 10063 -1 4 -1 0.0119 -0.1318 33950.5 78220.8 -1 -1 1
45 10063 -1 4 321725 -0.14737 0.23411 34167.3 78910.2 160131 160102 -1
45 10064 -1 4 -1 0.0119 -0.1318 33950.5 78220.8 -1 -1 1
45 10064 -1 4 1171035 -0.69423 0.30095 33782.3 77977.4 160313 160269 -1
45 10065 -1 4 -1 0.0119 -0.1318 33950.5 78220.8 -1 -1 1
45 10065 -1 4 105202 -0.65702 0.28425 33778.2 77979.2 160279 160266 -1
45 10066 -1 4 -1 0.0119 -0.1318 33950.5 78220.8 -1 -1 1
45 10066 -1 4 1171326 -0.25486 0.49428 33209.8 77221.5 160127 160157 -1
45 10067 -1 4 -1 0.0119 -0.1318 33950.5 78220.8 -1 -1 1
45 10067 -1 4 1171326 -0.25486 0.49428 33209.8 77221.5 160127 160157 -1
45 10068 -1 4 -1 0.0119 -0.1318 33950.5 78220.8 -1 -1 1
45 10068 -1 4 321725 -0.14737 0.23411 34167.3 78910.2 160131 160102 -1
45 10069 -1 4 -1 0.0119 -0.1318 33950.5 78220.8 -1 -1 1
45 10069 -1 4 321725 -0.14737 0.23411 34167.3 78910.2 160131 160102 -1
45 10070 -1 4 -1 0.0119 -0.1318 33950.5 78220.8 -1 -1 1
45 10070 -1 4 1171326 -0.25486 0.49428 33209.8 77221.5 160127 160157 -1
45 10071 -1 4 -1 0.0119 -0.1318 33950.5 78220.8 -1 -1 1
45 10071 -1 4 105202 -0.65702 0.28425 33778.2 77979.2 160279 160266 -1
45 10072 -1 4 -1 0.0119 -0.1318 33950.5 78220.8 -1 -1 1
45 10072 -1 4 321725 -0.14737 0.23411 34167.3 78910.2 160131 160102 -1
45 10073 -1 4 -1 0.0119 -0.1318 33950.5 78220.8 -1 -1 1
45 10073 -1 4 1171326 -0.25486 0.49428 33209.8 77221.5 160127 160157 -1
45 10074 -1 4 -1 0.0119 -0.1318 33950.5 78220.8 -1 -1 1
45 10074 -1 4 1171326 -0.25486 0.49428 33209.8 77221.5 160127 160157 -1
45 10075 -1 4 -1 0.0119 -0.1318 33950.5 78220.8 -1 -1 1
45 10075 -1 4 321725 -0.14737 0.23411 34167.3 78910.2 160131 160102 -1
45 10076 -1 4 -1 0.0119 -0.1318 33950.5 78220.8 -1 -1 1
45 10076 -1 4 105202 -0.65702 0.28425 33778.2 77979.2 160279 160266 -1
45 10077 -1 4 -1 0.0119 -0.1318 33950.5 78220.8 -1 -1 1
45 10077 -1 4 321725 -0.14737 0.23411 34167.3 78910.2 160131 160102 -1
45 10078 -1 4 -1 0.0119 -0.1318 33950.5 78220.8 -1 -1 1
45 10078 -1 4 105202 -0.65702 0.28425 33778.2 77979.2 160279 160266 -1
45 10079 -1 4 -1 0.0119 -0.1318 33950.5 78220.8 -1 -1 1
45 10079 -1 4 1171326 -0.25486 0.49428 33209.8 77221.5 160127 160157 -1
45 10080 -1 4 -1 0.0119 -0.1318 33950.5 78220.8 -1 -1 1
45 10080 -1 4 1171326 -0.25486 0.49428 33209.8 77221.5 160127 160157 -1
45 10081 -1 4 -1 0.0119 -0.1318 33950.5 78220.8 -1 -1 1
45 10081 -1 4 1171326 -0.25486 0.49428 33209.8 77221.5 160127 160157 -1
45 10082 -1 4 -1 0.0119 -0.1318 33950.5 78220.8 -1 -1 1
45 10082 -1 4 1171035 -0.69423 0.30095 33782.3 77977.4 160313 160269 -1
45 10083 -1 4 -1 0.0119 -0.1318 33950.5 78220.8 -1 -1 1
45 10083 -1 4 321725 -0.14737 0.23411 34167.3 78910.2 160131 160102 -1
45 10084 -1 4 -1 0.0119 -0.1318 33950.5 78220.8 -1 -1 1
45 10084 -1 4 1171326 -0.25486 0.49428 33209.8 77221.5 160127 160157 -1
45 10085 -1 4 -1 0.0119 -0.1318 33950.5 78220.8 -1 -1 1
45 10085 -1 4 1171035 -0.69423 0.30095 33782.3 77977.4 160313 160269 -1
45 4283 -1 4 -1 -0.0165 0.2986 19135.9 85721.8 -1 -1 1
45 4283 -1 4 341766 -0.0441 -0.06461 17992.4 85938.3 160080 160073 -1
45 14676 -1 5 -1 0.1323 -0.2747 89683.8 15336.9 -1 -1 1
45 14676 -1 5 377586 -0.02939 -0.08937 88728.7 15304.6 160070 160075 -1
45 15761 -1 5 -1 0.066 0.191 114458 44331.2 -1 -1 1
45 15761 -1 5 227838 -0.06929 -0.10111 114246 44941 160063 160066 -1
45 4716 5530261 6 -1 -0.15073 -0.12832 194779 201483 140035 120021 0
45 4716 -1 6 681929 -0.62128 2.18397 116396 72039.2 100008 100011 -1
46 832 -1 1 -1 0.0304 -0.4556 68343.7 65874.8 -1 -1 1
46 832 -1 1 301006 -0.19685 -0.17997 69753.9 68371.4 160125 160137 -1
46 13106 -1 3 -1 0.5887 -0.6904 111065 21837 -1 -1 1
46 13106 -1 3 821715 0.6135 -0.04176 111245 21311.1 160169 160213 -1
46 16229 -1 3 -1 0.3501 -0.2855 97878.5 69446.6 -1 -1 1
46 16229 -1 3 73239 -0.00735 -0.06078 98833.9 67001.9 160055 160048 -1
46 2440 -1 3 -1 -0.1698 0.0336 81140.7 27483.9 -1 -1 1
46 2440 -1 3 854504 0.15502 0.39501 83713.5 28165.2 160185 160151 -1
46 4289 -1 3 -1 -0.0303 -0.1561 57442.7 83301 -1 -1 1
46 4289 -1 3 336797 0.18302 0.221 58113.8 83466.8 160125 160129 -1
46 10026 -1 4 -1 0.0114 -0.1316 34404.7 77370.6 -1 -1 1
46 10026 -1 4 540519 -0.61973 0.35884 35229.2 77757.5 160240 160254 -1
46 10027 -1 4 -1 0.0114 -0.1316 34404.7 77370.6 -1 -1 1
46 10027 -1 4 540519 -0.61973 0.35884 35229.2 77757.5 160240 160254 -1
46 10028 -1 4 -1 0.0114 -0.1316 34404.7 77370.6 -1 -1 1
46 10028 -1 4 320691 -0.13538 0.2195 35003.7 77145.6 160113 160091 -1
46 10029 -1 4 -1 0.0114 -0.1316 34404.7 77370.6 -1 -1 1
46 10029 -1 4 540519 -0.61973 0.35884 35229.2 77757.5 160240 160254 -1
46 10030 -1 4 -1 0.0114 -0.1316 34404.7 77370.6 -1 -1 1
46 10030 -1 4 540519 -0.61973 0.35884 35229.2 77757.5 160240 160254 -1
46 10031 -1 4 -1 0.0114 -0.1316 34404.7 77370.6 -1 -1 1
46 10031 -1 4 540519 -0.61973 0.35884 35229.2 77757.5 160240 160254 -1
46 10033 -1 4 -1 0.0114 -0.1316 34404.7 77370.6 -1 -1 1
46 10033 -1 4 540519 -0.61973 0.35884 35229.2 77757.5 160240 160254 -1
46 10034 -1 4 -1 0.0114 -0.1316 34404.7 77370.6 -1 -1 1
46 10034 -1 4 320691 -0.13538 0.2195 35003.7 77145.6 160113 160091 -1
46 10036 -1 4 -1 0.0114 -0.1316 34404.7 77370.6 -1 -1 1
46 10036 -1 4 320691 -0.13538 0.2195 35003.7 77145.6 160113 160091 -1
46 10037 -1 4 -1 0.0114 -0.1316 34404.7 77370.6 -1 -1 1
46 10037 -1 4 540519 -0.61973 0.35884 35229.2 77757.5 160240 160254 -1
46 10038 -1 4 -1 0.0114 -0.1316 34404.7 77370.6 -1 -1 1
46 10038 -1 4 540519 -0.61973 0.35884 35229.2 77757.5 160240 160254 -1
46 10041 -1 4 -1 0.0114 -0.1316 34404.7 77370.6 -1 -1 1
46 10041 -1 4 320691 -0.13538 0.2195 35003.7 77145.6 160113 160091 -1
46 10043 -1 4 -1 0.0114 -0.1316 34404.7 77370.6 -1 -1 1
46 10043 -1 4 320691 -0.13538 0.2195 35003.7 77145.6 160113 160091 -1
46 10044 -1 4 -1 0.0114 -0.1316 34404.7 77370.6 -1 -1 1
46 10044 -1 4 320691 -0.13538 0.2195 35003.7 77145.6 160113 160091 -1
46 10045 -1 4 -1 0.0114 -0.1316 34404.7 77370.6 -1 -1 1
46 10045 -1 4 320691 -0.13538 0.2195 35003.7 77145.6 160113 160091 -1
46 10046 -1 4 -1 0.0114 -0.1316 34404.7 77370.6 -1 -1 1
46 10046 -1 4 540519 -0.61973 0.35884 35229.2 77757.5 160240 160254 -1
46 10047 -1 4 -1 0.0114 -0.1316 34404.7 77370.6 -1 -1 1
46 10047 -1 4 540519 -0.61973 0.35884 35229.2 77757.5 160240 160254 -1
46 10048 -1 4 -1 0.0114 -0.1316 34404.7 77370.6 -1 -1 1
46 10048 -1 4 320691 -0.13538 0.2195 35003.7 77145.6 160113 160091 -1
46 10049 -1 4 -1 0.0114 -0.1316 34404.7 77370.6 -1 -1 1
46 10049 -1 4 320691 -0.13538 0.2195 35003.7 77145.6 160113 160091 -1
46 10050 -1 4 -1 0.0114 -0.1316 34404.7 77370.6 -1 -1 1
46 10050 -1 4 540519 -0.61973 0.35884 35229.2 77757.5 160240 160254 -1
46 10051 -1 4 -1 0.0114 -0.1316 34404.7 77370.6 -1 -1 1
46 10051 -1 4 540519 -0.61973 0.35884 35229.2 77757.5 160240 160254 -1
46 10052 -1 4 -1 0.0114 -0.1316 34404.7 77370.6 -1 -1 1
46 10052 -1 4 540519 -0.61973 0.35884 35229.2 77757.5 160240 160254 -1
46 10053 -1 4 -1 0.0114 -0.1316 34404.7 77370.6 -1 -1 1
46 10053 -1 4 320691 -0.13538 0.2195 35003.7 77145.6 160113 160091 -1
46 10054 -1 4 -1 0.0114 -0.1316 34404.7 77370.6 -1 -1 1
46 10054 -1 4 540519 -0.61973 0.35884 35229.2 77757.5 160240 160254 -1
46 10055 -1 4 -1 0.0114 -0.1316 34404.7 77370.6 -1 -1 1
46 10055 -1 4 320691 -0.13538 0.2195 35003.7 77145.6 160113 160091 -1
46 10056 -1 4 -1 0.0114 -0.1316 34404.7 77370.6 -1 -1 1
46 10056 -1 4 540519 -0.61973 0.35884 35229.2 77757.5 160240 160254 -1
46 10057 -1 4 -1 0.0114 -0.1316 34404.7 77370.6 -1 -1 1
46 10057 -1 4 320691 -0.13538 0.2195 35003.7 77145.6 160113 160091 -1
46 10058 -1 4 -1 0.0114 -0.1316 34404.7 77370.6 -1 -1 1
46 10058 -1 4 540519 -0.61973 0.35884 35229.2 77757.5 160240 160254 -1
46 10059 -1 4 -1 0.0114 -0.1316 34404.7 77370.6 -1 -1 1
46 10059 -1 4 540519 -0.61973 0.35884 35229.2 77757.5 160240 160254 -1
46 10060 -1 4 -1 0.0114 -0.1316 34404.7 77370.6 -1 -1 1
46 10060 -1 4 320691 -0.13538 0.2195 35003.7 77145.6 160113 160091 -1
46 10061 -1 4 -1 0.0114 -0.1316 34404.7 77370.6 -1 -1 1
46 10061 -1 4 540519 -0.61973 0.35884 35229.2 77757.5 160240 160254 -1
46 10062 -1 4 -1 0.0114 -0.1316 34404.7 77370.6 -1 -1 1
46 10062 -1 4 320691 -0.13538 0.2195 35003.7 77145.6 160113 160091 -1
46 10063 -1 4 -1 0.0114 -0.1316 34404.7 77370.6 -1 -1 1
46 10063 -1 4 320691 -0.13538 0.2195 35003.7 77145.6 160113 160091 -1
46 10064 -1 4 -1 0.0114 -0.1316 34404.7 77370.6 -1 -1 1
46 10064 -1 4 320691 -0.13538 0.2195 35003.7 77145.6 160113 160091 -1
46 10065 -1 4 -1 0.0114 -0.1316 34404.7 77370.6 -1 -1 1
46 10065 -1 4 540519 -0.61973 0.35884 35229.2 77757.5 160240 160254 -1
46 10066 -1 4 -1 0.0114 -0.1316 34404.7 77370.6 -1 -1 1
46 10066 -1 4 540519 -0.61973 0.35884 35229.2 77757.5 160240 160254 -1
46 10067 -1 4 -1 0.0114 -0.1316 34404.7 77370.6 -1 -1 1
46 10067 -1 4 320691 -0.13538 0.2195 35003.7 77145.6 160113 160091 -1
46 10068 -1 4 -1 0.0114 -0.1316 34404.7 77370.6 -1 -1 1
46 10068 -1 4 540519 -0.61973 0.35884 35229.2 77757.5 160240 160254 -1
46 10069 -1 4 -1 0.0114 -0.1316 34404.7 77370.6 -1 -1 1
46 10069 -1 4 320691 -0.13538 0.2195 35003.7 77145.6 160113 160091 -1
46 10070 -1 4 -1 0.0114 -0.1316 34404.7 77370.6 -1 -1 1
46 10070 -1 4 540519 -0.61973 0.35884 35229.2 77757.5 160240 160254 -1
46 10071 -1 4 -1 0.0114 -0.1316 34404.7 77370.6 -1 -1 1
46 10071 -1 4 540519 -0.61973 0.35884 35229.2 77757.5 160240 160254 -1
46 10072 -1 4 -1 0.0114 -0.1316 34404.7 77370.6 -1 -1 1
46 10072 -1 4 540519 -0.61973 0.35884 35229.2 77757.5 160240 160254 -1
46 10073 -1 4 -1 0.0114 -0.1316 34404.7 77370.6 -1 -1 1
46 10073 -1 4 320691 -0.13538 0.2195 35003.7 77145.6 160113 160091 -1
46 10074 -1 4 -1 0.0114 -0.1316 34404.7 77370.6 -1 -1 1
46 10074 -1 4 540519 -0.61973 0.35884 35229.2 77757.5 160240 160254 -1
46 10075 -1 4 -1 0.0114 -0.1316 34404.7 77370.6 -1 -1 1
46 10075 -1 4 540519 -0.61973 0.35884 35229.2 77757.5 160240 160254 -1
46 10076 -1 4 -1 0.0114 -0.1316 34404.7 77370.6 -1 -1 1
46 10076 -1 4 320691 -0.13538 0.2195 35003.7 77145.6 160113 160091 -1
46 10077 -1 4 -1 0.0114 -0.1316 34404.7 77370.6 -1 -1 1
46 10077 -1 4 320691 -0.13538 0.2195 35003.7 77145.6 160113 160091 -1
46 10078 -1 4 -1 0.0114 -0.1316 34404.7 77370.6 -1 -1 1
46 10078 -1 4 320691 -0.13538 0.2195 35003.7 77145.6 160113 160091 -1
46 10079 -1 4 -1 0.0114 -0.1316 34404.7 77370.6 -1 -1 1
46 10079 -1 4 540519 -0.61973 0.35884 35229.2 77757.5 160240 160254 -1
46 10080 -1 4 -1 0.0114 -0.1316 34404.7 77370.6 -1 -1 1
46 10080 -1 4 320691 -0.13538 0.2195 35003.7 77145.6 160113 160091 -1
46 10081 -1 4 -1 0.0114 -0.1316 34404.7 77370.6 -1 -1 1
46 10081 -1 4 320691 -0.13538 0.2195 35003.7 77145.6 160113 160091 -1
46 10082 -1 4 -1 0.0114 -0.1316 34404.7 77370.6 -1 -1 1
46 10082 -1 4 540519 -0.61973 0.35884 35229.2 77757.5 160240 160254 -1
46 10083 -1 4 -1 0.0114 -0.1316 34404.7 77370.6 -1 -1 1
46 10083 -1 4 540519 -0.61973 0.35884 35229.2 77757.5 160240 160254 -1
46 10084 -1 4 -1 0.0114 -0.1316 34404.7 77370.6 -1 -1 1
46 10084 -1 4 320691 -0.13538 0.2195 35003.7 77145.6 160113 160091 -1
46 10085 -1 4 -1 0.0114 -0.1316 34404.7 77370.6 -1 -1 1
46 10085 -1 4 320691 -0.13538 0.2195 35003.7 77145.6 160113 160091 -1
46 4283 -1 4 -1 -0.015 0.2988 19681.8 83843.7 -1 -1 1
46 4283 -1 4 342827 0.29353 -0.21969 19204.6 83569.1 160113 160077 -1
46 14676 -1 5 -1 0.1301 -0.2767 89712.8 15166.5 -1 -1 1
46 14676 -1 5 842803 -0.81544 -0.10823 90330.1 17146.5 160148 160157 -1
46 4716 -1 6 -1 -0.1517 -0.1271 75783.1 39964.9 -1 -1 1
46 4716 -1 6 219333 -0.00509 -0.03549 78049.9 38039.4 160075 160063 -1
47 13106 -1 3 -1 0.5899 -0.6887 110904 22540.9 -1 -1 1
47 13106 -1 3 401866 0.01682 -0.10211 111240 21347.5 160080 160040 -1
47 16229 -1 3 -1 0.3495 -0.2849 97902.5 69793.7 -1 -1 1
47 16229 -1 3 1004542 -0.40979 0.00805 97920.7 71442.6 160155 160196 -1
47 2440 -1 3 -1 -0.1698 0.0335 81614.8 27580.8 -1 -1 1
47 2440 -1 3 416502 0.09081 -0.03464 80580.8 27890.6 160130 160112 -1
47 4289 -1 3 -1 -0.0303 -0.1561 57791.5 83525.1 -1 -1 1
47 4289 -1 3 1060742 -0.3406 -0.33098 54800.6 84718.9 160170 160128 -1
47 10026 -1 4 -1 0.0123 -0.1317 34374.5 78329 -1 -1 1
47 10026 -1 4 323814 -0.13153 0.19639 35092 77822.4 160078 160080 -1
47 10027 -1 4 -1 0.0123 -0.1317 34374.5 78329 -1 -1 1
47 10027 -1 4 1062128 -0.36137 -0.38943 34530.3 78503.6 160300 160303 -1
47 10028 -1 4 -1 0.0123 -0.1317 34374.5 78329 -1 -1 1
47 10028 -1 4 1062128 -0.36137 -0.38943 34530.3 78503.6 160300 160303 -1
47 10029 -1 4 -1 0.0123 -0.1317 34374.5 78329 -1 -1 1
47 10029 -1 4 323814 -0.13153 0.19639 35092 77822.4 160078 160080 -1
47 10030 -1 4 -1 0.0123 -0.1317 34374.5 78329 -1 -1 1
47 10030 -1 4 323814 -0.13153 0.19639 35092 77822.4 160078 160080 -1
47 10031 -1 4 -1 0.0123 -0.1317 34374.5 78329 -1 -1 1
47 10031 -1 4 1062128 -0.36137 -0.38943 34530.3 78503.6 160300 160303 -1
47 10033 -1 4 -1 0.0123 -0.1317 34374.5 78329 -1 -1 1
47 10033 -1 4 1062128 -0.36137 -0.38943 34530.3 78503.6 160300 160303 -1
47 10034 -1 4 -1 0.0123 -0.1317 34374.5 78329 -1 -1 1
47 10034 -1 4 1062128 -0.36137 -0.38943 34530.3 78503.6 160300 160303 -1
47 10036 -1 4 -1 0.0123 -0.1317 34374.5 78329 -1 -1 1
47 10036 -1 4 1062128 -0.36137 -0.38943 34530.3 78503.6 160300 160303 -1
47 10037 -1 4 -1 0.0123 -0.1317 34374.5 78329 -1 -1 1
47 10037 -1 4 323814 -0.13153 0.19639 35092 77822.4 160078 160080 -1
47 10038 -1 4 -1 0.0123 -0.1317 34374.5 78329 -1 -1 1
47 10038 -1 4 323814 -0.13153 0.19639 35092 77822.4 160078 160080 -1
47 10041 -1 4 -1 0.0123 -0.1317 34374.5 78329 -1 -1 1
47 10041 -1 4 323814 -0.13153 0.19639 35092 77822.4 160078 160080 -1
47 10043 -1 4 -1 0.0123 -0.1317 34374.5 78329 -1 -1 1
47 10043 -1 4 1062128 -0.36137 -0.38943 34530.3 78503.6 160300 160303 -1
47 10044 -1 4 -1 0.0123 -0.1317 34374.5 78329 -1 -1 1
47 10044 -1 4 323814 -0.13153 0.19639 35092 77822.4 160078 160080 -1
47 10045 -1 4 -1 0.0123 -0.1317 34374.5 78329 -1 -1 1
47 10045 -1 4 323814 -0.13153 0.19639 35092 77822.4 160078 160080 -1
47 10046 -1 4 -1 0.0123 -0.1317 34374.5 78329 -1 -1 1
47 10046 -1 4 1062128 -0.36137 -0.38943 34530.3 78503.6 160300 160303 -1
47 10047 -1 4 -1 0.0123 -0.1317 34374.5 78329 -1 -1 1
47 10047 -1 4 323814 -0.13153 0.19639 35092 77822.4 160078 160080 -1
47 10048 -1 4 -1 0.0123 -0.1317 34374.5 78329 -1 -1 1
47 10048 -1 4 1062128 -0.36137 -0.38943 34530.3 78503.6 160300 160303 -1
47 10049 -1 4 -1 0.0123 -0.1317 34374.5 78329 -1 -1 1
47 10049 -1 4 1062128 -0.36137 -0.38943 34530.3 78503.6 160300 160303 -1
47 10050 -1 4 -1 0.0123 -0.1317 34374.5 78329 -1 -1 1
47 10050 -1 4 323814 -0.13153 0.19639 35092 77822.4 160078 160080 -1
47 10051 -1 4 -1 0.0123 -0.1317 34374.5 78329 -1 -1 1
47 10051 -1 4 1062128 -0.36137 -0.38943 34530.3 78503.6 160300 160303 -1
47 10052 -1 4 -1 0.0123 -0.1317 34374.5 78329 -1 -1 1
47 10052 -1 4 323814 -0.13153 0.19639 35092 77822.4 160078 160080 -1
47 10053 -1 4 -1 0.0123 -0.1317 34374.5 78329 -1 -1 1
47 10053 -1 4 1062128 -0.36137 -0.38943 34530.3 78503.6 160300 160303 -1
47 10054 -1 4 -1 0.0123 -0.1317 34374.5 78329 -1 -1 1
47 10054 -1 4 1062128 -0.36137 -0.38943 34530.3 78503.6 160300 160303 -1
47 10055 -1 4 -1 0.0123 -0.1317 34374.5 78329 -1 -1 1
47 10055 -1 4 323814 -0.13153 0.19639 35092 77822.4 160078 160080 -1
47 10056 -1 4 -1 0.0123 -0.1317 34374.5 78329 -1 -1 1
47 10056 -1 4 323814 -0.13153 0.19639 35092 77822.4 160078 160080 -1
47 10057 -1 4 -1 0.0123 -0.1317 34374.5 78329 -1 -1 1
47 10057 -1 4 323814 -0.13153 0.19639 35092 77822.4 160078 160080 -1
47 10058 -1 4 -1 0.0123 -0.1317 34374.5 78329 -1 -1 1
47 10058 -1 4 323814 -0.13153 0.19639 35092 77822.4 160078 160080 -1
47 10059 -1 4 -1 0.0123 -0.1317 34374.5 78329 -1 -1 1
47 10059 -1 4 1062128 -0.36137 -0.38943 34530.3 78503.6 160300 160303 -1
47 10060 -1 4 -1 0.0123 -0.1317 34374.5 78329 -1 -1 1
47 10060 -1 4 1062128 -0.36137 -0.38943 34530.3 78503.6 160300 160303 -1
47 10061 -1 4 -1 0.0123 -0.1317 34374.5 78329 -1 -1 1
47 10061 -1 4 323814 -0.13153 0.19639 35092 77822.4 160078 160080 -1
47 10062 -1 4 -1 0.0123 -0.1317 34374.5 78329 -1 -1 1
47 10062 -1 4 323814 -0.13153 0.19639 35092 77822.4 160078 160080 -1
47 10063 -1 4 -1 0.0123 -0.1317 34374.5 78329 -1 -1 1
47 10063 -1 4 323814 -0.13153 0.19639 35092 77822.4 160078 160080 -1
47 10064 -1 4 -1 0.0123 -0.1317 34374.5 78329 -1 -1 1
47 10064 -1 4 1062128 -0.36137 -0.38943 34530.3 78503.6 160300 160303 -1
47 10065 -1 4 -1 0.0123 -0.1317 34374.5 78329 -1 -1 1
47 10065 -1 4 323814 -0.13153 0.19639 35092 77822.4 160078 160080 -1
47 10066 -1 4 -1 0.0123 -0.1317 34374.5 78329 -1 -1 1
47 10066 -1 4 323814 -0.13153 0.19639 35092 77822.4 160078 160080 -1
47 10067 -1 4 -1 0.0123 -0.1317 34374.5 78329 -1 -1 1
47 10067 -1 4 323814 -0.13153 0.19639 35092 77822.4 160078 160080 -1
47 10068 -1 4 -1 0.0123 -0.1317 34374.5 78329 -1 -1 1
47 10068 -1 4 1062128 -0.36137 -0.38943 34530.3 78503.6 160300 160303 -1
47 10069 -1 4 -1 0.0123 -0.1317 34374.5 78329 -1 -1 1
47 10069 -1 4 1062128 -0.36137 -0.38943 34530.3 78503.6 160300 160303 -1
47 10070 -1 4 -1 0.0123 -0.1317 34374.5 78329 -1 -1 1
47 10070 -1 4 323814 -0.13153 0.19639 35092 77822.4 160078 160080 -1
47 10071 -1 4 -1 0.0123 -0.1317 34374.5 78329 -1 -1 1
47 10071 -1 4 1062128 -0.36137 -0.38943 34530.3 78503.6 160300 160303 -1
47 10072 -1 4 -1 0.0123 -0.1317 34374.5 78329 -1 -1 1
47 10072 -1 4 323814 -0.13153 0.19639 35092 77822.4 160078 160080 -1
47 10073 -1 4 -1 0.0123 -0.1317 34374.5 78329 -1 -1 1
47 10073 -1 4 323814 -0.13153 0.19639 35092 77822.4 160078 160080 -1
47 10074 -1 4 -1 0.0123 -0.1317 34374.5 78329 -1 -1 1
47 10074 -1 4 323814 -0.13153 0.19639 35092 77822.4 160078 160080 -1
47 10075 -1 4 -1 0.0123 -0.1317 34374.5 78329 -1 -1 1
47 10075 -1 4 1062128 -0.36137 -0.38943 34530.3 78503.6 160300 160303 -1
47 10076 -1 4 -1 0.0123 -0.1317 34374.5 78329 -1 -1 1
47 10076 -1 4 323814 -0.13153 0.19639 35092 77822.4 160078 160080 -1
47 10077 -1 4 -1 0.0123 -0.1317 34374.5 78329 -1 -1 1
47 10077 -1 4 323814 -0.13153 0.19639 35092 77822.4 160078 160080 -1
47 10078 -1 4 -1 0.0123 -0.1317 34374.5 78329 -1 -1 1
47 10078 -1 4 323814 -0.13153 0.19639 35092 77822.4 160078 160080 -1
47 10079 -1 4 -1 0.0123 -0.1317 34374.5 78329 -1 -1 1
47 10079 -1 4 323814 -0.13153 0.19639 35092 77822.4 160078 160080 -1
47 10080 -1 4 -1 0.0123 -0.1317 34374.5 78329 -1 -1 1
47 10080 -1 4 1062128 -0.36137 -0.38943 34530.3 78503.6 160300 160303 -1
47 10081 -1 4 -1 0.0123 -0.1317 34374.5 78329 -1 -1 1
47 10081 -1 4 1062128 -0.36137 -0.38943 34530.3 78503.6 160300 160303 -1
47 10082 -1 4 -1 0.0123 -0.1317 34374.5 78329 -1 -1 1
47 10082 -1 4 323814 -0.13153 0.19639 35092 77822.4 160078 160080 -1
47 10083 -1 4 -1 0.0123 -0.1317 34374.5 78329 -1 -1 1
47 10083 -1 4 323814 -0.13153 0.19639 35092 77822.4 160078 160080 -1
47 10084 -1 4 -1 0.0123 -0.1317 34374.5 78329 -1 -1 1
47 10084 -1 4 323814 -0.13153 0.19639 35092 77822.4 160078 160080 -1
47 10085 -1 4 -1 0.0123 -0.1317 34374.5 78329 -1 -1 1
47 10085 -1 4 323814 -0.13153 0.19639 35092 77822.4 160078 160080 -1
47 14676 -1 5 -1 0.1314 -0.2749 89745.9 18572.5 -1 -1 1
47 14676 -1 5 392516 0.34896 0.11224 87466.9 18231.4 160209 160174 -1
47 4716 -1 6 -1 -0.1508 -0.1282 75840.4 44193.4 -1 -1 1
47 4716 -1 6 11860 0.08565 0.03812 75662.9 45025.2 160098 160092 -1
48 2497 1066001 1 -1 -0.46608 -0.35329 55727.2 81023.7 120017 120044 0
48 2497 -1 1 98890 0.16356 0.32033 53049.7 80331.1 160116 160101 -1
48 8057 2211480 3 -1 0.05663 0.16186 43621.7 113757 110028 130030 0
48 8057 -1 3 224477 -0.10009 1.22962 44427.2 38822 100011 100015 -1
48 4289 -1 3 -1 -0.0316 -0.1557 57330.3 83299.6 -1 -1 1
48 4289 -1 3 113542 0.04381 -0.03025 59202.1 82964.6 160072 160053 -1
48 1264 3187328 4 -1 0.15525 0.28114 147547 147709 90013 80003 0
48 1264 -1 4 89934 0.72601 -0.7537 84155.1 74857.3 100011 90012 -1
48 4716 -1 6 -1 -0.152 -0.1266 74765.1 39204.5 -1 -1 1
48 4716 -1 6 219416 0.07389 0.02459 77830.4 41144 160049 160067 -1
49 2497 -1 1 -1 -0.4624 -0.3579 52590.6 81769.7 -1 -1 1
49 2497 -1 1 314859 0.28425 0.00456 50469.9 80944.8 160158 160141 -1
49 13592 1433618 2 -1 0.02686 0.18844 201892 84568.6 90009 120019 0
49 13592 -1 2 332924 -1.36216 -0.25878 109510 82460.6 110021 120031 -1
49 8057 -1 3 -1 0.0546 0.1626 39411.6 35276.7 -1 -1 1
49 8057 -1 3 210332 0.09425 -0.02479 39436.1 35058.6 160161 160151 -1
49 742 2296860 3 -1 0.31819 -0.10638 109426 150935 90008 130023 0
49 742 -1 3 1045268 1.22294 4.56754 4584.43 66618.6 110023 100009 -1
49 1264 -1 4 -1 0.1504 0.2831 21799.3 70522.7 -1 -1 1
49 1264 -1 4 1146987 -0.15247 -0.65997 18895.9 71433.1 160170 160193 -1
49 10651 3679799 4 -1 -0.43152 -0.08547 151100 161653 100010 120028 0
49 10651 -1 4 1257293 0 0 0 0 -1 -1 -1
49 15446 5229358 5 -1 0.3634 -0.72615 43927.8 180730 100021 110026 0
49 15446 -1 5 868006 -1.1981 2.62894 44539.6 16863 100006 100012 -1
49 2925 6005200 6 -1 -0.23641 -0.88037 195588 202779 90019 100022 0
49 2925 -1 6 25664 -0.26601 0.79894 71114.4 50243.8 80004 80004 -1
49 2926 5310897 6 -1 -0.16281 -0.83717 178327 199439 70002 110011 0
49 2926 -1 6 898157 -2.71607 -1.41499 82929 42048.9 110013 90004 -1
50 14994 2226593 3 -1 0.26263 -0.27177 112293 126381 140025 120012 0
50 14994 -1 3 21583 -0.06233 1.11704 113023 46918.4 80004 70004 -1
50 2497 -1 3 -1 -0.4583 -0.3628 58781 5864.2 -1 -1 1
50 2497 -1 3 143886 -0.24932 0.10748 57261.5 7266.36 160098 160111 -1
50 8057 -1 3 -1 0.0532 0.1634 44342.1 36620.6 -1 -1 1
50 8057 -1 3 666270 0.34424 0.3833 42770.8 39595.5 160229 160217 -1
50 742 -1 3 -1 0.3192 -0.1023 113020 75015.7 -1 -1 1
50 742 -1 3 101961 0.37564 0.3079 110732 76725.9 160246 160213 -1
50 1264 -1 4 -1 0.1506 0.2838 27023.3 72236.8 -1 -1 1
50 1264 -1 4 1030488 0.72207 0.02957 26522.2 72487.1 160214 160217 -1
50 13592 -1 4 -1 0.0256 0.1888 86405.6 8500.4 -1 -1 1
50 13592 -1 4 140473 -0.00356 -0.06341 85681.6 8117.03 160098 160069 -1
50 15446 -1 5 -1 0.3686 -0.7221 47163.9 29152.2 -1 -1 1
50 15446 -1 5 195616 0.0962 -0.01208 48015.1 28862.3 160134 160121 -1
50 10651 -1 6 -1 -0.4311 -0.0884 36241.9 9282.9 -1 -1 1
50 10651 -1 6 142769 0.07424 -0.06835 37127.7 9276.84 160118 160130 -1
50 2925 -1 6 -1 -0.2299 -0.8839 80031.3 52522.3 -1 -1 1
50 2925 -1 6 914794 0.21694 -0.48648 81441.7 50341.5 160179 160115 -1
50 2926 -1 6 -1 -0.1571 -0.8384 62605.4 48884 -1 -1 1
50 2926 -1 6 27668 -0.14624 0.06336 61976.9 48850.2 160118 160102 -1
51 2497 -1 1 -1 -0.4589 -0.3599 57238.2 82992.7 -1 -1 1
51 2497 -1 1 334726 0.4515 0.37088 59897.9 82559 160213 160237 -1
51 859 231708 1 -1 0.28176 -0.31537 75717.3 41798.7 80003 80002 0
51 859 -1 1 440270 -0.17031 0.12377 76570.6 40602.3 160130 160095 -1
51 13592 -1 2 -1 0.0244 0.1884 84238.9 85045.3 -1 -1 1
51 13592 -1 2 550937 0.05693 0.00478 84435.1 84441.3 160067 160058 -1
51 14994 -1 3 -1 0.2613 -0.2729 110607 46769.2 -1 -1 1
51 14994 -1 3 22586 -0.09978 -0.03912 109825 48465.8 160070 160058 -1
51 8057 -1 3 -1 0.054 0.163 42421.2 36342.1 -1 -1 1
51 8057 -1 3 666258 -0.45619 0.53545 42989.4 37485.4 160333 160293 -1
51 742 -1 3 -1 0.3189 -0.1039 111084 74603.1 -1 -1 1
51 742 -1 3 1032698 -0.12183 -0.68714 111618 76342 160151 160151 -1
51 1264 -1 4 -1 0.1492 0.284 24267.2 71271.1 -1 -1 1
51 1264 -1 4 1050110 0.71092 0.03241 23318 71729.8 160223 160236 -1
51 10651 -1 4 -1 -0.4308 -0.0914 33730.6 85305 -1 -1 1
51 10651 -1 4 337211 0.58338 0.20028 32589.7 85251.8 160113 160121 -1
51 15446 -1 5 -1 0.3682 -0.7218 44195.8 26456 -1 -1 1
51 15446 -1 5 625402 -0.25965 -0.52759 45991.8 25825.3 160182 160162 -1
51 18312 4410706 5 -1 0.44095 0.23686 108088 196766 90007 130033 0
51 18312 -1 5 658761 -0.36621 0.59714 97378.5 38362.5 120045 100022 -1
51 2831 5471264 6 -1 -0.49629 -0.63609 208364 177315 110016 100005 0
51 2831 -1 6 178094 -1.30528 0.31387 74116.2 22333.1 90009 100013 -1
51 2925 -1 6 -1 -0.2258 -0.8817 77526.5 50161.8 -1 -1 1
51 2925 -1 6 243901 -0.02057 -0.11915 80504.3 48972.2 160070 160056 -1
51 2926 -1 6 -1 -0.1548 -0.8383 60054.2 46429.9 -1 -1 1
51 2926 -1 6 233489 -0.13636 0.05015 59410.2 45682.1 160088 160076 -1
52 14531 91362 1 -1 -0.10831 -0.17518 103707 71293.9 150037 120029 0
52 14531 -1 1 91361 0.21894 -0.27353 103743 71282.6 160205 160206 -1
52 859 -1 1 -1 0.2807 -0.3148 77738 44573.2 -1 -1 1
52 859 -1 1 12651 -0.00585 -0.09664 74893.9 42057 160182 160156 -1
52 11804 2647496 3 -1 0.0042 -0.27866 79481 118858 110032 130029 0
52 11804 -1 3 11975 0.09332 0.50962 75888.4 44058.3 90006 110012 -1
52 14994 -1 3 -1 0.2622 -0.2724 112965 48902.7 -1 -1 1
52 14994 -1 3 21665 0.20936 0.04227 112522 47724.8 160087 160061 -1
52 1520 2408256 3 -1 0.3637 -0.18566 128477 109827 80005 90007 0
52 1520 -1 3 1071345 0.70723 0.67556 112858 32825.2 80010 100019 -1
52 3338 1998268 3 -1 -0.32674 0.21038 80685.3 119731 80002 100008 0
52 3338 -1 3 11975 0.09332 0.50962 75888.4 44058.3 90006 110012 -1
52 5913 2620810 3 -1 0.16799 -0.31867 113939 106946 110013 100012 0
52 5913 -1 3 189210 -1.94027 -1.43597 107905 28802.7 120040 100013 -1
52 742 -1 3 -1 0.3192 -0.1032 113202 76299.7 -1 -1 1
52 742 -1 3 90254 -0.03519 -0.11857 111528 75704.4 160110 160082 -1
52 5646 3290946 4 -1 0.16155 -0.61824 132700 104495 80003 80004 0
52 5646 -1 4 422430 0.75006 2.05631 6844.61 27538.7 130024 120025 -1
52 10651 -1 4 -1 -0.4316 -0.0886 38556.4 87909.4 -1 -1 1
52 10651 -1 4 1119825 0.40157 0.40552 39122.4 85560.4 160196 160165 -1
52 13592 -1 4 -1 0.0256 0.1882 87386.9 9597.8 -1 -1 1
52 13592 -1 4 787139 0.08 0.47613 88162.6 9903.71 160184 160205 -1
52 15446 -1 5 -1 0.3704 -0.7239 47076.9 31852.1 -1 -1 1
52 15446 -1 5 1077438 0.22434 -0.36746 44319.6 32698.8 160169 160094 -1
52 18312 -1 5 -1 0.4407 0.2373 109695 42921 -1 -1 1
52 18312 -1 5 677162 0.04493 0.54477 107326 42485.2 160232 160211 -1
52 2831 -1 6 -1 -0.4957 -0.6358 92125.5 26105.5 -1 -1 1
52 2831 -1 6 176156 -0.18439 -0.10577 91907.1 26177.8 160116 160081 -1
52 2925 -1 6 -1 -0.2278 -0.8864 81664.9 56126.6 -1 -1 1
52 2925 -1 6 39831 0.17064 -0.01694 82518.7 51354 160190 160178 -1
52 2926 -1 6 -1 -0.1569 -0.8416 63970.4 52273.6 -1 -1 1
52 2926 -1 6 927977 -0.26358 -0.34128 63056.6 53903.5 160173 160193 -1
53 14531 -1 1 -1 -0.1085 -0.175 102132 69246.7 -1 -1 1
53 14531 -1 1 73690 -0.19081 0.28528 102191 68917.5 160143 160132 -1
53 859 -1 1 -1 0.2806 -0.3155 75793.3 42695 -1 -1 1
53 859 -1 1 11485 -0.01051 -0.02938 76289 42641.4 160047 160051 -1
53 11804 -1 3 -1 0.0032 -0.2786 77487.8 40806.1 -1 -1 1
53 11804 -1 3 1068110 0.44793 0.61215 80244.1 37928.9 160158 160148 -1
53 14994 -1 3 -1 0.2603 -0.2742 110745 48270.7 -1 -1 1
53 14994 -1 3 8664 -0.15187 0.20741 110522 45485.3 160111 160095 -1
53 3338 -1 3 -1 -0.326 0.2117 78966.3 41269.6 -1 -1 1
53 3338 -1 3 219095 0.05601 0.00353 76332 39582.4 160104 160114 -1
53 5913 -1 3 -1 0.1668 -0.3192 111762 28804.9 -1 -1 1
53 5913 -1 3 877106 -0.59316 0.09482 112502 31528.1 160248 160201 -1
53 11975 2415433 3 -1 0.12909 -0.24235 62484.1 110202 110017 130027 0
53 11975 -1 3 1081754 0 0 0 0 -1 -1 -1
53 1520 -1 4 -1 0.3645 -0.1839 6173.4 30485.3 -1 -1 1
53 1520 -1 4 1089035 -0.51869 0.09133 7331.84 33601.3 160245 160192 -1
53 5646 -1 4 -1 0.1644 -0.6175 10584.8 25534.2 -1 -1 1
53 5646 -1 4 881749 0.45134 -0.4137 11074 27295.3 160229 160268 -1
53 18312 -1 5 -1 0.443 0.2335 109097 37336.5 -1 -1 1
53 18312 -1 5 216196 0.01389 -0.09888 107884 38011.1 160099 160071 -1
53 2831 -1 6 -1 -0.5003 -0.6329 91575.4 20769.1 -1 -1 1
53 2831 -1 6 877200 -0.54017 -0.50019 89283 22233.6 160211 160211 -1
54 14531 -1 1 -1 -0.1078 -0.1764 102208 72501.4 -1 -1 1
54 14531 -1 1 727397 -0.58112 0.52281 101759 71648 160244 160196 -1
54 859 -1 1 -1 0.283 -0.3151 74748.4 46273.6 -1 -1 1
54 859 -1 1 31249 -0.03341 0.00863 75828.4 49038 160066 160069 -1
54 15605 1173409 2 -1 -0.01071 0.26917 158911 66453.1 90009 90005 0
54 15605 -1 2 292264 0.38471 -1.46164 114787 66720.3 100004 90009 -1
54 11804 -1 3 -1 0.0055 -0.2764 76977.8 40160.5 -1 -1 1
54 11804 -1 3 1100826 -0.35539 -0.60601 79428.8 38612 160214 160180 -1
54 1520 -1 3 -1 0.3647 -0.1832 124532 31058.5 -1 -1 1
54 1520 -1 3 423441 -0.77363 0.20873 126647 31547.3 160195 160132 -1
54 3338 -1 3 -1 -0.3282 0.211 79513.1 39095.1 -1 -1 1
54 3338 -1 3 1100826 -0.35539 -0.60601 79428.8 38612 160214 160180 -1
54 3662 2414089 3 -1 -0.51829 0.06797 126618 95334.7 110022 100014 0
54 3662 -1 3 832182 0.40375 -1.52421 76675.2 17358.8 110016 100008 -1
54 5913 -1 3 -1 0.1686 -0.3175 110802 28639.2 -1 -1 1
54 5913 -1 3 188643 -0.01719 -0.00492 112277 30364.6 160072 160075 -1
54 11975 -1 3 -1 0.1308 -0.2416 61231.1 33194.1 -1 -1 1
54 11975 -1 3 207737 -0.01613 -0.41828 61774.6 33350.6 160112 160082 -1
54 5646 -1 4 -1 0.1676 -0.6115 9302.4 26905.3 -1 -1 1
54 5646 -1 4 418470 0.1152 0.04075 6443 27503.4 160066 160053 -1
54 18312 -1 5 -1 0.4406 0.236 105945 41671.5 -1 -1 1
54 18312 -1 5 9732 0.10054 0.08215 103895 44590.8 160053 160061 -1
54 2831 -1 6 -1 -0.4961 -0.6355 91666.7 27943.1 -1 -1 1
54 2831 -1 6 400202 -0.04436 0.11395 96512.8 23718.9 160072 160076 -1
55 14531 -1 1 -1 -0.1069 -0.1755 99012.7 70558.4 -1 -1 1
55 14531 -1 1 988368 0.00238 0.42948 96464.7 69154.8 160255 160188 -1
55 15605 -1 2 -1 -0.0119 0.2691 36351.7 64002.6 -1 -1 1
55 15605 -1 2 706097 0.29391 -0.68104 38049.1 62925.9 160185 160158 -1
55 11804 -1 3 -1 0.0047 -0.2782 74740.6 40085.4 -1 -1 1
55 11804 -1 3 440374 0.1454 0.50125 76499.5 37817.3 160099 160098 -1
55 1520 -1 3 -1 0.3641 -0.1841 121980 30750.4 -1 -1 1
55 1520 -1 3 409239 0.06259 -0.08413 122505 30199.8 160097 160065 -1
55 3338 -1 3 -1 -0.3272 0.21 77553.9 38594.3 -1 -1 1
55 3338 -1 3 1102382 -0.55168 0.40396 74939.7 38195.2 160187 160174 -1
55 3662 -1 3 -1 -0.5187 0.0687 124422 14737.6 -1 -1 1
55 3662 -1 3 371205 0.04271 0.12763 123551 15676 160102 160070 -1
55 5913 -1 3 -1 0.1685 -0.3175 108401 28489.8 -1 -1 1
55 5913 -1 3 1049101 -0.25131 -0.55614 109774 28165.1 160191 160200 -1
55 11975 -1 3 -1 0.1305 -0.2418 58873 33114 -1 -1 1
55 11975 -1 3 648693 0.01405 -0.44315 59532.1 33403.2 160130 160129 -1
55 5646 -1 4 -1 0.1645 -0.6166 6814.2 27334.8 -1 -1 1
55 5646 -1 4 1066229 0.53221 -0.32375 6096.59 28191.1 160185 160206 -1
56 15605 -1 2 -1 -0.0129 0.2688 40122.3 64534 -1 -1 1
56 15605 -1 2 72249 -0.04686 -0.02686 39284.6 65507.5 160107 160073 -1
56 13311 2040685 3 -1 -0.42284 0.28546 66160.4 138340 90007 90005 0
56 13311 -1 3 54278 0.24563 0.14574 62200.2 60635.5 100011 90011 -1
56 11975 -1 3 -1 0.1314 -0.2416 62142.5 34139.4 -1 -1 1
56 11975 -1 3 207437 -0.22276 0.09586 62834.6 34890.2 160109 160093 -1
56 3662 -1 4 -1 -0.5181 0.0656 9799.6 15257.9 -1 -1 1
56 3662 -1 4 385434 -0.05157 0.32303 9328.27 14643.6 160070 160098 -1
57 15605 -1 2 -1 -0.009 0.2693 39354.8 62375 -1 -1 1
57 15605 -1 2 969297 0.52693 0.08444 39365.8 62571.7 160159 160179 -1
57 13311 -1 3 -1 -0.4179 0.2921 67193.4 58105.7 -1 -1 1
57 13311 -1 3 56344 0.04321 0.16778 67599.9 57368.5 160081 160092 -1
57 3662 -1 4 -1 -0.5172 0.0719 9493.2 13832.7 -1 -1 1
57 3662 -1 4 169990 0.04918 -0.19847 11596.5 16811.2 160068 160053 -1
58 11545 1264403 1 -1 0.47118 0.18671 107289 77312.6 90010 120039 0
58 11545 -1 1 501395 -0.09074 0.147 108539 75154.3 160133 160119 -1
58 3990 323110 1 -1 0.26258 -0.65129 68322.1 86166.7 90009 90011 0
58 3990 -1 1 2968977 0 0 0 0 -1 -1 -1
58 1835 1119785 2 -1 0.81866 0.21638 157505 45662.3 80005 110014 0
58 1835 -1 2 239066 -0.00437 1.6208 11728.1 41626.7 90011 100019 -1
58 5793 1807800 2 -1 0.49094 0.43416 202000 73763.4 100020 100016 0
58 5793 -1 2 491453 -1.87426 -2.18276 8167.23 54175 110025 100010 -1
58 13311 -1 3 -1 -0.4254 0.2832 65782 54795.6 -1 -1 1
58 13311 -1 3 42236 -0.04887 0.16688 65055.2 54255.6 160131 160108 -1
59 11545 -1 1 -1 0.4723 0.184 108792 78291.7 -1 -1 1
59 11545 -1 1 313644 -0.59316 0.11187 108761 79222.9 160168 160155 -1
59 1835 -1 2 -1 0.8193 0.2135 37862.8 46860.1 -1 -1 1
59 1835 -1 2 248457 0.05123 0.08685 38212.4 47895 160075 160053 -1
59 5793 -1 2 -1 0.4926 0.4324 82726.9 74593.1 -1 -1 1
59 5793 -1 2 517306 0.08933 -0.40073 83212.8 75077.1 160158 160130 -1
59 13311 -1 3 -1 -0.4222 0.2882 68732.6 56161.1 -1 -1 1
59 13311 -1 3 39046 -0.08576 -0.31739 69656.6 55841.3 160127 160080 -1
59 3990 -1 3 -1 0.2585 -0.6524 70259.7 8770.3 -1 -1 1
59 3990 -1 3 140344 -0.12411 0.19018 72252.6 7255.74 160093 160113 -1
59 4009 2327588 3 -1 -0.30203 -0.18586 47550.9 153348 110021 120037 0
59 4009 -1 3 307797 -0.12205 0.70383 23366.8 72132.9 110026 100011 -1
59 16944 3359235 4 -1 -0.35262 -0.20467 175348 139090 100017 100016 0
59 16944 -1 4 54906 -1.13976 0.54515 70905.4 61181.4 80004 100007 -1
59 7069 3892227 4 -1 -0.58868 -0.479 149326 88171 100016 80003 0
59 7069 -1 4 143132 0.19816 1.62406 7826.64 10324.3 110012 90003 -1
59 6569 4573203 5 -1 -0.04294 -0.08362 96071.1 168700 150061 160053 0
59 6569 -1 5 377514 0.71751 -2.19309 114518 14149.8 80005 120028 -1
60 11545 -1 1 -1 0.473 0.1826 108768 77291.1 -1 -1 1
60 11545 -1 1 312635 -0.02467 0.26691 107935 77026 160043 160066 -1
60 1835 -1 2 -1 0.8185 0.2162 36017.8 45040 -1 -1 1
60 1835 -1 2 928218 -0.76009 0.33596 36445.5 46879.5 160222 160162 -1
60 1943 1600753 2 -1 0.22392 0.35656 194441 67469.2 100018 110014 0
60 1943 -1 2 1037829 0.1823 -0.9787 55980.7 22942.6 90009 70002 -1
60 5793 -1 2 -1 0.4908 0.4326 81820.2 72264.5 -1 -1 1
60 5793 -1 2 295451 -0.0075 0.08781 84237.6 70406.1 160117 160081 -1
60 3990 -1 3 -1 0.2626 -0.6508 70409.8 13087.7 -1 -1 1
60 3990 -1 3 155437 -0.62848 -0.49348 73260.1 12748.8 160302 160284 -1
60 4009 -1 3 -1 -0.3011 -0.1876 49372.6 76801 -1 -1 1
60 4009 -1 3 94501 -0.0618 0.13412 48802.4 75734.7 160064 160058 -1
60 10880 3638058 4 -1 -0.46657 0.22873 183695 90007 120016 110018 0
60 10880 -1 4 380989 1.02555 -1.67738 56750.4 12131.3 100012 90005 -1
60 16944 -1 4 -1 -0.3507 -0.208 56338.4 63553.4 -1 -1 1
60 16944 -1 4 270734 0.17146 0.0174 56024.7 61082.3 160080 160096 -1
60 7069 -1 4 -1 -0.5853 -0.4838 31498.3 13283.5 -1 -1 1
60 7069 -1 4 383290 0.00815 -0.02863 31883.3 12293.8 160069 160068 -1
60 6569 -1 5 -1 -0.0431 -0.0836 96460.5 10371.6 -1 -1 1
60 6569 -1 5 138526 0.16164 -0.23666 94917.7 10160.9 160126 160092 -1
61 11545 -1 1 -1 0.4745 0.1802 111107 79082.3 -1 -1 1
61 11545 -1 1 1034315 -0.39002 -0.05795 110345 81185.1 160164 160190 -1
61 1835 -1 2 -1 0.8183 0.2171 37609.5 47592.9 -1 -1 1
61 1835 -1 2 31308 0.00579 0.05205 37447.4 47207.6 160065 160066 -1
61 1943 -1 2 -1 0.2201 0.3586 74900.1 70283.4 -1 -1 1
61 1943 -1 2 1012807 -0.47385 -0.1656 77553.9 67542 160195 160193 -1
61 5793 -1 2 -1 0.4908 0.4344 83617.1 74704.1 -1 -1 1
61 5793 -1 2 97447 0.0086 -0.36474 84643.9 73709.9 160138 160114 -1
61 3990 -1 3 -1 0.2491 -0.6565 71017.3 16414.9 -1 -1 1
61 3990 -1 3 380655 -0.03848 -0.09323 71078.4 15838.8 160075 160070 -1
61 11332 2737395 3 -1 0.88925 0.02675 124625 153589 90009 90005 0
61 11332 -1 3 1008109 1.62889 -5.1163 121744 73080.8 100020 130022 -1
61 17762 2760829 3 -1 0.00631 -0.06132 97210.3 158600 150044 150051 0
61 17762 -1 3 728466 0.87879 -5.02647 67753.1 802.64 110032 100015 -1
61 4009 -1 3 -1 -0.3041 -0.1819 51604.3 80109.9 -1 -1 1
61 4009 -1 3 1045376 -0.59124 0.16313 50420.3 78399.8 160191 160178 -1
61 10880 -1 4 -1 -0.4668 0.2283 64648 15549.7 -1 -1 1
61 10880 -1 4 152219 -0.19349 0.09563 64358.3 13193 160083 160107 -1
61 16944 -1 4 -1 -0.3532 -0.2039 59072.4 64958.9 -1 -1 1
61 16944 -1 4 283562 0.01879 0.11099 58933.6 65381 160087 160040 -1
61 7069 -1 4 -1 -0.5905 -0.4765 33857.4 15215.6 -1 -1 1
61 7069 -1 4 598706 0.55662 0.59457 33905.5 15716.1 160207 160225 -1
61 5533 4016109 5 -1 0.58548 -1.05211 50067.6 207295 90004 90005 0
61 5533 -1 5 929988 0.37889 1.92783 92102.4 52874.9 110011 80007 -1
61 6569 -1 5 -1 -0.0431 -0.0833 98834.5 15534.1 -1 -1 1
61 6569 -1 5 150871 0.1907 -0.19598 95962.8 12947.1 160109 160093 -1
61 2741 5426241 6 -1 -0.06618 -0.13108 139880 168025 150054 160065 0
61 2741 -1 6 826491 0.42694 -2.70176 113478 13324.7 110015 110012 -1
62 1943 -1 2 -1 0.22 0.3587 70027.6 69008.8 -1 -1 1
62 1943 -1 2 294935 -0.17556 0.12373 69894.2 68068.9 160067 160070 -1
62 11332 -1 3 -1 0.8883 0.0355 114961 74888.3 -1 -1 1
62 11332 -1 3 92339 -0.0028 0.01092 113122 73325.1 160051 160057 -1
62 17762 -1 3 -1 0.0072 -0.0612 89682.1 79755.5 -1 -1 1
62 17762 -1 3 741689 -0.2032 0.76982 86799.5 79608.8 160251 160224 -1
62 4009 -1 3 -1 -0.3009 -0.1882 47131 77109.3 -1 -1 1
62 4009 -1 3 317500 0.09158 -0.00063 49765.1 79057.8 160080 160056 -1
62 10880 -1 4 -1 -0.4662 0.2294 62356.8 13064.4 -1 -1 1
62 10880 -1 4 842220 -0.61954 -0.51827 61996 12151 160221 160165 -1
62 16944 -1 4 -1 -0.3537 -0.2033 56425.3 63679.2 -1 -1 1
62 16944 -1 4 72657 0.06914 -0.19149 54983.7 61772 160137 160079 -1
62 7069 -1 4 -1 -0.5909 -0.4748 31870.9 14703.7 -1 -1 1
62 7069 -1 4 382486 0.38015 0.69766 28326.7 11564.7 160284 160250 -1
62 5533 -1 5 -1 0.601 -1.044 40866.2 53715.9 -1 -1 1
62 5533 -1 5 45823 -0.10395 -0.1335 41655.6 51585.8 160076 160068 -1
62 6569 -1 5 -1 -0.0425 -0.0839 94444.5 15389.8 -1 -1 1
62 6569 -1 5 160707 0.11402 0.6148 93184.7 18159.6 160147 160116 -1
62 2174 4664857 6 -1 0.14933 -0.13042 168265 206315 120022 120031 0
62 2174 -1 6 246806 0.48048 2.19361 66396.4 47692.6 100007 80003 -1
62 2741 -1 6 -1 -0.0643 -0.1325 13786.7 13482.5 -1 -1 1
62 2741 -1 6 868655 0.5019 0.06152 13384.3 13338.2 160128 160133 -1
63 1943 -1 2 -1 0.2182 0.3605 70052.1 67116.4 -1 -1 1
63 1943 -1 2 294103 -0.03212 0.01737 72034.6 67003.8 160051 160058 -1
63 11332 -1 3 -1 0.8867 0.0453 113258 73829.9 -1 -1 1
63 11332 -1 3 95638 0.05608 0.08056 113653 73929.2 160087 160085 -1
63 17762 -1 3 -1 0.0076 -0.0611 88681.3 78623 -1 -1 1
63 17762 -1 3 737314 0.2219 0.31077 91831 81168.4 160150 160115 -1
63 10880 -1 4 -1 -0.4687 0.2256 62399.4 11058.1 -1 -1 1
63 10880 -1 4 151735 0.01362 0.09105 57737 12578.4 160072 160054 -1
63 5533 -1 5 -1 0.6025 -1.0424 39411.7 53020.3 -1 -1 1
63 5533 -1 5 47293 0.12175 -0.03806 38664.2 52772.8 160071 160060 -1
63 2174 -1 6 -1 0.1495 -0.1304 47602 49250.8 -1 -1 1
63 2174 -1 6 30445 0.2208 0.04706 49563.5 49590.3 160099 160068 -1
63 2741 -1 6 -1 -0.064 -0.1325 12458 12275.2 -1 -1 1
63 2741 -1 6 848502 0.47225 0.08111 11604.9 11956.2 160139 160173 -1
64 7476 1014284 1 -1 0.48735 -0.49074 124643 80950.1 90008 130038 0
64 7476 -1 1 536208 -0.24615 0.07509 125270 80955.1 160165 160143 -1
64 11332 -1 3 -1 0.8896 0.0246 111368 74631.2 -1 -1 1
64 11332 -1 3 90358 -0.07162 -0.05459 111509 74498.8 160055 160078 -1
64 17762 -1 3 -1 0.006 -0.0614 88947.1 80227 -1 -1 1
64 17762 -1 3 315748 -0.00906 -0.06775 88787.1 78301.3 160057 160054 -1
64 11565 3141998 4 -1 0.26382 -0.30462 199522 139872 110019 100018 0
64 11565 -1 4 53624 -0.88775 0.71477 100047 57728.2 90009 90008 -1
64 6026 4635277 5 -1 0.234 0.04348 69757.7 196765 120022 90004 0
64 6026 -1 5 440948 1.91938 -1.46716 75149.7 36380 90005 100011 -1
64 5533 -1 5 -1 0.5899 -1.0523 37196.9 58092.4 -1 -1 1
64 5533 -1 5 497219 0.30635 0.30043 36410.9 58270 160180 160144 -1
64 2174 -1 6 -1 0.1479 -0.1324 46543.2 50320.3 -1 -1 1
64 2174 -1 6 939264 -0.08089 0.48324 47479.6 50821.7 160157 160129 -1
64 2741 -1 6 -1 -0.0655 -0.1318 11492 13712.4 -1 -1 1
64 2741 -1 6 838027 -0.78008 -0.29768 12032.1 12812 160191 160171 -1
65 7476 -1 2 -1 0.49 -0.4879 5883.9 80140.3 -1 -1 1
65 7476 -1 2 533752 -0.33091 0.05049 5788.18 80837.6 160168 160154 -1
65 11565 -1 4 -1 0.2649 -0.3051 81083.2 62240.1 -1 -1 1
65 11565 -1 4 72320 0.27918 0.17399 83413.1 62589.4 160065 160074 -1
65 6026 -1 5 -1 0.234 0.043 71793.9 40401 -1 -1 1
65 6026 -1 5 220411 0.03536 0.22409 69614 39398.7 160078 160081 -1
65 2221 4430507 5 -1 -0.21932 -0.05883 51029.1 198794 120033 140041 0
65 2221 -1 5 222790 -2.11337 0.06954 44365.8 40150.3 90009 110018 -1
65 2174 -1 6 -1 0.1481 -0.1321 48627 50070.2 -1 -1 1
65 2174 -1 6 30906 0.01784 -0.16953 49663.5 49265.6 160151 160157 -1
66 17083 278656 1 -1 0.09597 -0.22253 120811 61293.8 150049 130031 0
66 17083 -1 1 2085939 0 0 0 0 -1 -1 -1
66 7476 -1 1 -1 0.4932 -0.4863 124390 81780.5 -1 -1 1
66 7476 -1 1 545918 0.05405 -0.03325 124343 82037.5 160048 160041 -1
66 11565 -1 4 -1 0.2684 -0.3014 79281.5 62279.8 -1 -1 1
66 11565 -1 4 972432 -0.30509 -0.56433 81880.8 59987.4 160184 160204 -1
66 14296 4377915 5 -1 0.0793 -0.19426 45541.3 179264 140057 120029 0
66 14296 -1 5 417103 -1.94398 -1.21585 30189.6 28750 90008 90010 -1
66 6026 -1 5 -1 0.2337 0.0442 70205.6 39370.6 -1 -1 1
66 6026 -1 5 441284 -0.6021 0.12378 68323.5 41177.2 160155 160207 -1
66 2221 -1 5 -1 -0.2187 -0.0592 51022.7 42207.8 -1 -1 1
66 2221 -1 5 910743 -0.15727 0.51804 50869.2 42700 160297 160295 -1
67 17083 -1 1 -1 0.095 -0.223 121075 63653 -1 -1 1
67 17083 -1 1 65184 0.2541 0.16143 119305 65855.7 160178 160140 -1
67 7476 -1 1 -1 0.4901 -0.4871 124397 84363.9 -1 -1 1
67 7476 -1 1 319980 -0.00838 -0.04251 121434 85056.9 160053 160046 -1
67 11565 -1 4 -1 0.2654 -0.3033 80315.6 65088.9 -1 -1 1
67 11565 -1 4 283507 -0.18644 0.30745 77401.7 63683.4 160136 160126 -1
67 14296 -1 5 -1 0.0773 -0.1949 47883.6 26189.4 -1 -1 1
67 14296 -1 5 181281 0.02005 -0.07074 49523.5 24372.9 160047 160071 -1
67 6026 -1 5 -1 0.2335 0.0442 71618.9 40965.6 -1 -1 1
67 6026 -1 5 232637 -0.02156 -0.18257 73697.2 41335.9 160166 160145 -1
67 2221 -1 5 -1 -0.2189 -0.0592 52810.3 43885 -1 -1 1
67 2221 -1 5 897625 0.40905 -0.01959 51962.1 45811.7 160219 160190 -1
68 17083 -1 1 -1 0.0957 -0.2226 121801 60889.5 -1 -1 1
68 17083 -1 1 61413 0.11596 -0.04229 122756 60658.9 160092 160055 -1
68 1258 3704984 3 -1 0.22598 -0.66306 102061 106057 70002 90013 0
68 1258 -1 3 862829 0.11639 1.09262 91699.6 33163.9 70002 80005 -1
68 1260 3704984 3 -1 0.22598 -0.66306 102061 106057 70002 90013 0
68 1260 -1 3 1292982 2.77323 -1.97925 23238.8 35977.9 90005 110022 -1
68 14296 -1 5 -1 0.0788 -0.1948 45188.4 23911.2 -1 -1 1
68 14296 -1 5 184028 0.3611 -0.49381 43037.2 26002.8 160221 160207 -1
68 2221 -1 5 -1 -0.2183 -0.0596 50720.4 41294.2 -1 -1 1
68 2221 -1 5 1721 -0.11064 -0.07196 49738.9 41091 160130 160120 -1
69 17083 -1 1 -1 0.093 -0.2238 119942 61640.3 -1 -1 1
69 17083 -1 1 65324 0.7432 0.21624 120639 62526.4 160245 160227 -1
69 2377 1131775 2 -1 0.05678 0.28846 183254 47892.3 100012 130019 0
69 2377 -1 2 913085 0.13582 -2.99582 49194.5 49509.4 90008 90006 -1
69 1258 -1 3 -1 0.2195 -0.6653 100189 29215.7 -1 -1 1
69 1258 -1 3 411693 -0.25019 0.11259 101068 29418.1 160107 160109 -1
69 1260 -1 3 -1 0.2195 -0.6653 100189 29215.7 -1 -1 1
69 1260 -1 3 411693 -0.25019 0.11259 101068 29418.1 160107 160109 -1
69 2081 3352824 4 -1 -0.23832 -0.01886 152862 127436 120028 130028 0
69 2081 -1 4 32545 -0.8498 0.9756 39859.9 48707.2 120018 100010 -1
69 14296 -1 5 -1 0.0777 -0.1949 45769.1 25312.1 -1 -1 1
69 14296 -1 5 1037111 0.80362 0.08158 45481.7 23693.2 160201 160191 -1
70 2377 -1 2 -1 0.0559 0.289 62898 49073.6 -1 -1 1
70 2377 -1 2 29823 0.43735 -0.06344 62801.6 48122.3 160118 160078 -1
70 10365 2813584 3 -1 -0.29938 -0.02508 98052.1 97087.3 150050 140035 0
70 10365 -1 3 382843 2.03446 0.52157 123558 18413.7 100010 100011 -1
70 1258 -1 3 -1 0.2152 -0.6675 99983.3 33216.2 -1 -1 1
70 1258 -1 3 651531 -0.07728 -0.00066 100153 32860.5 160151 160125 -1
70 1260 -1 3 -1 0.2152 -0.6675 99983.3 33216.2 -1 -1 1
70 1260 -1 3 651531 -0.07728 -0.00066 100153 32860.5 160151 160125 -1
70 2081 -1 4 -1 -0.2381 -0.0188 33501.6 50704.6 -1 -1 1
70 2081 -1 4 941699 0.71192 0.23593 33900.2 50010.8 160180 160193 -1
70 11788 4440959 5 -1 0.07149 -0.23778 98340.4 206607 120021 100012 0
70 11788 -1 5 472428 0.08822 1.95288 124586 71035.1 90004 90005 -1
70 12466 4975305 5 -1 -0.34674 -0.09922 50485.8 170644 110016 140049 0
70 12466 -1 5 373710 -0.26125 -0.15328 46954.2 14621.4 90004 110012 -1
70 12956 4781152 5 -1 0.24605 0.13862 116755 168359 90011 100012 0
70 12956 -1 5 987045 -0.13512 -0.95196 44873.5 59596.4 110021 100016 -1
71 2377 -1 2 -1 0.0498 0.2894 60616.6 46357.7 -1 -1 1
71 2377 -1 2 14596 0.29169 -0.11766 61355.1 44959.3 160087 160132 -1
71 10365 -1 3 -1 -0.2988 -0.0308 95360.1 16908.6 -1 -1 1
71 10365 -1 3 145555 -0.00548 0.0384 95065.7 16071.9 160091 160058 -1
71 1258 -1 3 -1 0.2296 -0.6627 97210.3 32017.6 -1 -1 1
71 1258 -1 3 432424 0.11596 0.07608 95506.5 33578.6 160101 160076 -1
71 1260 -1 3 -1 0.2296 -0.6627 97210.3 32017.6 -1 -1 1
71 1260 -1 3 432395 0.07646 0.06307 95207.7 34855.4 160095 160101 -1
71 12956 -1 3 -1 0.2434 0.143 112297 88383.3 -1 -1 1
71 12956 -1 3 532178 -0.41565 -0.0589 115006 86056.8 160108 160084 -1
71 2081 -1 4 -1 -0.238 -0.0231 30099.1 50705.6 -1 -1 1
71 2081 -1 4 36650 0.68257 0.2381 29739.9 49796.2 160160 160139 -1
71 11788 -1 5 -1 0.0748 -0.2369 92306.6 48348.1 -1 -1 1
71 11788 -1 5 28268 0.16345 0.24975 91976.2 48315.6 160091 160088 -1
71 12466 -1 5 -1 -0.3452 -0.104 45308.1 11600.4 -1 -1 1
71 12466 -1 5 860788 0.57536 0.52718 44363.2 10648.7 160245 160262 -1
71 15018 5244917 5 -1 -0.04922 0.12424 85529.9 182648 120039 150039 0
71 15018 -1 5 201461 0.31893 0.64301 35632.8 27486.6 160175 70002 -1
71 14898 6315937 6 -1 -0.52894 -0.23164 177890 177374 100009 130050 0
71 14898 -1 6 614229 0.12916 0.73679 113549 27640.2 90013 100008 -1
72 2377 -1 2 -1 0.0561 0.2881 59994.4 47251.2 -1 -1 1
72 2377 -1 2 247688 -0.01573 0.09342 59636.4 47445.1 160070 160064 -1
72 10365 -1 3 -1 -0.2992 -0.0246 96602.5 20301.1 -1 -1 1
72 10365 -1 3 387493 0.21727 0.04906 96205.9 20482 160131 160121 -1
72 2103 3887391 4 -1 -0.21788 -0.59875 166689 85721.5 80005 110022 0
72 2103 -1 4 131723 2.39281 0.72768 81610.5 10541 110018 90004 -1
72 2081 -1 4 -1 -0.238 -0.0214 33219.3 51369.8 -1 -1 1
72 2081 -1 4 51995 0.13044 0.00189 34107 51710.5 160103 160088 -1
72 11788 -1 5 -1 0.0707 -0.2379 96304.9 51672.4 -1 -1 1
72 11788 -1 5 40562 0.0392 0.00362 96711.4 52033.3 160081 160064 -1
72 12466 -1 5 -1 -0.3465 -0.0975 49897 15274.2 -1 -1 1
72 12466 -1 5 155558 0.05712 -0.01227 49973.3 14299.3 160139 160117 -1
72 12956 -1 5 -1 0.2465 0.1384 113990 11981.4 -1 -1 1
72 12956 -1 5 825663 -0.34279 -0.74567 116298 10904.8 160218 160239 -1
72 2870 4976122 5 -1 -0.15488 -0.11291 49886.5 163633 140038 120031 0
72 2870 -1 5 131723 0.35677 0.83021 111285 10971.1 100019 110012 -1
72 15018 -1 5 -1 -0.047 0.1251 88279.5 30604.1 -1 -1 1
72 15018 -1 5 195642 -0.10898 0.01232 87574.5 29673.7 160127 160131 -1
72 14898 -1 6 -1 -0.5322 -0.2225 61292.9 24797.7 -1 -1 1
72 14898 -1 6 403821 0.3287 -0.08173 60448.5 24225.1 160107 160119 -1
73 2103 -1 2 -1 -0.2045 -0.6037 48496 84289.4 -1 -1 1
73 2103 -1 2 1197705 0.47385 -0.52475 49227.7 83326.6 160145 160116 -1
73 11896 1635298 2 -1 0.11712 0.15816 130783 81248.5 110023 140043 0
73 11896 -1 2 563516 2.08552 0.03481 106541 6493.34 90006 120016 -1
73 10365 -1 3 -1 -0.2991 -0.0297 98269.5 17970.5 -1 -1 1
73 10365 -1 3 165168 0.15639 0.16298 99576.2 16308.3 160159 160119 -1
73 2870 -1 3 -1 -0.1525 -0.1161 50734.8 84445.5 -1 -1 1
73 2870 -1 3 334485 -0.02101 0.03724 50175.4 83719.4 160114 160113 -1
73 16671 2905274 3 -1 0.83575 -0.2773 84660.9 133707 120035 100022 0
73 16671 -1 3 1186634 -3.38624 0.70247 122177 65709 70002 140036 -1
73 11788 -1 5 -1 0.0744 -0.2374 94914.5 49935.7 -1 -1 1
73 11788 -1 5 28238 0.2759 0.19202 95294 50602.3 160236 160224 -1
73 12466 -1 5 -1 -0.3453 -0.1028 49341.9 12798.5 -1 -1 1
73 12466 -1 5 382909 -0.14314 0.29698 48378.3 15653.8 160126 160116 -1
73 12956 -1 5 -1 0.2449 0.1416 112987 10159.7 -1 -1 1
73 12956 -1 5 360434 0.0554 0.02609 113712 9275.81 160075 160057 -1
73 15018 -1 5 -1 -0.0486 0.1247 87272.3 28458.7 -1 -1 1
73 15018 -1 5 420865 -0.61957 -0.41806 86769.6 29446.7 160088 160059 -1
73 14898 -1 6 -1 -0.5294 -0.2291 61072.8 24081.6 -1 -1 1
73 14898 -1 6 606526 0.32504 0.4134 61848.4 24999.5 160227 160228 -1
74 11896 -1 2 -1 0.1157 0.1592 11020.3 82043.8 -1 -1 1
74 11896 -1 2 1220323 0.12008 -0.63649 12935.7 82441.2 160152 160112 -1
74 2870 -1 3 -1 -0.1522 -0.1161 52623.7 82762.5 -1 -1 1
74 2870 -1 3 322252 -0.0297 -0.03619 53059.4 82153.8 160108 160074 -1
74 16671 -1 3 -1 0.8417 -0.2646 81966.4 55668.5 -1 -1 1
74 16671 -1 3 494893 -0.08892 0.69418 79010.5 56474.8 160145 160192 -1
74 10532 3312318 4 -1 -0.34245 0.23264 176650 117135 120021 110015 0
74 10532 -1 4 221273 -0.39311 -0.69665 57423.3 38442 80003 90007 -1
74 2103 -1 4 -1 -0.2052 -0.6007 51865 7350.1 -1 -1 1
74 2103 -1 4 142135 -0.57577 0.46297 50144 8550.71 160288 160281 -1
74 9386 3798710 4 -1 -0.12711 -0.3365 198920 147400 140046 110018 0
74 9386 -1 4 89857 -1.98865 -1.89005 53931.7 69688.8 100009 100006 -1
74 15018 -1 5 -1 -0.0484 0.1253 90348.3 28768.9 -1 -1 1
74 15018 -1 5 414377 -0.09088 -0.00818 88593.8 28713.5 160159 160106 -1
74 14898 -1 6 -1 -0.5292 -0.2258 66522.2 25381.7 -1 -1 1
74 14898 -1 6 1074614 -0.58433 0.18898 66657.6 26588.7 160145 160156 -1
75 11896 -1 2 -1 0.1155 0.1593 9729.2 81829.2 -1 -1 1
75 11896 -1 2 1509640 0.13077 -0.64684 11955 80646.8 160146 160150 -1
75 2870 -1 3 -1 -0.1535 -0.1137 52126 84958.2 -1 -1 1
75 2870 -1 3 530939 -0.06369 -0.00212 53061.2 84714.1 160084 160094 -1
75 16671 -1 3 -1 0.8388 -0.274 80335.6 57663.7 -1 -1 1
75 16671 -1 3 60491 0.2628 -0.05105 81972.2 59428.8 160158 160126 -1
75 10532 -1 4 -1 -0.3407 0.2355 55529.6 38308.9 -1 -1 1
75 10532 -1 4 547 -0.04797 -0.04631 57900.5 39797.9 160089 160072 -1
75 2103 -1 4 -1 -0.2168 -0.6014 49992.4 9792.4 -1 -1 1
75 2103 -1 4 382097 -0.21224 0.1557 49013.7 10901.5 160183 160202 -1
75 9386 -1 4 -1 -0.1298 -0.3354 77874.5 68878.3 -1 -1 1
75 9386 -1 4 281740 -0.15362 -0.04271 77395.6 68973.1 160066 160057 -1
75 12364 7829930 6 -1 0.46141 0.00494 170610 172979 120048 140065 0
75 12364 -1 6 168315 2.04739 -1.78936 68551.1 18232.1 80004 80002 -1
75 14658 6877087 6 -1 -0.11042 0.31673 153435 197573 120031 140038 0
75 14658 -1 6 20961 0.69985 -0.52833 52791.5 46207.8 90007 120020 -1
75 295 6999937 6 -1 -0.12781 -0.06297 176368 170755 80005 150060 0
75 295 -1 6 1023460 -0.06142 -2.37316 89235.5 -1111.49 100010 90010 -1
76 11896 -1 2 -1 0.1158 0.1589 9865.5 83736.6 -1 -1 1
76 11896 -1 2 1184554 0.38817 -0.15225 10627.1 84047 160113 160111 -1
76 351 2279838 3 -1 0.14875 -0.31559 123972 148106 110013 120025 0
76 351 -1 3 287379 -0.78609 -0.03948 94123 69201.7 120029 90004 -1
76 16671 -1 3 -1 0.8389 -0.2703 78127.8 59402 -1 -1 1
76 16671 -1 3 970068 -0.17944 -0.66534 80209.9 58772.5 160217 160210 -1
76 10532 -1 4 -1 -0.3411 0.2376 57178.8 39417.8 -1 -1 1
76 10532 -1 4 883887 -0.38146 0.15693 59526.5 41065.8 160132 160146 -1
76 17398 3096265 4 -1 0.06797 0.29953 132402 117955 110020 100014 0
76 17398 -1 4 672244 -0.38946 3.88843 49346 69244.1 100017 100016 -1
76 17399 3096265 4 -1 0.06797 0.29953 132402 117955 110020 100014 0
76 17399 -1 4 672244 -0.38946 3.88843 49346 69244.1 100017 100016 -1
76 6755 3459171 4 -1 -0.09116 -0.38514 161110 88075.8 110020 110018 0
76 6755 -1 4 777985 -0.40925 -2.72291 91053.3 10332 90011 100005 -1
76 9386 -1 4 -1 -0.1294 -0.3362 78884.4 71525 -1 -1 1
76 9386 -1 4 1038330 0.39663 0.37181 78639.9 70768.7 160218 160212 -1
76 12364 -1 6 -1 0.4608 0.0072 51047.4 18864.9 -1 -1 1
76 12364 -1 6 167736 0.33896 0.07102 51594.3 17177.2 160167 160159 -1
76 14658 -1 6 -1 -0.1119 0.3156 35109.8 42707 -1 -1 1
76 14658 -1 6 3396 -0.01778 -0.36396 33859.3 40296.5 160171 160169 -1
76 295 -1 6 -1 -0.1274 -0.0636 58210.9 16835.7 -1 -1 1
76 295 -1 6 153355 0.03957 -0.02936 59344.6 16176.5 160076 160061 -1
77 351 -1 3 -1 0.1486 -0.3155 123538 66201.2 -1 -1 1
77 351 -1 3 82431 -0.02727 -0.13884 124365 66567.6 160113 160116 -1
77 10532 -1 4 -1 -0.3421 0.2347 56009.3 36603 -1 -1 1
77 10532 -1 4 214095 -0.23657 -0.04735 57033.9 35161 160131 160099 -1
77 17398 -1 4 -1 0.0685 0.2994 11802.2 35926.1 -1 -1 1
77 17398 -1 4 218845 -0.00322 -0.08964 14063.4 35896.1 160090 160058 -1
77 17399 -1 4 -1 0.0685 0.2994 11802.2 35926.1 -1 -1 1
77 17399 -1 4 6706 0.13821 0.68651 10572.7 36528.5 160113 160136 -1
77 6755 -1 4 -1 -0.092 -0.385 40581.3 6554.5 -1 -1 1
77 6755 -1 4 125225 -0.22523 0.29881 43423.1 4649.74 160199 160156 -1
77 9386 -1 4 -1 -0.1268 -0.3369 77348.5 69314.9 -1 -1 1
77 9386 -1 4 1168924 -0.47796 0.50398 80183.1 68718.6 160240 160199 -1
77 12364 -1 6 -1 0.4613 0.0039 49126.1 17323.3 -1 -1 1
77 12364 -1 6 170052 -0.2977 -0.31839 48297.7 17743.8 160305 160251 -1
77 14658 -1 6 -1 -0.1099 0.3172 33837.9 41018.3 -1 -1 1
77 14658 -1 6 921192 -0.32158 0.48753 35219.4 42095.5 160209 160156 -1
77 295 -1 6 -1 -0.1277 -0.0629 56755.8 15294.9 -1 -1 1
77 295 -1 6 154672 -0.0743 -0.1174 55628.2 15361.5 160093 160059 -1
78 351 -1 3 -1 0.1482 -0.3153 122277 68517.6 -1 -1 1
78 351 -1 3 90069 -0.01155 -0.28345 122803 67580.7 160096 160068 -1
78 12552 3779952 4 -1 -0.11224 -0.36288 195391 123392 140066 130035 0
78 12552 -1 4 1112080 -0.5931 1.16678 97293.6 57938 90008 100012 -1
78 17398 -1 4 -1 0.0673 0.3001 10703.5 36627.4 -1 -1 1
78 17398 -1 4 896141 0.15091 -0.40523 11587.1 37544.3 160217 160180 -1
78 17399 -1 4 -1 0.0673 0.3001 10703.5 36627.4 -1 -1 1
78 17399 -1 4 896141 0.15091 -0.40523 11587.1 37544.3 160217 160180 -1
78 6755 -1 4 -1 -0.0907 -0.3858 39993.5 8959.7 -1 -1 1
78 6755 -1 4 142551 0.17634 0.12612 38450.7 9093.24 160204 160150 -1
78 12364 -1 6 -1 0.4615 0.008 45873.4 16603.4 -1 -1 1
78 12364 -1 6 387855 -0.53923 0.45948 45333.3 15182.8 160185 160206 -1
78 14658 -1 6 -1 -0.1132 0.3144 31920.3 39235.4 -1 -1 1
78 14658 -1 6 224165 0.11641 0.03739 32005.9 40662.4 160080 160081 -1
78 295 -1 6 -1 -0.1273 -0.0642 55132.3 14855.4 -1 -1 1
78 295 -1 6 166226 0.01703 -0.02392 57286.6 17396.1 160092 160060 -1
79 351 -1 3 -1 0.1478 -0.3151 126271 70286.7 -1 -1 1
79 351 -1 3 266388 0.1089 -0.14828 125214 70286.7 160080 160052 -1
79 12552 -1 4 -1 -0.1079 -0.3643 78748 47864.4 -1 -1 1
79 12552 -1 4 1115744 -0.3058 -0.41194 81634.5 50714.9 160210 160132 -1
79 17398 -1 4 -1 0.0644 0.3007 14488.2 36694.6 -1 -1 1
79 17398 -1 4 218355 -0.10357 -0.1048 16731.3 34599.3 160077 160057 -1
79 17399 -1 4 -1 0.0644 0.3007 14488.2 36694.6 -1 -1 1
79 17399 -1 4 1305406 0.11948 -0.39339 11529.1 33696.4 160228 160138 -1
79 6755 -1 4 -1 -0.087 -0.387 44196.9 9914.2 -1 -1 1
79 6755 -1 4 156037 0.04078 -0.07812 45950 11691 160080 160067 -1
80 17864 2956313 2 -1 -0.18412 -0.45211 177537 78798.9 110018 100009 0
80 17864 -1 2 815564 0.43293 -1.02649 66284.9 17713.6 90006 70004 -1
80 12552 -1 4 -1 -0.106 -0.3644 76120.1 49112.2 -1 -1 1
80 12552 -1 4 1157158 -0.80426 -0.06528 76696.8 49911.7 160191 160167 -1
80 3344 4655642 4 -1 -0.00361 -0.10739 188532 121317 130042 150049 0
80 3344 -1 4 22980 0.49953 -0.70725 35629 43634.5 100020 100009 -1
81 17864 -1 2 -1 -0.1849 -0.4517 59142 79982.7 -1 -1 1
81 17864 -1 2 527631 -0.02183 0.00012 59783.3 79918 160062 160065 -1
81 7906 1652063 2 -1 0.26739 0.05707 178682 85481.2 100013 120013 0
81 7906 -1 2 330473 1.02414 -0.77107 96558.3 81962.2 110011 100010 -1
81 12552 -1 4 -1 -0.114 -0.3611 78231.3 49117.2 -1 -1 1
81 12552 -1 4 27724 0.32055 -0.00895 76951.8 46267.2 160152 160115 -1
81 3344 -1 4 -1 -0.005 -0.1073 70992.1 44819.3 -1 -1 1
81 3344 -1 4 13443 0.13656 -0.00677 70962 44323.3 160048 160056 -1
82 17864 -1 2 -1 -0.1861 -0.4524 59981.8 82530.8 -1 -1 1
82 17864 -1 2 708002 -0.06313 0.53207 62307 85027 160241 160199 -1
82 1543 2620138 3 -1 -0.00407 0.33146 68293.1 80924 70003 110017 0
82 1543 -1 3 105578 -0.80951 1.25249 63214.3 -1726.62 110014 110022 -1
82 3344 -1 4 -1 -0.0047 -0.1075 71479.9 44243.6 -1 -1 1
82 3344 -1 4 233303 -0.15426 0.01077 69708 44251.2 160110 160105 -1
82 7906 -1 4 -1 0.2673 0.0579 58767.8 6709.6 -1 -1 1
82 7906 -1 4 789735 -0.34044 0.64852 58014.1 5459.93 160204 160199 -1
82 17065 5763904 6 -1 0.07738 -0.04505 188767 202810 150046 160060 0
82 17065 -1 6 15899 0.56759 0.15066 43450.2 42790 140052 110029 -1
83 1543 -1 1 -1 -0.0032 0.3316 67357.2 79199.7 -1 -1 1
83 1543 -1 1 1326250 -0.6858 0.35955 66445.5 80069.7 160258 160194 -1
83 17864 -1 2 -1 -0.1872 -0.451 58319 80667 -1 -1 1
83 17864 -1 2 1138457 -0.54351 -0.59366 58012 80607.1 160207 160165 -1
83 7906 -1 2 -1 0.267 0.0581 55845.6 83633.7 -1 -1 1
83 7906 -1 2 694716 0.42707 0.60651 56052 83507.7 160250 160220 -1
83 9713 2759637 3 -1 0.03001 -0.14486 48586.4 160546 160056 140042 0
83 9713 -1 3 318146 -0.62092 -1.92371 82979.4 85044 110020 110023 -1
83 3344 -1 4 -1 -0.0045 -0.1075 69236.9 42831.5 -1 -1 1
83 3344 -1 4 13673 -0.04766 0.02208 68297.6 42428.3 160069 160057 -1
83 17065 -1 6 -1 0.0771 -0.0454 67569.9 45467.3 -1 -1 1
83 17065 -1 6 912687 -0.48059 -0.4892 64859.9 44934.6 160222 160152 -1
84 1543 -1 1 -1 -0.0049 0.3316 68180.9 79355.6 -1 -1 1
84 1543 -1 1 531875 0.30209 0.66464 70037.3 81417.5 160124 160105 -1
84 2106 1149261 1 -1 0.42503 0.07124 83892.6 65792.4 120037 100011 0
84 2106 -1 1 684603 -0.3665 0.17406 84318.6 65387.9 160255 160132 -1
84 1725 1580122 2 -1 0.06405 0.11688 201308 55370.8 140052 110018 0
84 1725 -1 2 273199 -1.18905 -0.24079 114603 72960.1 90014 80004 -1
84 10911 2922843 3 -1 0.0706 -0.31942 114576 157053 120022 120025 0
84 10911 -1 3 513628 1.2765 0.91505 80126 84027.6 80006 100014 -1
84 9713 -1 3 -1 0.0312 -0.1446 48671.5 82883.1 -1 -1 1
84 9713 -1 3 109532 0.01514 -0.088 48338.2 82429.6 160090 160060 -1
84 16352 3769996 4 -1 -0.09484 -0.18552 158665 121338 130028 150045 0
84 16352 -1 4 237155 -0.39866 0.92013 60117.3 41639.6 110019 80003 -1
84 6719 3754347 4 -1 -0.19121 -0.11215 174251 119751 150063 140040 0
84 6719 -1 4 222055 0.62151 -2.14403 50626.3 39178.4 100013 90014 -1
84 7906 -1 4 -1 0.2667 0.0591 57504.1 6229.6 -1 -1 1
84 7906 -1 4 567684 0.45417 -0.19715 56745.4 5656.29 160194 160167 -1
84 8629 5329667 5 -1 -0.29639 -0.40498 86474.2 205829 110032 130032 0
84 8629 -1 5 939459 0.42154 -0.49224 102812 304.55 130066 130072 -1
84 15911 6158895 6 -1 0.33107 -0.31077 135841 186030 110030 120022 0
84 15911 -1 6 1091646 -1.49758 1.48591 6704.19 32948.3 130020 150037 -1
84 17065 -1 6 -1 0.0774 -0.0451 69426.4 47275.4 -1 -1 1
84 17065 -1 6 911361 -0.30514 -0.76249 70154.4 48271.2 160259 160249 -1
85 1543 -1 1 -1 -0.0048 0.332 69772.8 78607.5 -1 -1 1
85 1543 -1 1 304740 -0.31036 0.21539 69238.1 78965.3 160206 160166 -1
85 2106 -1 1 -1 0.4251 0.0707 85122.2 65248.5 -1 -1 1
85 2106 -1 1 1142966 0.38904 -0.0082 85351.7 66048.8 160118 160110 -1
85 1725 -1 2 -1 0.0637 0.1171 82107.2 53670.4 -1 -1 1
85 1725 -1 2 461887 0.12239 -0.01294 83132.8 55076.4 160151 160100 -1
85 10911 -1 3 -1 0.0688 -0.3197 116098 79726.4 -1 -1 1
85 10911 -1 3 105554 0.7127 -0.11567 116488 80212 160193 160165 -1
85 9713 -1 3 -1 0.0301 -0.1448 50396 84950.1 -1 -1 1
85 9713 -1 3 326044 -0.00036 -0.03671 50093.5 84454.6 160066 160037 -1
85 16352 -1 4 -1 -0.0947 -0.1856 39881 42982.3 -1 -1 1
85 16352 -1 4 920511 0.78341 0.29251 38901.8 42694.9 160297 160251 -1
85 6719 -1 4 -1 -0.191 -0.1123 55546.1 41349.1 -1 -1 1
85 6719 -1 4 452883 0.71887 -0.18359 53204.4 44343.8 160206 160176 -1
85 8629 -1 5 -1 -0.2989 -0.4029 89205.2 45009 -1 -1 1
85 8629 -1 5 25573 -0.242 0.03817 90944.3 46514.3 160133 160150 -1
85 15911 -1 6 -1 0.3291 -0.3132 16867.2 24970.9 -1 -1 1
85 15911 -1 6 398886 -0.06826 -0.08591 16385.1 24749.4 160099 160070 -1
85 17065 -1 6 -1 0.0773 -0.0452 69373.4 41633.3 -1 -1 1
85 17065 -1 6 440943 -0.15242 -0.2058 69507.2 40714.2 160063 160068 -1
86 2106 -1 1 -1 0.4245 0.0734 82118.2 64035.7 -1 -1 1
86 2106 -1 1 1157711 -0.45354 -0.5581 80582.9 65075 160228 160149 -1
86 1725 -1 2 -1 0.0631 0.1169 81040 53359.4 -1 -1 1
86 1725 -1 2 260501 0.03731 0.00679 82115.8 53591 160067 160071 -1
86 10911 -1 3 -1 0.0664 -0.3198 115033 78991.3 -1 -1 1
86 10911 -1 3 302156 -0.04907 -0.07104 116804 81224.3 160071 160102 -1
86 6626 3237116 3 -1 -0.42735 -0.5152 100384 95844.1 110027 80004 0
86 6626 -1 3 614655 0.09214 1.01431 19601.2 25715.2 90010 80006 -1
86 9713 -1 3 -1 0.0289 -0.146 49517.3 84155.7 -1 -1 1
86 9713 -1 3 518240 0.2433 0.7647 48763.7 83751.3 160145 160166 -1
86 14661 3547151 4 -1 0.035 -0.25824 169816 121978 130035 120028 0
86 14661 -1 4 236053 1.50547 -1.19184 38472.4 43215.9 100006 90012 -1
86 16352 -1 4 -1 -0.0946 -0.1852 38361.7 42556.5 -1 -1 1
86 16352 -1 4 917887 -0.24115 -0.32638 39350.5 42166.9 160167 160122 -1
86 6719 -1 4 -1 -0.1909 -0.113 54269.9 40736.2 -1 -1 1
86 6719 -1 4 885974 0.16599 -0.48245 53373.1 40249 160179 160145 -1
86 905 3900659 4 -1 0.06318 0.18944 200925 88994.9 140036 120025 0
86 905 -1 4 376297 -1.5794 2.14432 65349.6 14178.1 90009 110021 -1
86 8629 -1 5 -1 -0.3002 -0.4023 87810 45840.8 -1 -1 1
86 8629 -1 5 231341 -0.3248 0.33803 88487.6 45777.5 160110 160112 -1
86 15911 -1 6 -1 0.329 -0.3121 14734.8 25016.7 -1 -1 1
86 15911 -1 6 403694 -0.26989 0.12839 17486.7 22772 160192 160144 -1
87 2106 -1 1 -1 0.4269 0.0626 82473.6 65923.9 -1 -1 1
87 2106 -1 1 89175 -0.09043 0.19308 83323.4 66686.2 160056 160043 -1
87 1725 -1 2 -1 0.0649 0.1163 80900.2 53717.4 -1 -1 1
87 1725 -1 2 44747 0.10215 -0.01469 81756.2 55565.6 160152 160107 -1
87 10911 -1 3 -1 0.0638 -0.3187 116368 80539.1 -1 -1 1
87 10911 -1 3 760396 -0.24358 0.39094 113413 83220.5 160252 160180 -1
87 6626 -1 3 -1 -0.438 -0.5063 101897 20206.8 -1 -1 1
87 6626 -1 3 384418 -0.0317 -0.01249 101397 21030.4 160090 160061 -1
87 14661 -1 4 -1 0.0316 -0.2587 51495.4 44881.3 -1 -1 1
87 14661 -1 4 235130 0.73121 -0.18355 50946 44732.8 160176 160143 -1
87 16352 -1 4 -1 -0.0969 -0.184 40454.1 43511.3 -1 -1 1
87 16352 -1 4 18032 0.09785 -0.23993 39468.4 43819.2 160217 160165 -1
87 6719 -1 4 -1 -0.1929 -0.1086 56404.1 41417.1 -1 -1 1
87 6719 -1 4 1518 0.50417 0.00609 55058.4 39940 160153 160169 -1
87 905 -1 4 -1 0.0656 0.1885 82124.7 11128.3 -1 -1 1
87 905 -1 4 861076 -0.31364 -0.23196 80235 8533.75 160200 160201 -1
87 8629 -1 5 -1 -0.3052 -0.3984 90776.1 47577.5 -1 -1 1
87 8629 -1 5 903687 -0.49932 0.05813 90799.1 44792.9 160264 160231 -1
87 15911 -1 6 -1 0.3254 -0.3177 17779 26412.5 -1 -1 1
87 15911 -1 6 1075343 0.26498 0.35507 17403.2 25950.1 160161 160145 -1
88 6626 -1 3 -1 -0.4321 -0.5112 99084.6 21110.2 -1 -1 1
88 6626 -1 3 179110 0.11367 -0.20059 98771.8 23080.2 160070 160053 -1
88 14661 -1 4 -1 0.0355 -0.258 47890.8 45697 -1 -1 1
88 14661 -1 4 30369 0.00728 0.08644 46124.3 48177.4 160125 160111 -1
88 2157 3916506 4 -1 -0.25271 0.2644 197475 99144.9 110028 110012 0
88 2157 -1 4 398360 -0.94259 0.32625 84562.6 24315.9 90013 90006 -1
88 5834 3866993 4 -1 0.26188 -0.13631 201143 92276.3 110029 140049 0
88 5834 -1 4 993548 -0.96625 -0.899 67022.7 59848.4 80003 100024 -1
88 905 -1 4 -1 0.0628 0.1897 78988.7 11029.4 -1 -1 1
88 905 -1 4 361413 0.10336 -0.30756 77858 9569.99 160129 160094 -1
89 6626 -1 3 -1 -0.4375 -0.5075 103020 21590.4 -1 -1 1
89 6626 -1 3 615177 0.40414 -0.04275 101388 24229.8 160189 160174 -1
89 14661 -1 4 -1 0.0339 -0.2587 50844.5 45608.4 -1 -1 1
89 14661 -1 4 29692 0.06249 0.18608 53089.8 48429.8 160099 160076 -1
89 2157 -1 4 -1 -0.2537 0.2631 80907 22099.4 -1 -1 1
89 2157 -1 4 1024474 0.27807 -0.34708 79992 22907.2 160106 160102 -1
89 5834 -1 4 -1 0.2623 -0.1351 84174.7 15577.6 -1 -1 1
89 5834 -1 4 375686 -0.1934 0.29451 86709.9 15728.9 160131 160103 -1
89 905 -1 4 -1 0.064 0.1894 81657.9 10358.9 -1 -1 1
89 905 -1 4 806265 0.56551 0.22733 82192.2 9446.4 160196 160114 -1
90 11472 2917833 3 -1 -0.00282 -0.1859 55424.7 128050 140064 120024 0
90 11472 -1 3 682871 -1.50384 -0.88945 59926.4 47098.3 110010 100013 -1
90 11687 3139746 3 -1 -0.22892 -0.18336 115532 144100 100025 120028 0
90 11687 -1 3 1240177 -1.95353 0.11914 52728.5 73463.2 100021 100015 -1
90 4236 4102754 3 -1 0.05522 -0.54735 45511 160486 80006 110021 0
90 4236 -1 3 333349 0.40007 1.65075 68598.9 83195.3 110014 90006 -1
90 12085 4272207 4 -1 -0.40014 0.1341 200207 156437 100020 120026 0
90 12085 -1 4 310778 -0.17373 -0.13952 18169 77474.5 80006 90005 -1
90 2157 -1 4 -1 -0.2536 0.2631 79303.4 21665.9 -1 -1 1
90 2157 -1 4 179952 0.66182 -0.14056 78953 22333.8 160117 160156 -1
90 5834 -1 4 -1 0.2625 -0.1344 81182.6 16225.5 -1 -1 1
90 5834 -1 4 385243 0.09227 -0.09125 83941.9 15791.5 160079 160071 -1
91 11472 -1 3 -1 -0.0034 -0.1861 56203.3 48175.5 -1 -1 1
91 11472 -1 3 943800 -0.6142 -0.01582 58535.7 48217 160251 160166 -1
91 11687 -1 3 -1 -0.2293 -0.1829 116518 64125.6 -1 -1 1
91 11687 -1 3 67012 0.07489 -0.0123 113079 61965.6 160128 160116 -1
91 4236 -1 3 -1 0.0544 -0.5471 46302 80919.1 -1 -1 1
91 4236 -1 3 728656 -0.77047 0.20566 46145.4 78682.9 160298 160274 -1
91 12085 -1 4 -1 -0.4005 0.1331 80073.4 76418.7 -1 -1 1
91 12085 -1 4 1211641 0.31208 0.28414 77636.8 73579.3 160166 160123 -1
91 2157 -1 4 -1 -0.2552 0.2628 79550.5 19377.9 -1 -1 1
91 2157 -1 4 1023080 -0.44384 -0.1763 82352.9 19365.4 160206 160207 -1
91 5834 -1 4 -1 0.2635 -0.1339 81031.8 14273.9 -1 -1 1
91 5834 -1 4 875831 0.39029 -0.38232 81003.5 11679.4 160162 160157 -1
92 11472 -1 3 -1 -0.0031 -0.1855 57035.1 50760.4 -1 -1 1
92 11472 -1 3 259721 0.06017 0.01206 58026.8 51501.1 160085 160072 -1
92 11687 -1 3 -1 -0.229 -0.1838 118038 66718.4 -1 -1 1
92 11687 -1 3 679990 -0.29471 -0.26725 115926 64153.1 160146 160132 -1
92 4236 -1 3 -1 0.0542 -0.5472 46990.3 84533.7 -1 -1 1
92 4236 -1 3 532342 0.30909 0.02648 46056.2 85216.8 160204 160162 -1
92 6173 2975049 3 -1 -0.43618 -0.1354 126493 159760 90010 110015 0
92 6173 -1 3 309485 -0.0124 -1.92356 56491.4 77991.9 100007 100009 -1
92 12085 -1 4 -1 -0.3999 0.1334 83769.3 77734.5 -1 -1 1
92 12085 -1 4 503708 -0.08076 -0.08561 81718.3 80477.6 160070 160063 -1
92 13426 6542095 6 -1 -0.3473 -0.33054 166594 169211 110031 110018 0
92 13426 -1 6 151043 -0.61396 -1.79861 94787.1 13029.4 90008 110016 -1
93 11472 -1 3 -1 -0.0022 -0.1858 54814.9 51554.4 -1 -1 1
93 11472 -1 3 31390 0.07165 -0.00184 54129.2 50624.4 160109 160061 -1
93 11687 -1 3 -1 -0.2284 -0.184 115967 67635.2 -1 -1 1
93 11687 -1 3 1127741 -0.49201 0.21469 115457 65645.1 160160 160181 -1
93 4236 -1 3 -1 0.0564 -0.5462 44656.4 85601 -1 -1 1
93 4236 -1 3 323901 -0.25425 -0.28675 44992.5 85514.8 160315 160249 -1
93 6173 -1 3 -1 -0.4344 -0.1408 122604 82416.5 -1 -1 1
93 6173 -1 3 1212595 0.13233 0.48647 122785 77604.7 160199 160193 -1
93 12085 -1 4 -1 -0.4003 0.1315 81591.9 77816.4 -1 -1 1
93 12085 -1 4 721420 -0.14949 0.38358 81317.1 75539.6 160113 160099 -1
93 13426 -1 6 -1 -0.3452 -0.3327 43323.7 13841.8 -1 -1 1
93 13426 -1 6 391467 0.25551 -0.15681 47869.9 16329.5 160168 160135 -1
94 4104 1628363 2 -1 0.25347 0.34055 185007 75098.5 130044 120020 0
94 4104 -1 2 529222 -0.63072 0.3374 18160.5 66985.9 100014 130042 -1
94 12201 3037716 3 -1 0.20819 -0.10899 53356.5 94647.6 150058 120026 0
94 12201 -1 3 167956 -0.25853 -2.15674 55531.8 18231.1 100015 120011 -1
94 7484 3190728 3 -1 -0.13679 0.2515 121051 160607 130033 110022 0
94 7484 -1 3 537450 3.77618 0.12381 67484 -1817.43 110016 120021 -1
94 5819 4252977 4 -1 0.2501 0.16588 192863 141111 100010 90007 0
94 5819 -1 4 486456 -0.26655 -0.87712 118585 70780.6 100010 110017 -1
94 6173 -1 4 -1 -0.4349 -0.1412 6889.7 83169.6 -1 -1 1
94 6173 -1 4 1425350 0.39007 0.05547 6581.1 83757.9 160190 160150 -1
94 13426 -1 6 -1 -0.3449 -0.3325 47819.7 13443.5 -1 -1 1
94 13426 -1 6 152278 -0.03141 -0.13664 48420.3 13405.4 160059 160059 -1
95 4104 -1 2 -1 0.2478 0.3448 62423.8 75261.2 -1 -1 1
95 4104 -1 2 562264 -0.01398 -0.08708 62072.8 75290.9 160057 160049 -1
95 5763 1624915 2 -1 -0.10572 -0.0779 174860 76308.7 160076 150040 0
95 5763 -1 2 280329 0.25255 -0.72567 89505.2 73806.8 110018 90012 -1
95 12201 -1 3 -1 0.2107 -0.1041 51229.1 12329.4 -1 -1 1
95 12201 -1 3 361977 0.19727 -0.00356 49162.3 9935.44 160134 160109 -1
95 7484 -1 3 -1 -0.1427 0.2483 117702 79561.2 -1 -1 1
95 7484 -1 3 1216412 -0.13923 -0.41637 114721 80910.1 160152 160163 -1
95 18056 2823645 3 -1 -0.11733 -0.04396 67944.8 93340.7 130037 140037 0
95 18056 -1 3 148817 0.31571 -2.08142 88629.5 15533 120034 100015 -1
95 5819 -1 4 -1 0.2453 0.1731 69340.7 62349.6 -1 -1 1
95 5819 -1 4 542356 0.0655 -0.05181 67217.1 62079.4 160089 160094 -1
95 6173 -1 4 -1 -0.4341 -0.1421 5165.9 79494.9 -1 -1 1
95 6173 -1 4 594984 0.46065 0.6195 6538.36 78050.9 160234 160183 -1
95 450 5077703 5 -1 -0.0786 -0.18516 62421.2 194929 140038 140039 0
95 450 -1 5 329 -1.23786 -1.18919 65534.9 40621.9 130030 110015 -1
95 13426 -1 6 -1 -0.3454 -0.3336 45251.6 15127.8 -1 -1 1
95 13426 -1 6 382441 -0.05117 0.07151 47026.7 15895.9 160047 160064 -1
96 15495 252771 1 -1 0.35323 0.06705 121001 54192.9 140029 110022 0
96 15495 -1 1 37651 0.60548 0.24801 120234 55070.5 160240 160214 -1
96 4104 -1 2 -1 0.2481 0.3413 62634.6 76206.6 -1 -1 1
96 4104 -1 2 1224833 -0.28358 0.33042 60520.6 75128.4 160157 160148 -1
96 5763 -1 2 -1 -0.1057 -0.0781 55353.5 78618.9 -1 -1 1
96 5763 -1 2 1256336 0.14386 0.69594 55299.5 78702.5 160202 160190 -1
96 12201 -1 3 -1 0.2099 -0.1052 50509.1 16045.3 -1 -1 1
96 12201 -1 3 156086 0.06283 -0.07693 48444.8 13945.9 160066 160071 -1
96 7484 -1 3 -1 -0.141 0.2502 118456 81920.3 -1 -1 1
96 7484 -1 3 1196507 0.67267 -0.12877 119327 80206.9 160160 160174 -1
96 18056 -1 3 -1 -0.1173 -0.044 68197.4 16413.4 -1 -1 1
96 18056 -1 3 389094 0.01853 0.00208 66514.3 18860.1 160062 160060 -1
96 5819 -1 4 -1 0.2491 0.1691 69712.5 63806.9 -1 -1 1
96 5819 -1 4 72686 0.03242 -0.06053 69114 64192.4 160071 160043 -1
96 450 -1 5 -1 -0.0789 -0.1854 62485.9 41942.7 -1 -1 1
96 450 -1 5 13494 -0.0987 0.119 60958.2 43925.7 160083 160058 -1
97 15495 -1 1 -1 0.3529 0.0681 119442 53442 -1 -1 1
97 15495 -1 1 40869 -0.02576 -0.10448 117598 54759.4 160050 160069 -1
97 4104 -1 2 -1 0.2469 0.3452 59943.8 74274.2 -1 -1 1
97 4104 -1 2 287415 -0.01492 -0.085 61739.8 75960.1 160067 160066 -1
97 5763 -1 2 -1 -0.1054 -0.0787 52941.7 77007.4 -1 -1 1
97 5763 -1 2 289617 0.17487 0.22632 49868.6 73831.1 160113 160071 -1
97 12201 -1 3 -1 0.2108 -0.1045 47723 14900 -1 -1 1
97 12201 -1 3 155026 -0.06446 -0.01972 49910 16017.3 160102 160059 -1
97 7484 -1 3 -1 -0.1427 0.2488 115515 80922.3 -1 -1 1
97 7484 -1 3 1213280 -0.24425 -0.6511 115540 80582.9 160241 160217 -1
97 18056 -1 3 -1 -0.117 -0.045 65680.3 15322.9 -1 -1 1
97 18056 -1 3 167720 -0.01026 -0.04226 64686.8 17407.3 160073 160068 -1
97 6334 3036077 3 -1 0.05928 0.37689 62287.9 96328.3 100012 90008 0
97 6334 -1 3 371638 -0.04779 1.26508 81880.9 11423.3 100009 110011 -1
97 5819 -1 4 -1 0.2483 0.1696 66680.2 62601.3 -1 -1 1
97 5819 -1 4 235424 0.06566 -0.05417 66869.7 63375.1 160055 160067 -1
97 450 -1 5 -1 -0.078 -0.1859 59694.5 39916.7 -1 -1 1
97 450 -1 5 884969 -0.8012 -0.07637 60454.6 39973 160202 160194 -1
98 15495 -1 1 -1 0.3524 0.0667 121633 54970.2 -1 -1 1
98 15495 -1 1 53328 -0.25217 0.26267 119710 54059.6 160110 160074 -1
98 5763 -1 2 -1 -0.1054 -0.0781 56847.2 79171 -1 -1 1
98 5763 -1 2 520393 -0.02688 0.21655 55362.7 78597.7 160089 160068 -1
98 18056 -1 3 -1 -0.1174 -0.0443 70404.3 17582.5 -1 -1 1
98 18056 -1 3 816271 -0.46988 -0.1746 71014.3 17563.8 160237 160210 -1
98 6334 -1 3 -1 0.0601 0.3768 65586.4 18424.4 -1 -1 1
98 6334 -1 3 598066 -0.02604 0.14375 65632 17532.3 160118 160113 -1
98 450 -1 5 -1 -0.0791 -0.1858 64185.8 43182.4 -1 -1 1
98 450 -1 5 18071 0.00906 -0.13608 64316 42521.9 160065 160072 -1
99 15495 -1 1 -1 0.3525 0.0643 120825 54616.9 -1 -1 1
99 15495 -1 1 486887 0.20402 0.13243 120916 55019.7 160084 160073 -1
99 6334 -1 3 -1 0.0658 0.3754 65193.7 18667.1 -1 -1 1
99 6334 -1 3 174331 0.15544 -0.22446 65643.1 18001.3 160059 160078 -1
99 7253 7460203 6 -1 0.25142 -0.40478 194576 167652 100018 130072 0
99 7253 -1 6 116887 0.01246 0.92874 19632.4 -3281.31 80003 110012 -1
100 4416 481719 1 -1 0.11656 -0.28331 89731.1 50314.6 130025 110013 0
100 4416 -1 1 921660 0.56396 0.10675 89809.6 50378.7 160244 160232 -1
100 6334 -1 3 -1 0.057 0.378 62783.7 15923.9 -1 -1 1
100 6334 -1 3 565657 0.00591 -0.00281 63262.8 14927.8 160096 160061 -1
100 10905 4902512 4 -1 -0.19964 0.00828 176563 135812 120023 130026 0
100 10905 -1 4 245722 0.10852 1.45654 112414 49342.3 110016 110011 -1
100 4579 4629736 4 -1 0.08897 0.1043 150253 88651.5 140042 140039 0
100 4579 -1 4 563066 -0.2491 -1.20079 127236 6245.23 80006 80003 -1
100 7253 -1 6 -1 0.2536 -0.4044 69530.1 12821.2 -1 -1 1
100 7253 -1 6 155492 -0.07639 -0.00325 70219.7 12940.7 160080 160082 -1
101 4416 -1 1 -1 0.1151 -0.284 91854.2 52858.5 -1 -1 1
101 4416 -1 1 1398085 0.60285 -0.21245 92715.4 52655.5 160162 160167 -1
101 3444 2904481 3 -1 0.47543 -0.02981 86907.9 125564 90008 90005 0
101 3444 -1 3 467266 0.053 -0.16215 76567 53911.2 140049 140028 -1
101 10905 -1 4 -1 -0.1997 0.0088 58605.8 59900.5 -1 -1 1
101 10905 -1 4 277527 0.29315 -0.03775 55617.3 58881 160086 160079 -1
101 4579 -1 4 -1 0.0892 0.1042 31967.3 12698.4 -1 -1 1
101 4579 -1 4 153890 0.16585 -0.01494 31494 13462.3 160137 160101 -1
101 2475 5642693 5 -1 0.10845 0.20045 60590.2 169074 130028 100014 0
101 2475 -1 5 542810 0.6521 -1.2862 121437 4467.94 100022 90006 -1
101 7253 -1 6 -1 0.2523 -0.4064 74081.9 9799.1 -1 -1 1
101 7253 -1 6 139060 -0.07945 -0.00471 75047.1 9577.64 160055 160067 -1
102 4416 -1 1 -1 0.1176 -0.2833 89708.2 50310.7 -1 -1 1
102 4416 -1 1 681575 -0.38145 -0.12431 89421.3 48153.6 160184 160126 -1
102 2475 -1 3 -1 0.1071 0.201 58271.4 88047 -1 -1 1
102 2475 -1 3 549608 0.2969 -0.68405 57249.1 85271.8 160212 160203 -1
102 3444 -1 3 -1 0.4748 -0.0258 83643.1 45414 -1 -1 1
102 3444 -1 3 234518 0.07661 0.20422 83737.3 45574.6 160116 160119 -1
102 10905 -1 4 -1 -0.2001 0.0052 57542.2 58322.6 -1 -1 1
102 10905 -1 4 60736 0.00926 -0.01915 57960.3 57511.5 160091 160086 -1
102 14082 3972069 4 -1 -0.52096 -0.10767 139534 110929 120024 100012 0
102 14082 -1 4 1307663 0 0 0 0 -1 -1 -1
102 4579 -1 4 -1 0.0875 0.1057 30897.7 10342.6 -1 -1 1
102 4579 -1 4 362498 -0.0586 -0.03563 31198.9 10820.8 160089 160053 -1
102 10574 6172944 6 -1 0.10755 -0.26189 160289 190284 110028 140028 0
102 10574 -1 6 648959 1.00028 -2.97254 50716.3 35865 110011 110010 -1
102 7253 -1 6 -1 0.2547 -0.4014 69226.9 13345.8 -1 -1 1
102 7253 -1 6 842106 -0.52446 -0.27839 68527.4 13824.3 160222 160193 -1
103 4416 -1 1 -1 0.112 -0.2852 89707.5 52283.6 -1 -1 1
103 4416 -1 1 1335909 0.42877 -0.69158 90156.6 53042.9 160142 160128 -1
103 4341 323481 1 -1 0.13819 0.49093 98569.6 79141.9 110029 120030 0
103 4341 -1 1 559406 0.37106 0.51956 99519.7 80048.6 160266 160222 -1
103 4825 61193 1 -1 0.24407 0.10114 57921.8 51569.5 140041 130022 0
103 4825 -1 1 700565 -0.00069 0.78354 57529.6 51009 160261 160242 -1
103 3444 -1 3 -1 0.4744 -0.0299 83488.9 47474.3 -1 -1 1
103 3444 -1 3 690774 -0.57561 -0.47092 83973.3 47575.6 160206 160151 -1
103 10905 -1 4 -1 -0.1993 0.0086 58813 59420.7 -1 -1 1
103 10905 -1 4 68764 0.00221 0.00676 59054.2 58603.3 160084 160070 -1
103 14082 -1 4 -1 -0.5217 -0.104 21086.8 35648.3 -1 -1 1
103 14082 -1 4 6668 0.04308 0.02968 19816.9 36296.4 160048 160082 -1
103 4579 -1 4 -1 0.0896 0.1042 31054.3 11852.7 -1 -1 1
103 4579 -1 4 1047193 -0.60062 0.16199 30488.5 12742.3 160224 160203 -1
103 2475 -1 5 -1 0.1091 0.2003 58569.7 11808.8 -1 -1 1
103 2475 -1 5 153802 0.36315 0.01459 57386.3 14423.1 160119 160133 -1
103 10574 -1 6 -1 0.104 -0.2636 42445.7 36456.7 -1 -1 1
103 10574 -1 6 2467 0.20046 -0.02353 42346.4 36440.3 160089 160067 -1
104 4341 -1 1 -1 0.1324 0.4933 99096.9 79836.7 -1 -1 1
104 4341 -1 1 298939 -0.06529 -0.04988 101696 80621.9 160081 160077 -1
104 4825 -1 1 -1 0.2429 0.1042 58434.9 52677.4 -1 -1 1
104 4825 -1 1 53827 0.04471 -0.06666 57637.6 51911.6 160079 160055 -1
104 3444 -1 3 -1 0.4757 -0.0318 84528.2 46781.9 -1 -1 1
104 3444 -1 3 41812 -0.02949 -0.04437 84371.5 46861.8 160069 160063 -1
104 14082 -1 4 -1 -0.5225 -0.1026 24097.7 35107 -1 -1 1
104 14082 -1 4 652604 0.13105 -0.01091 22746.2 34959.9 160068 160056 -1
104 2475 -1 5 -1 0.1099 0.1998 58878.3 7741.2 -1 -1 1
104 2475 -1 5 131445 0.05584 -0.14159 58052.8 7479.47 160098 160049 -1
104 10574 -1 6 -1 0.1041 -0.2633 43808.7 33500.2 -1 -1 1
104 10574 -1 6 215373 -0.22082 -0.07942 44721 32836.2 160126 160069 -1
105 4341 -1 1 -1 0.1314 0.4901 97591.1 77224.3 -1 -1 1
105 4341 -1 1 311577 -0.01677 0.03066 97893.1 77734.2 160126 160116 -1
105 4825 -1 1 -1 0.2426 0.1047 56900.5 50338.1 -1 -1 1
105 4825 -1 1 41546 -0.57939 0.12015 58339.6 47541.7 160260 160231 -1
105 14082 -1 4 -1 -0.522 -0.1056 22788 33084.5 -1 -1 1
105 14082 -1 4 422833 0.08264 0.01036 22899.6 34078 160070 160071 -1
105 6194 7730060 5 -1 0.57344 -0.86666 69789.3 197514 120030 100015 0
105 6194 -1 5 458649 -1.58517 -2.32212 130233 50770.1 100007 100013 -1
105 10574 -1 6 -1 0.106 -0.2628 40974.4 36572.6 -1 -1 1
105 10574 -1 6 3639 0.00392 -0.00512 40992.1 37429.2 160100 160083 -1
106 4341 -1 1 -1 0.132 0.494 98808.8 78102.8 -1 -1 1
106 4341 -1 1 298864 0.1868 0.00563 99057.2 78635.3 160096 160100 -1
106 4825 -1 1 -1 0.2426 0.1043 57820.4 52136.1 -1 -1 1
106 4825 -1 1 34505 0.20115 -0.04551 57844.4 51239.6 160081 160086 -1
106 8488 5242863 5 -1 0.0062 -0.12785 67948.2 178912 160070 160059 0
106 8488 -1 5 163024 0.83832 0.83989 85732.2 21235.9 90010 100013 -1
106 6194 -1 5 -1 0.5707 -0.8679 70037.4 41431.6 -1 -1 1
106 6194 -1 5 14945 0.53966 0.15839 72337.4 41397.9 160148 160081 -1
106 5032 6835076 6 -1 -0.06429 0.27 126070 192581 130031 80005 0
106 5032 -1 6 428065 -0.15639 0.89856 9047.03 31056.4 100010 110018 -1
107 10193 3643127 3 -1 -0.07853 -0.35422 104067 157984 90008 120027 0
107 10193 -1 3 313167 1.6764 -0.01898 74487.4 77511.5 90006 120024 -1
107 8488 -1 5 -1 0.006 -0.1279 68539.9 17723.2 -1 -1 1
107 8488 -1 5 165964 0.04574 0.09832 69740.7 19267.8 160122 160099 -1
107 6194 -1 5 -1 0.5695 -0.8677 70062.8 41424.2 -1 -1 1
107 6194 -1 5 19613 0.12255 0.64484 70352.1 42125.6 160231 160186 -1
107 5032 -1 6 -1 -0.063 0.2702 6644.9 31385.1 -1 -1 1
107 5032 -1 6 1503833 -0.45524 -0.18461 4202.39 29949.8 160194 160171 -1
108 9620 2198948 2 -1 -0.16082 -0.24643 150673 41693.1 130043 110018 0
108 9620 -1 2 1519509 0 0 0 0 -1 -1 -1
108 10193 -1 3 -1 -0.0763 -0.3538 99910.3 80650.4 -1 -1 1
108 10193 -1 3 538526 -0.01081 -0.04467 99102.8 80908.3 160085 160075 -1
108 71 4514380 4 -1 -0.26738 0.09686 144838 161401 100012 100011 0
108 71 -1 4 1045866 -0.71899 -0.86051 40710.5 22498 100011 80004 -1
108 5032 -1 5 -1 -0.0632 0.2696 124129 28147.7 -1 -1 1
108 5032 -1 5 1056765 0.38464 0.13295 124259 28210.2 160136 160086 -1
108 8488 -1 5 -1 0.0058 -0.128 65735.9 16239 -1 -1 1
108 8488 -1 5 155203 0.31976 -0.08684 65066.3 15521.8 160166 160156 -1
108 6194 -1 5 -1 0.5671 -0.8719 65540.9 42231.9 -1 -1 1
108 6194 -1 5 234488 0.07706 0.10455 64599 42607 160071 160046 -1
109 9620 -1 2 -1 -0.1636 -0.2448 32319.4 43977 -1 -1 1
109 9620 -1 2 918192 -0.41927 -0.17327 34874.6 43663.8 160144 160145 -1
109 10193 -1 3 -1 -0.0809 -0.3531 102802 82389.5 -1 -1 1
109 10193 -1 3 301181 -0.00786 -0.10934 102260 82887.4 160088 160069 -1
109 18200 2696285 3 -1 -0.14938 -0.19504 70378.1 132669 140048 120019 0
109 18200 -1 3 1205554 -1.54652 0.49791 54024.2 62643.8 120021 110019 -1
109 71 -1 4 -1 -0.2683 0.0939 27143.9 85606 -1 -1 1
109 71 -1 4 529469 0.107 0.19302 26605 83661.1 160082 160068 -1
109 8488 -1 5 -1 0.0057 -0.1277 68087.8 23107.4 -1 -1 1
109 8488 -1 5 393289 0.37204 -0.09498 68342.1 23401.8 160165 160165 -1
109 5032 -1 6 -1 -0.0622 0.27 9356.8 35607.5 -1 -1 1
109 5032 -1 6 214026 -0.21857 0.03441 9441.25 35622.3 160127 160116 -1
109 113 6620493 6 -1 -0.06214 -0.16836 202334 193936 90008 120022 0
109 113 -1 6 1319629 0 0 0 0 -1 -1 -1
110 9620 -1 2 -1 -0.1587 -0.2487 33416 44100.4 -1 -1 1
110 9620 -1 2 35149 0.065 -0.08364 35427 46538.2 160091 160066 -1
110 10193 -1 3 -1 -0.078 -0.3543 101466 83847.4 -1 -1 1
110 10193 -1 3 545025 -0.00444 0.03814 103365 82591.4 160064 160050 -1
110 18200 -1 3 -1 -0.1481 -0.1958 69047.6 56882.3 -1 -1 1
110 18200 -1 3 1124916 -0.41004 0.68778 69948.5 57699 160319 160304 -1
110 71 -1 4 -1 -0.2681 0.0956 26665.7 85503.8 -1 -1 1
110 71 -1 4 535073 0.13479 0.28756 26929.7 86173 160169 160065 -1
110 113 -1 6 -1 -0.0605 -0.169 79588 36296.7 -1 -1 1
110 113 -1 6 210291 0.05391 0.00953 80934.4 36202.7 160062 160057 -1
111 9620 -1 2 -1 -0.1609 -0.2465 33486.8 44972.6 -1 -1 1
111 9620 -1 2 240859 0.32478 0.0012 33649.3 45440.8 160116 160085 -1
111 14518 3003487 3 -1 -0.16854 -0.28725 98460.3 159666 90008 110019 0
111 14518 -1 3 551145 -1.01489 -1.46994 67719.9 72842.4 110015 90006 -1
111 18200 -1 3 -1 -0.149 -0.1956 72086.3 57705.6 -1 -1 1
111 18200 -1 3 71611 -0.20738 0.18014 73118.9 58069.5 160219 160163 -1
111 71 -1 4 -1 -0.2674 0.0976 28264.3 86155.9 -1 -1 1
111 71 -1 4 936038 -0.75506 0.29518 29009.6 84970.3 160224 160178 -1
111 113 -1 6 -1 -0.0607 -0.1688 81726.2 41260.4 -1 -1 1
111 113 -1 6 16268 0.06457 -0.08798 82135.8 41446.5 160073 160060 -1
112 14518 -1 3 -1 -0.1651 -0.2896 94856.4 81801.1 -1 -1 1
112 14518 -1 3 543141 -0.25352 -0.02708 94146.6 82622.5 160197 160111 -1
112 18200 -1 3 -1 -0.1475 -0.1974 67699.6 55753.6 -1 -1 1
112 18200 -1 3 47867 -0.21367 0.19376 68889.9 55079.1 160202 160186 -1
112 113 -1 6 -1 -0.0605 -0.1689 78148.7 34915.6 -1 -1 1
112 113 -1 6 1272980 0.2818 0.38198 75541.3 34366.7 160224 160181 -1
113 14518 -1 3 -1 -0.1675 -0.2884 97018.6 83961.7 -1 -1 1
113 14518 -1 3 312350 0.14213 -0.01637 98146.5 84304.5 160160 160127 -1
113 1568 6379237 6 -1 -0.2629 -0.29458 195044 193621 90013 120012 0
113 1568 -1 6 409192 0.29535 -0.52873 61716.5 22898.4 100016 110015 -1
114 14518 -1 3 -1 -0.1636 -0.2902 96059.4 83869.4 -1 -1 1
114 14518 -1 3 559551 0.0788 -0.1341 95686.3 84722.1 160070 160045 -1
114 18479 3997591 4 -1 0.06993 -0.03783 151500 138581 160072 150053 0
114 18479 -1 4 494682 0.53159 -0.82933 40846.5 67383.8 120024 120030 -1
114 1568 -1 6 -1 -0.2632 -0.2935 76098.7 32744.4 -1 -1 1
114 1568 -1 6 422675 0.13625 0.08461 76815.7 31538 160051 160057 -1
115 18479 -1 4 -1 0.0703 -0.0372 30952.4 57841.8 -1 -1 1
115 18479 -1 4 480147 -0.36714 -0.02793 30272.8 57620.2 160229 160181 -1
115 1568 -1 6 -1 -0.2637 -0.2929 74426.8 37709.1 -1 -1 1
115 1568 -1 6 1290316 0.50451 -0.1506 77388.5 35024.5 160194 160193 -1
116 18479 -1 4 -1 0.07 -0.0382 36003.9 60771.3 -1 -1 1
116 18479 -1 4 235972 0.26308 -0.00621 35562.6 60146.7 160158 160121 -1
116 1568 -1 6 -1 -0.2675 -0.2908 81176.4 34296.8 -1 -1 1
116 1568 -1 6 426320 0.30172 0.33805 82682.6 34857.9 160144 160144 -1
117 3242 312777 1 -1 0.06919 -0.13137 125232 81534.3 150050 130025 0
117 3242 -1 1 1496200 0 0 0 0 -1 -1 -1
117 4331 553129 1 -1 -0.03132 -0.34672 63121.5 70869.7 90014 120027 0
117 4331 -1 1 569290 -0.28403 -0.08769 63182.1 71808.9 160158 160066 -1
117 18479 -1 4 -1 0.0701 -0.0376 32151.9 60688.9 -1 -1 1
117 18479 -1 4 72737 -0.3562 -0.027 29259.5 60364.2 160197 160155 -1
117 4906 5914905 5 -1 -0.36564 -0.02594 106386 190722 90013 80005 0
117 4906 -1 5 191879 -0.98968 -0.91036 103704 27730 80002 80006 -1
118 7690 275255 1 -1 -0.1675 0.28579 80696 72196.2 100009 100011 0
118 7690 -1 1 1227915 0.5797 -0.25627 80970.6 71980.1 160210 160180 -1
118 4331 -1 1 -1 -0.0331 -0.3478 64101.4 73710.5 -1 -1 1
118 4331 -1 1 1262210 -0.38061 0.14132 65252.9 76687.4 160162 160163 -1
118 3242 -1 2 -1 0.0692 -0.1315 5755.9 83053 -1 -1 1
118 3242 -1 2 1371813 -0.3221 0.23284 2901.84 82069.7 160131 160155 -1
118 13705 3770585 4 -1 -0.72913 -0.00581 162773 125695 100011 100012 0
118 13705 -1 4 17395 -1.11718 -1.00812 50903.1 42130.9 110012 80002 -1
118 4906 -1 5 -1 -0.3658 -0.0245 109311 31227.7 -1 -1 1
118 4906 -1 5 1067511 0.08953 -0.70177 108704 31171.2 160192 160189 -1
118 2710 6445364 6 -1 -0.06024 -0.11169 135720 207757 150059 120028 0
118 2710 -1 6 21423 0.46917 1.25702 37809.3 41884 90006 80004 -1
119 7690 -1 1 -1 -0.169 0.2851 80249.9 70566.6 -1 -1 1
119 7690 -1 1 703599 0.03423 0.53475 80914.2 70538.7 160237 160112 -1
119 4331 -1 1 -1 -0.0306 -0.3464 63533.4 72521.8 -1 -1 1
119 4331 -1 1 1251825 -0.38255 -0.1777 65898.5 75161.7 160244 160182 -1
119 3242 -1 2 -1 0.0695 -0.1312 4600.5 81869.4 -1 -1 1
119 3242 -1 2 1403936 0.2763 0.42657 4711.45 81827.9 160096 160145 -1
119 11671 3074467 3 -1 0.35004 -0.14878 55843.3 112503 100020 110010 0
119 11671 -1 3 214105 -0.69339 -0.63239 52193 35524.6 90006 90006 -1
119 13705 -1 4 -1 -0.7288 -0.0176 42479.4 44440 -1 -1 1
119 13705 -1 4 237112 -0.13564 -0.14321 41120 43164.9 160094 160058 -1
119 4906 -1 5 -1 -0.3655 -0.0259 108268 36126.7 -1 -1 1
119 4906 -1 5 1313293 0.11972 -0.68032 107272 36616.7 160202 160168 -1
119 2710 -1 6 -1 -0.0599 -0.1119 15034.3 51584.6 -1 -1 1
119 2710 -1 6 60622 -0.03896 0.21877 15458.5 52826.1 160149 160172 -1
120 7690 -1 1 -1 -0.1692 0.285 77087.4 67591.4 -1 -1 1
120 7690 -1 1 1615665 0.24829 -0.6264 76457.7 68476.3 160197 160192 -1
120 3242 -1 1 -1 0.0696 -0.1307 121546 80531.5 -1 -1 1
120 3242 -1 1 1675245 0.2239 0.32466 121222 79350.3 160156 160123 -1
120 4331 -1 1 -1 -0.0306 -0.346 60025.3 71119.5 -1 -1 1
120 4331 -1 1 301383 0.25831 0.11541 62619.6 71489.3 160115 160094 -1
120 14656 2089323 2 -1 -0.08571 -0.03842 191937 78999.7 160076 160063 0
120 14656 -1 2 299632 0.56899 -0.79961 45690.6 75633.4 110011 100014 -1
120 12672 3856558 3 -1 -0.00284 -0.05107 50268.4 150501 130041 130038 0
120 12672 -1 3 686761 -1.45062 0.0525 8852.07 73240.3 100016 110021 -1
120 11671 -1 3 -1 0.3513 -0.1473 50958.6 30459.7 -1 -1 1
120 11671 -1 3 210981 0.13054 0.17261 51413.2 29815.1 160149 160148 -1
120 13705 -1 4 -1 -0.7272 -0.0237 40639 41856 -1 -1 1
120 13705 -1 4 1348688 0.52666 -0.19733 41416.3 43333.7 160175 160183 -1
120 17053 4857554 4 -1 -0.03779 -0.15946 176505 121130 140031 130046 0
120 17053 -1 4 22399 -0.52301 -1.64967 54131.9 43241 90008 90013 -1
120 4906 -1 5 -1 -0.3659 -0.0249 105361 34731.1 -1 -1 1
120 4906 -1 5 852233 0.12257 0.00171 105960 33911.1 160084 160071 -1
120 2710 -1 6 -1 -0.0597 -0.112 10757.4 50475 -1 -1 1
120 2710 -1 6 693614 -0.04331 0.29049 11124.1 50891 160206 160205 -1
121 7690 -1 1 -1 -0.1677 0.2857 80171.5 69348.3 -1 -1 1
121 7690 -1 1 261368 -0.10966 0.05619 80914.3 68992.7 160073 160053 -1
121 6820 61980 1 -1 -0.11863 -0.20725 76589 58479.2 120020 140029 0
121 6820 -1 1 490114 0.11204 0.07695 76804.3 58773.8 160059 160060 -1
121 14656 -1 2 -1 -0.0859 -0.0379 74060.2 80401.4 -1 -1 1
121 14656 -1 2 543177 -0.00272 0.10141 75442.2 80860.9 160085 160068 -1
121 12672 -1 3 -1 -0.0032 -0.0511 53064.1 76499.1 -1 -1 1
121 12672 -1 3 542000 -0.17922 -0.73595 52084.4 76981 160270 160249 -1
121 11671 -1 3 -1 0.3493 -0.1506 53541.3 36668 -1 -1 1
121 11671 -1 3 213880 0.11672 0.17152 54180.4 35749.4 160167 160125 -1
121 13705 -1 4 -1 -0.7273 -0.015 44446.9 46961.3 -1 -1 1
121 13705 -1 4 252046 0.07716 -0.01 45234.7 47496 160071 160066 -1
121 17053 -1 4 -1 -0.0369 -0.1597 59708.7 45731.2 -1 -1 1
121 17053 -1 4 16573 0.24423 -0.05206 61880.1 45530.1 160129 160093 -1
121 2710 -1 6 -1 -0.0605 -0.1116 15191.7 48335.8 -1 -1 1
121 2710 -1 6 474101 0.03522 0.37744 15506.7 48375.4 160218 160194 -1
121 13316 6830043 6 -1 0.10514 -0.08866 132680 187654 160062 130052 0
121 13316 -1 6 425609 0.26575 1.12042 17012.1 22003.4 90006 80006 -1
122 6820 -1 1 -1 -0.1194 -0.207 77634.9 58040.1 -1 -1 1
122 6820 -1 1 964077 -0.48957 -0.4098 75519.7 56225.1 160185 160169 -1
122 14656 -1 2 -1 -0.0859 -0.0379 73969.1 77723.7 -1 -1 1
122 14656 -1 2 1193612 -0.2557 -0.327 71343.2 75611.8 160211 160274 -1
122 12672 -1 3 -1 -0.0032 -0.0512 53313.7 75254.7 -1 -1 1
122 12672 -1 3 311632 0.41329 0.17424 51101.4 76597.6 160247 160209 -1
122 4960 2429288 3 -1 0.21478 0.00199 61881.4 114235 150052 90010 0
122 4960 -1 3 6 -0.11343 0.16759 60812.2 37307.7 110013 110011 -1
122 11671 -1 3 -1 0.349 -0.1502 52810.8 35693.5 -1 -1 1
122 11671 -1 3 427829 0.67171 0.47446 52784 36110.9 160195 160207 -1
122 17053 -1 4 -1 -0.0379 -0.1594 59395.6 44281.4 -1 -1 1
122 17053 -1 4 914780 0.17809 0.64864 58568.7 43823.6 160264 160264 -1
122 5132 3853745 4 -1 -0.11647 0.02952 196602 152279 140060 140038 0
122 5132 -1 4 1236091 5.82481 -0.02679 121722 85265.7 110014 110027 -1
122 13316 -1 6 -1 0.1047 -0.0891 12347.7 27028.7 -1 -1 1
122 13316 -1 6 1088422 0.78093 -0.2342 12080.5 28280.4 160154 160146 -1
123 6820 -1 1 -1 -0.1161 -0.2084 76143.5 58936.2 -1 -1 1
123 6820 -1 1 1146476 -0.47436 -0.40914 73575.1 56506.8 160175 160115 -1
123 14656 -1 2 -1 -0.0853 -0.0389 75771.4 80193.7 -1 -1 1
123 14656 -1 2 1243133 -0.40864 -0.32062 73344.1 80191.2 160129 160120 -1
123 10263 1324711 2 -1 -0.31119 -0.09166 180740 41928.8 100010 100007 0
123 10263 -1 2 913610 -0.68354 -0.23261 59326.1 44922.6 110032 110033 -1
123 9450 1384867 2 -1 -0.20903 -0.1847 142719 61774.4 130037 100013 0
123 9450 -1 2 1157301 -0.15788 -1.26085 59212.4 64388.8 100016 90006 -1
123 12672 -1 3 -1 -0.0032 -0.0511 54329.3 75271 -1 -1 1
123 12672 -1 3 1202325 -0.15203 -0.68243 51928.1 72517.8 160227 160173 -1
123 4960 -1 3 -1 0.2146 0.002 61316.7 37569.5 -1 -1 1
123 4960 -1 3 397 -0.023 -0.43345 61644.7 37395.8 160119 160106 -1
123 700 2734326 3 -1 -0.02748 0.05463 86820.2 153514 150039 150036 0
123 700 -1 3 1267105 0.09083 0.7748 27068.4 85929 100011 110021 -1
123 17053 -1 4 -1 -0.0359 -0.16 59577.1 46346.7 -1 -1 1
123 17053 -1 4 247294 -0.00803 -0.0344 56733.4 48527 160089 160071 -1
123 5132 -1 4 -1 -0.117 0.0273 74839.4 76974.5 -1 -1 1
123 5132 -1 4 1217527 0.23494 0.53925 72014.1 76572.2 160160 160137 -1
123 6368 3565287 4 -1 -0.18909 -0.19331 135847 125923 140043 140032 0
123 6368 -1 4 239338 -0.23453 -0.66585 864.73 41664.1 100010 100012 -1
123 13316 -1 6 -1 0.1055 -0.0879 11374.2 29063.7 -1 -1 1
123 13316 -1 6 1274663 0.72989 -0.34769 10902.5 29947.8 160210 160212 -1
124 6820 -1 1 -1 -0.1167 -0.2077 75060 59810.6 -1 -1 1
124 6820 -1 1 224660 0 -0.17364 75035.6 60849.5 160150 160091 -1
124 10263 -1 2 -1 -0.3111 -0.092 61497.3 41878.6 -1 -1 1
124 10263 -1 2 16073 0.1033 0.05572 61126.9 41460.1 160101 160082 -1
124 9450 -1 2 -1 -0.2093 -0.1845 23191.4 62040.6 -1 -1 1
124 9450 -1 2 250666 0.00095 -0.06674 20591.2 63966.4 160104 160079 -1
124 4960 -1 3 -1 0.215 0.0052 58635.3 39161.3 -1 -1 1
124 4960 -1 3 638 0.03811 0.07832 59568.6 39995.3 160068 160060 -1
124 700 -1 3 -1 -0.0273 0.0548 87128.7 77735.1 -1 -1 1
124 700 -1 3 576530 -0.16327 -0.66957 87290.6 78625.3 160283 160228 -1
124 5132 -1 4 -1 -0.1168 0.0287 74433.6 77864.4 -1 -1 1
124 5132 -1 4 1354845 0.47277 -0.22713 72414 78412.8 160201 160150 -1
124 6368 -1 4 -1 -0.1907 -0.1921 16688 50153.9 -1 -1 1
124 6368 -1 4 39423 -0.01051 -0.02683 16824.5 50095.4 160094 160077 -1
124 13316 -1 6 -1 0.1048 -0.0889 12247.4 31438.3 -1 -1 1
124 13316 -1 6 200895 0.05491 -0.02303 15143.3 29407.2 160076 160080 -1
125 10263 -1 2 -1 -0.3113 -0.0917 63089 41721.8 -1 -1 1
125 10263 -1 2 661846 0.04042 -0.10433 67692.4 36927.4 160076 160062 -1
125 9450 -1 2 -1 -0.2101 -0.1836 24803.2 62132.6 -1 -1 1
125 9450 -1 2 85848 -0.25396 0.09802 24905 62154.4 160263 160193 -1
125 4960 -1 3 -1 0.2143 0.0036 60407.8 37640.8 -1 -1 1
125 4960 -1 3 212590 -0.07382 -0.08094 60519.6 35454.2 160166 160145 -1
125 700 -1 3 -1 -0.0272 0.0548 89211.5 76072.4 -1 -1 1
125 700 -1 3 1353881 -0.25585 -0.70619 89524.5 77559.9 160295 160293 -1
125 5132 -1 4 -1 -0.1169 0.0288 76299 77462.7 -1 -1 1
125 5132 -1 4 521069 -0.04675 0.01631 78721.6 77693.9 160111 160083 -1
125 6368 -1 4 -1 -0.1899 -0.1931 18732.4 49681.9 -1 -1 1
125 6368 -1 4 38448 -0.00546 -0.03806 18722.5 49501 160068 160068 -1
125 8353 6576020 6 -1 0.14116 -0.05469 189249 180767 160055 130045 0
125 8353 -1 6 175691 0.4419 0.18326 115432 21737.8 100017 90006 -1
126 10263 -1 2 -1 -0.3126 -0.0915 64193.6 41326.9 -1 -1 1
126 10263 -1 2 16073 0.10608 0.05459 61887 42462.1 160071 160064 -1
126 9450 -1 2 -1 -0.2096 -0.1834 25580.9 61905.1 -1 -1 1
126 9450 -1 2 489116 0.25311 0.16185 25805.7 61234.1 160145 160148 -1
126 13208 2800947 3 -1 0.00392 0.34826 55342.1 93919 130044 120040 0
126 13208 -1 3 146305 0.13218 -1.25057 97847.3 15644.3 90006 80006 -1
126 700 -1 3 -1 -0.0267 0.055 90420.9 75027.5 -1 -1 1
126 700 -1 3 736471 -0.5442 0.23783 88909.8 72377.8 160294 160265 -1
126 6368 -1 4 -1 -0.1913 -0.1915 19439.7 48287.9 -1 -1 1
126 6368 -1 4 36485 -0.00736 -0.04383 18933.4 47691.5 160071 160072 -1
126 8353 -1 6 -1 0.1409 -0.0552 68200.7 25444.4 -1 -1 1
126 8353 -1 6 639303 0.1255 0.39124 71116.2 26027.4 160188 160164 -1
127 13208 -1 3 -1 -0.0017 0.3482 53791.4 12383.2 -1 -1 1
127 13208 -1 3 150700 0.03541 0.03231 53979.4 13011.1 160108 160077 -1
127 8353 -1 6 -1 0.1411 -0.0545 67221.3 21329.3 -1 -1 1
127 8353 -1 6 1047077 0.04205 0.4344 67073.2 21964.5 160157 160120 -1
128 13208 -1 3 -1 0.0002 0.3474 54495.7 15465.2 -1 -1 1
128 13208 -1 3 383756 -0.08751 0.21365 52205.6 18383.9 160122 160106 -1
128 4889 3137026 3 -1 -0.0133 -0.6072 118208 143536 110029 100009 0
128 4889 -1 3 248938 0.74987 -0.85957 58729.1 47895.2 110020 100012 -1
128 10242 6289257 6 -1 0.13465 0.07333 169386 167203 140039 120019 0
128 10242 -1 6 969196 -0.5355 1.42392 93584 11535.9 120030 110015 -1
128 8353 -1 6 -1 0.1415 -0.0544 68227.1 23237.5 -1 -1 1
128 8353 -1 6 396179 -0.0807 -0.00586 67229.4 23186.5 160169 160111 -1
129 13208 -1 3 -1 0.001 0.3487 54583.1 13603.6 -1 -1 1
129 13208 -1 3 145696 -0.15052 -0.02163 56898.2 15862.2 160080 160079 -1
129 4889 -1 3 -1 -0.0131 -0.6072 119141 65798.4 -1 -1 1
129 4889 -1 3 509641 0.00629 0.06651 117710 64564.7 160049 160072 -1
129 9596 3648399 3 -1 0.21846 0.14868 50985.6 146371 100013 140033 0
129 9596 -1 3 1424491 -0.15449 3.64225 88503.3 82010.3 120017 110019 -1
129 10242 -1 6 -1 0.1344 0.0737 48580.6 11448.9 -1 -1 1
129 10242 -1 6 564436 -0.00644 0.13698 50990.4 10291 160068 160053 -1
130 4889 -1 3 -1 -0.0071 -0.6057 118285 67833.2 -1 -1 1
130 4889 -1 3 1442089 -0.45369 0.26587 117911 70182.6 160174 160167 -1
130 9596 -1 3 -1 0.2178 0.1492 51034.5 68306.7 -1 -1 1
130 9596 -1 3 282235 0.05286 -0.10302 52327.6 69151 160080 160085 -1
130 10242 -1 6 -1 0.1339 0.0746 47722.5 6900.5 -1 -1 1
130 10242 -1 6 544338 -0.28247 0.05482 44883.9 5879.61 160185 160188 -1
131 4889 -1 3 -1 -0.0144 -0.6033 120082 71174.9 -1 -1 1
131 4889 -1 3 299858 0.03978 0.02925 120618 71313.7 160097 160056 -1
131 9596 -1 3 -1 0.22 0.1465 52664.7 71707.9 -1 -1 1
131 9596 -1 3 995505 -0.29181 0.39345 53754.4 73518 160126 160156 -1
131 10242 -1 6 -1 0.1342 0.074 49820.6 13327.4 -1 -1 1
131 10242 -1 6 155241 0.14945 -0.03074 50259.3 15391.6 160077 160084 -1
132 9596 -1 3 -1 0.219 0.1478 48252.5 69403.1 -1 -1 1
132 9596 -1 3 283659 -0.00937 -0.01758 45886.3 68636.2 160065 160072 -1
