18
1 4676 963806 963806
1 4676 459379 -1
1 4676 963806 963806
1 4676 459379 -1
1 4676 963806 963806
1 4676 459379 -1
1 4676 963806 963806
1 4676 459379 -1
2 812 1837022 285355
2 812 285350 -1
2 812 1837022 285355
2 812 285350 -1
2 812 1837022 285355
2 812 285350 -1
2 812 1837022 285355
2 812 285350 -1
4 3131 4467781 497885
4 3131 62029 -1
4 3131 4467781 497885
4 3131 62029 -1
4 3131 4467781 497885
4 3131 62029 -1
4 3131 4467781 497885
4 3131 62029 -1
19
1 4676 -1 0
1 4676 558876 -1
1 4676 -1 0
1 4676 558876 -1
1 4676 -1 0
1 4676 558876 -1
1 4676 -1 0
1 4676 558876 -1
2 812 -1 0
2 812 532306 -1
2 6394 1376360 55209
2 6394 55305 -1
2 812 -1 0
2 812 532306 -1
2 6394 1376360 55209
2 6394 55305 -1
2 812 -1 0
2 812 532306 -1
2 6394 1376360 55209
2 6394 55305 -1
2 812 -1 0
2 812 532306 -1
2 6394 1376360 55209
2 6394 55305 -1
4 3131 -1 0
4 3131 506103 -1
4 14236 4405071 651020
4 14236 650594 -1
4 3131 -1 0
4 3131 506103 -1
4 14236 4405071 651020
4 14236 650594 -1
4 3131 -1 0
4 3131 506103 -1
4 14236 4405071 651020
4 14236 650594 -1
4 3131 -1 0
4 3131 506103 -1
4 14236 4405071 651020
4 14236 650594 -1
20
1 4676 -1 0
1 4676 1600891 -1
1 4676 -1 0
1 4676 1600891 -1
1 4676 -1 0
1 4676 1600891 -1
1 4676 -1 0
1 4676 1600891 -1
2 13212 1851391 311304
2 13212 766117 -1
2 812 -1 0
2 812 90796 -1
2 6394 -1 0
2 6394 260456 -1
2 13212 1851391 311304
2 13212 766117 -1
2 812 -1 0
2 812 90796 -1
2 6394 -1 0
2 6394 260456 -1
2 13212 1851391 311304
2 13212 766117 -1
2 812 -1 0
2 812 90796 -1
2 6394 -1 0
2 6394 260456 -1
2 13212 1851391 311304
2 13212 766117 -1
2 812 -1 0
2 812 90796 -1
2 6394 -1 0
2 6394 260456 -1
4 3131 -1 0
4 3131 1149207 -1
4 8838 4759581 527564
4 8838 320724 -1
4 14236 -1 0
4 14236 4286 -1
4 3131 -1 0
4 3131 1149207 -1
4 8838 4759581 527564
4 8838 320724 -1
4 14236 -1 0
4 14236 4286 -1
4 3131 -1 0
4 3131 1149207 -1
4 8838 4759581 527564
4 8838 320724 -1
4 14236 -1 0
4 14236 4286 -1
4 3131 -1 0
4 3131 1149207 -1
4 8838 4759581 527564
4 8838 320724 -1
4 14236 -1 0
4 14236 4286 -1
21
1 4676 -1 0
1 4676 928633 -1
1 4676 -1 0
1 4676 928633 -1
1 4676 -1 0
1 4676 928633 -1
1 4676 -1 0
1 4676 928633 -1
2 13212 -1 0
2 13212 301986 -1
2 812 -1 0
2 812 540332 -1
2 6394 -1 0
2 6394 58914 -1
2 13212 -1 0
2 13212 301986 -1
2 812 -1 0
2 812 540332 -1
2 6394 -1 0
2 6394 58914 -1
2 13212 -1 0
2 13212 301986 -1
2 812 -1 0
2 812 540332 -1
2 6394 -1 0
2 6394 58914 -1
2 13212 -1 0
2 13212 301986 -1
2 812 -1 0
2 812 540332 -1
2 6394 -1 0
2 6394 58914 -1
4 3131 -1 0
4 3131 502136 -1
4 8838 -1 0
4 8838 1369773 -1
4 14236 -1 0
4 14236 217460 -1
4 4287 4755287 1231235
4 4287 276557 -1
4 3131 -1 0
4 3131 502136 -1
4 8838 -1 0
4 8838 1369773 -1
4 14236 -1 0
4 14236 217460 -1
4 4287 4755287 1231235
4 4287 276557 -1
4 3131 -1 0
4 3131 502136 -1
4 8838 -1 0
4 8838 1369773 -1
4 14236 -1 0
4 14236 217460 -1
4 4287 4755287 1231235
4 4287 276557 -1
4 3131 -1 0
4 3131 502136 -1
4 8838 -1 0
4 8838 1369773 -1
4 14236 -1 0
4 14236 217460 -1
4 4287 4755287 1231235
4 4287 276557 -1
22
2 13212 -1 0
2 13212 1042657 -1
2 6394 -1 0
2 6394 945590 -1
2 13212 -1 0
2 13212 1042657 -1
2 6394 -1 0
2 6394 945590 -1
2 13212 -1 0
2 13212 1042657 -1
2 6394 -1 0
2 6394 945590 -1
2 13212 -1 0
2 13212 1042657 -1
2 6394 -1 0
2 6394 945590 -1
4 8838 -1 0
4 8838 351870 -1
4 14236 -1 0
4 14236 216579 -1
4 4287 -1 0
4 4287 730631 -1
4 8838 -1 0
4 8838 351870 -1
4 14236 -1 0
4 14236 216579 -1
4 4287 -1 0
4 4287 730631 -1
4 8838 -1 0
4 8838 351870 -1
4 14236 -1 0
4 14236 216579 -1
4 4287 -1 0
4 4287 730631 -1
4 8838 -1 0
4 8838 351870 -1
4 14236 -1 0
4 14236 216579 -1
4 4287 -1 0
4 4287 730631 -1
23
1 16735 502691 502691
1 16735 81153 -1
1 16735 502691 502691
1 16735 81153 -1
1 16735 502691 502691
1 16735 81153 -1
1 16735 502691 502691
1 16735 81153 -1
2 13212 -1 0
2 13212 552625 -1
2 13212 -1 0
2 13212 552625 -1
2 13212 -1 0
2 13212 552625 -1
2 13212 -1 0
2 13212 552625 -1
3 3464 2998716 543174
3 3464 543107 -1
3 3464 2998716 543174
3 3464 543107 -1
3 3464 2998716 543174
3 3464 543107 -1
3 3464 2998716 543174
3 3464 543107 -1
4 8838 -1 0
4 8838 1217568 -1
4 4287 -1 0
4 4287 550715 -1
4 8838 -1 0
4 8838 1217568 -1
4 4287 -1 0
4 4287 550715 -1
4 8838 -1 0
4 8838 1217568 -1
4 4287 -1 0
4 4287 550715 -1
4 8838 -1 0
4 8838 1217568 -1
4 4287 -1 0
4 4287 550715 -1
24
1 16735 -1 0
1 16735 919891 -1
1 16735 -1 0
1 16735 919891 -1
1 16735 -1 0
1 16735 919891 -1
1 16735 -1 0
1 16735 919891 -1
3 10590 2672123 23099
3 10590 483916 -1
3 2925 3238442 601562
3 2925 193307 -1
3 3464 -1 0
3 3464 785133 -1
3 10590 2672123 23099
3 10590 483916 -1
3 2925 3238442 601562
3 2925 193307 -1
3 3464 -1 0
3 3464 785133 -1
3 10590 2672123 23099
3 10590 483916 -1
3 2925 3238442 601562
3 2925 193307 -1
3 3464 -1 0
3 3464 785133 -1
3 10590 2672123 23099
3 10590 483916 -1
3 2925 3238442 601562
3 2925 193307 -1
3 3464 -1 0
3 3464 785133 -1
4 4287 -1 0
4 4287 582369 -1
4 4287 -1 0
4 4287 582369 -1
4 4287 -1 0
4 4287 582369 -1
4 4287 -1 0
4 4287 582369 -1
25
1 16735 -1 0
1 16735 254484 -1
1 8878 336805 336805
1 8878 336559 -1
1 16735 -1 0
1 16735 254484 -1
1 8878 336805 336805
1 8878 336559 -1
1 16735 -1 0
1 16735 254484 -1
1 8878 336805 336805
1 8878 336559 -1
1 16735 -1 0
1 16735 254484 -1
1 8878 336805 336805
1 8878 336559 -1
3 10590 -1 0
3 10590 20207 -1
3 2925 -1 0
3 2925 1067755 -1
3 3464 -1 0
3 3464 320734 -1
3 10590 -1 0
3 10590 20207 -1
3 2925 -1 0
3 2925 1067755 -1
3 3464 -1 0
3 3464 320734 -1
3 10590 -1 0
3 10590 20207 -1
3 2925 -1 0
3 2925 1067755 -1
3 3464 -1 0
3 3464 320734 -1
3 10590 -1 0
3 10590 20207 -1
3 2925 -1 0
3 2925 1067755 -1
3 3464 -1 0
3 3464 320734 -1
5 2677 6168811 1275093
5 2677 430210 -1
5 2677 6168811 1275093
5 2677 430210 -1
5 2677 6168811 1275093
5 2677 430210 -1
5 2677 6168811 1275093
5 2677 430210 -1
26
1 16735 -1 0
1 16735 236136 -1
1 8878 -1 0
1 8878 612438 -1
1 16735 -1 0
1 16735 236136 -1
1 8878 -1 0
1 8878 612438 -1
1 16735 -1 0
1 16735 236136 -1
1 8878 -1 0
1 8878 612438 -1
1 16735 -1 0
1 16735 236136 -1
1 8878 -1 0
1 8878 612438 -1
3 10590 -1 0
3 10590 18960 -1
3 2925 -1 0
3 2925 610541 -1
3 3464 -1 0
3 3464 594254 -1
3 10590 -1 0
3 10590 18960 -1
3 2925 -1 0
3 2925 610541 -1
3 3464 -1 0
3 3464 594254 -1
3 10590 -1 0
3 10590 18960 -1
3 2925 -1 0
3 2925 610541 -1
3 3464 -1 0
3 3464 594254 -1
3 10590 -1 0
3 10590 18960 -1
3 2925 -1 0
3 2925 610541 -1
3 3464 -1 0
3 3464 594254 -1
4 4131 3485476 146777
4 4131 419714 -1
4 7470 3681830 386335
4 7470 403499 -1
4 4131 3485476 146777
4 4131 419714 -1
4 7470 3681830 386335
4 7470 403499 -1
4 4131 3485476 146777
4 4131 419714 -1
4 7470 3681830 386335
4 7470 403499 -1
4 4131 3485476 146777
4 4131 419714 -1
4 7470 3681830 386335
4 7470 403499 -1
6 2677 -1 0
6 2677 25694 -1
6 2677 -1 0
6 2677 25694 -1
6 2677 -1 0
6 2677 25694 -1
6 2677 -1 0
6 2677 25694 -1
27
1 8878 -1 0
1 8878 309513 -1
1 8878 -1 0
1 8878 309513 -1
1 8878 -1 0
1 8878 309513 -1
1 8878 -1 0
1 8878 309513 -1
3 10590 -1 0
3 10590 467557 -1
3 2925 -1 0
3 2925 406981 -1
3 10590 -1 0
3 10590 467557 -1
3 2925 -1 0
3 2925 406981 -1
3 10590 -1 0
3 10590 467557 -1
3 2925 -1 0
3 2925 406981 -1
3 10590 -1 0
3 10590 467557 -1
3 2925 -1 0
3 2925 406981 -1
4 4131 -1 0
4 4131 363358 -1
4 7470 -1 0
4 7470 122758 -1
4 4131 -1 0
4 4131 363358 -1
4 7470 -1 0
4 7470 122758 -1
4 4131 -1 0
4 4131 363358 -1
4 7470 -1 0
4 7470 122758 -1
4 4131 -1 0
4 4131 363358 -1
4 7470 -1 0
4 7470 122758 -1
6 2677 -1 0
6 2677 7052 -1
6 2677 -1 0
6 2677 7052 -1
6 2677 -1 0
6 2677 7052 -1
6 2677 -1 0
6 2677 7052 -1
28
1 8878 -1 0
1 8878 760981 -1
1 8878 -1 0
1 8878 760981 -1
1 8878 -1 0
1 8878 760981 -1
1 8878 -1 0
1 8878 760981 -1
3 9065 3364951 707052
3 9065 728234 -1
3 9065 3364951 707052
3 9065 728234 -1
3 9065 3364951 707052
3 9065 728234 -1
3 9065 3364951 707052
3 9065 728234 -1
4 16371 3995606 229077
4 16371 230219 -1
4 4131 -1 0
4 4131 160796 -1
4 7470 -1 0
4 7470 140225 -1
4 16371 3995606 229077
4 16371 230219 -1
4 4131 -1 0
4 4131 160796 -1
4 7470 -1 0
4 7470 140225 -1
4 16371 3995606 229077
4 16371 230219 -1
4 4131 -1 0
4 4131 160796 -1
4 7470 -1 0
4 7470 140225 -1
4 16371 3995606 229077
4 16371 230219 -1
4 4131 -1 0
4 4131 160796 -1
4 7470 -1 0
4 7470 140225 -1
5 11871 5469772 392476
5 11871 166530 -1
5 11871 5469772 392476
5 11871 166530 -1
5 11871 5469772 392476
5 11871 166530 -1
5 11871 5469772 392476
5 11871 166530 -1
6 2677 -1 0
6 2677 224859 -1
6 2677 -1 0
6 2677 224859 -1
6 2677 -1 0
6 2677 224859 -1
6 2677 -1 0
6 2677 224859 -1
29
3 9065 -1 0
3 9065 522569 -1
3 12957 3271683 622659
3 12957 622659 -1
3 9065 -1 0
3 9065 522569 -1
3 12957 3271683 622659
3 12957 622659 -1
3 9065 -1 0
3 9065 522569 -1
3 12957 3271683 622659
3 12957 622659 -1
3 9065 -1 0
3 9065 522569 -1
3 12957 3271683 622659
3 12957 622659 -1
4 16371 -1 0
4 16371 256136 -1
4 4131 -1 0
4 4131 168385 -1
4 7470 -1 0
4 7470 148379 -1
4 16371 -1 0
4 16371 256136 -1
4 4131 -1 0
4 4131 168385 -1
4 7470 -1 0
4 7470 148379 -1
4 16371 -1 0
4 16371 256136 -1
4 4131 -1 0
4 4131 168385 -1
4 7470 -1 0
4 7470 148379 -1
4 16371 -1 0
4 16371 256136 -1
4 4131 -1 0
4 4131 168385 -1
4 7470 -1 0
4 7470 148379 -1
5 11871 -1 0
5 11871 376331 -1
5 11871 -1 0
5 11871 376331 -1
5 11871 -1 0
5 11871 376331 -1
5 11871 -1 0
5 11871 376331 -1
30
1 1253 1205750 1130807
1 1253 262438 -1
1 1253 1205750 1130807
1 1253 262438 -1
1 1253 1205750 1130807
1 1253 262438 -1
1 1253 1205750 1130807
1 1253 262438 -1
3 9065 -1 0
3 9065 539388 -1
3 12957 -1 0
3 12957 190522 -1
3 9065 -1 0
3 9065 539388 -1
3 12957 -1 0
3 12957 190522 -1
3 9065 -1 0
3 9065 539388 -1
3 12957 -1 0
3 12957 190522 -1
3 9065 -1 0
3 9065 539388 -1
3 12957 -1 0
3 12957 190522 -1
4 16371 -1 0
4 16371 68696 -1
4 829 3615968 258592
4 829 258606 -1
4 16371 -1 0
4 16371 68696 -1
4 829 3615968 258592
4 829 258606 -1
4 16371 -1 0
4 16371 68696 -1
4 829 3615968 258592
4 829 258606 -1
4 16371 -1 0
4 16371 68696 -1
4 829 3615968 258592
4 829 258606 -1
5 11871 -1 0
5 11871 159216 -1
5 11871 -1 0
5 11871 159216 -1
5 11871 -1 0
5 11871 159216 -1
5 11871 -1 0
5 11871 159216 -1
31
1 1253 -1 0
1 1253 557205 -1
1 1253 -1 0
1 1253 557205 -1
1 1253 -1 0
1 1253 557205 -1
1 1253 -1 0
1 1253 557205 -1
2 16711 1561686 458741
2 16711 459138 -1
2 16711 1561686 458741
2 16711 459138 -1
2 16711 1561686 458741
2 16711 459138 -1
2 16711 1561686 458741
2 16711 459138 -1
3 9065 -1 0
3 9065 530962 -1
3 12957 -1 0
3 12957 1054363 -1
3 9065 -1 0
3 9065 530962 -1
3 12957 -1 0
3 12957 1054363 -1
3 9065 -1 0
3 9065 530962 -1
3 12957 -1 0
3 12957 1054363 -1
3 9065 -1 0
3 9065 530962 -1
3 12957 -1 0
3 12957 1054363 -1
4 16371 -1 0
4 16371 66919 -1
4 829 -1 0
4 829 1135210 -1
4 16371 -1 0
4 16371 66919 -1
4 829 -1 0
4 829 1135210 -1
4 16371 -1 0
4 16371 66919 -1
4 829 -1 0
4 829 1135210 -1
4 16371 -1 0
4 16371 66919 -1
4 829 -1 0
4 829 1135210 -1
5 11871 -1 0
5 11871 157262 -1
5 11871 -1 0
5 11871 157262 -1
5 11871 -1 0
5 11871 157262 -1
5 11871 -1 0
5 11871 157262 -1
32
1 1253 -1 0
1 1253 278924 -1
1 1253 -1 0
1 1253 278924 -1
1 1253 -1 0
1 1253 278924 -1
1 1253 -1 0
1 1253 278924 -1
2 16711 -1 0
2 16711 442545 -1
2 16711 -1 0
2 16711 442545 -1
2 16711 -1 0
2 16711 442545 -1
2 16711 -1 0
2 16711 442545 -1
3 502 2817629 588754
3 502 1138506 -1
3 12957 -1 0
3 12957 408599 -1
3 502 2817629 588754
3 502 1138506 -1
3 12957 -1 0
3 12957 408599 -1
3 502 2817629 588754
3 502 1138506 -1
3 12957 -1 0
3 12957 408599 -1
3 502 2817629 588754
3 502 1138506 -1
3 12957 -1 0
3 12957 408599 -1
4 829 -1 0
4 829 564377 -1
4 829 -1 0
4 829 564377 -1
4 829 -1 0
4 829 564377 -1
4 829 -1 0
4 829 564377 -1
33
1 1253 -1 0
1 1253 557513 -1
1 1253 -1 0
1 1253 557513 -1
1 1253 -1 0
1 1253 557513 -1
1 1253 -1 0
1 1253 557513 -1
2 16711 -1 0
2 16711 980 -1
2 6945 1182101 84004
2 6945 84493 -1
2 8364 2043719 942588
2 8364 70934 -1
2 16711 -1 0
2 16711 980 -1
2 6945 1182101 84004
2 6945 84493 -1
2 8364 2043719 942588
2 8364 70934 -1
2 16711 -1 0
2 16711 980 -1
2 6945 1182101 84004
2 6945 84493 -1
2 8364 2043719 942588
2 8364 70934 -1
2 16711 -1 0
2 16711 980 -1
2 6945 1182101 84004
2 6945 84493 -1
2 8364 2043719 942588
2 8364 70934 -1
3 502 -1 0
3 502 282562 -1
3 502 -1 0
3 502 282562 -1
3 502 -1 0
3 502 282562 -1
3 502 -1 0
3 502 282562 -1
4 829 -1 0
4 829 538125 -1
4 829 -1 0
4 829 538125 -1
4 829 -1 0
4 829 538125 -1
4 829 -1 0
4 829 538125 -1
34
2 16711 -1 0
2 16711 222312 -1
2 6945 -1 0
2 6945 534883 -1
2 8364 -1 0
2 8364 71003 -1
2 16711 -1 0
2 16711 222312 -1
2 6945 -1 0
2 6945 534883 -1
2 8364 -1 0
2 8364 71003 -1
2 16711 -1 0
2 16711 222312 -1
2 6945 -1 0
2 6945 534883 -1
2 8364 -1 0
2 8364 71003 -1
2 16711 -1 0
2 16711 222312 -1
2 6945 -1 0
2 6945 534883 -1
2 8364 -1 0
2 8364 71003 -1
3 502 -1 0
3 502 573069 -1
3 502 -1 0
3 502 573069 -1
3 502 -1 0
3 502 573069 -1
3 502 -1 0
3 502 573069 -1
5 6991 4203487 9199
5 6991 9115 -1
5 6991 4203487 9199
5 6991 9115 -1
5 6991 4203487 9199
5 6991 9115 -1
5 6991 4203487 9199
5 6991 9115 -1
35
2 6945 -1 0
2 6945 228877 -1
2 8364 -1 0
2 8364 74415 -1
2 6945 -1 0
2 6945 228877 -1
2 8364 -1 0
2 8364 74415 -1
2 6945 -1 0
2 6945 228877 -1
2 8364 -1 0
2 8364 74415 -1
2 6945 -1 0
2 6945 228877 -1
2 8364 -1 0
2 8364 74415 -1
3 502 -1 0
3 502 590854 -1
3 502 -1 0
3 502 590854 -1
3 502 -1 0
3 502 590854 -1
3 502 -1 0
3 502 590854 -1
5 6991 -1 0
5 6991 9785 -1
5 15555 4531910 362628
5 15555 362106 -1
5 6991 -1 0
5 6991 9785 -1
5 15555 4531910 362628
5 15555 362106 -1
5 6991 -1 0
5 6991 9785 -1
5 15555 4531910 362628
5 15555 362106 -1
5 6991 -1 0
5 6991 9785 -1
5 15555 4531910 362628
5 15555 362106 -1
36
1 10783 484313 484313
1 10783 9832 -1
1 10783 484313 484313
1 10783 9832 -1
1 10783 484313 484313
1 10783 9832 -1
1 10783 484313 484313
1 10783 9832 -1
2 16390 1121812 19260
2 16390 19221 -1
2 6945 -1 0
2 6945 533846 -1
2 8364 -1 0
2 8364 251509 -1
2 16390 1121812 19260
2 16390 19221 -1
2 6945 -1 0
2 6945 533846 -1
2 8364 -1 0
2 8364 251509 -1
2 16390 1121812 19260
2 16390 19221 -1
2 6945 -1 0
2 6945 533846 -1
2 8364 -1 0
2 8364 251509 -1
2 16390 1121812 19260
2 16390 19221 -1
2 6945 -1 0
2 6945 533846 -1
2 8364 -1 0
2 8364 251509 -1
5 3877 4603705 175309
5 3877 175308 -1
5 6991 -1 0
5 6991 9447 -1
5 15555 -1 0
5 15555 139924 -1
5 3877 4603705 175309
5 3877 175308 -1
5 6991 -1 0
5 6991 9447 -1
5 15555 -1 0
5 15555 139924 -1
5 3877 4603705 175309
5 3877 175308 -1
5 6991 -1 0
5 6991 9447 -1
5 15555 -1 0
5 15555 139924 -1
5 3877 4603705 175309
5 3877 175308 -1
5 6991 -1 0
5 6991 9447 -1
5 15555 -1 0
5 15555 139924 -1
37
1 10783 -1 0
1 10783 27669 -1
1 10783 -1 0
1 10783 27669 -1
1 10783 -1 0
1 10783 27669 -1
1 10783 -1 0
1 10783 27669 -1
2 16390 -1 0
2 16390 468471 -1
2 7130 1104744 984
2 7130 469432 -1
2 16390 -1 0
2 16390 468471 -1
2 7130 1104744 984
2 7130 469432 -1
2 16390 -1 0
2 16390 468471 -1
2 7130 1104744 984
2 7130 469432 -1
2 16390 -1 0
2 16390 468471 -1
2 7130 1104744 984
2 7130 469432 -1
4 8990 4258194 1153707
4 8990 281254 -1
4 8990 4258194 1153707
4 8990 281254 -1
4 8990 4258194 1153707
4 8990 281254 -1
4 8990 4258194 1153707
4 8990 281254 -1
5 3877 -1 0
5 3877 409450 -1
5 6991 -1 0
5 6991 9093 -1
5 15555 -1 0
5 15555 146595 -1
5 3877 -1 0
5 3877 409450 -1
5 6991 -1 0
5 6991 9093 -1
5 15555 -1 0
5 15555 146595 -1
5 3877 -1 0
5 3877 409450 -1
5 6991 -1 0
5 6991 9093 -1
5 15555 -1 0
5 15555 146595 -1
5 3877 -1 0
5 3877 409450 -1
5 6991 -1 0
5 6991 9093 -1
5 15555 -1 0
5 15555 146595 -1
38
1 11387 68099 68099
1 11387 68059 -1
1 11387 68099 68099
1 11387 68059 -1
1 11387 68099 68099
1 11387 68059 -1
1 11387 68099 68099
1 11387 68059 -1
2 10783 -1 0
2 10783 52683 -1
2 16390 -1 0
2 16390 23140 -1
2 7130 -1 0
2 7130 442507 -1
2 10783 -1 0
2 10783 52683 -1
2 16390 -1 0
2 16390 23140 -1
2 7130 -1 0
2 7130 442507 -1
2 10783 -1 0
2 10783 52683 -1
2 16390 -1 0
2 16390 23140 -1
2 7130 -1 0
2 7130 442507 -1
2 10783 -1 0
2 10783 52683 -1
2 16390 -1 0
2 16390 23140 -1
2 7130 -1 0
2 7130 442507 -1
4 11930 3553157 22436
4 11930 907182 -1
4 7504 4109104 586567
4 7504 585493 -1
4 8990 -1 0
4 8990 281887 -1
4 11930 3553157 22436
4 11930 907182 -1
4 7504 4109104 586567
4 7504 585493 -1
4 8990 -1 0
4 8990 281887 -1
4 11930 3553157 22436
4 11930 907182 -1
4 7504 4109104 586567
4 7504 585493 -1
4 8990 -1 0
4 8990 281887 -1
4 11930 3553157 22436
4 11930 907182 -1
4 7504 4109104 586567
4 7504 585493 -1
4 8990 -1 0
4 8990 281887 -1
5 16145 4769493 112114
5 16145 113027 -1
5 3877 -1 0
5 3877 391814 -1
5 15555 -1 0
5 15555 360028 -1
5 16145 4769493 112114
5 16145 113027 -1
5 3877 -1 0
5 3877 391814 -1
5 15555 -1 0
5 15555 360028 -1
5 16145 4769493 112114
5 16145 113027 -1
5 3877 -1 0
5 3877 391814 -1
5 15555 -1 0
5 15555 360028 -1
5 16145 4769493 112114
5 16145 113027 -1
5 3877 -1 0
5 3877 391814 -1
5 15555 -1 0
5 15555 360028 -1
39
1 10783 -1 0
1 10783 30248 -1
1 11387 -1 0
1 11387 1129338 -1
1 10783 -1 0
1 10783 30248 -1
1 11387 -1 0
1 11387 1129338 -1
1 10783 -1 0
1 10783 30248 -1
1 11387 -1 0
1 11387 1129338 -1
1 10783 -1 0
1 10783 30248 -1
1 11387 -1 0
1 11387 1129338 -1
2 16390 -1 0
2 16390 21331 -1
2 7130 -1 0
2 7130 724 -1
2 16390 -1 0
2 16390 21331 -1
2 7130 -1 0
2 7130 724 -1
2 16390 -1 0
2 16390 21331 -1
2 7130 -1 0
2 7130 724 -1
2 16390 -1 0
2 16390 21331 -1
2 7130 -1 0
2 7130 724 -1
4 11930 -1 0
4 11930 464209 -1
4 7504 -1 0
4 7504 308563 -1
4 8990 -1 0
4 8990 546495 -1
4 11930 -1 0
4 11930 464209 -1
4 7504 -1 0
4 7504 308563 -1
4 8990 -1 0
4 8990 546495 -1
4 11930 -1 0
4 11930 464209 -1
4 7504 -1 0
4 7504 308563 -1
4 8990 -1 0
4 8990 546495 -1
4 11930 -1 0
4 11930 464209 -1
4 7504 -1 0
4 7504 308563 -1
4 8990 -1 0
4 8990 546495 -1
5 3877 -1 0
5 3877 627369 -1
5 3877 -1 0
5 3877 627369 -1
5 3877 -1 0
5 3877 627369 -1
5 3877 -1 0
5 3877 627369 -1
6 16145 -1 0
6 16145 151933 -1
6 8694 6536520 1010095
6 8694 144555 -1
6 16145 -1 0
6 16145 151933 -1
6 8694 6536520 1010095
6 8694 144555 -1
6 16145 -1 0
6 16145 151933 -1
6 8694 6536520 1010095
6 8694 144555 -1
6 16145 -1 0
6 16145 151933 -1
6 8694 6536520 1010095
6 8694 144555 -1
40
1 11387 -1 0
1 11387 487264 -1
1 11387 -1 0
1 11387 487264 -1
1 11387 -1 0
1 11387 487264 -1
1 11387 -1 0
1 11387 487264 -1
2 6962 1787978 685393
2 6962 51258 -1
2 7130 -1 0
2 7130 465452 -1
2 6962 1787978 685393
2 6962 51258 -1
2 7130 -1 0
2 7130 465452 -1
2 6962 1787978 685393
2 6962 51258 -1
2 7130 -1 0
2 7130 465452 -1
2 6962 1787978 685393
2 6962 51258 -1
2 7130 -1 0
2 7130 465452 -1
3 1073 3658150 982001
3 1073 458118 -1
3 1073 3658150 982001
3 1073 458118 -1
3 1073 3658150 982001
3 1073 458118 -1
3 1073 3658150 982001
3 1073 458118 -1
4 11930 -1 0
4 11930 32333 -1
4 7504 -1 0
4 7504 533653 -1
4 8990 -1 0
4 8990 369844 -1
4 11930 -1 0
4 11930 32333 -1
4 7504 -1 0
4 7504 533653 -1
4 8990 -1 0
4 8990 369844 -1
4 11930 -1 0
4 11930 32333 -1
4 7504 -1 0
4 7504 533653 -1
4 8990 -1 0
4 8990 369844 -1
4 11930 -1 0
4 11930 32333 -1
4 7504 -1 0
4 7504 533653 -1
4 8990 -1 0
4 8990 369844 -1
6 16145 -1 0
6 16145 865515 -1
6 8694 -1 0
6 8694 159239 -1
6 16145 -1 0
6 16145 865515 -1
6 8694 -1 0
6 8694 159239 -1
6 16145 -1 0
6 16145 865515 -1
6 8694 -1 0
6 8694 159239 -1
6 16145 -1 0
6 16145 865515 -1
6 8694 -1 0
6 8694 159239 -1
41
1 11387 -1 0
1 11387 489123 -1
1 1827 772854 772854
1 1827 351242 -1
1 11387 -1 0
1 11387 489123 -1
1 1827 772854 772854
1 1827 351242 -1
1 11387 -1 0
1 11387 489123 -1
1 1827 772854 772854
1 1827 351242 -1
1 11387 -1 0
1 11387 489123 -1
1 1827 772854 772854
1 1827 351242 -1
2 6962 -1 0
2 6962 54389 -1
2 6962 -1 0
2 6962 54389 -1
2 6962 -1 0
2 6962 54389 -1
2 6962 -1 0
2 6962 54389 -1
3 1073 -1 0
3 1073 1775594 -1
3 1073 -1 0
3 1073 1775594 -1
3 1073 -1 0
3 1073 1775594 -1
3 1073 -1 0
3 1073 1775594 -1
4 11930 -1 0
4 11930 36673 -1
4 7504 -1 0
4 7504 560866 -1
4 10423 5646497 1068912
4 10423 1069854 -1
4 11930 -1 0
4 11930 36673 -1
4 7504 -1 0
4 7504 560866 -1
4 10423 5646497 1068912
4 10423 1069854 -1
4 11930 -1 0
4 11930 36673 -1
4 7504 -1 0
4 7504 560866 -1
4 10423 5646497 1068912
4 10423 1069854 -1
4 11930 -1 0
4 11930 36673 -1
4 7504 -1 0
4 7504 560866 -1
4 10423 5646497 1068912
4 10423 1069854 -1
5 16145 -1 0
5 16145 102057 -1
5 16145 -1 0
5 16145 102057 -1
5 16145 -1 0
5 16145 102057 -1
5 16145 -1 0
5 16145 102057 -1
6 8694 -1 0
6 8694 1042276 -1
6 8694 -1 0
6 8694 1042276 -1
6 8694 -1 0
6 8694 1042276 -1
6 8694 -1 0
6 8694 1042276 -1
42
1 1827 -1 0
1 1827 750217 -1
1 1827 -1 0
1 1827 750217 -1
1 1827 -1 0
1 1827 750217 -1
1 1827 -1 0
1 1827 750217 -1
2 6962 -1 0
2 6962 52176 -1
2 6962 -1 0
2 6962 52176 -1
2 6962 -1 0
2 6962 52176 -1
2 6962 -1 0
2 6962 52176 -1
3 1073 -1 0
3 1073 730583 -1
3 12646 3417093 545610
3 12646 545610 -1
3 15452 4173014 1303238
3 15452 653656 -1
3 4592 3232895 354754
3 4592 354294 -1
3 1073 -1 0
3 1073 730583 -1
3 12646 3417093 545610
3 12646 545610 -1
3 15452 4173014 1303238
3 15452 653656 -1
3 4592 3232895 354754
3 4592 354294 -1
3 1073 -1 0
3 1073 730583 -1
3 12646 3417093 545610
3 12646 545610 -1
3 15452 4173014 1303238
3 15452 653656 -1
3 4592 3232895 354754
3 4592 354294 -1
3 1073 -1 0
3 1073 730583 -1
3 12646 3417093 545610
3 12646 545610 -1
3 15452 4173014 1303238
3 15452 653656 -1
3 4592 3232895 354754
3 4592 354294 -1
4 14108 4247763 56404
4 14108 57085 -1
4 10423 -1 0
4 10423 1472811 -1
4 14108 4247763 56404
4 14108 57085 -1
4 10423 -1 0
4 10423 1472811 -1
4 14108 4247763 56404
4 14108 57085 -1
4 10423 -1 0
4 10423 1472811 -1
4 14108 4247763 56404
4 14108 57085 -1
4 10423 -1 0
4 10423 1472811 -1
6 8391 7159132 528911
6 8391 352415 -1
6 8694 -1 0
6 8694 161543 -1
6 8391 7159132 528911
6 8391 352415 -1
6 8694 -1 0
6 8694 161543 -1
6 8391 7159132 528911
6 8391 352415 -1
6 8694 -1 0
6 8694 161543 -1
6 8391 7159132 528911
6 8391 352415 -1
6 8694 -1 0
6 8694 161543 -1
43
1 1827 -1 0
1 1827 334154 -1
1 1827 -1 0
1 1827 334154 -1
1 1827 -1 0
1 1827 334154 -1
1 1827 -1 0
1 1827 334154 -1
2 6962 -1 0
2 6962 1377192 -1
2 8079 1650287 330297
2 8079 927502 -1
2 987 1325104 592
2 987 591 -1
2 6962 -1 0
2 6962 1377192 -1
2 8079 1650287 330297
2 8079 927502 -1
2 987 1325104 592
2 987 591 -1
2 6962 -1 0
2 6962 1377192 -1
2 8079 1650287 330297
2 8079 927502 -1
2 987 1325104 592
2 987 591 -1
2 6962 -1 0
2 6962 1377192 -1
2 8079 1650287 330297
2 8079 927502 -1
2 987 1325104 592
2 987 591 -1
3 1073 -1 0
3 1073 277823 -1
3 12646 -1 0
3 12646 119548 -1
3 15452 -1 0
3 15452 648748 -1
3 4592 -1 0
3 4592 317799 -1
3 1073 -1 0
3 1073 277823 -1
3 12646 -1 0
3 12646 119548 -1
3 15452 -1 0
3 15452 648748 -1
3 4592 -1 0
3 4592 317799 -1
3 1073 -1 0
3 1073 277823 -1
3 12646 -1 0
3 12646 119548 -1
3 15452 -1 0
3 15452 648748 -1
3 4592 -1 0
3 4592 317799 -1
3 1073 -1 0
3 1073 277823 -1
3 12646 -1 0
3 12646 119548 -1
3 15452 -1 0
3 15452 648748 -1
3 4592 -1 0
3 4592 317799 -1
4 14108 -1 0
4 14108 483780 -1
4 10423 -1 0
4 10423 1293800 -1
4 15334 5050241 1073043
4 15334 189975 -1
4 14108 -1 0
4 14108 483780 -1
4 10423 -1 0
4 10423 1293800 -1
4 15334 5050241 1073043
4 15334 189975 -1
4 14108 -1 0
4 14108 483780 -1
4 10423 -1 0
4 10423 1293800 -1
4 15334 5050241 1073043
4 15334 189975 -1
4 14108 -1 0
4 14108 483780 -1
4 10423 -1 0
4 10423 1293800 -1
4 15334 5050241 1073043
4 15334 189975 -1
6 8391 -1 0
6 8391 322250 -1
6 8391 -1 0
6 8391 322250 -1
6 8391 -1 0
6 8391 322250 -1
6 8391 -1 0
6 8391 322250 -1
44
1 1827 -1 0
1 1827 346530 -1
1 1827 -1 0
1 1827 346530 -1
1 1827 -1 0
1 1827 346530 -1
1 1827 -1 0
1 1827 346530 -1
2 8079 -1 0
2 8079 762738 -1
2 987 -1 0
2 987 387 -1
2 8079 -1 0
2 8079 762738 -1
2 987 -1 0
2 987 387 -1
2 8079 -1 0
2 8079 762738 -1
2 987 -1 0
2 987 387 -1
2 8079 -1 0
2 8079 762738 -1
2 987 -1 0
2 987 387 -1
3 12646 -1 0
3 12646 124935 -1
3 15452 -1 0
3 15452 654841 -1
3 4592 -1 0
3 4592 353987 -1
3 12646 -1 0
3 12646 124935 -1
3 15452 -1 0
3 15452 654841 -1
3 4592 -1 0
3 4592 353987 -1
3 12646 -1 0
3 12646 124935 -1
3 15452 -1 0
3 15452 654841 -1
3 4592 -1 0
3 4592 353987 -1
3 12646 -1 0
3 12646 124935 -1
3 15452 -1 0
3 15452 654841 -1
3 4592 -1 0
3 4592 353987 -1
4 14108 -1 0
4 14108 229811 -1
4 10423 -1 0
4 10423 1477323 -1
4 15334 -1 0
4 15334 402059 -1
4 14108 -1 0
4 14108 229811 -1
4 10423 -1 0
4 10423 1477323 -1
4 15334 -1 0
4 15334 402059 -1
4 14108 -1 0
4 14108 229811 -1
4 10423 -1 0
4 10423 1477323 -1
4 15334 -1 0
4 15334 402059 -1
4 14108 -1 0
4 14108 229811 -1
4 10423 -1 0
4 10423 1477323 -1
4 15334 -1 0
4 15334 402059 -1
6 8391 -1 0
6 8391 111170 -1
6 8391 -1 0
6 8391 111170 -1
6 8391 -1 0
6 8391 111170 -1
6 8391 -1 0
6 8391 111170 -1
45
1 172 252320 252320
1 172 736256 -1
1 172 252320 252320
1 172 736256 -1
1 172 252320 252320
1 172 736256 -1
1 172 252320 252320
1 172 736256 -1
2 12513 2049976 507205
2 12513 506624 -1
2 8079 -1 0
2 8079 563622 -1
2 987 -1 0
2 987 247584 -1
2 12513 2049976 507205
2 12513 506624 -1
2 8079 -1 0
2 8079 563622 -1
2 987 -1 0
2 987 247584 -1
2 12513 2049976 507205
2 12513 506624 -1
2 8079 -1 0
2 8079 563622 -1
2 987 -1 0
2 987 247584 -1
2 12513 2049976 507205
2 12513 506624 -1
2 8079 -1 0
2 8079 563622 -1
2 987 -1 0
2 987 247584 -1
3 12646 -1 0
3 12646 122595 -1
3 15452 -1 0
3 15452 868729 -1
3 14992 3755294 444014
3 14992 1106210 -1
3 12646 -1 0
3 12646 122595 -1
3 15452 -1 0
3 15452 868729 -1
3 14992 3755294 444014
3 14992 1106210 -1
3 12646 -1 0
3 12646 122595 -1
3 15452 -1 0
3 15452 868729 -1
3 14992 3755294 444014
3 14992 1106210 -1
3 12646 -1 0
3 12646 122595 -1
3 15452 -1 0
3 15452 868729 -1
3 14992 3755294 444014
3 14992 1106210 -1
4 14108 -1 0
4 14108 246836 -1
4 15334 -1 0
4 15334 389789 -1
4 14108 -1 0
4 14108 246836 -1
4 15334 -1 0
4 15334 389789 -1
4 14108 -1 0
4 14108 246836 -1
4 15334 -1 0
4 15334 389789 -1
4 14108 -1 0
4 14108 246836 -1
4 15334 -1 0
4 15334 389789 -1
5 4592 -1 0
5 4592 1166529 -1
5 4592 -1 0
5 4592 1166529 -1
5 4592 -1 0
5 4592 1166529 -1
5 4592 -1 0
5 4592 1166529 -1
6 8391 -1 0
6 8391 359973 -1
6 8391 -1 0
6 8391 359973 -1
6 8391 -1 0
6 8391 359973 -1
6 8391 -1 0
6 8391 359973 -1
46
1 14614 488978 488978
1 14614 1002242 -1
1 172 -1 0
1 172 263785 -1
1 14614 488978 488978
1 14614 1002242 -1
1 172 -1 0
1 172 263785 -1
1 14614 488978 488978
1 14614 1002242 -1
1 172 -1 0
1 172 263785 -1
1 14614 488978 488978
1 14614 1002242 -1
1 172 -1 0
1 172 263785 -1
2 12513 -1 0
2 12513 82947 -1
2 8079 -1 0
2 8079 93851 -1
2 987 -1 0
2 987 235871 -1
2 12513 -1 0
2 12513 82947 -1
2 8079 -1 0
2 8079 93851 -1
2 987 -1 0
2 987 235871 -1
2 12513 -1 0
2 12513 82947 -1
2 8079 -1 0
2 8079 93851 -1
2 987 -1 0
2 987 235871 -1
2 12513 -1 0
2 12513 82947 -1
2 8079 -1 0
2 8079 93851 -1
2 987 -1 0
2 987 235871 -1
3 14992 -1 0
3 14992 1869 -1
3 14992 -1 0
3 14992 1869 -1
3 14992 -1 0
3 14992 1869 -1
3 14992 -1 0
3 14992 1869 -1
4 15334 -1 0
4 15334 427333 -1
4 15334 -1 0
4 15334 427333 -1
4 15334 -1 0
4 15334 427333 -1
4 15334 -1 0
4 15334 427333 -1
47
1 14614 -1 0
1 14614 480582 -1
1 172 -1 0
1 172 262277 -1
1 14614 -1 0
1 14614 480582 -1
1 172 -1 0
1 172 262277 -1
1 14614 -1 0
1 14614 480582 -1
1 172 -1 0
1 172 262277 -1
1 14614 -1 0
1 14614 480582 -1
1 172 -1 0
1 172 262277 -1
2 12513 -1 0
2 12513 503569 -1
2 12513 -1 0
2 12513 503569 -1
2 12513 -1 0
2 12513 503569 -1
2 12513 -1 0
2 12513 503569 -1
3 14992 -1 0
3 14992 1405 -1
3 14992 -1 0
3 14992 1405 -1
3 14992 -1 0
3 14992 1405 -1
3 14992 -1 0
3 14992 1405 -1
6 15422 5905053 412836
6 15422 865146 -1
6 398 5315003 18106
6 398 236749 -1
6 15422 5905053 412836
6 15422 865146 -1
6 398 5315003 18106
6 398 236749 -1
6 15422 5905053 412836
6 15422 865146 -1
6 398 5315003 18106
6 398 236749 -1
6 15422 5905053 412836
6 15422 865146 -1
6 398 5315003 18106
6 398 236749 -1
48
1 14614 -1 0
1 14614 256289 -1
1 172 -1 0
1 172 58878 -1
1 14614 -1 0
1 14614 256289 -1
1 172 -1 0
1 172 58878 -1
1 14614 -1 0
1 14614 256289 -1
1 172 -1 0
1 172 58878 -1
1 14614 -1 0
1 14614 256289 -1
1 172 -1 0
1 172 58878 -1
2 12513 -1 0
2 12513 248014 -1
2 12513 -1 0
2 12513 248014 -1
2 12513 -1 0
2 12513 248014 -1
2 12513 -1 0
2 12513 248014 -1
3 6303 2705339 497819
3 6303 518221 -1
3 9684 3723274 1298155
3 9684 1298151 -1
3 14992 -1 0
3 14992 462982 -1
3 6303 2705339 497819
3 6303 518221 -1
3 9684 3723274 1298155
3 9684 1298151 -1
3 14992 -1 0
3 14992 462982 -1
3 6303 2705339 497819
3 6303 518221 -1
3 9684 3723274 1298155
3 9684 1298151 -1
3 14992 -1 0
3 14992 462982 -1
3 6303 2705339 497819
3 6303 518221 -1
3 9684 3723274 1298155
3 9684 1298151 -1
3 14992 -1 0
3 14992 462982 -1
6 15422 -1 0
6 15422 424768 -1
6 398 -1 0
6 398 471888 -1
6 15422 -1 0
6 15422 424768 -1
6 398 -1 0
6 398 471888 -1
6 15422 -1 0
6 15422 424768 -1
6 398 -1 0
6 398 471888 -1
6 15422 -1 0
6 15422 424768 -1
6 398 -1 0
6 398 471888 -1
49
1 14614 -1 0
1 14614 1173111 -1
1 14614 -1 0
1 14614 1173111 -1
1 14614 -1 0
1 14614 1173111 -1
1 14614 -1 0
1 14614 1173111 -1
3 6303 -1 0
3 6303 913730 -1
3 9684 -1 0
3 9684 859164 -1
3 6303 -1 0
3 6303 913730 -1
3 9684 -1 0
3 9684 859164 -1
3 6303 -1 0
3 6303 913730 -1
3 9684 -1 0
3 9684 859164 -1
3 6303 -1 0
3 6303 913730 -1
3 9684 -1 0
3 9684 859164 -1
5 10238 6553449 372393
5 10238 849981 -1
5 10238 6553449 372393
5 10238 849981 -1
5 10238 6553449 372393
5 10238 849981 -1
5 10238 6553449 372393
5 10238 849981 -1
6 15422 -1 0
6 15422 411773 -1
6 398 -1 0
6 398 462388 -1
6 15422 -1 0
6 15422 411773 -1
6 398 -1 0
6 398 462388 -1
6 15422 -1 0
6 15422 411773 -1
6 398 -1 0
6 398 462388 -1
6 15422 -1 0
6 15422 411773 -1
6 398 -1 0
6 398 462388 -1
50
3 6303 -1 0
3 6303 47208 -1
3 9684 -1 0
3 9684 192660 -1
3 6303 -1 0
3 6303 47208 -1
3 9684 -1 0
3 9684 192660 -1
3 6303 -1 0
3 6303 47208 -1
3 9684 -1 0
3 9684 192660 -1
3 6303 -1 0
3 6303 47208 -1
3 9684 -1 0
3 9684 192660 -1
4 1208 3479762 164149
4 1208 164076 -1
4 12135 4158155 856489
4 12135 645272 -1
4 1208 3479762 164149
4 1208 164076 -1
4 12135 4158155 856489
4 12135 645272 -1
4 1208 3479762 164149
4 1208 164076 -1
4 12135 4158155 856489
4 12135 645272 -1
4 1208 3479762 164149
4 1208 164076 -1
4 12135 4158155 856489
4 12135 645272 -1
5 10238 -1 0
5 10238 402279 -1
5 10238 -1 0
5 10238 402279 -1
5 10238 -1 0
5 10238 402279 -1
5 10238 -1 0
5 10238 402279 -1
6 15422 -1 0
6 15422 418515 -1
6 398 -1 0
6 398 238620 -1
6 15422 -1 0
6 15422 418515 -1
6 398 -1 0
6 398 238620 -1
6 15422 -1 0
6 15422 418515 -1
6 398 -1 0
6 398 238620 -1
6 15422 -1 0
6 15422 418515 -1
6 398 -1 0
6 398 238620 -1
51
3 6303 -1 0
3 6303 466308 -1
3 9684 -1 0
3 9684 192694 -1
3 6303 -1 0
3 6303 466308 -1
3 9684 -1 0
3 9684 192694 -1
3 6303 -1 0
3 6303 466308 -1
3 9684 -1 0
3 9684 192694 -1
3 6303 -1 0
3 6303 466308 -1
3 9684 -1 0
3 9684 192694 -1
4 1208 -1 0
4 1208 165140 -1
4 12135 -1 0
4 12135 415488 -1
4 1208 -1 0
4 1208 165140 -1
4 12135 -1 0
4 12135 415488 -1
4 1208 -1 0
4 1208 165140 -1
4 12135 -1 0
4 12135 415488 -1
4 1208 -1 0
4 1208 165140 -1
4 12135 -1 0
4 12135 415488 -1
5 10238 -1 0
5 10238 188527 -1
5 10238 -1 0
5 10238 188527 -1
5 10238 -1 0
5 10238 188527 -1
5 10238 -1 0
5 10238 188527 -1
52
2 7767 2274554 988272
2 7767 1617394 -1
2 7767 2274554 988272
2 7767 1617394 -1
2 7767 2274554 988272
2 7767 1617394 -1
2 7767 2274554 988272
2 7767 1617394 -1
3 13159 3495832 626056
3 13159 422497 -1
3 5797 3073538 205778
3 5797 656661 -1
3 13159 3495832 626056
3 13159 422497 -1
3 5797 3073538 205778
3 5797 656661 -1
3 13159 3495832 626056
3 13159 422497 -1
3 5797 3073538 205778
3 5797 656661 -1
3 13159 3495832 626056
3 13159 422497 -1
3 5797 3073538 205778
3 5797 656661 -1
4 1208 -1 0
4 1208 182388 -1
4 12135 -1 0
4 12135 628458 -1
4 1208 -1 0
4 1208 182388 -1
4 12135 -1 0
4 12135 628458 -1
4 1208 -1 0
4 1208 182388 -1
4 12135 -1 0
4 12135 628458 -1
4 1208 -1 0
4 1208 182388 -1
4 12135 -1 0
4 12135 628458 -1
5 10238 -1 0
5 10238 409140 -1
5 10238 -1 0
5 10238 409140 -1
5 10238 -1 0
5 10238 409140 -1
5 10238 -1 0
5 10238 409140 -1
6 6739 6529935 125849
6 6739 359443 -1
6 6739 6529935 125849
6 6739 359443 -1
6 6739 6529935 125849
6 6739 359443 -1
6 6739 6529935 125849
6 6739 359443 -1
53
2 7767 -1 0
2 7767 313777 -1
2 7767 -1 0
2 7767 313777 -1
2 7767 -1 0
2 7767 313777 -1
2 7767 -1 0
2 7767 313777 -1
3 5797 -1 0
3 5797 1309964 -1
3 5797 -1 0
3 5797 1309964 -1
3 5797 -1 0
3 5797 1309964 -1
3 5797 -1 0
3 5797 1309964 -1
4 1208 -1 0
4 1208 174649 -1
4 12135 -1 0
4 12135 425021 -1
4 13159 -1 0
4 13159 212346 -1
4 16271 4546432 571959
4 16271 132028 -1
4 5701 4347704 181690
4 5701 574450 -1
4 1208 -1 0
4 1208 174649 -1
4 12135 -1 0
4 12135 425021 -1
4 13159 -1 0
4 13159 212346 -1
4 16271 4546432 571959
4 16271 132028 -1
4 5701 4347704 181690
4 5701 574450 -1
4 1208 -1 0
4 1208 174649 -1
4 12135 -1 0
4 12135 425021 -1
4 13159 -1 0
4 13159 212346 -1
4 16271 4546432 571959
4 16271 132028 -1
4 5701 4347704 181690
4 5701 574450 -1
4 1208 -1 0
4 1208 174649 -1
4 12135 -1 0
4 12135 425021 -1
4 13159 -1 0
4 13159 212346 -1
4 16271 4546432 571959
4 16271 132028 -1
4 5701 4347704 181690
4 5701 574450 -1
6 6739 -1 0
6 6739 332966 -1
6 6739 -1 0
6 6739 332966 -1
6 6739 -1 0
6 6739 332966 -1
6 6739 -1 0
6 6739 332966 -1
54
2 7767 -1 0
2 7767 754470 -1
2 7767 -1 0
2 7767 754470 -1
2 7767 -1 0
2 7767 754470 -1
2 7767 -1 0
2 7767 754470 -1
3 5797 -1 0
3 5797 434834 -1
3 5797 -1 0
3 5797 434834 -1
3 5797 -1 0
3 5797 434834 -1
3 5797 -1 0
3 5797 434834 -1
4 13159 -1 0
4 13159 211369 -1
4 16271 -1 0
4 16271 154524 -1
4 5701 -1 0
4 5701 593231 -1
4 13159 -1 0
4 13159 211369 -1
4 16271 -1 0
4 16271 154524 -1
4 5701 -1 0
4 5701 593231 -1
4 13159 -1 0
4 13159 211369 -1
4 16271 -1 0
4 16271 154524 -1
4 5701 -1 0
4 5701 593231 -1
4 13159 -1 0
4 13159 211369 -1
4 16271 -1 0
4 16271 154524 -1
4 5701 -1 0
4 5701 593231 -1
6 6739 -1 0
6 6739 342171 -1
6 6739 -1 0
6 6739 342171 -1
6 6739 -1 0
6 6739 342171 -1
6 6739 -1 0
6 6739 342171 -1
55
2 7767 -1 0
2 7767 282512 -1
2 7767 -1 0
2 7767 282512 -1
2 7767 -1 0
2 7767 282512 -1
2 7767 -1 0
2 7767 282512 -1
3 5797 -1 0
3 5797 429429 -1
3 9845 3553092 1124820
3 9845 60789 -1
3 5797 -1 0
3 5797 429429 -1
3 9845 3553092 1124820
3 9845 60789 -1
3 5797 -1 0
3 5797 429429 -1
3 9845 3553092 1124820
3 9845 60789 -1
3 5797 -1 0
3 5797 429429 -1
3 9845 3553092 1124820
3 9845 60789 -1
4 13159 -1 0
4 13159 636514 -1
4 16271 -1 0
4 16271 149910 -1
4 5701 -1 0
4 5701 153635 -1
4 13159 -1 0
4 13159 636514 -1
4 16271 -1 0
4 16271 149910 -1
4 5701 -1 0
4 5701 153635 -1
4 13159 -1 0
4 13159 636514 -1
4 16271 -1 0
4 16271 149910 -1
4 5701 -1 0
4 5701 153635 -1
4 13159 -1 0
4 13159 636514 -1
4 16271 -1 0
4 16271 149910 -1
4 5701 -1 0
4 5701 153635 -1
6 6739 -1 0
6 6739 125498 -1
6 6739 -1 0
6 6739 125498 -1
6 6739 -1 0
6 6739 125498 -1
6 6739 -1 0
6 6739 125498 -1
56
3 9845 -1 0
3 9845 48642 -1
3 9845 -1 0
3 9845 48642 -1
3 9845 -1 0
3 9845 48642 -1
3 9845 -1 0
3 9845 48642 -1
4 3103 4135156 154212
4 3103 155054 -1
4 4536 3993984 21933
4 4536 22379 -1
4 16271 -1 0
4 16271 159446 -1
4 5701 -1 0
4 5701 163629 -1
4 3103 4135156 154212
4 3103 155054 -1
4 4536 3993984 21933
4 4536 22379 -1
4 16271 -1 0
4 16271 159446 -1
4 5701 -1 0
4 5701 163629 -1
4 3103 4135156 154212
4 3103 155054 -1
4 4536 3993984 21933
4 4536 22379 -1
4 16271 -1 0
4 16271 159446 -1
4 5701 -1 0
4 5701 163629 -1
4 3103 4135156 154212
4 3103 155054 -1
4 4536 3993984 21933
4 4536 22379 -1
4 16271 -1 0
4 16271 159446 -1
4 5701 -1 0
4 5701 163629 -1
57
2 6526 2053335 748330
2 6526 770955 -1
2 6526 2053335 748330
2 6526 770955 -1
2 6526 2053335 748330
2 6526 770955 -1
2 6526 2053335 748330
2 6526 770955 -1
3 2448 2714275 65251
3 2448 43484 -1
3 9845 -1 0
3 9845 47533 -1
3 2448 2714275 65251
3 2448 43484 -1
3 9845 -1 0
3 9845 47533 -1
3 2448 2714275 65251
3 2448 43484 -1
3 9845 -1 0
3 9845 47533 -1
3 2448 2714275 65251
3 2448 43484 -1
3 9845 -1 0
3 9845 47533 -1
4 3103 -1 0
4 3103 561832 -1
4 4536 -1 0
4 4536 660525 -1
4 3103 -1 0
4 3103 561832 -1
4 4536 -1 0
4 4536 660525 -1
4 3103 -1 0
4 3103 561832 -1
4 4536 -1 0
4 4536 660525 -1
4 3103 -1 0
4 3103 561832 -1
4 4536 -1 0
4 4536 660525 -1
6 12744 6321030 363958
6 12744 149100 -1
6 12744 6321030 363958
6 12744 149100 -1
6 12744 6321030 363958
6 12744 149100 -1
6 12744 6321030 363958
6 12744 149100 -1
58
1 3012 36684 36684
1 3012 36629 -1
1 3012 36684 36684
1 3012 36629 -1
1 3012 36684 36684
1 3012 36629 -1
1 3012 36684 36684
1 3012 36629 -1
2 8748 1178621 71186
2 8748 484120 -1
2 6526 -1 0
2 6526 85138 -1
2 8748 1178621 71186
2 8748 484120 -1
2 6526 -1 0
2 6526 85138 -1
2 8748 1178621 71186
2 8748 484120 -1
2 6526 -1 0
2 6526 85138 -1
2 8748 1178621 71186
2 8748 484120 -1
2 6526 -1 0
2 6526 85138 -1
3 2448 -1 0
3 2448 50911 -1
3 9845 -1 0
3 9845 36766 -1
3 2448 -1 0
3 2448 50911 -1
3 9845 -1 0
3 9845 36766 -1
3 2448 -1 0
3 2448 50911 -1
3 9845 -1 0
3 9845 36766 -1
3 2448 -1 0
3 2448 50911 -1
3 9845 -1 0
3 9845 36766 -1
4 3103 -1 0
4 3103 164121 -1
4 4536 -1 0
4 4536 14783 -1
4 8028 3963999 652694
4 8028 438903 -1
4 3103 -1 0
4 3103 164121 -1
4 4536 -1 0
4 4536 14783 -1
4 8028 3963999 652694
4 8028 438903 -1
4 3103 -1 0
4 3103 164121 -1
4 4536 -1 0
4 4536 14783 -1
4 8028 3963999 652694
4 8028 438903 -1
4 3103 -1 0
4 3103 164121 -1
4 4536 -1 0
4 4536 14783 -1
4 8028 3963999 652694
4 8028 438903 -1
5 4694 5146183 951895
5 4694 51640 -1
5 4694 5146183 951895
5 4694 51640 -1
5 4694 5146183 951895
5 4694 51640 -1
5 4694 5146183 951895
5 4694 51640 -1
6 12579 5492986 128949
6 12579 128949 -1
6 12744 -1 0
6 12744 389508 -1
6 12579 5492986 128949
6 12579 128949 -1
6 12744 -1 0
6 12744 389508 -1
6 12579 5492986 128949
6 12579 128949 -1
6 12744 -1 0
6 12744 389508 -1
6 12579 5492986 128949
6 12579 128949 -1
6 12744 -1 0
6 12744 389508 -1
59
1 3012 -1 0
1 3012 930744 -1
1 3770 494326 494326
1 3770 1056812 -1
1 6095 70471 70471
1 6095 70130 -1
1 3012 -1 0
1 3012 930744 -1
1 3770 494326 494326
1 3770 1056812 -1
1 6095 70471 70471
1 6095 70130 -1
1 3012 -1 0
1 3012 930744 -1
1 3770 494326 494326
1 3770 1056812 -1
1 6095 70471 70471
1 6095 70130 -1
1 3012 -1 0
1 3012 930744 -1
1 3770 494326 494326
1 3770 1056812 -1
1 6095 70471 70471
1 6095 70130 -1
2 8748 -1 0
2 8748 1020512 -1
2 6526 -1 0
2 6526 292239 -1
2 8748 -1 0
2 8748 1020512 -1
2 6526 -1 0
2 6526 292239 -1
2 8748 -1 0
2 8748 1020512 -1
2 6526 -1 0
2 6526 292239 -1
2 8748 -1 0
2 8748 1020512 -1
2 6526 -1 0
2 6526 292239 -1
3 2448 -1 0
3 2448 281872 -1
3 2448 -1 0
3 2448 281872 -1
3 2448 -1 0
3 2448 281872 -1
3 2448 -1 0
3 2448 281872 -1
4 3103 -1 0
4 3103 162798 -1
4 4536 -1 0
4 4536 237034 -1
4 8028 -1 0
4 8028 1099121 -1
4 15779 3486209 171595
4 15779 171593 -1
4 3103 -1 0
4 3103 162798 -1
4 4536 -1 0
4 4536 237034 -1
4 8028 -1 0
4 8028 1099121 -1
4 15779 3486209 171595
4 15779 171593 -1
4 3103 -1 0
4 3103 162798 -1
4 4536 -1 0
4 4536 237034 -1
4 8028 -1 0
4 8028 1099121 -1
4 15779 3486209 171595
4 15779 171593 -1
4 3103 -1 0
4 3103 162798 -1
4 4536 -1 0
4 4536 237034 -1
4 8028 -1 0
4 8028 1099121 -1
4 15779 3486209 171595
4 15779 171593 -1
5 4694 -1 0
5 4694 40630 -1
5 4694 -1 0
5 4694 40630 -1
5 4694 -1 0
5 4694 40630 -1
5 4694 -1 0
5 4694 40630 -1
6 12579 -1 0
6 12579 377346 -1
6 12744 -1 0
6 12744 188101 -1
6 9851 5102001 26398
6 9851 919682 -1
6 12579 -1 0
6 12579 377346 -1
6 12744 -1 0
6 12744 188101 -1
6 9851 5102001 26398
6 9851 919682 -1
6 12579 -1 0
6 12579 377346 -1
6 12744 -1 0
6 12744 188101 -1
6 9851 5102001 26398
6 9851 919682 -1
6 12579 -1 0
6 12579 377346 -1
6 12744 -1 0
6 12744 188101 -1
6 9851 5102001 26398
6 9851 919682 -1
60
1 15832 15967 15967
1 15832 661890 -1
1 3012 -1 0
1 3012 34608 -1
1 3770 -1 0
1 3770 519620 -1
1 6095 -1 0
1 6095 261065 -1
1 15832 15967 15967
1 15832 661890 -1
1 3012 -1 0
1 3012 34608 -1
1 3770 -1 0
1 3770 519620 -1
1 6095 -1 0
1 6095 261065 -1
1 15832 15967 15967
1 15832 661890 -1
1 3012 -1 0
1 3012 34608 -1
1 3770 -1 0
1 3770 519620 -1
1 6095 -1 0
1 6095 261065 -1
1 15832 15967 15967
1 15832 661890 -1
1 3012 -1 0
1 3012 34608 -1
1 3770 -1 0
1 3770 519620 -1
1 6095 -1 0
1 6095 261065 -1
2 8748 -1 0
2 8748 495560 -1
2 6526 -1 0
2 6526 508811 -1
2 8748 -1 0
2 8748 495560 -1
2 6526 -1 0
2 6526 508811 -1
2 8748 -1 0
2 8748 495560 -1
2 6526 -1 0
2 6526 508811 -1
2 8748 -1 0
2 8748 495560 -1
2 6526 -1 0
2 6526 508811 -1
3 2448 -1 0
3 2448 469490 -1
3 2448 -1 0
3 2448 469490 -1
3 2448 -1 0
3 2448 469490 -1
3 2448 -1 0
3 2448 469490 -1
4 8028 -1 0
4 8028 652323 -1
4 15779 -1 0
4 15779 374241 -1
4 8028 -1 0
4 8028 652323 -1
4 15779 -1 0
4 15779 374241 -1
4 8028 -1 0
4 8028 652323 -1
4 15779 -1 0
4 15779 374241 -1
4 8028 -1 0
4 8028 652323 -1
4 15779 -1 0
4 15779 374241 -1
5 14268 5288784 1073523
5 14268 428833 -1
5 4694 -1 0
5 4694 34666 -1
5 14268 5288784 1073523
5 14268 428833 -1
5 4694 -1 0
5 4694 34666 -1
5 14268 5288784 1073523
5 14268 428833 -1
5 4694 -1 0
5 4694 34666 -1
5 14268 5288784 1073523
5 14268 428833 -1
5 4694 -1 0
5 4694 34666 -1
6 12579 -1 0
6 12579 329957 -1
6 12744 -1 0
6 12744 130394 -1
6 9851 -1 0
6 9851 657603 -1
6 12579 -1 0
6 12579 329957 -1
6 12744 -1 0
6 12744 130394 -1
6 9851 -1 0
6 9851 657603 -1
6 12579 -1 0
6 12579 329957 -1
6 12744 -1 0
6 12744 130394 -1
6 9851 -1 0
6 9851 657603 -1
6 12579 -1 0
6 12579 329957 -1
6 12744 -1 0
6 12744 130394 -1
6 9851 -1 0
6 9851 657603 -1
61
1 15832 -1 0
1 15832 234966 -1
1 3012 -1 0
1 3012 35185 -1
1 3770 -1 0
1 3770 531146 -1
1 6095 -1 0
1 6095 256455 -1
1 15832 -1 0
1 15832 234966 -1
1 3012 -1 0
1 3012 35185 -1
1 3770 -1 0
1 3770 531146 -1
1 6095 -1 0
1 6095 256455 -1
1 15832 -1 0
1 15832 234966 -1
1 3012 -1 0
1 3012 35185 -1
1 3770 -1 0
1 3770 531146 -1
1 6095 -1 0
1 6095 256455 -1
1 15832 -1 0
1 15832 234966 -1
1 3012 -1 0
1 3012 35185 -1
1 3770 -1 0
1 3770 531146 -1
1 6095 -1 0
1 6095 256455 -1
2 8748 -1 0
2 8748 503537 -1
2 8748 -1 0
2 8748 503537 -1
2 8748 -1 0
2 8748 503537 -1
2 8748 -1 0
2 8748 503537 -1
4 8028 -1 0
4 8028 208663 -1
4 15779 -1 0
4 15779 1026003 -1
4 8028 -1 0
4 8028 208663 -1
4 15779 -1 0
4 15779 1026003 -1
4 8028 -1 0
4 8028 208663 -1
4 15779 -1 0
4 15779 1026003 -1
4 8028 -1 0
4 8028 208663 -1
4 15779 -1 0
4 15779 1026003 -1
5 14268 -1 0
5 14268 432121 -1
5 4694 -1 0
5 4694 37351 -1
5 14268 -1 0
5 14268 432121 -1
5 4694 -1 0
5 4694 37351 -1
5 14268 -1 0
5 14268 432121 -1
5 4694 -1 0
5 4694 37351 -1
5 14268 -1 0
5 14268 432121 -1
5 4694 -1 0
5 4694 37351 -1
6 12579 -1 0
6 12579 328925 -1
6 9851 -1 0
6 9851 438448 -1
6 12579 -1 0
6 12579 328925 -1
6 9851 -1 0
6 9851 438448 -1
6 12579 -1 0
6 12579 328925 -1
6 9851 -1 0
6 9851 438448 -1
6 12579 -1 0
6 12579 328925 -1
6 9851 -1 0
6 9851 438448 -1
62
1 15832 -1 0
1 15832 245735 -1
1 4341 1190751 1190751
1 4341 1188982 -1
1 3770 -1 0
1 3770 553479 -1
1 6095 -1 0
1 6095 534724 -1
1 15832 -1 0
1 15832 245735 -1
1 4341 1190751 1190751
1 4341 1188982 -1
1 3770 -1 0
1 3770 553479 -1
1 6095 -1 0
1 6095 534724 -1
1 15832 -1 0
1 15832 245735 -1
1 4341 1190751 1190751
1 4341 1188982 -1
1 3770 -1 0
1 3770 553479 -1
1 6095 -1 0
1 6095 534724 -1
1 15832 -1 0
1 15832 245735 -1
1 4341 1190751 1190751
1 4341 1188982 -1
1 3770 -1 0
1 3770 553479 -1
1 6095 -1 0
1 6095 534724 -1
3 10725 4183758 651726
3 10725 416222 -1
3 5810 3726749 194717
3 5810 854778 -1
3 10725 4183758 651726
3 10725 416222 -1
3 5810 3726749 194717
3 5810 854778 -1
3 10725 4183758 651726
3 10725 416222 -1
3 5810 3726749 194717
3 5810 854778 -1
3 10725 4183758 651726
3 10725 416222 -1
3 5810 3726749 194717
3 5810 854778 -1
4 15779 -1 0
4 15779 581231 -1
4 15779 -1 0
4 15779 581231 -1
4 15779 -1 0
4 15779 581231 -1
4 15779 -1 0
4 15779 581231 -1
5 14268 -1 0
5 14268 430303 -1
5 14268 -1 0
5 14268 430303 -1
5 14268 -1 0
5 14268 430303 -1
5 14268 -1 0
5 14268 430303 -1
6 9851 -1 0
6 9851 439201 -1
6 9851 -1 0
6 9851 439201 -1
6 9851 -1 0
6 9851 439201 -1
6 9851 -1 0
6 9851 439201 -1
63
1 15832 -1 0
1 15832 1354472 -1
1 4341 -1 0
1 4341 1693682 -1
1 15832 -1 0
1 15832 1354472 -1
1 4341 -1 0
1 4341 1693682 -1
1 15832 -1 0
1 15832 1354472 -1
1 4341 -1 0
1 4341 1693682 -1
1 15832 -1 0
1 15832 1354472 -1
1 4341 -1 0
1 4341 1693682 -1
3 10725 -1 0
3 10725 421517 -1
3 5810 -1 0
3 5810 1024846 -1
3 7663 5198019 597845
3 7663 597446 -1
3 10725 -1 0
3 10725 421517 -1
3 5810 -1 0
3 5810 1024846 -1
3 7663 5198019 597845
3 7663 597446 -1
3 10725 -1 0
3 10725 421517 -1
3 5810 -1 0
3 5810 1024846 -1
3 7663 5198019 597845
3 7663 597446 -1
3 10725 -1 0
3 10725 421517 -1
3 5810 -1 0
3 5810 1024846 -1
3 7663 5198019 597845
3 7663 597446 -1
4 15734 7229416 1086764
4 15734 412107 -1
4 15734 7229416 1086764
4 15734 412107 -1
4 15734 7229416 1086764
4 15734 412107 -1
4 15734 7229416 1086764
4 15734 412107 -1
5 14268 -1 0
5 14268 873569 -1
5 14268 -1 0
5 14268 873569 -1
5 14268 -1 0
5 14268 873569 -1
5 14268 -1 0
5 14268 873569 -1
6 13548 9475809 429077
6 13548 646373 -1
6 13548 9475809 429077
6 13548 646373 -1
6 13548 9475809 429077
6 13548 646373 -1
6 13548 9475809 429077
6 13548 646373 -1
64
1 4341 -1 0
1 4341 541313 -1
1 4341 -1 0
1 4341 541313 -1
1 4341 -1 0
1 4341 541313 -1
1 4341 -1 0
1 4341 541313 -1
2 1207 1634884 540119
2 1207 539692 -1
2 8153 1822054 720222
2 8153 523262 -1
2 1207 1634884 540119
2 1207 539692 -1
2 8153 1822054 720222
2 8153 523262 -1
2 1207 1634884 540119
2 1207 539692 -1
2 8153 1822054 720222
2 8153 523262 -1
2 1207 1634884 540119
2 1207 539692 -1
2 8153 1822054 720222
2 8153 523262 -1
3 10725 -1 0
3 10725 427920 -1
3 5810 -1 0
3 5810 406784 -1
3 10725 -1 0
3 10725 427920 -1
3 5810 -1 0
3 5810 406784 -1
3 10725 -1 0
3 10725 427920 -1
3 5810 -1 0
3 5810 406784 -1
3 10725 -1 0
3 10725 427920 -1
3 5810 -1 0
3 5810 406784 -1
4 8864 3374181 252570
4 8864 252405 -1
4 15734 -1 0
4 15734 425959 -1
4 8864 3374181 252570
4 8864 252405 -1
4 15734 -1 0
4 15734 425959 -1
4 8864 3374181 252570
4 8864 252405 -1
4 15734 -1 0
4 15734 425959 -1
4 8864 3374181 252570
4 8864 252405 -1
4 15734 -1 0
4 15734 425959 -1
5 11146 4805165 398587
5 11146 397829 -1
5 7663 -1 0
5 7663 813473 -1
5 11146 4805165 398587
5 11146 397829 -1
5 7663 -1 0
5 7663 813473 -1
5 11146 4805165 398587
5 11146 397829 -1
5 7663 -1 0
5 7663 813473 -1
5 11146 4805165 398587
5 11146 397829 -1
5 7663 -1 0
5 7663 813473 -1
6 13548 -1 0
6 13548 21275 -1
6 13548 -1 0
6 13548 21275 -1
6 13548 -1 0
6 13548 21275 -1
6 13548 -1 0
6 13548 21275 -1
65
1 4341 -1 0
1 4341 553356 -1
1 4341 -1 0
1 4341 553356 -1
1 4341 -1 0
1 4341 553356 -1
1 4341 -1 0
1 4341 553356 -1
2 1207 -1 0
2 1207 345763 -1
2 8153 -1 0
2 8153 343214 -1
2 1207 -1 0
2 1207 345763 -1
2 8153 -1 0
2 8153 343214 -1
2 1207 -1 0
2 1207 345763 -1
2 8153 -1 0
2 8153 343214 -1
2 1207 -1 0
2 1207 345763 -1
2 8153 -1 0
2 8153 343214 -1
3 10725 -1 0
3 10725 425699 -1
3 5810 -1 0
3 5810 188710 -1
3 10725 -1 0
3 10725 425699 -1
3 5810 -1 0
3 5810 188710 -1
3 10725 -1 0
3 10725 425699 -1
3 5810 -1 0
3 5810 188710 -1
3 10725 -1 0
3 10725 425699 -1
3 5810 -1 0
3 5810 188710 -1
4 8864 -1 0
4 8864 50772 -1
4 15734 -1 0
4 15734 409312 -1
4 8864 -1 0
4 8864 50772 -1
4 15734 -1 0
4 15734 409312 -1
4 8864 -1 0
4 8864 50772 -1
4 15734 -1 0
4 15734 409312 -1
4 8864 -1 0
4 8864 50772 -1
4 15734 -1 0
4 15734 409312 -1
5 11146 -1 0
5 11146 418903 -1
5 7663 -1 0
5 7663 384512 -1
5 11146 -1 0
5 11146 418903 -1
5 7663 -1 0
5 7663 384512 -1
5 11146 -1 0
5 11146 418903 -1
5 7663 -1 0
5 7663 384512 -1
5 11146 -1 0
5 11146 418903 -1
5 7663 -1 0
5 7663 384512 -1
6 13548 -1 0
6 13548 667502 -1
6 13548 -1 0
6 13548 667502 -1
6 13548 -1 0
6 13548 667502 -1
6 13548 -1 0
6 13548 667502 -1
66
1 10975 719805 719805
1 10975 85265 -1
1 10975 719805 719805
1 10975 85265 -1
1 10975 719805 719805
1 10975 85265 -1
1 10975 719805 719805
1 10975 85265 -1
2 1207 -1 0
2 1207 526561 -1
2 8153 -1 0
2 8153 263418 -1
2 1207 -1 0
2 1207 526561 -1
2 8153 -1 0
2 8153 263418 -1
2 1207 -1 0
2 1207 526561 -1
2 8153 -1 0
2 8153 263418 -1
2 1207 -1 0
2 1207 526561 -1
2 8153 -1 0
2 8153 263418 -1
3 3787 2457076 249556
3 3787 31251 -1
3 3787 2457076 249556
3 3787 31251 -1
3 3787 2457076 249556
3 3787 31251 -1
3 3787 2457076 249556
3 3787 31251 -1
4 12581 3377358 71018
4 12581 485492 -1
4 8864 -1 0
4 8864 35129 -1
4 15734 -1 0
4 15734 195631 -1
4 12581 3377358 71018
4 12581 485492 -1
4 8864 -1 0
4 8864 35129 -1
4 15734 -1 0
4 15734 195631 -1
4 12581 3377358 71018
4 12581 485492 -1
4 8864 -1 0
4 8864 35129 -1
4 15734 -1 0
4 15734 195631 -1
4 12581 3377358 71018
4 12581 485492 -1
4 8864 -1 0
4 8864 35129 -1
4 15734 -1 0
4 15734 195631 -1
5 11146 -1 0
5 11146 195259 -1
5 7663 -1 0
5 7663 369332 -1
5 11146 -1 0
5 11146 195259 -1
5 7663 -1 0
5 7663 369332 -1
5 11146 -1 0
5 11146 195259 -1
5 7663 -1 0
5 7663 369332 -1
5 11146 -1 0
5 11146 195259 -1
5 7663 -1 0
5 7663 369332 -1
6 13548 -1 0
6 13548 4490 -1
6 13548 -1 0
6 13548 4490 -1
6 13548 -1 0
6 13548 4490 -1
6 13548 -1 0
6 13548 4490 -1
67
1 10975 -1 0
1 10975 494610 -1
1 3320 1103403 1103403
1 3320 15643 -1
1 10975 -1 0
1 10975 494610 -1
1 3320 1103403 1103403
1 3320 15643 -1
1 10975 -1 0
1 10975 494610 -1
1 3320 1103403 1103403
1 3320 15643 -1
1 10975 -1 0
1 10975 494610 -1
1 3320 1103403 1103403
1 3320 15643 -1
2 1207 -1 0
2 1207 288161 -1
2 8153 -1 0
2 8153 494436 -1
2 1207 -1 0
2 1207 288161 -1
2 8153 -1 0
2 8153 494436 -1
2 1207 -1 0
2 1207 288161 -1
2 8153 -1 0
2 8153 494436 -1
2 1207 -1 0
2 1207 288161 -1
2 8153 -1 0
2 8153 494436 -1
3 3787 -1 0
3 3787 13818 -1
3 3787 -1 0
3 3787 13818 -1
3 3787 -1 0
3 3787 13818 -1
3 3787 -1 0
3 3787 13818 -1
4 12581 -1 0
4 12581 52331 -1
4 8864 -1 0
4 8864 18417 -1
4 3962 3315985 2478
4 3962 18267 -1
4 12581 -1 0
4 12581 52331 -1
4 8864 -1 0
4 8864 18417 -1
4 3962 3315985 2478
4 3962 18267 -1
4 12581 -1 0
4 12581 52331 -1
4 8864 -1 0
4 8864 18417 -1
4 3962 3315985 2478
4 3962 18267 -1
4 12581 -1 0
4 12581 52331 -1
4 8864 -1 0
4 8864 18417 -1
4 3962 3315985 2478
4 3962 18267 -1
5 11146 -1 0
5 11146 180101 -1
5 11146 -1 0
5 11146 180101 -1
5 11146 -1 0
5 11146 180101 -1
5 11146 -1 0
5 11146 180101 -1
68
1 10975 -1 0
1 10975 271507 -1
1 3320 -1 0
1 3320 235816 -1
1 10975 -1 0
1 10975 271507 -1
1 3320 -1 0
1 3320 235816 -1
1 10975 -1 0
1 10975 271507 -1
1 3320 -1 0
1 3320 235816 -1
1 10975 -1 0
1 10975 271507 -1
1 3320 -1 0
1 3320 235816 -1
3 10623 2676861 469341
3 10623 469165 -1
3 3787 -1 0
3 3787 33028 -1
3 10623 2676861 469341
3 10623 469165 -1
3 3787 -1 0
3 3787 33028 -1
3 10623 2676861 469341
3 10623 469165 -1
3 3787 -1 0
3 3787 33028 -1
3 10623 2676861 469341
3 10623 469165 -1
3 3787 -1 0
3 3787 33028 -1
4 12581 -1 0
4 12581 76102 -1
4 3962 -1 0
4 3962 240075 -1
4 12581 -1 0
4 12581 76102 -1
4 3962 -1 0
4 3962 240075 -1
4 12581 -1 0
4 12581 76102 -1
4 3962 -1 0
4 3962 240075 -1
4 12581 -1 0
4 12581 76102 -1
4 3962 -1 0
4 3962 240075 -1
69
1 10975 -1 0
1 10975 277663 -1
1 3320 -1 0
1 3320 17586 -1
1 10975 -1 0
1 10975 277663 -1
1 3320 -1 0
1 3320 17586 -1
1 10975 -1 0
1 10975 277663 -1
1 3320 -1 0
1 3320 17586 -1
1 10975 -1 0
1 10975 277663 -1
1 3320 -1 0
1 3320 17586 -1
3 10623 -1 0
3 10623 51078 -1
3 3787 -1 0
3 3787 16438 -1
3 10623 -1 0
3 10623 51078 -1
3 3787 -1 0
3 3787 16438 -1
3 10623 -1 0
3 10623 51078 -1
3 3787 -1 0
3 3787 16438 -1
3 10623 -1 0
3 10623 51078 -1
3 3787 -1 0
3 3787 16438 -1
4 12581 -1 0
4 12581 80978 -1
4 3962 -1 0
4 3962 223480 -1
4 12581 -1 0
4 12581 80978 -1
4 3962 -1 0
4 3962 223480 -1
4 12581 -1 0
4 12581 80978 -1
4 3962 -1 0
4 3962 223480 -1
4 12581 -1 0
4 12581 80978 -1
4 3962 -1 0
4 3962 223480 -1
5 7062 4796039 160247
5 7062 379559 -1
5 7062 4796039 160247
5 7062 379559 -1
5 7062 4796039 160247
5 7062 379559 -1
5 7062 4796039 160247
5 7062 379559 -1
70
1 3320 -1 0
1 3320 902712 -1
1 3320 -1 0
1 3320 902712 -1
1 3320 -1 0
1 3320 902712 -1
1 3320 -1 0
1 3320 902712 -1
3 10623 -1 0
3 10623 31282 -1
3 1760 3075367 647095
3 1760 647095 -1
3 10623 -1 0
3 10623 31282 -1
3 1760 3075367 647095
3 1760 647095 -1
3 10623 -1 0
3 10623 31282 -1
3 1760 3075367 647095
3 1760 647095 -1
3 10623 -1 0
3 10623 31282 -1
3 1760 3075367 647095
3 1760 647095 -1
4 3962 -1 0
4 3962 3148 -1
4 3962 -1 0
4 3962 3148 -1
4 3962 -1 0
4 3962 3148 -1
4 3962 -1 0
4 3962 3148 -1
5 13441 4608322 106389
5 13441 323024 -1
5 7062 -1 0
5 7062 373631 -1
5 13441 4608322 106389
5 13441 323024 -1
5 7062 -1 0
5 7062 373631 -1
5 13441 4608322 106389
5 13441 323024 -1
5 7062 -1 0
5 7062 373631 -1
5 13441 4608322 106389
5 13441 323024 -1
5 7062 -1 0
5 7062 373631 -1
6 10994 5996344 675478
6 10994 465381 -1
6 10994 5996344 675478
6 10994 465381 -1
6 10994 5996344 675478
6 10994 465381 -1
6 10994 5996344 675478
6 10994 465381 -1
71
1 10600 280530 280530
1 10600 733529 -1
1 1507 12652 12652
1 1507 436736 -1
1 10600 280530 280530
1 10600 733529 -1
1 1507 12652 12652
1 1507 436736 -1
1 10600 280530 280530
1 10600 733529 -1
1 1507 12652 12652
1 1507 436736 -1
1 10600 280530 280530
1 10600 733529 -1
1 1507 12652 12652
1 1507 436736 -1
3 10623 -1 0
3 10623 32414 -1
3 1760 -1 0
3 1760 647994 -1
3 10623 -1 0
3 10623 32414 -1
3 1760 -1 0
3 1760 647994 -1
3 10623 -1 0
3 10623 32414 -1
3 1760 -1 0
3 1760 647994 -1
3 10623 -1 0
3 10623 32414 -1
3 1760 -1 0
3 1760 647994 -1
4 14531 3731412 196889
4 14531 197324 -1
4 14531 3731412 196889
4 14531 197324 -1
4 14531 3731412 196889
4 14531 197324 -1
4 14531 3731412 196889
4 14531 197324 -1
5 123 5507369 1092329
5 123 432676 -1
5 7062 -1 0
5 7062 174776 -1
5 123 5507369 1092329
5 123 432676 -1
5 7062 -1 0
5 7062 174776 -1
5 123 5507369 1092329
5 123 432676 -1
5 7062 -1 0
5 7062 174776 -1
5 123 5507369 1092329
5 123 432676 -1
5 7062 -1 0
5 7062 174776 -1
6 10994 -1 0
6 10994 469833 -1
6 13441 -1 0
6 13441 341864 -1
6 10994 -1 0
6 10994 469833 -1
6 13441 -1 0
6 13441 341864 -1
6 10994 -1 0
6 10994 469833 -1
6 13441 -1 0
6 13441 341864 -1
6 10994 -1 0
6 10994 469833 -1
6 13441 -1 0
6 13441 341864 -1
72
1 10600 -1 0
1 10600 1204642 -1
1 1507 -1 0
1 1507 901669 -1
1 10600 -1 0
1 10600 1204642 -1
1 1507 -1 0
1 1507 901669 -1
1 10600 -1 0
1 10600 1204642 -1
1 1507 -1 0
1 1507 901669 -1
1 10600 -1 0
1 10600 1204642 -1
1 1507 -1 0
1 1507 901669 -1
3 16142 2568423 103271
3 16142 500609 -1
3 1760 -1 0
3 1760 209717 -1
3 3043 2613299 175229
3 3043 377968 -1
3 16142 2568423 103271
3 16142 500609 -1
3 1760 -1 0
3 1760 209717 -1
3 3043 2613299 175229
3 3043 377968 -1
3 16142 2568423 103271
3 16142 500609 -1
3 1760 -1 0
3 1760 209717 -1
3 3043 2613299 175229
3 3043 377968 -1
3 16142 2568423 103271
3 16142 500609 -1
3 1760 -1 0
3 1760 209717 -1
3 3043 2613299 175229
3 3043 377968 -1
4 14531 -1 0
4 14531 197035 -1
4 14531 -1 0
4 14531 197035 -1
4 14531 -1 0
4 14531 197035 -1
4 14531 -1 0
4 14531 197035 -1
5 7062 -1 0
5 7062 403034 -1
5 7062 -1 0
5 7062 403034 -1
5 7062 -1 0
5 7062 403034 -1
5 7062 -1 0
5 7062 403034 -1
6 10994 -1 0
6 10994 257498 -1
6 13441 -1 0
6 13441 156071 -1
6 123 -1 0
6 123 1124852 -1
6 10994 -1 0
6 10994 257498 -1
6 13441 -1 0
6 13441 156071 -1
6 123 -1 0
6 123 1124852 -1
6 10994 -1 0
6 10994 257498 -1
6 13441 -1 0
6 13441 156071 -1
6 123 -1 0
6 123 1124852 -1
6 10994 -1 0
6 10994 257498 -1
6 13441 -1 0
6 13441 156071 -1
6 123 -1 0
6 123 1124852 -1
73
1 10600 -1 0
1 10600 757430 -1
1 1507 -1 0
1 1507 16029 -1
1 10600 -1 0
1 10600 757430 -1
1 1507 -1 0
1 1507 16029 -1
1 10600 -1 0
1 10600 757430 -1
1 1507 -1 0
1 1507 16029 -1
1 10600 -1 0
1 10600 757430 -1
1 1507 -1 0
1 1507 16029 -1
3 16142 -1 0
3 16142 327089 -1
3 1760 -1 0
3 1760 198614 -1
3 3043 -1 0
3 3043 145401 -1
3 6442 3527423 878824
3 6442 656324 -1
3 16142 -1 0
3 16142 327089 -1
3 1760 -1 0
3 1760 198614 -1
3 3043 -1 0
3 3043 145401 -1
3 6442 3527423 878824
3 6442 656324 -1
3 16142 -1 0
3 16142 327089 -1
3 1760 -1 0
3 1760 198614 -1
3 3043 -1 0
3 3043 145401 -1
3 6442 3527423 878824
3 6442 656324 -1
3 16142 -1 0
3 16142 327089 -1
3 1760 -1 0
3 1760 198614 -1
3 3043 -1 0
3 3043 145401 -1
3 6442 3527423 878824
3 6442 656324 -1
4 14531 -1 0
4 14531 196028 -1
4 14531 -1 0
4 14531 196028 -1
4 14531 -1 0
4 14531 196028 -1
4 14531 -1 0
4 14531 196028 -1
5 13441 -1 0
5 13441 328289 -1
5 123 -1 0
5 123 457132 -1
5 13441 -1 0
5 13441 328289 -1
5 123 -1 0
5 123 457132 -1
5 13441 -1 0
5 13441 328289 -1
5 123 -1 0
5 123 457132 -1
5 13441 -1 0
5 13441 328289 -1
5 123 -1 0
5 123 457132 -1
6 10994 -1 0
6 10994 60075 -1
6 10994 -1 0
6 10994 60075 -1
6 10994 -1 0
6 10994 60075 -1
6 10994 -1 0
6 10994 60075 -1
74
1 10600 -1 0
1 10600 301543 -1
1 1507 -1 0
1 1507 16235 -1
1 10600 -1 0
1 10600 301543 -1
1 1507 -1 0
1 1507 16235 -1
1 10600 -1 0
1 10600 301543 -1
1 1507 -1 0
1 1507 16235 -1
1 10600 -1 0
1 10600 301543 -1
1 1507 -1 0
1 1507 16235 -1
3 16142 -1 0
3 16142 763059 -1
3 3043 -1 0
3 3043 591679 -1
3 6442 -1 0
3 6442 876280 -1
3 16142 -1 0
3 16142 763059 -1
3 3043 -1 0
3 3043 591679 -1
3 6442 -1 0
3 6442 876280 -1
3 16142 -1 0
3 16142 763059 -1
3 3043 -1 0
3 3043 591679 -1
3 6442 -1 0
3 6442 876280 -1
3 16142 -1 0
3 16142 763059 -1
3 3043 -1 0
3 3043 591679 -1
3 6442 -1 0
3 6442 876280 -1
4 14531 -1 0
4 14531 400905 -1
4 14531 -1 0
4 14531 400905 -1
4 14531 -1 0
4 14531 400905 -1
4 14531 -1 0
4 14531 400905 -1
6 123 -1 0
6 123 58133 -1
6 123 -1 0
6 123 58133 -1
6 123 -1 0
6 123 58133 -1
6 123 -1 0
6 123 58133 -1
75
3 16142 -1 0
3 16142 353017 -1
3 3043 -1 0
3 3043 173774 -1
3 6442 -1 0
3 6442 456225 -1
3 16142 -1 0
3 16142 353017 -1
3 3043 -1 0
3 3043 173774 -1
3 6442 -1 0
3 6442 456225 -1
3 16142 -1 0
3 16142 353017 -1
3 3043 -1 0
3 3043 173774 -1
3 6442 -1 0
3 6442 456225 -1
3 16142 -1 0
3 16142 353017 -1
3 3043 -1 0
3 3043 173774 -1
3 6442 -1 0
3 6442 456225 -1
5 12699 5176347 91267
5 12699 946378 -1
5 12699 5176347 91267
5 12699 946378 -1
5 12699 5176347 91267
5 12699 946378 -1
5 12699 5176347 91267
5 12699 946378 -1
6 387 6516370 322580
6 387 339674 -1
6 387 6516370 322580
6 387 339674 -1
6 387 6516370 322580
6 387 339674 -1
6 387 6516370 322580
6 387 339674 -1
76
1 14141 472090 472090
1 14141 31085 -1
1 14141 472090 472090
1 14141 31085 -1
1 14141 472090 472090
1 14141 31085 -1
1 14141 472090 472090
1 14141 31085 -1
3 6442 -1 0
3 6442 230491 -1
3 6442 -1 0
3 6442 230491 -1
3 6442 -1 0
3 6442 230491 -1
3 6442 -1 0
3 6442 230491 -1
5 12699 -1 0
5 12699 327406 -1
5 12699 -1 0
5 12699 327406 -1
5 12699 -1 0
5 12699 327406 -1
5 12699 -1 0
5 12699 327406 -1
6 387 -1 0
6 387 108717 -1
6 387 -1 0
6 387 108717 -1
6 387 -1 0
6 387 108717 -1
6 387 -1 0
6 387 108717 -1
77
1 14141 -1 0
1 14141 475791 -1
1 14141 -1 0
1 14141 475791 -1
1 14141 -1 0
1 14141 475791 -1
1 14141 -1 0
1 14141 475791 -1
5 12699 -1 0
5 12699 318013 -1
5 12699 -1 0
5 12699 318013 -1
5 12699 -1 0
5 12699 318013 -1
5 12699 -1 0
5 12699 318013 -1
6 387 -1 0
6 387 108418 -1
6 9234 6549397 1025014
6 9234 179157 -1
6 387 -1 0
6 387 108418 -1
6 9234 6549397 1025014
6 9234 179157 -1
6 387 -1 0
6 387 108418 -1
6 9234 6549397 1025014
6 9234 179157 -1
6 387 -1 0
6 387 108418 -1
6 9234 6549397 1025014
6 9234 179157 -1
78
1 14141 -1 0
1 14141 471401 -1
1 14141 -1 0
1 14141 471401 -1
1 14141 -1 0
1 14141 471401 -1
1 14141 -1 0
1 14141 471401 -1
2 649 1177750 68451
2 649 491103 -1
2 649 1177750 68451
2 649 491103 -1
2 649 1177750 68451
2 649 491103 -1
2 649 1177750 68451
2 649 491103 -1
5 12699 -1 0
5 12699 340908 -1
5 12699 -1 0
5 12699 340908 -1
5 12699 -1 0
5 12699 340908 -1
5 12699 -1 0
5 12699 340908 -1
6 387 -1 0
6 387 108896 -1
6 9234 -1 0
6 9234 178016 -1
6 387 -1 0
6 387 108896 -1
6 9234 -1 0
6 9234 178016 -1
6 387 -1 0
6 387 108896 -1
6 9234 -1 0
6 9234 178016 -1
6 387 -1 0
6 387 108896 -1
6 9234 -1 0
6 9234 178016 -1
79
1 14141 -1 0
1 14141 479227 -1
1 14141 -1 0
1 14141 479227 -1
1 14141 -1 0
1 14141 479227 -1
1 14141 -1 0
1 14141 479227 -1
2 649 -1 0
2 649 478727 -1
2 649 -1 0
2 649 478727 -1
2 649 -1 0
2 649 478727 -1
2 649 -1 0
2 649 478727 -1
3 9220 2589281 161009
3 9220 160594 -1
3 9220 2589281 161009
3 9220 160594 -1
3 9220 2589281 161009
3 9220 160594 -1
3 9220 2589281 161009
3 9220 160594 -1
5 1663 5505614 869822
5 1663 651936 -1
5 1663 5505614 869822
5 1663 651936 -1
5 1663 5505614 869822
5 1663 651936 -1
5 1663 5505614 869822
5 1663 651936 -1
6 9234 -1 0
6 9234 186611 -1
6 9234 -1 0
6 9234 186611 -1
6 9234 -1 0
6 9234 186611 -1
6 9234 -1 0
6 9234 186611 -1
80
2 649 -1 0
2 649 482503 -1
2 649 -1 0
2 649 482503 -1
2 649 -1 0
2 649 482503 -1
2 649 -1 0
2 649 482503 -1
3 9220 -1 0
3 9220 602744 -1
3 9220 -1 0
3 9220 602744 -1
3 9220 -1 0
3 9220 602744 -1
3 9220 -1 0
3 9220 602744 -1
4 13942 4184997 651746
4 13942 651744 -1
4 13942 4184997 651746
4 13942 651744 -1
4 13942 4184997 651746
4 13942 651744 -1
4 13942 4184997 651746
4 13942 651744 -1
5 1663 -1 0
5 1663 424453 -1
5 1663 -1 0
5 1663 424453 -1
5 1663 -1 0
5 1663 424453 -1
5 1663 -1 0
5 1663 424453 -1
6 8496 6154492 413618
6 8496 649020 -1
6 9234 -1 0
6 9234 167022 -1
6 8496 6154492 413618
6 8496 649020 -1
6 9234 -1 0
6 9234 167022 -1
6 8496 6154492 413618
6 8496 649020 -1
6 9234 -1 0
6 9234 167022 -1
6 8496 6154492 413618
6 8496 649020 -1
6 9234 -1 0
6 9234 167022 -1
81
2 649 -1 0
2 649 55062 -1
2 649 -1 0
2 649 55062 -1
2 649 -1 0
2 649 55062 -1
2 649 -1 0
2 649 55062 -1
3 9220 -1 0
3 9220 160704 -1
3 9220 -1 0
3 9220 160704 -1
3 9220 -1 0
3 9220 160704 -1
3 9220 -1 0
3 9220 160704 -1
4 13942 -1 0
4 13942 204442 -1
4 13942 -1 0
4 13942 204442 -1
4 13942 -1 0
4 13942 204442 -1
4 13942 -1 0
4 13942 204442 -1
5 1663 -1 0
5 1663 429375 -1
5 9692 5480758 844966
5 9692 401839 -1
5 1663 -1 0
5 1663 429375 -1
5 9692 5480758 844966
5 9692 401839 -1
5 1663 -1 0
5 1663 429375 -1
5 9692 5480758 844966
5 9692 401839 -1
5 1663 -1 0
5 1663 429375 -1
5 9692 5480758 844966
5 9692 401839 -1
6 8496 -1 0
6 8496 211465 -1
6 8496 -1 0
6 8496 211465 -1
6 8496 -1 0
6 8496 211465 -1
6 8496 -1 0
6 8496 211465 -1
82
3 14639 3595822 1167550
3 14639 68287 -1
3 170 3286353 637329
3 170 424132 -1
3 9220 -1 0
3 9220 161570 -1
3 14639 3595822 1167550
3 14639 68287 -1
3 170 3286353 637329
3 170 424132 -1
3 9220 -1 0
3 9220 161570 -1
3 14639 3595822 1167550
3 14639 68287 -1
3 170 3286353 637329
3 170 424132 -1
3 9220 -1 0
3 9220 161570 -1
3 14639 3595822 1167550
3 14639 68287 -1
3 170 3286353 637329
3 170 424132 -1
3 9220 -1 0
3 9220 161570 -1
4 11160 4848453 1094284
4 11160 1360 -1
4 13942 -1 0
4 13942 219117 -1
4 7412 4662244 1131711
4 7412 515306 -1
4 11160 4848453 1094284
4 11160 1360 -1
4 13942 -1 0
4 13942 219117 -1
4 7412 4662244 1131711
4 7412 515306 -1
4 11160 4848453 1094284
4 11160 1360 -1
4 13942 -1 0
4 13942 219117 -1
4 7412 4662244 1131711
4 7412 515306 -1
4 11160 4848453 1094284
4 11160 1360 -1
4 13942 -1 0
4 13942 219117 -1
4 7412 4662244 1131711
4 7412 515306 -1
5 1663 -1 0
5 1663 440662 -1
5 9692 -1 0
5 9692 602187 -1
5 1663 -1 0
5 1663 440662 -1
5 9692 -1 0
5 9692 602187 -1
5 1663 -1 0
5 1663 440662 -1
5 9692 -1 0
5 9692 602187 -1
5 1663 -1 0
5 1663 440662 -1
5 9692 -1 0
5 9692 602187 -1
6 8496 -1 0
6 8496 201190 -1
6 8496 -1 0
6 8496 201190 -1
6 8496 -1 0
6 8496 201190 -1
6 8496 -1 0
6 8496 201190 -1
83
1 4483 25533 25533
1 4483 26280 -1
1 4483 25533 25533
1 4483 26280 -1
1 4483 25533 25533
1 4483 26280 -1
1 4483 25533 25533
1 4483 26280 -1
3 14639 -1 0
3 14639 265972 -1
3 170 -1 0
3 170 1695438 -1
3 8671 3097221 227445
3 8671 229303 -1
3 14639 -1 0
3 14639 265972 -1
3 170 -1 0
3 170 1695438 -1
3 8671 3097221 227445
3 8671 229303 -1
3 14639 -1 0
3 14639 265972 -1
3 170 -1 0
3 170 1695438 -1
3 8671 3097221 227445
3 8671 229303 -1
3 14639 -1 0
3 14639 265972 -1
3 170 -1 0
3 170 1695438 -1
3 8671 3097221 227445
3 8671 229303 -1
4 11160 -1 0
4 11160 421807 -1
4 13942 -1 0
4 13942 216484 -1
4 7412 -1 0
4 7412 1338084 -1
4 11336 5159128 749960
4 11336 727327 -1
4 11160 -1 0
4 11160 421807 -1
4 13942 -1 0
4 13942 216484 -1
4 7412 -1 0
4 7412 1338084 -1
4 11336 5159128 749960
4 11336 727327 -1
4 11160 -1 0
4 11160 421807 -1
4 13942 -1 0
4 13942 216484 -1
4 7412 -1 0
4 7412 1338084 -1
4 11336 5159128 749960
4 11336 727327 -1
4 11160 -1 0
4 11160 421807 -1
4 13942 -1 0
4 13942 216484 -1
4 7412 -1 0
4 7412 1338084 -1
4 11336 5159128 749960
4 11336 727327 -1
5 9692 -1 0
5 9692 805552 -1
5 9692 -1 0
5 9692 805552 -1
5 9692 -1 0
5 9692 805552 -1
5 9692 -1 0
5 9692 805552 -1
6 8496 -1 0
6 8496 624477 -1
6 8496 -1 0
6 8496 624477 -1
6 8496 -1 0
6 8496 624477 -1
6 8496 -1 0
6 8496 624477 -1
84
1 4483 -1 0
1 4483 19068 -1
1 4483 -1 0
1 4483 19068 -1
1 4483 -1 0
1 4483 19068 -1
1 4483 -1 0
1 4483 19068 -1
3 10175 2937446 509174
3 10175 509290 -1
3 14639 -1 0
3 14639 500536 -1
3 170 -1 0
3 170 640476 -1
3 8671 -1 0
3 8671 477555 -1
3 10175 2937446 509174
3 10175 509290 -1
3 14639 -1 0
3 14639 500536 -1
3 170 -1 0
3 170 640476 -1
3 8671 -1 0
3 8671 477555 -1
3 10175 2937446 509174
3 10175 509290 -1
3 14639 -1 0
3 14639 500536 -1
3 170 -1 0
3 170 640476 -1
3 8671 -1 0
3 8671 477555 -1
3 10175 2937446 509174
3 10175 509290 -1
3 14639 -1 0
3 14639 500536 -1
3 170 -1 0
3 170 640476 -1
3 8671 -1 0
3 8671 477555 -1
4 11160 -1 0
4 11160 153 -1
4 4383 4412558 659774
4 4383 439114 -1
4 7412 -1 0
4 7412 251998 -1
4 11336 -1 0
4 11336 74376 -1
4 11160 -1 0
4 11160 153 -1
4 4383 4412558 659774
4 4383 439114 -1
4 7412 -1 0
4 7412 251998 -1
4 11336 -1 0
4 11336 74376 -1
4 11160 -1 0
4 11160 153 -1
4 4383 4412558 659774
4 4383 439114 -1
4 7412 -1 0
4 7412 251998 -1
4 11336 -1 0
4 11336 74376 -1
4 11160 -1 0
4 11160 153 -1
4 4383 4412558 659774
4 4383 439114 -1
4 7412 -1 0
4 7412 251998 -1
4 11336 -1 0
4 11336 74376 -1
5 6192 4998617 142073
5 6192 354740 -1
5 9692 -1 0
5 9692 185034 -1
5 6192 4998617 142073
5 6192 354740 -1
5 9692 -1 0
5 9692 185034 -1
5 6192 4998617 142073
5 6192 354740 -1
5 9692 -1 0
5 9692 185034 -1
5 6192 4998617 142073
5 6192 354740 -1
5 9692 -1 0
5 9692 185034 -1
85
1 4483 -1 0
1 4483 21003 -1
1 4483 -1 0
1 4483 21003 -1
1 4483 -1 0
1 4483 21003 -1
1 4483 -1 0
1 4483 21003 -1
3 10175 -1 0
3 10175 1138692 -1
3 14639 -1 0
3 14639 59946 -1
3 170 -1 0
3 170 426770 -1
3 13121 3389694 747544
3 13121 289070 -1
3 8671 -1 0
3 8671 33609 -1
3 10175 -1 0
3 10175 1138692 -1
3 14639 -1 0
3 14639 59946 -1
3 170 -1 0
3 170 426770 -1
3 13121 3389694 747544
3 13121 289070 -1
3 8671 -1 0
3 8671 33609 -1
3 10175 -1 0
3 10175 1138692 -1
3 14639 -1 0
3 14639 59946 -1
3 170 -1 0
3 170 426770 -1
3 13121 3389694 747544
3 13121 289070 -1
3 8671 -1 0
3 8671 33609 -1
3 10175 -1 0
3 10175 1138692 -1
3 14639 -1 0
3 14639 59946 -1
3 170 -1 0
3 170 426770 -1
3 13121 3389694 747544
3 13121 289070 -1
3 8671 -1 0
3 8671 33609 -1
4 11160 -1 0
4 11160 644908 -1
4 4383 -1 0
4 4383 438785 -1
4 7412 -1 0
4 7412 536699 -1
4 11336 -1 0
4 11336 1121353 -1
4 11160 -1 0
4 11160 644908 -1
4 4383 -1 0
4 4383 438785 -1
4 7412 -1 0
4 7412 536699 -1
4 11336 -1 0
4 11336 1121353 -1
4 11160 -1 0
4 11160 644908 -1
4 4383 -1 0
4 4383 438785 -1
4 7412 -1 0
4 7412 536699 -1
4 11336 -1 0
4 11336 1121353 -1
4 11160 -1 0
4 11160 644908 -1
4 4383 -1 0
4 4383 438785 -1
4 7412 -1 0
4 7412 536699 -1
4 11336 -1 0
4 11336 1121353 -1
5 6192 -1 0
5 6192 367685 -1
5 6192 -1 0
5 6192 367685 -1
5 6192 -1 0
5 6192 367685 -1
5 6192 -1 0
5 6192 367685 -1
86
1 4483 -1 0
1 4483 23610 -1
1 4483 -1 0
1 4483 23610 -1
1 4483 -1 0
1 4483 23610 -1
1 4483 -1 0
1 4483 23610 -1
3 10175 -1 0
3 10175 273033 -1
3 13121 -1 0
3 13121 466584 -1
3 8671 -1 0
3 8671 49456 -1
3 10175 -1 0
3 10175 273033 -1
3 13121 -1 0
3 13121 466584 -1
3 8671 -1 0
3 8671 49456 -1
3 10175 -1 0
3 10175 273033 -1
3 13121 -1 0
3 13121 466584 -1
3 8671 -1 0
3 8671 49456 -1
3 10175 -1 0
3 10175 273033 -1
3 13121 -1 0
3 13121 466584 -1
3 8671 -1 0
3 8671 49456 -1
4 4383 -1 0
4 4383 438855 -1
4 9950 4653970 240313
4 9950 240225 -1
4 11336 -1 0
4 11336 896889 -1
4 4383 -1 0
4 4383 438855 -1
4 9950 4653970 240313
4 9950 240225 -1
4 11336 -1 0
4 11336 896889 -1
4 4383 -1 0
4 4383 438855 -1
4 9950 4653970 240313
4 9950 240225 -1
4 11336 -1 0
4 11336 896889 -1
4 4383 -1 0
4 4383 438855 -1
4 9950 4653970 240313
4 9950 240225 -1
4 11336 -1 0
4 11336 896889 -1
5 6192 -1 0
5 6192 137219 -1
5 9153 5836574 87221
5 9153 111271 -1
5 6192 -1 0
5 6192 137219 -1
5 9153 5836574 87221
5 9153 111271 -1
5 6192 -1 0
5 6192 137219 -1
5 9153 5836574 87221
5 9153 111271 -1
5 6192 -1 0
5 6192 137219 -1
5 9153 5836574 87221
5 9153 111271 -1
87
2 9444 3254954 1445600
2 9444 858062 -1
2 9444 3254954 1445600
2 9444 858062 -1
2 9444 3254954 1445600
2 9444 858062 -1
2 9444 3254954 1445600
2 9444 858062 -1
3 10175 -1 0
3 10175 1394076 -1
3 13121 -1 0
3 13121 445746 -1
3 10175 -1 0
3 10175 1394076 -1
3 13121 -1 0
3 13121 445746 -1
3 10175 -1 0
3 10175 1394076 -1
3 13121 -1 0
3 13121 445746 -1
3 10175 -1 0
3 10175 1394076 -1
3 13121 -1 0
3 13121 445746 -1
4 4383 -1 0
4 4383 438766 -1
4 9950 -1 0
4 9950 244790 -1
4 4383 -1 0
4 4383 438766 -1
4 9950 -1 0
4 9950 244790 -1
4 4383 -1 0
4 4383 438766 -1
4 9950 -1 0
4 9950 244790 -1
4 4383 -1 0
4 4383 438766 -1
4 9950 -1 0
4 9950 244790 -1
5 6192 -1 0
5 6192 135729 -1
5 6192 -1 0
5 6192 135729 -1
5 6192 -1 0
5 6192 135729 -1
5 6192 -1 0
5 6192 135729 -1
6 9153 -1 0
6 9153 134344 -1
6 9153 -1 0
6 9153 134344 -1
6 9153 -1 0
6 9153 134344 -1
6 9153 -1 0
6 9153 134344 -1
88
1 15986 310558 310558
1 15986 442363 -1
1 15986 310558 310558
1 15986 442363 -1
1 15986 310558 310558
1 15986 442363 -1
1 15986 310558 310558
1 15986 442363 -1
2 9444 -1 0
2 9444 849830 -1
2 9444 -1 0
2 9444 849830 -1
2 9444 -1 0
2 9444 849830 -1
2 9444 -1 0
2 9444 849830 -1
3 13121 -1 0
3 13121 966674 -1
3 13121 -1 0
3 13121 966674 -1
3 13121 -1 0
3 13121 966674 -1
3 13121 -1 0
3 13121 966674 -1
4 10470 4440417 26703
4 10470 1107889 -1
4 437 4677790 265343
4 437 924582 -1
4 9950 -1 0
4 9950 244267 -1
4 10470 4440417 26703
4 10470 1107889 -1
4 437 4677790 265343
4 437 924582 -1
4 9950 -1 0
4 9950 244267 -1
4 10470 4440417 26703
4 10470 1107889 -1
4 437 4677790 265343
4 437 924582 -1
4 9950 -1 0
4 9950 244267 -1
4 10470 4440417 26703
4 10470 1107889 -1
4 437 4677790 265343
4 437 924582 -1
4 9950 -1 0
4 9950 244267 -1
6 7122 7488742 644246
6 7122 209532 -1
6 9153 -1 0
6 9153 107538 -1
6 7122 7488742 644246
6 7122 209532 -1
6 9153 -1 0
6 9153 107538 -1
6 7122 7488742 644246
6 7122 209532 -1
6 9153 -1 0
6 9153 107538 -1
6 7122 7488742 644246
6 7122 209532 -1
6 9153 -1 0
6 9153 107538 -1
89
1 15986 -1 0
1 15986 956521 -1
1 15986 -1 0
1 15986 956521 -1
1 15986 -1 0
1 15986 956521 -1
1 15986 -1 0
1 15986 956521 -1
4 10470 -1 0
4 10470 1108015 -1
4 437 -1 0
4 437 260415 -1
4 9950 -1 0
4 9950 239888 -1
4 9444 -1 0
4 9444 401500 -1
4 9833 5038566 621322
4 9833 621532 -1
4 10470 -1 0
4 10470 1108015 -1
4 437 -1 0
4 437 260415 -1
4 9950 -1 0
4 9950 239888 -1
4 9444 -1 0
4 9444 401500 -1
4 9833 5038566 621322
4 9833 621532 -1
4 10470 -1 0
4 10470 1108015 -1
4 437 -1 0
4 437 260415 -1
4 9950 -1 0
4 9950 239888 -1
4 9444 -1 0
4 9444 401500 -1
4 9833 5038566 621322
4 9833 621532 -1
4 10470 -1 0
4 10470 1108015 -1
4 437 -1 0
4 437 260415 -1
4 9950 -1 0
4 9950 239888 -1
4 9444 -1 0
4 9444 401500 -1
4 9833 5038566 621322
4 9833 621532 -1
5 1961 6711744 1192944
5 1961 530679 -1
5 1961 6711744 1192944
5 1961 530679 -1
5 1961 6711744 1192944
5 1961 530679 -1
5 1961 6711744 1192944
5 1961 530679 -1
6 7122 -1 0
6 7122 209724 -1
6 9153 -1 0
6 9153 108267 -1
6 7122 -1 0
6 7122 209724 -1
6 9153 -1 0
6 9153 108267 -1
6 7122 -1 0
6 7122 209724 -1
6 9153 -1 0
6 9153 108267 -1
6 7122 -1 0
6 7122 209724 -1
6 9153 -1 0
6 9153 108267 -1
90
1 15986 -1 0
1 15986 237597 -1
1 15986 -1 0
1 15986 237597 -1
1 15986 -1 0
1 15986 237597 -1
1 15986 -1 0
1 15986 237597 -1
4 10470 -1 0
4 10470 27041 -1
4 437 -1 0
4 437 283467 -1
4 9444 -1 0
4 9444 551023 -1
4 9833 -1 0
4 9833 630205 -1
4 10470 -1 0
4 10470 27041 -1
4 437 -1 0
4 437 283467 -1
4 9444 -1 0
4 9444 551023 -1
4 9833 -1 0
4 9833 630205 -1
4 10470 -1 0
4 10470 27041 -1
4 437 -1 0
4 437 283467 -1
4 9444 -1 0
4 9444 551023 -1
4 9833 -1 0
4 9833 630205 -1
4 10470 -1 0
4 10470 27041 -1
4 437 -1 0
4 437 283467 -1
4 9444 -1 0
4 9444 551023 -1
4 9833 -1 0
4 9833 630205 -1
5 1961 -1 0
5 1961 124579 -1
5 1961 -1 0
5 1961 124579 -1
5 1961 -1 0
5 1961 124579 -1
5 1961 -1 0
5 1961 124579 -1
6 7122 -1 0
6 7122 438995 -1
6 7122 -1 0
6 7122 438995 -1
6 7122 -1 0
6 7122 438995 -1
6 7122 -1 0
6 7122 438995 -1
91
1 15986 -1 0
1 15986 236567 -1
1 15986 -1 0
1 15986 236567 -1
1 15986 -1 0
1 15986 236567 -1
1 15986 -1 0
1 15986 236567 -1
3 11234 3030565 352226
3 11234 351203 -1
3 11234 3030565 352226
3 11234 351203 -1
3 11234 3030565 352226
3 11234 351203 -1
3 11234 3030565 352226
3 11234 351203 -1
4 10470 -1 0
4 10470 26425 -1
4 437 -1 0
4 437 693738 -1
4 9833 -1 0
4 9833 1276506 -1
4 10470 -1 0
4 10470 26425 -1
4 437 -1 0
4 437 693738 -1
4 9833 -1 0
4 9833 1276506 -1
4 10470 -1 0
4 10470 26425 -1
4 437 -1 0
4 437 693738 -1
4 9833 -1 0
4 9833 1276506 -1
4 10470 -1 0
4 10470 26425 -1
4 437 -1 0
4 437 693738 -1
4 9833 -1 0
4 9833 1276506 -1
5 1961 -1 0
5 1961 124189 -1
5 1961 -1 0
5 1961 124189 -1
5 1961 -1 0
5 1961 124189 -1
5 1961 -1 0
5 1961 124189 -1
6 7122 -1 0
6 7122 660001 -1
6 7122 -1 0
6 7122 660001 -1
6 7122 -1 0
6 7122 660001 -1
6 7122 -1 0
6 7122 660001 -1
92
1 16318 277666 277666
1 16318 1192702 -1
1 16318 277666 277666
1 16318 1192702 -1
1 16318 277666 277666
1 16318 1192702 -1
1 16318 277666 277666
1 16318 1192702 -1
2 1656 1850425 517981
2 1656 1199618 -1
2 1656 1850425 517981
2 1656 1199618 -1
2 1656 1850425 517981
2 1656 1199618 -1
2 1656 1850425 517981
2 1656 1199618 -1
3 4078 3271545 622521
3 4078 640611 -1
3 11234 -1 0
3 11234 338313 -1
3 4078 3271545 622521
3 4078 640611 -1
3 11234 -1 0
3 11234 338313 -1
3 4078 3271545 622521
3 4078 640611 -1
3 11234 -1 0
3 11234 338313 -1
3 4078 3271545 622521
3 4078 640611 -1
3 11234 -1 0
3 11234 338313 -1
4 9833 -1 0
4 9833 414088 -1
4 9833 -1 0
4 9833 414088 -1
4 9833 -1 0
4 9833 414088 -1
4 9833 -1 0
4 9833 414088 -1
5 1961 -1 0
5 1961 357811 -1
5 1961 -1 0
5 1961 357811 -1
5 1961 -1 0
5 1961 357811 -1
5 1961 -1 0
5 1961 357811 -1
93
1 16318 -1 0
1 16318 290014 -1
1 16318 -1 0
1 16318 290014 -1
1 16318 -1 0
1 16318 290014 -1
1 16318 -1 0
1 16318 290014 -1
2 1656 -1 0
2 1656 245408 -1
2 1656 -1 0
2 1656 245408 -1
2 1656 -1 0
2 1656 245408 -1
2 1656 -1 0
2 1656 245408 -1
3 4078 -1 0
3 4078 640656 -1
3 11234 -1 0
3 11234 328606 -1
3 11620 3254608 605584
3 11620 184100 -1
3 4078 -1 0
3 4078 640656 -1
3 11234 -1 0
3 11234 328606 -1
3 11620 3254608 605584
3 11620 184100 -1
3 4078 -1 0
3 4078 640656 -1
3 11234 -1 0
3 11234 328606 -1
3 11620 3254608 605584
3 11620 184100 -1
3 4078 -1 0
3 4078 640656 -1
3 11234 -1 0
3 11234 328606 -1
3 11620 3254608 605584
3 11620 184100 -1
4 13162 4733863 1210709
4 13162 286186 -1
4 13162 4733863 1210709
4 13162 286186 -1
4 13162 4733863 1210709
4 13162 286186 -1
4 13162 4733863 1210709
4 13162 286186 -1
94
1 16318 -1 0
1 16318 275055 -1
1 16318 -1 0
1 16318 275055 -1
1 16318 -1 0
1 16318 275055 -1
1 16318 -1 0
1 16318 275055 -1
2 1656 -1 0
2 1656 264842 -1
2 1656 -1 0
2 1656 264842 -1
2 1656 -1 0
2 1656 264842 -1
2 1656 -1 0
2 1656 264842 -1
3 4078 -1 0
3 4078 647021 -1
3 11234 -1 0
3 11234 759094 -1
3 11620 -1 0
3 11620 636253 -1
3 4078 -1 0
3 4078 647021 -1
3 11234 -1 0
3 11234 759094 -1
3 11620 -1 0
3 11620 636253 -1
3 4078 -1 0
3 4078 647021 -1
3 11234 -1 0
3 11234 759094 -1
3 11620 -1 0
3 11620 636253 -1
3 4078 -1 0
3 4078 647021 -1
3 11234 -1 0
3 11234 759094 -1
3 11620 -1 0
3 11620 636253 -1
4 12946 3849164 273236
4 12946 272446 -1
4 13162 -1 0
4 13162 308588 -1
4 12946 3849164 273236
4 12946 272446 -1
4 13162 -1 0
4 13162 308588 -1
4 12946 3849164 273236
4 12946 272446 -1
4 13162 -1 0
4 13162 308588 -1
4 12946 3849164 273236
4 12946 272446 -1
4 13162 -1 0
4 13162 308588 -1
95
1 16318 -1 0
1 16318 251755 -1
1 16318 -1 0
1 16318 251755 -1
1 16318 -1 0
1 16318 251755 -1
1 16318 -1 0
1 16318 251755 -1
2 1656 -1 0
2 1656 516979 -1
2 1656 -1 0
2 1656 516979 -1
2 1656 -1 0
2 1656 516979 -1
2 1656 -1 0
2 1656 516979 -1
3 4078 -1 0
3 4078 193230 -1
3 11620 -1 0
3 11620 195019 -1
3 5211 2694367 486847
3 5211 46591 -1
3 4078 -1 0
3 4078 193230 -1
3 11620 -1 0
3 11620 195019 -1
3 5211 2694367 486847
3 5211 46591 -1
3 4078 -1 0
3 4078 193230 -1
3 11620 -1 0
3 11620 195019 -1
3 5211 2694367 486847
3 5211 46591 -1
3 4078 -1 0
3 4078 193230 -1
3 11620 -1 0
3 11620 195019 -1
3 5211 2694367 486847
3 5211 46591 -1
4 12946 -1 0
4 12946 709882 -1
4 13162 -1 0
4 13162 553373 -1
4 12946 -1 0
4 12946 709882 -1
4 13162 -1 0
4 13162 553373 -1
4 12946 -1 0
4 12946 709882 -1
4 13162 -1 0
4 13162 553373 -1
4 12946 -1 0
4 12946 709882 -1
4 13162 -1 0
4 13162 553373 -1
96
2 1495 2314464 1214217
2 1495 315338 -1
2 1495 2314464 1214217
2 1495 315338 -1
2 1495 2314464 1214217
2 1495 315338 -1
2 1495 2314464 1214217
2 1495 315338 -1
3 11620 -1 0
3 11620 196447 -1
3 5211 -1 0
3 5211 47874 -1
3 11620 -1 0
3 11620 196447 -1
3 5211 -1 0
3 5211 47874 -1
3 11620 -1 0
3 11620 196447 -1
3 5211 -1 0
3 5211 47874 -1
3 11620 -1 0
3 11620 196447 -1
3 5211 -1 0
3 5211 47874 -1
4 12946 -1 0
4 12946 256586 -1
4 13162 -1 0
4 13162 310946 -1
4 12946 -1 0
4 12946 256586 -1
4 13162 -1 0
4 13162 310946 -1
4 12946 -1 0
4 12946 256586 -1
4 13162 -1 0
4 13162 310946 -1
4 12946 -1 0
4 12946 256586 -1
4 13162 -1 0
4 13162 310946 -1
97
2 1495 -1 0
2 1495 298863 -1
2 1495 -1 0
2 1495 298863 -1
2 1495 -1 0
2 1495 298863 -1
2 1495 -1 0
2 1495 298863 -1
3 5211 -1 0
3 5211 470408 -1
3 5211 -1 0
3 5211 470408 -1
3 5211 -1 0
3 5211 470408 -1
3 5211 -1 0
3 5211 470408 -1
4 12946 -1 0
4 12946 258062 -1
4 12946 -1 0
4 12946 258062 -1
4 12946 -1 0
4 12946 258062 -1
4 12946 -1 0
4 12946 258062 -1
98
1 1983 54456 54456
1 1983 54386 -1
1 1983 54456 54456
1 1983 54386 -1
1 1983 54456 54456
1 1983 54386 -1
1 1983 54456 54456
1 1983 54386 -1
2 1495 -1 0
2 1495 1371258 -1
2 1495 -1 0
2 1495 1371258 -1
2 1495 -1 0
2 1495 1371258 -1
2 1495 -1 0
2 1495 1371258 -1
3 5211 -1 0
3 5211 280661 -1
3 5211 -1 0
3 5211 280661 -1
3 5211 -1 0
3 5211 280661 -1
3 5211 -1 0
3 5211 280661 -1
5 4668 5458963 381667
5 4668 175090 -1
5 4668 5458963 381667
5 4668 175090 -1
5 4668 5458963 381667
5 4668 175090 -1
5 4668 5458963 381667
5 4668 175090 -1
99
1 1983 -1 0
1 1983 970640 -1
1 1983 -1 0
1 1983 970640 -1
1 1983 -1 0
1 1983 970640 -1
1 1983 -1 0
1 1983 970640 -1
2 1495 -1 0
2 1495 569168 -1
2 1495 -1 0
2 1495 569168 -1
2 1495 -1 0
2 1495 569168 -1
2 1495 -1 0
2 1495 569168 -1
3 1216 4528216 967958
3 1216 371482 -1
3 1216 4528216 967958
3 1216 371482 -1
3 1216 4528216 967958
3 1216 371482 -1
3 1216 4528216 967958
3 1216 371482 -1
5 4668 -1 0
5 4668 1093301 -1
5 4668 -1 0
5 4668 1093301 -1
5 4668 -1 0
5 4668 1093301 -1
5 4668 -1 0
5 4668 1093301 -1
100
1 1983 -1 0
1 1983 978540 -1
1 1983 -1 0
1 1983 978540 -1
1 1983 -1 0
1 1983 978540 -1
1 1983 -1 0
1 1983 978540 -1
2 16736 2007730 226831
2 16736 46744 -1
2 16736 2007730 226831
2 16736 46744 -1
2 16736 2007730 226831
2 16736 46744 -1
2 16736 2007730 226831
2 16736 46744 -1
5 4668 -1 0
5 4668 341238 -1
5 1216 -1 0
5 1216 130619 -1
5 4668 -1 0
5 4668 341238 -1
5 1216 -1 0
5 1216 130619 -1
5 4668 -1 0
5 4668 341238 -1
5 1216 -1 0
5 1216 130619 -1
5 4668 -1 0
5 4668 341238 -1
5 1216 -1 0
5 1216 130619 -1
101
1 1983 -1 0
1 1983 278486 -1
1 1983 -1 0
1 1983 278486 -1
1 1983 -1 0
1 1983 278486 -1
1 1983 -1 0
1 1983 278486 -1
2 16736 -1 0
2 16736 485741 -1
2 16736 -1 0
2 16736 485741 -1
2 16736 -1 0
2 16736 485741 -1
2 16736 -1 0
2 16736 485741 -1
3 1907 4268415 1398639
3 1907 722683 -1
3 1907 4268415 1398639
3 1907 722683 -1
3 1907 4268415 1398639
3 1907 722683 -1
3 1907 4268415 1398639
3 1907 722683 -1
4 337 5184088 762904
4 337 763036 -1
4 337 5184088 762904
4 337 763036 -1
4 337 5184088 762904
4 337 763036 -1
4 337 5184088 762904
4 337 763036 -1
5 4668 -1 0
5 4668 630459 -1
5 1216 -1 0
5 1216 584964 -1
5 4668 -1 0
5 4668 630459 -1
5 1216 -1 0
5 1216 584964 -1
5 4668 -1 0
5 4668 630459 -1
5 1216 -1 0
5 1216 584964 -1
5 4668 -1 0
5 4668 630459 -1
5 1216 -1 0
5 1216 584964 -1
102
2 16736 -1 0
2 16736 255168 -1
2 16736 -1 0
2 16736 255168 -1
2 16736 -1 0
2 16736 255168 -1
2 16736 -1 0
2 16736 255168 -1
3 14658 3791936 701408
3 14658 234457 -1
3 15079 3811630 721102
3 15079 256153 -1
3 1907 -1 0
3 1907 1350146 -1
3 14658 3791936 701408
3 14658 234457 -1
3 15079 3811630 721102
3 15079 256153 -1
3 1907 -1 0
3 1907 1350146 -1
3 14658 3791936 701408
3 14658 234457 -1
3 15079 3811630 721102
3 15079 256153 -1
3 1907 -1 0
3 1907 1350146 -1
3 14658 3791936 701408
3 14658 234457 -1
3 15079 3811630 721102
3 15079 256153 -1
3 1907 -1 0
3 1907 1350146 -1
4 337 -1 0
4 337 321203 -1
4 337 -1 0
4 337 321203 -1
4 337 -1 0
4 337 321203 -1
4 337 -1 0
4 337 321203 -1
5 1831 6403442 442530
5 1831 442909 -1
5 1216 -1 0
5 1216 100476 -1
5 1831 6403442 442530
5 1831 442909 -1
5 1216 -1 0
5 1216 100476 -1
5 1831 6403442 442530
5 1831 442909 -1
5 1216 -1 0
5 1216 100476 -1
5 1831 6403442 442530
5 1831 442909 -1
5 1216 -1 0
5 1216 100476 -1
6 5674 7685030 415136
6 5674 857806 -1
6 5674 7685030 415136
6 5674 857806 -1
6 5674 7685030 415136
6 5674 857806 -1
6 5674 7685030 415136
6 5674 857806 -1
103
2 16736 -1 0
2 16736 241848 -1
2 16736 -1 0
2 16736 241848 -1
2 16736 -1 0
2 16736 241848 -1
2 16736 -1 0
2 16736 241848 -1
3 14658 -1 0
3 14658 497126 -1
3 15079 -1 0
3 15079 236002 -1
3 1907 -1 0
3 1907 57229 -1
3 6867 3250306 159778
3 6867 574147 -1
3 8069 3593597 723821
3 8069 299515 -1
3 14658 -1 0
3 14658 497126 -1
3 15079 -1 0
3 15079 236002 -1
3 1907 -1 0
3 1907 57229 -1
3 6867 3250306 159778
3 6867 574147 -1
3 8069 3593597 723821
3 8069 299515 -1
3 14658 -1 0
3 14658 497126 -1
3 15079 -1 0
3 15079 236002 -1
3 1907 -1 0
3 1907 57229 -1
3 6867 3250306 159778
3 6867 574147 -1
3 8069 3593597 723821
3 8069 299515 -1
3 14658 -1 0
3 14658 497126 -1
3 15079 -1 0
3 15079 236002 -1
3 1907 -1 0
3 1907 57229 -1
3 6867 3250306 159778
3 6867 574147 -1
3 8069 3593597 723821
3 8069 299515 -1
4 337 -1 0
4 337 316138 -1
4 337 -1 0
4 337 316138 -1
4 337 -1 0
4 337 316138 -1
4 337 -1 0
4 337 316138 -1
5 1831 -1 0
5 1831 594 -1
5 1831 -1 0
5 1831 594 -1
5 1831 -1 0
5 1831 594 -1
5 1831 -1 0
5 1831 594 -1
6 5674 -1 0
6 5674 621696 -1
6 5674 -1 0
6 5674 621696 -1
6 5674 -1 0
6 5674 621696 -1
6 5674 -1 0
6 5674 621696 -1
104
3 14658 -1 0
3 14658 473661 -1
3 15079 -1 0
3 15079 1128168 -1
3 9229 2982578 759793
3 9229 566918 -1
3 1907 -1 0
3 1907 469878 -1
3 6867 -1 0
3 6867 156662 -1
3 14658 -1 0
3 14658 473661 -1
3 15079 -1 0
3 15079 1128168 -1
3 9229 2982578 759793
3 9229 566918 -1
3 1907 -1 0
3 1907 469878 -1
3 6867 -1 0
3 6867 156662 -1
3 14658 -1 0
3 14658 473661 -1
3 15079 -1 0
3 15079 1128168 -1
3 9229 2982578 759793
3 9229 566918 -1
3 1907 -1 0
3 1907 469878 -1
3 6867 -1 0
3 6867 156662 -1
3 14658 -1 0
3 14658 473661 -1
3 15079 -1 0
3 15079 1128168 -1
3 9229 2982578 759793
3 9229 566918 -1
3 1907 -1 0
3 1907 469878 -1
3 6867 -1 0
3 6867 156662 -1
4 10115 3838998 534965
4 10115 551208 -1
4 337 -1 0
4 337 289095 -1
4 8069 -1 0
4 8069 541393 -1
4 10115 3838998 534965
4 10115 551208 -1
4 337 -1 0
4 337 289095 -1
4 8069 -1 0
4 8069 541393 -1
4 10115 3838998 534965
4 10115 551208 -1
4 337 -1 0
4 337 289095 -1
4 8069 -1 0
4 8069 541393 -1
4 10115 3838998 534965
4 10115 551208 -1
4 337 -1 0
4 337 289095 -1
4 8069 -1 0
4 8069 541393 -1
5 1831 -1 0
5 1831 299 -1
5 1831 -1 0
5 1831 299 -1
5 1831 -1 0
5 1831 299 -1
5 1831 -1 0
5 1831 299 -1
6 5674 -1 0
6 5674 404721 -1
6 5674 -1 0
6 5674 404721 -1
6 5674 -1 0
6 5674 404721 -1
6 5674 -1 0
6 5674 404721 -1
105
3 14658 -1 0
3 14658 54978 -1
3 15079 -1 0
3 15079 71087 -1
3 9229 -1 0
3 9229 571200 -1
3 6867 -1 0
3 6867 161639 -1
3 9995 2690266 474087
3 9995 491012 -1
3 14658 -1 0
3 14658 54978 -1
3 15079 -1 0
3 15079 71087 -1
3 9229 -1 0
3 9229 571200 -1
3 6867 -1 0
3 6867 161639 -1
3 9995 2690266 474087
3 9995 491012 -1
3 14658 -1 0
3 14658 54978 -1
3 15079 -1 0
3 15079 71087 -1
3 9229 -1 0
3 9229 571200 -1
3 6867 -1 0
3 6867 161639 -1
3 9995 2690266 474087
3 9995 491012 -1
3 14658 -1 0
3 14658 54978 -1
3 15079 -1 0
3 15079 71087 -1
3 9229 -1 0
3 9229 571200 -1
3 6867 -1 0
3 6867 161639 -1
3 9995 2690266 474087
3 9995 491012 -1
4 10115 -1 0
4 10115 300483 -1
4 8069 -1 0
4 8069 308481 -1
4 10115 -1 0
4 10115 300483 -1
4 8069 -1 0
4 8069 308481 -1
4 10115 -1 0
4 10115 300483 -1
4 8069 -1 0
4 8069 308481 -1
4 10115 -1 0
4 10115 300483 -1
4 8069 -1 0
4 8069 308481 -1
5 1831 -1 0
5 1831 220866 -1
5 13407 4952987 333924
5 13407 100980 -1
5 1831 -1 0
5 1831 220866 -1
5 13407 4952987 333924
5 13407 100980 -1
5 1831 -1 0
5 1831 220866 -1
5 13407 4952987 333924
5 13407 100980 -1
5 1831 -1 0
5 1831 220866 -1
5 13407 4952987 333924
5 13407 100980 -1
6 5674 -1 0
6 5674 199531 -1
6 5674 -1 0
6 5674 199531 -1
6 5674 -1 0
6 5674 199531 -1
6 5674 -1 0
6 5674 199531 -1
106
2 9735 1185710 74266
2 9735 74182 -1
2 9735 1185710 74266
2 9735 74182 -1
2 9735 1185710 74266
2 9735 74182 -1
2 9735 1185710 74266
2 9735 74182 -1
3 8507 3411000 1188191
3 8507 558308 -1
3 9229 -1 0
3 9229 319341 -1
3 13407 -1 0
3 13407 570105 -1
3 6867 -1 0
3 6867 156553 -1
3 9995 -1 0
3 9995 52609 -1
3 8507 3411000 1188191
3 8507 558308 -1
3 9229 -1 0
3 9229 319341 -1
3 13407 -1 0
3 13407 570105 -1
3 6867 -1 0
3 6867 156553 -1
3 9995 -1 0
3 9995 52609 -1
3 8507 3411000 1188191
3 8507 558308 -1
3 9229 -1 0
3 9229 319341 -1
3 13407 -1 0
3 13407 570105 -1
3 6867 -1 0
3 6867 156553 -1
3 9995 -1 0
3 9995 52609 -1
3 8507 3411000 1188191
3 8507 558308 -1
3 9229 -1 0
3 9229 319341 -1
3 13407 -1 0
3 13407 570105 -1
3 6867 -1 0
3 6867 156553 -1
3 9995 -1 0
3 9995 52609 -1
4 10115 -1 0
4 10115 292736 -1
4 7290 4321628 1037268
4 7290 150075 -1
4 8069 -1 0
4 8069 547177 -1
4 10115 -1 0
4 10115 292736 -1
4 7290 4321628 1037268
4 7290 150075 -1
4 8069 -1 0
4 8069 547177 -1
4 10115 -1 0
4 10115 292736 -1
4 7290 4321628 1037268
4 7290 150075 -1
4 8069 -1 0
4 8069 547177 -1
4 10115 -1 0
4 10115 292736 -1
4 7290 4321628 1037268
4 7290 150075 -1
4 8069 -1 0
4 8069 547177 -1
6 6393 6378750 857970
6 6393 418899 -1
6 6393 6378750 857970
6 6393 418899 -1
6 6393 6378750 857970
6 6393 418899 -1
6 6393 6378750 857970
6 6393 418899 -1
107
2 9735 -1 0
2 9735 41833 -1
2 9735 -1 0
2 9735 41833 -1
2 9735 -1 0
2 9735 41833 -1
2 9735 -1 0
2 9735 41833 -1
3 8507 -1 0
3 8507 1172253 -1
3 9229 -1 0
3 9229 85462 -1
3 1028 2835756 415261
3 1028 201815 -1
3 13407 -1 0
3 13407 84952 -1
3 9995 -1 0
3 9995 273961 -1
3 8507 -1 0
3 8507 1172253 -1
3 9229 -1 0
3 9229 85462 -1
3 1028 2835756 415261
3 1028 201815 -1
3 13407 -1 0
3 13407 84952 -1
3 9995 -1 0
3 9995 273961 -1
3 8507 -1 0
3 8507 1172253 -1
3 9229 -1 0
3 9229 85462 -1
3 1028 2835756 415261
3 1028 201815 -1
3 13407 -1 0
3 13407 84952 -1
3 9995 -1 0
3 9995 273961 -1
3 8507 -1 0
3 8507 1172253 -1
3 9229 -1 0
3 9229 85462 -1
3 1028 2835756 415261
3 1028 201815 -1
3 13407 -1 0
3 13407 84952 -1
3 9995 -1 0
3 9995 273961 -1
4 10115 -1 0
4 10115 79518 -1
4 7290 -1 0
4 7290 400698 -1
4 10115 -1 0
4 10115 79518 -1
4 7290 -1 0
4 7290 400698 -1
4 10115 -1 0
4 10115 79518 -1
4 7290 -1 0
4 7290 400698 -1
4 10115 -1 0
4 10115 79518 -1
4 7290 -1 0
4 7290 400698 -1
6 6393 -1 0
6 6393 652140 -1
6 6393 -1 0
6 6393 652140 -1
6 6393 -1 0
6 6393 652140 -1
6 6393 -1 0
6 6393 652140 -1
108
2 9735 -1 0
2 9735 74129 -1
2 9735 -1 0
2 9735 74129 -1
2 9735 -1 0
2 9735 74129 -1
2 9735 -1 0
2 9735 74129 -1
3 8507 -1 0
3 8507 307255 -1
3 1028 -1 0
3 1028 634659 -1
3 13407 -1 0
3 13407 319586 -1
3 9995 -1 0
3 9995 50948 -1
3 8507 -1 0
3 8507 307255 -1
3 1028 -1 0
3 1028 634659 -1
3 13407 -1 0
3 13407 319586 -1
3 9995 -1 0
3 9995 50948 -1
3 8507 -1 0
3 8507 307255 -1
3 1028 -1 0
3 1028 634659 -1
3 13407 -1 0
3 13407 319586 -1
3 9995 -1 0
3 9995 50948 -1
3 8507 -1 0
3 8507 307255 -1
3 1028 -1 0
3 1028 634659 -1
3 13407 -1 0
3 13407 319586 -1
3 9995 -1 0
3 9995 50948 -1
4 7290 -1 0
4 7290 151394 -1
4 7290 -1 0
4 7290 151394 -1
4 7290 -1 0
4 7290 151394 -1
4 7290 -1 0
4 7290 151394 -1
6 6393 -1 0
6 6393 401685 -1
6 6393 -1 0
6 6393 401685 -1
6 6393 -1 0
6 6393 401685 -1
6 6393 -1 0
6 6393 401685 -1
109
2 9735 -1 0
2 9735 53557 -1
2 9735 -1 0
2 9735 53557 -1
2 9735 -1 0
2 9735 53557 -1
2 9735 -1 0
2 9735 53557 -1
3 8507 -1 0
3 8507 1156421 -1
3 1028 -1 0
3 1028 857298 -1
3 912 2621648 193376
3 912 192455 -1
3 8507 -1 0
3 8507 1156421 -1
3 1028 -1 0
3 1028 857298 -1
3 912 2621648 193376
3 912 192455 -1
3 8507 -1 0
3 8507 1156421 -1
3 1028 -1 0
3 1028 857298 -1
3 912 2621648 193376
3 912 192455 -1
3 8507 -1 0
3 8507 1156421 -1
3 1028 -1 0
3 1028 857298 -1
3 912 2621648 193376
3 912 192455 -1
4 7290 -1 0
4 7290 593962 -1
4 7290 -1 0
4 7290 593962 -1
4 7290 -1 0
4 7290 593962 -1
4 7290 -1 0
4 7290 593962 -1
5 4659 4625022 209982
5 4659 209782 -1
5 4659 4625022 209982
5 4659 209782 -1
5 4659 4625022 209982
5 4659 209782 -1
5 4659 4625022 209982
5 4659 209782 -1
6 6393 -1 0
6 6393 198900 -1
6 6393 -1 0
6 6393 198900 -1
6 6393 -1 0
6 6393 198900 -1
6 6393 -1 0
6 6393 198900 -1
110
3 5450 2608790 415833
3 5450 195966 -1
3 1028 -1 0
3 1028 421072 -1
3 912 -1 0
3 912 417390 -1
3 5450 2608790 415833
3 5450 195966 -1
3 1028 -1 0
3 1028 421072 -1
3 912 -1 0
3 912 417390 -1
3 5450 2608790 415833
3 5450 195966 -1
3 1028 -1 0
3 1028 421072 -1
3 912 -1 0
3 912 417390 -1
3 5450 2608790 415833
3 5450 195966 -1
3 1028 -1 0
3 1028 421072 -1
3 912 -1 0
3 912 417390 -1
5 4761 4409885 149104
5 4761 379335 -1
5 4659 -1 0
5 4659 198451 -1
5 4761 4409885 149104
5 4761 379335 -1
5 4659 -1 0
5 4659 198451 -1
5 4761 4409885 149104
5 4761 379335 -1
5 4659 -1 0
5 4659 198451 -1
5 4761 4409885 149104
5 4761 379335 -1
5 4659 -1 0
5 4659 198451 -1
6 9853 5459890 157734
6 9853 157728 -1
6 9853 5459890 157734
6 9853 157728 -1
6 9853 5459890 157734
6 9853 157728 -1
6 9853 5459890 157734
6 9853 157728 -1
111
3 5450 -1 0
3 5450 406379 -1
3 912 -1 0
3 912 408413 -1
3 5450 -1 0
3 5450 406379 -1
3 912 -1 0
3 912 408413 -1
3 5450 -1 0
3 5450 406379 -1
3 912 -1 0
3 912 408413 -1
3 5450 -1 0
3 5450 406379 -1
3 912 -1 0
3 912 408413 -1
4 8743 3354936 42317
4 8743 42317 -1
4 8743 3354936 42317
4 8743 42317 -1
4 8743 3354936 42317
4 8743 42317 -1
4 8743 3354936 42317
4 8743 42317 -1
5 4761 -1 0
5 4761 145795 -1
5 4659 -1 0
5 4659 429377 -1
5 4761 -1 0
5 4761 145795 -1
5 4659 -1 0
5 4659 429377 -1
5 4761 -1 0
5 4761 145795 -1
5 4659 -1 0
5 4659 429377 -1
5 4761 -1 0
5 4761 145795 -1
5 4659 -1 0
5 4659 429377 -1
6 9853 -1 0
6 9853 369704 -1
6 6662 5918486 396282
6 6662 396465 -1
6 9853 -1 0
6 9853 369704 -1
6 6662 5918486 396282
6 6662 396465 -1
6 9853 -1 0
6 9853 369704 -1
6 6662 5918486 396282
6 6662 396465 -1
6 9853 -1 0
6 9853 369704 -1
6 6662 5918486 396282
6 6662 396465 -1
112
3 5450 -1 0
3 5450 204525 -1
3 912 -1 0
3 912 863623 -1
3 5450 -1 0
3 5450 204525 -1
3 912 -1 0
3 912 863623 -1
3 5450 -1 0
3 5450 204525 -1
3 912 -1 0
3 912 863623 -1
3 5450 -1 0
3 5450 204525 -1
3 912 -1 0
3 912 863623 -1
4 8743 -1 0
4 8743 511776 -1
4 8743 -1 0
4 8743 511776 -1
4 8743 -1 0
4 8743 511776 -1
4 8743 -1 0
4 8743 511776 -1
5 14192 5093875 899587
5 14192 84 -1
5 4761 -1 0
5 4761 378983 -1
5 4659 -1 0
5 4659 873545 -1
5 14192 5093875 899587
5 14192 84 -1
5 4761 -1 0
5 4761 378983 -1
5 4659 -1 0
5 4659 873545 -1
5 14192 5093875 899587
5 14192 84 -1
5 4761 -1 0
5 4761 378983 -1
5 4659 -1 0
5 4659 873545 -1
5 14192 5093875 899587
5 14192 84 -1
5 4761 -1 0
5 4761 378983 -1
5 4659 -1 0
5 4659 873545 -1
6 9853 -1 0
6 9853 173814 -1
6 6662 -1 0
6 6662 859845 -1
6 9853 -1 0
6 9853 173814 -1
6 6662 -1 0
6 6662 859845 -1
6 9853 -1 0
6 9853 173814 -1
6 6662 -1 0
6 6662 859845 -1
6 9853 -1 0
6 9853 173814 -1
6 6662 -1 0
6 6662 859845 -1
113
3 5450 -1 0
3 5450 1071936 -1
3 5450 -1 0
3 5450 1071936 -1
3 5450 -1 0
3 5450 1071936 -1
3 5450 -1 0
3 5450 1071936 -1
4 8743 -1 0
4 8743 268160 -1
4 8743 -1 0
4 8743 268160 -1
4 8743 -1 0
4 8743 268160 -1
4 8743 -1 0
4 8743 268160 -1
5 14192 -1 0
5 14192 995 -1
5 4761 -1 0
5 4761 381405 -1
5 7355 4453430 259142
5 7355 259357 -1
5 14192 -1 0
5 14192 995 -1
5 4761 -1 0
5 4761 381405 -1
5 7355 4453430 259142
5 7355 259357 -1
5 14192 -1 0
5 14192 995 -1
5 4761 -1 0
5 4761 381405 -1
5 7355 4453430 259142
5 7355 259357 -1
5 14192 -1 0
5 14192 995 -1
5 4761 -1 0
5 4761 381405 -1
5 7355 4453430 259142
5 7355 259357 -1
6 9853 -1 0
6 9853 801463 -1
6 6662 -1 0
6 6662 404738 -1
6 9853 -1 0
6 9853 801463 -1
6 6662 -1 0
6 6662 404738 -1
6 9853 -1 0
6 9853 801463 -1
6 6662 -1 0
6 6662 404738 -1
6 9853 -1 0
6 9853 801463 -1
6 6662 -1 0
6 6662 404738 -1
114
4 8743 -1 0
4 8743 69257 -1
4 8743 -1 0
4 8743 69257 -1
4 8743 -1 0
4 8743 69257 -1
4 8743 -1 0
4 8743 69257 -1
5 14192 -1 0
5 14192 442235 -1
5 7355 -1 0
5 7355 239261 -1
5 14192 -1 0
5 14192 442235 -1
5 7355 -1 0
5 7355 239261 -1
5 14192 -1 0
5 14192 442235 -1
5 7355 -1 0
5 7355 239261 -1
5 14192 -1 0
5 14192 442235 -1
5 7355 -1 0
5 7355 239261 -1
6 6662 -1 0
6 6662 414204 -1
6 6662 -1 0
6 6662 414204 -1
6 6662 -1 0
6 6662 414204 -1
6 6662 -1 0
6 6662 414204 -1
115
4 620 3711136 175060
4 620 596727 -1
4 620 3711136 175060
4 620 596727 -1
4 620 3711136 175060
4 620 596727 -1
4 620 3711136 175060
4 620 596727 -1
5 14192 -1 0
5 14192 221915 -1
5 7355 -1 0
5 7355 22377 -1
5 14192 -1 0
5 14192 221915 -1
5 7355 -1 0
5 7355 22377 -1
5 14192 -1 0
5 14192 221915 -1
5 7355 -1 0
5 7355 22377 -1
5 14192 -1 0
5 14192 221915 -1
5 7355 -1 0
5 7355 22377 -1
6 15585 5709498 159221
6 15585 172439 -1
6 15585 5709498 159221
6 15585 172439 -1
6 15585 5709498 159221
6 15585 172439 -1
6 15585 5709498 159221
6 15585 172439 -1
116
1 103 724665 724665
1 103 727082 -1
1 103 724665 724665
1 103 727082 -1
1 103 724665 724665
1 103 727082 -1
1 103 724665 724665
1 103 727082 -1
4 620 -1 0
4 620 820222 -1
4 620 -1 0
4 620 820222 -1
4 620 -1 0
4 620 820222 -1
4 620 -1 0
4 620 820222 -1
5 6034 9708859 859619
5 6034 398707 -1
5 7355 -1 0
5 7355 895244 -1
5 6034 9708859 859619
5 6034 398707 -1
5 7355 -1 0
5 7355 895244 -1
5 6034 9708859 859619
5 6034 398707 -1
5 7355 -1 0
5 7355 895244 -1
5 6034 9708859 859619
5 6034 398707 -1
5 7355 -1 0
5 7355 895244 -1
6 15585 -1 0
6 15585 587109 -1
6 15585 -1 0
6 15585 587109 -1
6 15585 -1 0
6 15585 587109 -1
6 15585 -1 0
6 15585 587109 -1
117
1 103 -1 0
1 103 1141181 -1
1 103 -1 0
1 103 1141181 -1
1 103 -1 0
1 103 1141181 -1
1 103 -1 0
1 103 1141181 -1
3 6223 4547031 352743
3 6223 803534 -1
3 6223 4547031 352743
3 6223 803534 -1
3 6223 4547031 352743
3 6223 803534 -1
3 6223 4547031 352743
3 6223 803534 -1
4 620 -1 0
4 620 805090 -1
4 620 -1 0
4 620 805090 -1
4 620 -1 0
4 620 805090 -1
4 620 -1 0
4 620 805090 -1
5 6034 -1 0
5 6034 1540278 -1
5 6034 -1 0
5 6034 1540278 -1
5 6034 -1 0
5 6034 1540278 -1
5 6034 -1 0
5 6034 1540278 -1
6 15585 -1 0
6 15585 1057158 -1
6 15585 -1 0
6 15585 1057158 -1
6 15585 -1 0
6 15585 1057158 -1
6 15585 -1 0
6 15585 1057158 -1
118
1 103 -1 0
1 103 935381 -1
1 103 -1 0
1 103 935381 -1
1 103 -1 0
1 103 935381 -1
1 103 -1 0
1 103 935381 -1
3 6223 -1 0
3 6223 182645 -1
3 6223 -1 0
3 6223 182645 -1
3 6223 -1 0
3 6223 182645 -1
3 6223 -1 0
3 6223 182645 -1
4 4226 3656046 101338
4 4226 859533 -1
4 620 -1 0
4 620 383286 -1
4 4226 3656046 101338
4 4226 859533 -1
4 620 -1 0
4 620 383286 -1
4 4226 3656046 101338
4 4226 859533 -1
4 620 -1 0
4 620 383286 -1
4 4226 3656046 101338
4 4226 859533 -1
4 620 -1 0
4 620 383286 -1
5 6034 -1 0
5 6034 421145 -1
5 6034 -1 0
5 6034 421145 -1
5 6034 -1 0
5 6034 421145 -1
5 6034 -1 0
5 6034 421145 -1
6 15585 -1 0
6 15585 376503 -1
6 15585 -1 0
6 15585 376503 -1
6 15585 -1 0
6 15585 376503 -1
6 15585 -1 0
6 15585 376503 -1
119
1 103 -1 0
1 103 244570 -1
1 103 -1 0
1 103 244570 -1
1 103 -1 0
1 103 244570 -1
1 103 -1 0
1 103 244570 -1
3 6223 -1 0
3 6223 195306 -1
3 6223 -1 0
3 6223 195306 -1
3 6223 -1 0
3 6223 195306 -1
3 6223 -1 0
3 6223 195306 -1
4 4226 -1 0
4 4226 909146 -1
4 4226 -1 0
4 4226 909146 -1
4 4226 -1 0
4 4226 909146 -1
4 4226 -1 0
4 4226 909146 -1
5 6034 -1 0
5 6034 438063 -1
5 6034 -1 0
5 6034 438063 -1
5 6034 -1 0
5 6034 438063 -1
5 6034 -1 0
5 6034 438063 -1
6 4338 5776827 24502
6 4338 689323 -1
6 4338 5776827 24502
6 4338 689323 -1
6 4338 5776827 24502
6 4338 689323 -1
6 4338 5776827 24502
6 4338 689323 -1
120
3 6223 -1 0
3 6223 398660 -1
3 6223 -1 0
3 6223 398660 -1
3 6223 -1 0
3 6223 398660 -1
3 6223 -1 0
3 6223 398660 -1
4 4226 -1 0
4 4226 98124 -1
4 4226 -1 0
4 4226 98124 -1
4 4226 -1 0
4 4226 98124 -1
4 4226 -1 0
4 4226 98124 -1
6 974 6472538 956075
6 974 122360 -1
6 4338 -1 0
6 4338 504929 -1
6 974 6472538 956075
6 974 122360 -1
6 4338 -1 0
6 4338 504929 -1
6 974 6472538 956075
6 974 122360 -1
6 4338 -1 0
6 4338 504929 -1
6 974 6472538 956075
6 974 122360 -1
6 4338 -1 0
6 4338 504929 -1
121
2 5887 1612208 277199
2 5887 1119525 -1
2 5887 1612208 277199
2 5887 1119525 -1
2 5887 1612208 277199
2 5887 1119525 -1
2 5887 1612208 277199
2 5887 1119525 -1
4 4226 -1 0
4 4226 513010 -1
4 974 -1 0
4 974 1272789 -1
4 4226 -1 0
4 4226 513010 -1
4 974 -1 0
4 974 1272789 -1
4 4226 -1 0
4 4226 513010 -1
4 974 -1 0
4 974 1272789 -1
4 4226 -1 0
4 4226 513010 -1
4 974 -1 0
4 974 1272789 -1
6 4338 -1 0
6 4338 257678 -1
6 4338 -1 0
6 4338 257678 -1
6 4338 -1 0
6 4338 257678 -1
6 4338 -1 0
6 4338 257678 -1
122
2 5887 -1 0
2 5887 706671 -1
2 5887 -1 0
2 5887 706671 -1
2 5887 -1 0
2 5887 706671 -1
2 5887 -1 0
2 5887 706671 -1
6 974 -1 0
6 974 964209 -1
6 4338 -1 0
6 4338 1126842 -1
6 974 -1 0
6 974 964209 -1
6 4338 -1 0
6 4338 1126842 -1
6 974 -1 0
6 974 964209 -1
6 4338 -1 0
6 4338 1126842 -1
6 974 -1 0
6 974 964209 -1
6 4338 -1 0
6 4338 1126842 -1
123
2 5887 -1 0
2 5887 284051 -1
2 5887 -1 0
2 5887 284051 -1
2 5887 -1 0
2 5887 284051 -1
2 5887 -1 0
2 5887 284051 -1
3 14777 3313808 2528
3 14777 2528 -1
3 5696 3509009 197779
3 5696 608111 -1
3 14777 3313808 2528
3 14777 2528 -1
3 5696 3509009 197779
3 5696 608111 -1
3 14777 3313808 2528
3 14777 2528 -1
3 5696 3509009 197779
3 5696 608111 -1
3 14777 3313808 2528
3 14777 2528 -1
3 5696 3509009 197779
3 5696 608111 -1
4 974 -1 0
4 974 785939 -1
4 974 -1 0
4 974 785939 -1
4 974 -1 0
4 974 785939 -1
4 974 -1 0
4 974 785939 -1
124
2 5887 -1 0
2 5887 904062 -1
2 5887 -1 0
2 5887 904062 -1
2 5887 -1 0
2 5887 904062 -1
2 5887 -1 0
2 5887 904062 -1
3 14777 -1 0
3 14777 1106266 -1
3 5696 -1 0
3 5696 206395 -1
3 14777 -1 0
3 14777 1106266 -1
3 5696 -1 0
3 5696 206395 -1
3 14777 -1 0
3 14777 1106266 -1
3 5696 -1 0
3 5696 206395 -1
3 14777 -1 0
3 14777 1106266 -1
3 5696 -1 0
3 5696 206395 -1
125
3 14777 -1 0
3 14777 886283 -1
3 5696 -1 0
3 5696 1020821 -1
3 14777 -1 0
3 14777 886283 -1
3 5696 -1 0
3 5696 1020821 -1
3 14777 -1 0
3 14777 886283 -1
3 5696 -1 0
3 5696 1020821 -1
3 14777 -1 0
3 14777 886283 -1
3 5696 -1 0
3 5696 1020821 -1
126
2 2538 1573190 249899
2 2538 250503 -1
2 2538 1573190 249899
2 2538 250503 -1
2 2538 1573190 249899
2 2538 250503 -1
2 2538 1573190 249899
2 2538 250503 -1
3 14777 -1 0
3 14777 1847 -1
3 5696 -1 0
3 5696 186915 -1
3 14777 -1 0
3 14777 1847 -1
3 5696 -1 0
3 5696 186915 -1
3 14777 -1 0
3 14777 1847 -1
3 5696 -1 0
3 5696 186915 -1
3 14777 -1 0
3 14777 1847 -1
3 5696 -1 0
3 5696 186915 -1
5 3226 5624480 544583
5 3226 123541 -1
5 3226 5624480 544583
5 3226 123541 -1
5 3226 5624480 544583
5 3226 123541 -1
5 3226 5624480 544583
5 3226 123541 -1
127
2 2538 -1 0
2 2538 1177738 -1
2 2538 -1 0
2 2538 1177738 -1
2 2538 -1 0
2 2538 1177738 -1
2 2538 -1 0
2 2538 1177738 -1
5 3226 -1 0
5 3226 99723 -1
5 3226 -1 0
5 3226 99723 -1
5 3226 -1 0
5 3226 99723 -1
5 3226 -1 0
5 3226 99723 -1
128
2 2538 -1 0
2 2538 504614 -1
2 2538 -1 0
2 2538 504614 -1
2 2538 -1 0
2 2538 504614 -1
2 2538 -1 0
2 2538 504614 -1
3 3226 -1 0
3 3226 603244 -1
3 3226 -1 0
3 3226 603244 -1
3 3226 -1 0
3 3226 603244 -1
3 3226 -1 0
3 3226 603244 -1
129
2 2538 -1 0
2 2538 242168 -1
2 2538 -1 0
2 2538 242168 -1
2 2538 -1 0
2 2538 242168 -1
2 2538 -1 0
2 2538 242168 -1
3 3226 -1 0
3 3226 338527 -1
3 10482 3271661 622637
3 10482 420748 -1
3 3226 -1 0
3 3226 338527 -1
3 10482 3271661 622637
3 10482 420748 -1
3 3226 -1 0
3 3226 338527 -1
3 10482 3271661 622637
3 10482 420748 -1
3 3226 -1 0
3 3226 338527 -1
3 10482 3271661 622637
3 10482 420748 -1
130
3 10482 -1 0
3 10482 620879 -1
3 10482 -1 0
3 10482 620879 -1
3 10482 -1 0
3 10482 620879 -1
3 10482 -1 0
3 10482 620879 -1
131
3 10482 -1 0
3 10482 425546 -1
3 10482 -1 0
3 10482 425546 -1
3 10482 -1 0
3 10482 425546 -1
3 10482 -1 0
3 10482 425546 -1
132
3 10482 -1 0
3 10482 862838 -1
3 10482 -1 0
3 10482 862838 -1
3 10482 -1 0
3 10482 862838 -1
3 10482 -1 0
3 10482 862838 -1
