ecc,scan_type,category,event,pl,judgment,source_dir,AffineParam_a,AffineParam_b,AffineParam_c,AffineParam_d,AffineParam_e,AffineParam_f,NumOfPics,Gap,PxLen,ThickOfBase,ThickOfEmul,lens_StagePos_x,lens_StagePos_y,lens_SurfacePos,stage_StagePos_x,stage_StagePos_y,stage_SurfacePos,Track_ax,Track_ay,Track_x,Track_y
6,UTS,IMG,1694,122,l:?,K:\NINJA\E71a\ManualCheck\ScanData\UTS\ECC6\IMG\Event01694\PL122,1.0004006146541387,-0.011121137705819299,0.010789049554906107,1.0004164682110022,-175666.71592545934,21735.18657940832,200,0.5,0.14,210,70,-92550.72844799364,34192.0827943874,8290.5,-92584.17758686033,34235.530541054235,8290.5,0.1569,-0.2085,83178.2,11598.1
6,UTS,IMG,2346,112,k:Retake,K:\NINJA\E71a\ManualCheck\ScanData\PatternMatchFailed\UTS\ECC6\IMG\Event02346\PL112,1.0448824153107859,0.025133274666950846,-0.09296241348191678,0.929017654670851,-149403.50165184922,111031.8687082208,200,0.5,0.14,210,70,-98281.08013864674,121142.5533737554,8294,-98232.25379864665,121199.34241374522,8294,-0.215,-0.3126,48593,15806.8
6,UTS,IMG,3615,80,k:Retake,K:\NINJA\E71a\ManualCheck\ScanData\UTS\ECC6\IMG\Event03615\PL080,1.002340539009723,0.09069459954480738,0.01582205295466136,1.092315843956107,10078.796739884709,-59781.64040370821,200,0.5,0.14,210,70,71139.43749374295,-14616.624829513077,10385.75,71164.87587195185,-14619.888652962734,10385.75,-0.1223,0.016,57277.5,40515.3
6,UTS,IMG,3638,78,k:Retake,K:\NINJA\E71a\ManualCheck\ScanData\UTS\ECC6\IMG\Event03638\PL078,1.00076023057403,-0.01819977006876468,-0.022486319648278148,0.93261770517169,-297575.0220490375,26733.2520174303,200,0.5,0.14,210,70,-240675.95263347583,61829.17916586369,8266.749999999998,-240650.1289669134,61825.62331736311,8251.999999999998,-0.1226,0.0152,57591.2,39016.4
6,UTS,IMG,3638,80,k:Retake,K:\NINJA\E71a\ManualCheck\ScanData\UTS\ECC6\IMG\Event03638\PL080,1.002340539009723,0.09069459954480738,0.01582205295466136,1.092315843956107,10078.796739884709,-59781.64040370821,200,0.5,0.14,210,70,71139.43749374295,-14616.624829513077,10389,71164.87587195185,-14619.888652962734,10389,-0.1223,0.016,57277.5,40515.3
6,UTS,IMG,5497,107,l:?,K:\NINJA\E71a\ManualCheck\ScanData\UTS\ECC6\IMG\Event05497\PL107,1.0003550129816001,-0.00012699414296458595,-0.00010272007070658531,1.0005032500013318,-160894.37132801107,24332.114870768586,200,0.5,0.14,210,70,-93094.04757598604,108375.92606905103,8283.5,-93107.58986595705,108300.14234093226,8283.5,0.06451000000000001,0.3607,67773.38,83932.75
6,UTS,IMG,7506,125,k:Retake,K:\NINJA\E71a\ManualCheck\ScanData\PatternMatchFailed\UTS\ECC6\IMG\Event07506\PL125,1.014701562786362,0.01707430922831924,-0.08531114870358425,0.9218840810517988,-163085.20614315008,109767.4063290947,200,0.5,0.14,210,70,-89499.6511038723,141548.20865006404,8288.75,-89490.14756230635,141637.28095253604,8288.75,-0.0368,-0.4635,71835.2,41218
6,UTS,IMG,7633,115,l:?,K:\NINJA\E71a\ManualCheck\ScanData\UTS\ECC6\IMG\Event07633\PL115,1.000419566453676,0.012730878611280387,-0.013730723592334123,1.0004357157659494,-173269.00711820213,-53104.427648800985,200,0.5,0.14,210,70,-158318.14094643746,98.17145645346277,8295.25,-158330.23249674242,101.56288033360033,8295.25,0.05775,-0.01535,14253.24,53378.44
6,UTS,IMG,7982,54,l:?,K:\NINJA\E71a\ManualCheck\ScanData\UTS\ECC6\IMG\Event07982\PL054,1.0001401683164215,0.06195476075638727,-0.005136260716210434,0.9033041819868117,-54781.827400023954,-197200.1743679249,200,0.5,0.14,210,70,9301.706768620212,-160414.18892658668,8002.750000000001,9391.705073390222,-160357.96959721085,8002.750000000001,-0.41,-0.2987,61616.3,41136.4
6,UTS,IMG,8742,43,k:Retake,K:\NINJA\E71a\ManualCheck\ScanData\UTS\ECC6\IMG\Event08742\PL043,0.9502515494544923,-0.04151386385520463,-0.15585350909913548,1.0879088925908118,-162305.21698568325,-77664.74635744383,200,0.5,0.14,210,70,-102529.74617370893,-15497.86035991991,5326.75,-102549.37512247846,-15411.624797301229,5326.75,0.08239,-0.36566000000000004,65795.93000000001,66648.64
4,UTS,IMG,1587,18,k:Retake,K:\NINJA\E71a\ManualCheck\ScanData\PatternMatchFailed\UTS\ECC4\IMG\Event01587\PL018,0.943781114241183,-0.0497346970345384,-0.010510505350117228,0.9861870947842498,-32595.860217484744,-253834.28234774503,200,0.5,0.14,210,70,81550.03476940742,-181528.23918454038,2025.2500000000002,81518.2378325586,-181494.0537075718,2025.2500000000002,0.15182,-0.16345,124847.26000000001,74684.04000000001
4,UTS,IMG,3858,20,k:Retake,K:\NINJA\E71a\ManualCheck\ScanData\PatternMatchFailed\UTS\ECC4\IMG\Event03858\PL020,0.9258724351867856,-0.055385694890116806,-0.04364021698390885,0.9677818965258631,-41008.68911655362,-252243.76478718425,200,0.5,0.14,210,70,8200.761621985655,-201306.49355786707,2017,8159.472949994751,-201396.2202934897,2017,0.23941,0.45229,56399.78,55083.53
4,UTS,IMG,10208,18,l:?,K:\NINJA\E71a\ManualCheck\ScanData\UTS\ECC4\IMG\Event10208\PL018,1.057836896269709,0.0338647907297645,-0.03065723946992859,0.97550090268896,-46200.77084325246,-172703.39524591065,200,0.5,0.14,210,70,51506.14338201124,-106049.68232683575,2032.5000000000002,51474.36451142933,-105995.30186264454,2032.5000000000002,0.1514,-0.2607,90055,71213.6
4,UTS,IMG,10208,19,k:Retake,K:\NINJA\E71a\ManualCheck\ScanData\PatternMatchFailed\UTS\ECC4\IMG\Event10208\PL019,0.9990187365436499,0.055545357913302194,-0.00295914102856482,0.9228853470009963,-34972.85655107802,-170646.01711783768,200,0.5,0.14,210,70,60831.82535374477,-104585.1718522704,2031.4999999999998,60803.08834661389,-104534.45560014488,2031.4999999999998,0.1515,-0.2612,91870.7,71930.3
4,UTS,IMG,10208,20,k:Retake,K:\NINJA\E71a\ManualCheck\ScanData\PatternMatchFailed\UTS\ECC4\IMG\Event10208\PL020,0.9880999435439901,0.026107748750271675,0.14185723039198142,0.9991328627497258,-51394.084178351084,-188054.3007642603,200,0.5,0.14,210,70,40422.49782777006,-102064.40834639917,2017.5,40392.116698945654,-102014.29661117036,2017.5,0.1533,-0.2606,90957.5,73200.5
6,UTS,Ref/IMG,2346,112,k:Retake,K:\NINJA\E71a\ManualCheck\ScanData\UTS\ECC6\Ref\IMG\Event02346\PL112,1.0448824153107859,0.025133274666950846,-0.09296241348191678,0.929017654670851,-149403.50165184922,111031.8687082208,200,0.5,0.14,210,70,-97375.83712564556,120942.46999690073,8294.75,-97436.30841818207,121062.16660185234,8279.75,0.28965,-0.58455,49356.47,15735.54
6,UTS,Ref/IMG,3615,78,l:?,K:\NINJA\E71a\ManualCheck\ScanData\UTS\ECC6\Ref\IMG\Event03615\PL078,1.00076023057403,-0.01819977006876468,-0.022486319648278148,0.93261770517169,-297575.0220490375,26733.2520174303,200,0.5,0.14,210,70,-241524.20005069475,61678.97059408222,8265.25,-241524.3421277142,61715.530726251825,8251,-0.00272,-0.18674000000000002,56715.12,38877.23
6,UTS,Ref/IMG,3615,80,l:?,K:\NINJA\E71a\ManualCheck\ScanData\UTS\ECC6\Ref\IMG\Event03615\PL080,1.002340539009723,0.09069459954480738,0.01582205295466136,1.092315843956107,10078.796739884709,-59781.64040370821,200,0.5,0.14,210,70,70669.489162396,-14759.22582323914,10387.5,70712.90191292942,-14837.74921517241,10387.5,-0.23753000000000002,0.34576,56844.06,40322.13
6,UTS,Ref/IMG,3638,78,l:?,K:\NINJA\E71a\ManualCheck\ScanData\UTS\ECC6\Ref\IMG\Event03638\PL078,1.00076023057403,-0.01819977006876468,-0.022486319648278148,0.93261770517169,-297575.0220490375,26733.2520174303,200,0.5,0.14,210,70,-241524.20005069475,61678.97059408222,8253.5,-241524.3421277142,61715.530726251825,8253.5,-0.00272,-0.18674000000000002,56715.12,38877.23
6,UTS,Ref/IMG,3638,80,l:?,K:\NINJA\E71a\ManualCheck\ScanData\UTS\ECC6\Ref\IMG\Event03638\PL080,1.002340539009723,0.09069459954480738,0.01582205295466136,1.092315843956107,10078.796739884709,-59781.64040370821,200,0.5,0.14,210,70,70669.489162396,-14759.22582323914,10390.5,70712.90191292942,-14837.74921517241,10390.5,-0.23753000000000002,0.34576,56844.06,40322.13
6,UTS,Ref/IMG,5228,43,k:Retake,K:\NINJA\E71a\ManualCheck\ScanData\UTS\ECC6\Ref\IMG\Event05228\PL043,0.9502515494544923,-0.04151386385520463,-0.15585350909913548,1.0879088925908118,-162305.21698568325,-77664.74635744383,200,0.5,0.14,210,70,-92374.086670686,-18654.052393358223,5325,-92349.9704851392,-18655.934965613895,5325,-0.12125000000000001,-0.009130000000000001,76465.8,65195.05
6,UTS,Ref/IMG,7506,125,k:Retake,K:\NINJA\E71a\ManualCheck\ScanData\UTS\ECC6\Ref\IMG\Event07506\PL125,1.014701562786362,0.01707430922831924,-0.08531114870358425,0.9218840810517988,-163085.20614315008,109767.4063290947,200,0.5,0.14,210,70,-88943.0583796916,141269.41053651867,8289.499999999998,-89034.05130999813,141192.23078867167,8289.499999999998,0.41966000000000003,0.43750000000000006,72292.1,40777.520000000004
6,UTS,Ref/IMG,7633,115,l:?,K:\NINJA\E71a\ManualCheck\ScanData\UTS\ECC6\Ref\IMG\Event07633\PL115,1.000419566453676,0.012730878611280387,-0.013730723592334123,1.0004357157659494,-173269.00711820213,-53104.427648800985,200,0.5,0.14,210,70,-76913.74681262166,12031.55395949609,8291.75,-76650.38736573224,12143.140041254688,8291.75,-1.24659,-0.5482400000000001,95731.43000000001,66533.04000000001
6,UTS,Ref/IMG,8742,43,k:Retake,K:\NINJA\E71a\ManualCheck\ScanData\UTS\ECC6\Ref\IMG\Event08742\PL043,0.9502515494544923,-0.04151386385520463,-0.15585350909913548,1.0879088925908118,-162305.21698568325,-77664.74635744383,200,0.5,0.14,210,70,-59804.229672530266,-17879.454336444524,5322.5,-60037.582126991256,-17947.575070216502,5322.5,1.18985,0.46863000000000005,110712.62,70752.36
4,FTS,IMG,633,64,k:Retake,K:\NINJA\E71a\ManualCheck\ScanData\PatternMatchFailed\FTS\ECC4\IMG\Event00633\PL064,1.0509098723933736,0.03161640100710062,-0.07868054266985454,0.9429357629276255,-109981.91772331327,-99230.72712533697,200,0.5,0.156,210,70,-13141.552383122482,-79356.32177961202,4844.25,-13150.159962826277,-79383.4096886832,4832.999999999999,0.0348,0.1397,91278.5,28664.9
4,FTS,IMG,3933,64,k:Retake,K:\NINJA\E71a\ManualCheck\ScanData\PatternMatchFailed\FTS\ECC4\IMG\Event03933\PL064,1.0509098723933736,0.03161640100710062,-0.07868054266985454,0.9429357629276255,-109981.91772331327,-99230.72712533697,200,0.5,0.156,210,70,20937.188291405553,-60318.56749057184,4851.25,20954.35162122904,-60282.301659137884,4838.25,-0.07208,-0.18916000000000002,123041.7,51572.35
4,FTS,IMG,5414,49,k:Retake,K:\NINJA\E71a\ManualCheck\ScanData\PatternMatchFailed\FTS\ECC4\IMG\Event05414\PL049,0.9028473585723139,0.013129020088615481,-0.06694055972306585,0.9245869347017779,-291981.2762845203,-28408.12023174272,200,0.5,0.156,210,70,-213152.43877542677,-23459.155976303085,4843.5,-213177.82526906236,-23529.403569707203,4843.5,0.1285,0.3711,87114.8,11583.8
4,FTS,IMG,6107,64,k:Retake,K:\NINJA\E71a\ManualCheck\ScanData\PatternMatchFailed\FTS\ECC4\IMG\Event06107\PL064,1.0509098723933736,0.03161640100710062,-0.07868054266985454,0.9429357629276255,-109981.91772331327,-99230.72712533697,200,0.5,0.156,210,70,22899.113211073443,-76379.9803112373,4855.25,22925.351192807022,-76353.63668282056,4844.749999999999,-0.1146,-0.1426,125424,34727.2
4,FTS,IMG,7277,64,k:Retake,K:\NINJA\E71a\ManualCheck\ScanData\PatternMatchFailed\FTS\ECC4\IMG\Event07277\PL064,1.0509098723933736,0.03161640100710062,-0.07868054266985454,0.9429357629276255,-109981.91772331327,-99230.72712533697,200,0.5,0.156,210,70,420.5948200665837,-72665.23303189524,4844.25,399.5356386993226,-72611.68549250887,4834.25,0.1033,-0.2618,103924,36901.6
4,FTS,IMG,8322,38,k:Retake,K:\NINJA\E71a\ManualCheck\ScanData\PatternMatchFailed\FTS\ECC4\IMG\Event08322\PL038,1.0006712344961952,0.07828961876752916,0.0036485470110033057,0.9229779583561751,-58769.19756879342,-9558.93561918314,200,0.5,0.156,210,70,61329.503117813794,26839.248724311197,-352.5,61348.75087389286,27018.861947637954,-352.5,-0.0191,-0.9266,116973,39167.8
4,FTS,IMG,11357,49,k:Retake,K:\NINJA\E71a\ManualCheck\ScanData\PatternMatchFailed\FTS\ECC4\IMG\Event11357\PL049,0.9028473585723139,0.013129020088615481,-0.06694055972306585,0.9245869347017779,-291981.2762845203,-28408.12023174272,200,0.5,0.156,210,70,-218698.2210166494,-2343.854788469793,4836.75,-218731.01526477208,-2294.6059548072444,4836.75,0.17647000000000002,-0.24087000000000003,80636.89,34081.590000000004
4,FTS,IMG,12037,64,k:Retake,K:\NINJA\E71a\ManualCheck\ScanData\PatternMatchFailed\FTS\ECC4\IMG\Event12037\PL064,1.0144747247278352,-0.0017765576707148914,0.030808034348768616,0.9737746802961926,17412.215795973603,-265535.1630382486,200,0.5,0.156,210,70,28079.924212162958,-203890.94273046212,4879.75,27893.004944760138,-203850.87163299188,4879.75,0.877,-0.2237,10441.6,63015.2
4,FTS,Ref/IMG,633,64,k:Retake,K:\NINJA\E71a\ManualCheck\ScanData\PatternMatchFailed\FTS\ECC4\Ref\IMG\Event00633\PL064,1.0509098723933736,0.03161640100710062,-0.07868054266985454,0.9429357629276255,-109981.91772331327,-99230.72712533697,200,0.5,0.156,210,70,-14165.074697298674,-79147.25393518092,4842.25,-14211.802262890007,-79151.29702195301,4831.75,0.21059000000000003,0.03799,90263.43000000001,28826.36
4,FTS,Ref/IMG,3933,64,k:Retake,K:\NINJA\E71a\ManualCheck\ScanData\PatternMatchFailed\FTS\ECC4\Ref\IMG\Event03933\PL064,1.0509098723933736,0.03161640100710062,-0.07868054266985454,0.9429357629276255,-109981.91772331327,-99230.72712533697,200,0.5,0.156,210,70,-77305.63601232086,-59887.642330590825,4815.25,-77388.04242651243,-60038.72519412425,4803.25,0.34957000000000005,0.79215,29689.940000000002,44041.200000000004
4,FTS,Ref/IMG,5414,49,k:Retake,K:\NINJA\E71a\ManualCheck\ScanData\PatternMatchFailed\FTS\ECC4\Ref\IMG\Event05414\PL049,0.9028473585723139,0.013129020088615481,-0.06694055972306585,0.9245869347017779,-291981.2762845203,-28408.12023174272,200,0.5,0.156,210,70,-213380.9104192528,-24397.162015531405,4843.75,-213403.15321220199,-24442.90357690865,4843.75,0.11377000000000001,0.24382,86879.84,10578.78
4,FTS,Ref/IMG,6107,64,k:Retake,K:\NINJA\E71a\ManualCheck\ScanData\PatternMatchFailed\FTS\ECC4\Ref\IMG\Event06107\PL064,1.0509098723933736,0.03161640100710062,-0.07868054266985454,0.9429357629276255,-109981.91772331327,-99230.72712533697,200,0.5,0.156,210,70,22734.756734649254,-75988.67323184773,4855.5,22781.09421953492,-76061.2589513627,4844.25,-0.22044000000000002,0.34817000000000004,125277.77,35025.07
4,FTS,Ref/IMG,7277,64,k:Retake,K:\NINJA\E71a\ManualCheck\ScanData\PatternMatchFailed\FTS\ECC4\Ref\IMG\Event07277\PL064,1.0509098723933736,0.03161640100710062,-0.07868054266985454,0.9429357629276255,-109981.91772331327,-99230.72712533697,200,0.5,0.156,210,70,207.78587867350294,-73351.77681873186,4844.75,177.3621766680444,-73355.15070956506,4834.5,0.137,0.028470000000000002,103736.78,36097.520000000004
4,FTS,Ref/IMG,8322,38,k:Retake,K:\NINJA\E71a\ManualCheck\ScanData\PatternMatchFailed\FTS\ECC4\Ref\IMG\Event08322\PL038,1.0006712344961952,0.07828961876752916,0.0036485470110033057,0.9229779583561751,-58769.19756879342,-9558.93561918314,200,0.5,0.156,210,70,62015.193129530264,27152.644983696857,-353.75,62121.508810950734,27058.11662714695,-353.75,-0.54425,0.48985000000000006,117742.15000000001,39207.29
4,FTS,Ref/IMG,11357,49,k:Retake,K:\NINJA\E71a\ManualCheck\ScanData\PatternMatchFailed\FTS\ECC4\Ref\IMG\Event11357\PL049,0.9028473585723139,0.013129020088615481,-0.06694055972306585,0.9245869347017779,-291981.2762845203,-28408.12023174272,200,0.5,0.156,210,70,-241777.8459114474,-2303.665558247735,4825,-241695.46233756642,-2062.2698782539264,4825,-0.41600000000000004,-1.2733800000000002,55224.41,32493
4,FTS,Ref/IMG,12037,64,k:Retake,K:\NINJA\E71a\ManualCheck\ScanData\PatternMatchFailed\FTS\ECC4\Ref\IMG\Event12037\PL064,1.0144747247278352,-0.0017765576707148914,0.030808034348768616,0.9737746802961926,17412.215795973603,-265535.1630382486,200,0.5,0.156,210,70,28310.528239845116,-203209.52806145197,4883,28295.658495067662,-203309.47492491972,4883,0.07065,0.48652000000000006,10839.460000000001,63558.590000000004
4,UTS,IMG,5130,29,k:Retake,K:\NINJA\E71a\ManualCheck\ScanData\PatternMatchFailed\UTS\ECC4\IMG\Event05130\PL029,1.0164176993674203,-0.10193117900061074,-0.003197315133216325,1.0142720679006552,3749.9664516589323,-19959.309222461114,200,0.5,0.14,210,70,20156.973936329552,-3203.134169116352,10954.25,20012.62544455444,-3224.398935874604,10954.25,0.6865,0.102,17660.2,16555.1
4,UTS,IMG,9955,35,l:?,K:\NINJA\E71a\ManualCheck\ScanData\PatternMatchFailed\UTS\ECC4\IMG\Event09955\PL035_chk,0.9346841527931392,0.04244408497461964,-0.07873285073897847,1.0583088601027182,-124502.6236907967,-95096.53462511754,200,0.5,0.14,210,70,-16741.592600668147,-68661.85987095328,10971.75,-16719.62243780869,-68680.7473902096,10971.75,-0.1154,0.0764,113797,33426.3
4,UTS,Ref/IMG,5130,29,k:Retake,K:\NINJA\E71a\ManualCheck\ScanData\PatternMatchFailed\UTS\ECC4\Ref\IMG\Event05130\PL029,1.0164176993674203,-0.10193117900061074,-0.003197315133216325,1.0142720679006552,3749.9664516589323,-19959.309222461114,200,0.5,0.14,210,70,20505.249565022375,-2412.048339835239,10955.75,20500.9093991232,-2413.8105216310723,10955.75,0.02117,0.00834,18220.920000000002,17356.05
4,UTS,Ref/IMG,9955,35,l:?,K:\NINJA\E71a\ManualCheck\ScanData\PatternMatchFailed\UTS\ECC4\Ref\IMG\Event09955\PL035_chk,0.9346841527931392,0.04244408497461964,-0.07873285073897847,1.0583088601027182,-124502.6236907967,-95096.53462511754,200,0.5,0.14,210,70,-16625.03101896641,-69346.40456638667,10973.5,-16644.465944921467,-69333.69127624278,10973.5,0.10127000000000001,-0.049670000000000006,113905.06,32817.37
4,UTS,IMG,212,71,l:?,K:\NINJA\E71a\ManualCheck\ScanData\PatternMatchFailed\UTS\ECC4\IMG\Event00212\PL071_chk,0.9463298584766878,-0.029448892101959463,0.005398619733566055,0.9974214110003451,22273.365620142948,-191950.01722954123,200,0.5,0.14,210,70,38079.49283926394,-109103.6327583528,13853.5,38088.64163914186,-109140.17912902632,13853.5,-0.0406,0.1747,19292.6,82919.5
4,UTS,IMG,1751,53,k:Retake,K:\NINJA\E71a\ManualCheck\ScanData\PatternMatchFailed\UTS\ECC4\IMG\Event01751\PL053,1.0006229302273146,0.07836848893479703,0.002877081893085575,1.0888257423632992,-304457.39557236986,-116512.97169065075,200,0.5,0.14,210,70,-239513.8529270276,-69381.7593469648,7317.25,-239546.80279221022,-69332.54375462918,7317.25,0.1737,-0.2157,61489.2,43169
4,UTS,IMG,1936,59,k:Retake,K:\NINJA\E71a\ManualCheck\ScanData\PatternMatchFailed\UTS\ECC4\IMG\Event01936\PL059,1.1491470106530939,0.012503117613146224,0.005945050771759091,1.1369561550737464,-122066.75198060772,-206358.0875378023,200,0.5,0.14,210,70,-45245.90694661954,-194789.1029593998,12965.25,-45263.315229144435,-194825.12447515756,12965.25,0.0705,0.1505,66728.6,9794.8
4,UTS,IMG,1936,60,k:Retake,K:\NINJA\E71a\ManualCheck\ScanData\PatternMatchFailed\UTS\ECC4\IMG\Event01936\PL060,0.885147732234801,-0.017429334898508394,0.1162820059563535,0.9683314324358466,-107126.52933439174,-204265.0275338744,200,0.5,0.14,210,70,-47902.31340044739,-184029.5890813636,12973.75,-47915.24184866946,-184061.80091014577,12973.75,0.0725,0.1497,67146.3,12800.7
4,UTS,IMG,2069,41,k:Retake,K:\NINJA\E71a\ManualCheck\ScanData\PatternMatchFailed\UTS\ECC4\IMG\Event02069\PL041,1.042843396137893,0.0960184581313294,0.07993404647906298,1.1619490353663093,14440.595131175032,-122215.34010078505,200,0.5,0.14,210,70,81113.8276102696,-71382.90253313503,4847.75,81133.40865401035,-71344.7653739869,4847.75,-0.0755,-0.1511,60303.8,39631.9
4,UTS,IMG,2395,71,k:Retake,K:\NINJA\E71a\ManualCheck\ScanData\PatternMatchFailed\UTS\ECC4\IMG\Event02395\PL071,1.0665655823068514,0.07211958285444839,0.012595920756214704,1.0488990744908957,10947.073782764446,-110870.0504393808,200,0.5,0.14,210,70,76244.71657972288,-83123.99902527654,13862,76205.59502331715,-83055.02266519447,13844.25,0.196,-0.3155,59440.8,25804.5
4,UTS,IMG,3679,56,l:?,K:\NINJA\E71a\ManualCheck\ScanData\PatternMatchFailed\UTS\ECC4\IMG\Event03679\PL056_chk,1.0331124537693979,0.025351600590048373,-0.0704596248260668,0.9532284270343477,-307067.4360261107,-105249.5976445476,200,0.5,0.14,210,70,-182530.2930301269,-102361.75741175465,7352.5,-182524.56224871235,-102375.10321118977,7352.5,-0.028,0.0646,120259,11904.7
4,UTS,IMG,5414,48,k:Retake,K:\NINJA\E71a\ManualCheck\ScanData\PatternMatchFailed\UTS\ECC4\IMG\Event05414\PL048,1.0010812948893322,0.07346009135613085,0.00739110324337263,0.985228374577622,18425.024770615822,-34956.22882511374,200,0.5,0.14,210,70,108869.69001470375,-20758.479555802776,4862.25,108836.71824324236,-20835.39645272462,4862.25,0.12963000000000002,0.37079,89311.47,13662.54
4,UTS,IMG,5775,75,k:Retake,K:\NINJA\E71a\ManualCheck\ScanData\PatternMatchFailed\UTS\ECC4\IMG\Event05775\PL075,1.04828191481861,-0.08763385089684504,-0.0673497154115921,0.9439980866188602,18131.733848153523,-263232.3694769911,200,0.5,0.14,210,70,79035.86797852277,-188325.89653747642,13871,78976.18488247154,-188260.97429049152,13871,0.2452,-0.31,65069.4,84061.4
4,UTS,IMG,5851,59,k:Retake,K:\NINJA\E71a\ManualCheck\ScanData\PatternMatchFailed\UTS\ECC4\IMG\Event05851\PL059,1.0159723342684386,0.0888025701932424,0.10957110772571481,0.9367970782045034,-113530.00789467417,-284529.5523375675,200,0.5,0.14,210,70,-27084.303150143343,-214294.74266811635,12968.5,-27143.250274674996,-214275.05284603115,12968.5,0.28798,-0.13377,79284.21,65721
4,UTS,IMG,5851,60,k:Retake,K:\NINJA\E71a\ManualCheck\ScanData\PatternMatchFailed\UTS\ECC4\IMG\Event05851\PL060,1.0437200684411467,0.06891266808471572,0.07596633105958468,1.146575918139348,-121849.70603650881,-288164.0574503528,200,0.5,0.14,210,70,-34786.285378354136,-202650.0892472985,12978.25,-34847.219346746526,-202621.87337366084,12978.25,0.287,-0.1362,78776.7,69387.3
4,UTS,IMG,6357,72,l:?,K:\NINJA\E71a\ManualCheck\ScanData\PatternMatchFailed\UTS\ECC4\IMG\Event06357\PL072_chk,0.999602432684947,-0.05487653307086505,0.008541661120012516,1.1256921062985055,-99503.95033119789,-191360.37749611426,200,0.5,0.14,210,70,-19157.47682472235,-133237.82823673537,13850,-19156.46239302543,-133212.11269053747,13834.249999999998,-0.0108,-0.1087,83180.6,51024.4
4,UTS,IMG,7224,41,k:Retake,K:\NINJA\E71a\ManualCheck\ScanData\PatternMatchFailed\UTS\ECC4\IMG\Event07224\PL041,1.042843396137893,0.0960184581313294,0.07993404647906298,1.1619490353663093,14440.595131175032,-122215.34010078505,200,0.5,0.14,210,70,94723.00277655052,-104242.83498573472,4854.5,94681.82450025954,-104208.94284595452,4854.5,0.2021,-0.1528,75999.2,10268.5
4,UTS,IMG,7277,61,k:Retake,K:\NINJA\E71a\ManualCheck\ScanData\PatternMatchFailed\UTS\ECC4\IMG\Event07277\PL061,1.0035516188624107,-0.0055569990114440375,-0.0051522992650980095,1.0204277706845106,-104950.3758636488,-116427.90700030449,200,0.5,0.14,210,70,-3569.190332702355,-80513.75125204197,12975.25,-3591.8336791116017,-80457.76048820707,12975.25,0.10600000000000001,-0.26075000000000004,101197.85,35761.03
4,UTS,IMG,8950,75,k:Retake,K:\NINJA\E71a\ManualCheck\ScanData\PatternMatchFailed\UTS\ECC4\IMG\Event08950\PL075,0.9990265970925537,0.09255143414715082,0.0012115749217984602,1.1183798798063838,-108140.00047639945,-194789.1134834244,200,0.5,0.14,210,70,24473.82929988863,-103102.51023238926,13861.75,24409.536775359695,-103059.27501405221,13861.75,0.32354000000000005,-0.18444000000000002,125092.75,81884.77
4,UTS,IMG,9177,61,k:Retake,K:\NINJA\E71a\ManualCheck\ScanData\PatternMatchFailed\UTS\ECC4\IMG\Event09177\PL061,1.0035516188624107,-0.0055569990114440375,-0.0051522992650980095,1.0204277706845106,-104950.3758636488,-116427.90700030449,200,0.5,0.14,210,70,-17427.616779871416,-107612.52432459035,12970.25,-17474.685899539298,-107591.17571037573,12970.25,0.2228,-0.0985,87216.5,9100.2
4,UTS,IMG,9870,72,k:Retake,K:\NINJA\E71a\ManualCheck\ScanData\PatternMatchFailed\UTS\ECC4\IMG\Event09870\PL072,0.999602432684947,-0.05487653307086505,0.008541661120012516,1.1256921062985055,-99503.95033119789,-191360.37749611426,200,0.5,0.14,210,70,7826.472796736901,-146259.8284715038,13858.25,7822.318074715615,-146215.09569444117,13858.25,0.0094,-0.1893,109525,39273.4
4,UTS,IMG,10490,72,l:?,K:\NINJA\E71a\ManualCheck\ScanData\PatternMatchFailed\UTS\ECC4\IMG\Event10490\PL072_chk,0.999602432684947,-0.05487653307086505,0.008541661120012516,1.1256921062985055,-99503.95033119789,-191360.37749611426,200,0.5,0.14,210,70,-18210.10902548215,-182318.11018604602,13856.5,-18338.260861357892,-182405.40724696324,13856.5,0.6305,0.3645,81600.7,7335.9
4,UTS,IMG,10490,74,k:Retake,K:\NINJA\E71a\ManualCheck\ScanData\PatternMatchFailed\UTS\ECC4\IMG\Event10490\PL074,0.9611478278230647,-0.027739722815353866,-0.055780951569395054,0.9613966942005109,-102532.52732699442,-182096.51326338403,200,0.5,0.14,210,70,-28693.395793376752,-179522.52807768865,13837.75,-28818.592621681557,-179588.7693752149,13837.75,0.6308,0.3647,76897.7,7070.1
4,UTS,IMG,10856,44,l:?,K:\NINJA\E71a\ManualCheck\ScanData\PatternMatchFailed\UTS\ECC4\IMG\Event10856\PL044_chk,0.9979646365006857,-0.005557135668268365,-0.03424092495754494,1.0296158797903368,139553.97466726048,-32375.27251359715,200,0.5,0.14,210,70,173908.9950378055,14381.882543290161,4869.75,173905.99508777162,14333.63697471838,4869.75,0.015560000000000001,0.22365000000000002,34681.12,46518.73
4,UTS,IMG,10856,45,k:Retake,K:\NINJA\E71a\ManualCheck\ScanData\PatternMatchFailed\UTS\ECC4\IMG\Event10856\PL045,0.9998045869959683,-0.0879541987799506,0.0018516269224760444,0.9278172243288287,151158.5895030178,-30069.922318291105,200,0.5,0.14,210,70,182492.7965807165,11549.06833856378,4872.25,182493.5690617003,11505.476047350025,4872.25,0.016,0.2237,35276.9,44739.5
4,UTS,Ref/IMG,212,71,l:?,K:\NINJA\E71a\ManualCheck\ScanData\PatternMatchFailed\UTS\ECC4\Ref\IMG\Event00212\PL071_chk,0.9463298584766878,-0.029448892101959463,0.005398619733566055,0.9974214110003451,22273.365620142948,-191950.01722954123,200,0.5,0.14,210,70,36312.922223635054,-111440.35135792969,13853,36322.41043511364,-111452.24256473398,13853,-0.045970000000000004,0.05702,17354.39,80611.95
4,UTS,Ref/IMG,1751,53,k:Retake,K:\NINJA\E71a\ManualCheck\ScanData\PatternMatchFailed\UTS\ECC4\Ref\IMG\Event01751\PL053,1.0006229302273146,0.07836848893479703,0.002877081893085575,1.0888257423632992,-304457.39557236986,-116512.97169065075,200,0.5,0.14,210,70,-238947.3072880923,-67407.47603620055,7318.25,-238944.03512912375,-67387.49560010721,7318.25,-0.00873,-0.08736000000000001,61951.78,44954.15
4,UTS,Ref/IMG,1936,58,k:Retake,K:\NINJA\E71a\ManualCheck\ScanData\PatternMatchFailed\UTS\ECC4\Ref\IMG\Event01936\PL058,1.034976880523527,-0.023428944930927835,-0.12969267015295807,0.9822926682151103,-122044.12171207603,-44853.277227096194,200,0.5,0.14,210,70,-111207.77949378557,-26906.52288120857,8865.25,-110743.76187490024,-27272.699332843404,8840.25,-2.10103,1.4977300000000002,11357.56,19397.04
4,UTS,Ref/IMG,1936,59,k:Retake,K:\NINJA\E71a\ManualCheck\ScanData\PatternMatchFailed\UTS\ECC4\Ref\IMG\Event01936\PL059,1.1491470106530939,0.012503117613146224,0.005945050771759091,1.1369561550737464,-122066.75198060772,-206358.0875378023,200,0.5,0.14,210,70,-44622.69834750634,-195603.49740311704,12966.5,-44557.924438122565,-195439.15967855486,12966.5,-0.26094,-0.68693,67348.35,9251.49
4,UTS,Ref/IMG,1936,60,k:Retake,K:\NINJA\E71a\ManualCheck\ScanData\PatternMatchFailed\UTS\ECC4\Ref\IMG\Event01936\PL060,0.885147732234801,-0.017429334898508394,0.1162820059563535,0.9683314324358466,-107126.52933439174,-204265.0275338744,200,0.5,0.14,210,70,-47535.035897062895,-184350.95123168922,12974,-47557.868728625064,-184339.39932972373,12974,0.12143000000000001,-0.07139000000000001,67543.46,12466.33
4,UTS,Ref/IMG,2069,41,k:Retake,K:\NINJA\E71a\ManualCheck\ScanData\PatternMatchFailed\UTS\ECC4\Ref\IMG\Event02069\PL041,1.042843396137893,0.0960184581313294,0.07993404647906298,1.1619490353663093,14440.595131175032,-122215.34010078505,200,0.5,0.14,210,70,80460.45377620438,-72322.33663691215,4846.5,80437.18137856893,-72176.2782063887,4846.5,0.16241000000000003,-0.60975,59698.23,38957.94
4,UTS,Ref/IMG,2395,71,k:Retake,K:\NINJA\E71a\ManualCheck\ScanData\PatternMatchFailed\UTS\ECC4\Ref\IMG\Event02395\PL071,1.0665655823068514,0.07211958285444839,0.012595920756214704,1.0488990744908957,10947.073782764446,-110870.0504393808,200,0.5,0.14,210,70,77043.8811595607,-83074.12151941232,13863,76924.68405699448,-83149.44862166261,13844.75,0.5094700000000001,0.33586000000000005,60121.65,25706.3
4,UTS,Ref/IMG,5414,48,k:Retake,K:\NINJA\E71a\ManualCheck\ScanData\PatternMatchFailed\UTS\ECC4\Ref\IMG\Event05414\PL048,1.0010812948893322,0.07346009135613085,0.00739110324337263,0.985228374577622,18425.024770615822,-34956.22882511374,200,0.5,0.14,210,70,69450.89786026052,-20277.451745424372,4849.25,69457.71637566162,-20263.807419266264,4835,-0.027610000000000003,-0.06574,49910.74,14538.28
4,UTS,Ref/IMG,5775,75,k:Retake,K:\NINJA\E71a\ManualCheck\ScanData\PatternMatchFailed\UTS\ECC4\Ref\IMG\Event05775\PL075,1.04828191481861,-0.08763385089684504,-0.0673497154115921,0.9439980866188602,18131.733848153523,-263232.3694769911,200,0.5,0.14,210,70,77162.00064140433,-186890.49843434233,13870.5,77218.99620990976,-186825.39320402528,13870.5,-0.28808,-0.34897,63510.98,85470.96
4,UTS,Ref/IMG,5851,59,k:Retake,K:\NINJA\E71a\ManualCheck\ScanData\PatternMatchFailed\UTS\ECC4\Ref\IMG\Event05851\PL059,1.0159723342684386,0.0888025701932424,0.10957110772571481,0.9367970782045034,-113530.00789467417,-284529.5523375675,200,0.5,0.14,210,70,13925.255736004665,-213503.4259192409,12981.25,13786.265436209083,-213410.73582802498,12981.25,0.69979,-0.55301,119904.90000000001,61892.49
4,UTS,Ref/IMG,5851,60,k:Retake,K:\NINJA\E71a\ManualCheck\ScanData\PatternMatchFailed\UTS\ECC4\Ref\IMG\Event05851\PL060,1.0437200684411467,0.06891266808471572,0.07596633105958468,1.146575918139348,-121849.70603650881,-288164.0574503528,200,0.5,0.14,210,70,-35421.482479129394,-202320.82920308097,12977.5,-35476.98975749039,-202441.73887511017,12977.5,0.22106,0.48751000000000005,78160.24,69585.25
4,UTS,Ref/IMG,7224,41,k:Retake,K:\NINJA\E71a\ManualCheck\ScanData\PatternMatchFailed\UTS\ECC4\Ref\IMG\Event07224\PL041,1.042843396137893,0.0960184581313294,0.07993404647906298,1.1619490353663093,14440.595131175032,-122215.34010078505,200,0.5,0.14,210,70,92709.07508283296,-103594.22057809363,4852.5,92616.987455911,-103563.74571746036,4852.5,0.43475,-0.15480000000000002,73955.12,10964.39
4,UTS,Ref/IMG,7277,61,k:Retake,K:\NINJA\E71a\ManualCheck\ScanData\PatternMatchFailed\UTS\ECC4\Ref\IMG\Event07277\PL061,1.0035516188624107,-0.0055569990114440375,-0.0051522992650980095,1.0204277706845106,-104950.3758636488,-116427.90700030449,200,0.5,0.14,210,70,-92122.14124624088,-83842.39288886922,12931.75,-92006.47576406678,-83697.04657053406,12931.75,-0.55261,-0.6810600000000001,13076.07,32141.65
4,UTS,Ref/IMG,8950,75,k:Retake,K:\NINJA\E71a\ManualCheck\ScanData\PatternMatchFailed\UTS\ECC4\Ref\IMG\Event08950\PL075,0.9990265970925537,0.09255143414715082,0.0012115749217984602,1.1183798798063838,-108140.00047639945,-194789.1134834244,200,0.5,0.14,210,70,-24703.607109223733,-105918.64560710533,13832.75,-24776.527055201732,-105636.89537107122,13832.75,0.45876000000000006,-1.20015,76067.36,79633.1
4,UTS,Ref/IMG,9177,61,k:Retake,K:\NINJA\E71a\ManualCheck\ScanData\PatternMatchFailed\UTS\ECC4\Ref\IMG\Event09177\PL061,1.0035516188624107,-0.0055569990114440375,-0.0051522992650980095,1.0204277706845106,-104950.3758636488,-116427.90700030449,200,0.5,0.14,210,70,-17611.693712257165,-106799.49656674542,12972,-17598.68346481146,-106794.69911902139,12972,-0.061860000000000005,-0.0227,87097.26,9880.130000000001
4,UTS,Ref/IMG,10490,72,l:?,K:\NINJA\E71a\ManualCheck\ScanData\PatternMatchFailed\UTS\ECC4\Ref\IMG\Event10490\PL072_chk,0.999602432684947,-0.05487653307086505,0.008541661120012516,1.1256921062985055,-99503.95033119789,-191360.37749611426,200,0.5,0.14,210,70,-19248.57753945024,-182931.72713997043,13855,-19238.281038166984,-182922.07771077755,13855,-0.05127,-0.04043,80675.51,6883.9400000000005
4,UTS,Ref/IMG,10490,74,k:Retake,K:\NINJA\E71a\ManualCheck\ScanData\PatternMatchFailed\UTS\ECC4\Ref\IMG\Event10490\PL074,0.9611478278230647,-0.027739722815353866,-0.055780951569395054,0.9613966942005109,-102532.52732699442,-182096.51326338403,200,0.5,0.14,210,70,-27814.304691673235,-180217.93172799176,13837,-27849.424335558277,-180200.20447359895,13837,0.17175,-0.07784,77889.35,6491.650000000001
4,UTS,Ref/IMG,10856,44,l:?,K:\NINJA\E71a\ManualCheck\ScanData\PatternMatchFailed\UTS\ECC4\Ref\IMG\Event10856\PL044_chk,0.9979646365006857,-0.005557135668268365,-0.03424092495754494,1.0296158797903368,139553.97466726048,-32375.27251359715,200,0.5,0.14,210,70,153144.10166027013,29586.195755663037,4847.5,153210.545509886,29540.645569179695,4847.5,-0.31593000000000004,0.20016,14021.880000000001,60601.28
4,UTS,IMG,623,26,k:Retake,K:\NINJA\E71a\ManualCheck\ScanData\PatternMatchFailed\UTS\ECC4\IMG\Event00623\PL026,1.0051200002385807,0.11144798222190312,-0.003692233692889844,1.2220705939200651,-29773.115444219253,-210175.9070516039,200,0.5,0.14,210,70,1083.8222918876138,-120811.11113643044,7145.5,1050.4869300860046,-120850.42099600518,7145.5,0.1409,0.1536,22554.4,73161.7
4,UTS,IMG,1124,26,k:Retake,K:\NINJA\E71a\ManualCheck\ScanData\PatternMatchFailed\UTS\ECC4\IMG\Event01124\PL026,1.0579754201388014,-0.04713286104320374,-0.004801422906511388,1.012673384299708,-29584.74385941373,-120634.68855693775,200,0.5,0.14,210,70,13622.8157495947,-66210.27046935198,7142,13513.180538886521,-66272.1801029421,7142,0.50654,0.29352,43136.88,53886.700000000004
4,UTS,IMG,1587,21,k:Retake,K:\NINJA\E71a\ManualCheck\ScanData\PatternMatchFailed\UTS\ECC4\IMG\Event01587\PL021,0.9495550856789906,0.03143419629642432,0.03275394427850664,0.9800794235973511,-144070.20779812537,-199782.54413023003,200,0.5,0.14,210,70,-23607.643911195628,-121102.74617613522,7134.75,-23637.055862666224,-121070.20859052653,7134.75,0.1529,-0.1632,124310,76157.8
4,UTS,IMG,2394,23,l:?,K:\NINJA\E71a\ManualCheck\ScanData\PatternMatchFailed\UTS\ECC4\IMG\Event02394\PL023_chk,1.000339132868618,0.001977399806986607,-0.003007686728827803,1.0002875288157018,-24547.95259457441,-198458.9236783051,200,0.5,0.14,210,70,-10718.460675583148,-153853.84455769724,7133.25,-10694.804450872793,-153842.17323899546,7133.25,-0.1125,-0.0559,13760.2,44645.3
4,UTS,IMG,3196,26,k:Retake,K:\NINJA\E71a\ManualCheck\ScanData\PatternMatchFailed\UTS\ECC4\IMG\Event03196\PL026,1.0051200002385807,0.11144798222190312,-0.003692233692889844,1.2220705939200651,-29773.115444219253,-210175.9070516039,200,0.5,0.14,210,70,65204.28531820416,-151896.94643030796,7137.75,65201.79529862298,-151826.3133919147,7137.75,0.0423,-0.2751,89167.1,48015.9
4,UTS,IMG,3858,21,k:Retake,K:\NINJA\E71a\ManualCheck\ScanData\PatternMatchFailed\UTS\ECC4\IMG\Event03858\PL021,0.9495550856789906,0.03143419629642432,0.03275394427850664,0.9800794235973511,-144070.20779812537,-199782.54413023003,200,0.5,0.14,210,70,-90362.26967395034,-144903.83175824763,7120.5,-90413.4067934424,-144998.4191050801,7120.5,0.2415,0.4515,54717.4,54069
4,UTS,IMG,3858,23,k:Retake,K:\NINJA\E71a\ManualCheck\ScanData\PatternMatchFailed\UTS\ECC4\IMG\Event03858\PL023,1.0652219823943816,0.03260044643337985,0.11944742877418148,1.0740529388469704,-151103.16603671337,-212780.1413766677,200,0.5,0.14,210,70,-93626.14902680654,-151128.7531080683,7107.25,-93682.671113077,-151236.98547913413,7107.25,0.2388,0.4533,52329.2,51480.3
4,UTS,IMG,4196,26,k:Retake,K:\NINJA\E71a\ManualCheck\ScanData\PatternMatchFailed\UTS\ECC4\IMG\Event04196\PL026,1.0374643333147757,0.03222214201750326,-0.08930009444095618,0.9413116329302177,-159741.51888375974,-190608.4928161568,200,0.5,0.14,210,70,-56557.88562439672,-148147.65339607227,7141,-56531.962931171365,-148097.13422533165,7141,-0.11072000000000001,-0.26607000000000003,97791.71,54439.11
4,UTS,IMG,5488,26,k:Retake,K:\NINJA\E71a\ManualCheck\ScanData\PatternMatchFailed\UTS\ECC4\IMG\Event05488\PL026,0.9966451405190869,0.11247564711801548,0.010537234949986424,1.0164912433701327,-148897.21915611267,-119893.01158253144,200,0.5,0.14,210,70,-60354.64490219404,-61932.82671161224,7124,-60321.70301984157,-61864.83433241571,7124,-0.12159,-0.31726000000000004,82527.74,56231.24
4,UTS,IMG,6295,24,k:Retake,K:\NINJA\E71a\ManualCheck\ScanData\PatternMatchFailed\UTS\ECC4\IMG\Event06295\PL024,0.9663935451750707,-0.03144694301213662,-0.05047470702582175,0.9605290615754712,-39226.2508361772,-114222.05595401536,200,0.5,0.14,210,70,-11033.397755785352,-35903.529238542906,7133.75,-11087.760990090112,-35932.40502230072,7133.75,0.273,0.1575,31823.7,83179.1
4,UTS,IMG,6295,25,k:Retake,K:\NINJA\E71a\ManualCheck\ScanData\PatternMatchFailed\UTS\ECC4\IMG\Event06295\PL025,1.0032999448379731,-0.08656562136777712,0.0005446123592555371,1.00916265272707,-22184.79809603789,-116679.6262951618,200,0.5,0.14,210,70,1359.730547963551,-34887.69712174648,7148.25,1304.908856180351,-34920.89455501293,7148.25,0.2737,0.1565,30401.2,81000
4,UTS,IMG,6295,26,k:Retake,K:\NINJA\E71a\ManualCheck\ScanData\PatternMatchFailed\UTS\ECC4\IMG\Event06295\PL026,1.0579754201388014,-0.04713286104320374,-0.004801422906511388,1.012673384299708,-29584.74385941373,-120634.68855693775,200,0.5,0.14,210,70,-2840.4187680736213,-37543.8180955164,7132,-2899.4399985491327,-37577.18616760401,7132,0.2727,0.1582,28883,82155
4,UTS,IMG,6738,25,k:Retake,K:\NINJA\E71a\ManualCheck\ScanData\PatternMatchFailed\UTS\ECC4\IMG\Event06738\PL025,0.9852396688949879,-0.009506617597115451,0.08931851060787468,1.0643646812432133,-148447.88795642566,-131104.61068175934,200,0.5,0.14,210,70,-33726.19395110118,-57907.23795340138,7142.75,-33761.66640314741,-58080.22456251361,7142.75,0.17877,0.7589300000000001,116971.68000000001,58792.49
4,UTS,IMG,6738,26,k:Retake,K:\NINJA\E71a\ManualCheck\ScanData\PatternMatchFailed\UTS\ECC4\IMG\Event06738\PL026,0.9966451405190869,0.11247564711801548,0.010537234949986424,1.0164912433701327,-148897.21915611267,-119893.01158253144,200,0.5,0.14,210,70,-27426.794409556474,-59418.59548260036,7133.25,-27481.71117179627,-59580.87717044369,7133.25,0.1768,0.7584,115263,58138.8
4,UTS,IMG,6983,24,l:?,K:\NINJA\E71a\ManualCheck\ScanData\PatternMatchFailed\UTS\ECC4\IMG\Event06983\PL024_chk,0.9859034714199819,0.06289146335101191,-0.09910183603049401,0.9021314398989494,-162607.62906547877,-30837.78920634239,200,0.5,0.14,210,70,-73148.64734998999,-29145.16470769745,7120.5,-73250.39340138876,-29100.941180290763,7120.5,0.5028,-0.1782,89882.2,11799.1
4,UTS,IMG,6983,25,k:Retake,K:\NINJA\E71a\ManualCheck\ScanData\PatternMatchFailed\UTS\ECC4\IMG\Event06983\PL025,0.9919266603964203,0.0803884040716119,0.0006075133107610735,0.9743409031278412,-144444.7980020381,-34510.253988835415,200,0.5,0.14,210,70,-56117.77264333025,-25043.490520145064,7131,-56219.47569391818,-25007.05194590796,7131,0.5027,-0.1784,88157.4,9698.5
4,UTS,IMG,6983,26,k:Retake,K:\NINJA\E71a\ManualCheck\ScanData\PatternMatchFailed\UTS\ECC4\IMG\Event06983\PL026,0.9985152637449716,-0.11676143139975398,-0.11795907471518968,1.0974012285633223,-138037.57454158258,-35405.01495024612,200,0.5,0.14,210,70,-54071.16197038146,-32784.27242361668,7128.25,-54180.72243515951,-32731.256660267278,7128.25,0.5019,-0.1761,85339.1,11609.5
4,UTS,IMG,8023,24,l:?,K:\NINJA\E71a\ManualCheck\ScanData\PatternMatchFailed\UTS\ECC4\IMG\Event08023\PL024_chk,0.9859034714199819,0.06289146335101191,-0.09910183603049401,0.9021314398989494,-162607.62906547877,-30837.78920634239,200,0.5,0.14,210,70,-75902.01306998478,3097.4489543910927,7112.25,-75870.71579011444,3116.9289250658803,7112.25,-0.1436,-0.1186,84980.6,46973.7
4,UTS,IMG,8023,25,k:Retake,K:\NINJA\E71a\ManualCheck\ScanData\PatternMatchFailed\UTS\ECC4\IMG\Event08023\PL025,0.9919266603964203,0.0803884040716119,0.0006075133107610735,0.9743409031278412,-144444.7980020381,-34510.253988835415,200,0.5,0.14,210,70,-57750.71057504369,9183.155125926445,7122.5,-57718.79925739394,9207.399458313215,7122.5,-0.1436,-0.1184,83799.8,44816.7
4,UTS,IMG,8023,26,k:Retake,K:\NINJA\E71a\ManualCheck\ScanData\PatternMatchFailed\UTS\ECC4\IMG\Event08023\PL026,0.9985152637449716,-0.11676143139975398,-0.11795907471518968,1.0974012285633223,-138037.57454158258,-35405.01495024612,200,0.5,0.14,210,70,-61001.00905371731,5896.085557892553,7118.25,-60973.863890115754,5919.821599604147,7118.25,-0.1433,-0.1184,82620.2,46537.8
4,UTS,IMG,9487,24,k:Retake,K:\NINJA\E71a\ManualCheck\ScanData\PatternMatchFailed\UTS\ECC4\IMG\Event09487\PL024,1.0357875093416973,-0.08381909314456026,-0.0685356917434401,1.1398585255415676,-45860.79859125464,-36721.42207838478,200,0.5,0.14,210,70,-42451.31529008423,-14648.505709624518,7132,-42435.46657745757,-14640.907519225486,7132,-0.0758,-0.0363,4898.4,19665.8
4,UTS,IMG,9487,25,k:Retake,K:\NINJA\E71a\ManualCheck\ScanData\PatternMatchFailed\UTS\ECC4\IMG\Event09487\PL025,0.9919266603964203,0.0803884040716119,0.0006075133107610735,0.9743409031278412,-144444.7980020381,-34510.253988835415,200,0.5,0.14,210,70,-19988.305320797877,-17478.392747187452,7144.5,-19971.887265423036,-17471.017046805144,7144.5,-0.0759,-0.036,124075,17410.6
4,UTS,IMG,10478,24,k:Retake,K:\NINJA\E71a\ManualCheck\ScanData\PatternMatchFailed\UTS\ECC4\IMG\Event10478\PL024,0.9859034714199819,0.06289146335101191,-0.09910183603049401,0.9021314398989494,-162607.62906547877,-30837.78920634239,200,0.5,0.14,210,70,-112186.03044656997,-16882.03942727938,7099,-112188.08188327117,-16728.617860743405,7099,0.06114000000000001,-0.8031200000000001,49793.840000000004,21109.82
4,UTS,IMG,10478,25,k:Retake,K:\NINJA\E71a\ManualCheck\ScanData\PatternMatchFailed\UTS\ECC4\IMG\Event10478\PL025,0.9919266603964203,0.0803884040716119,0.0006075133107610735,0.9743409031278412,-144444.7980020381,-34510.253988835415,200,0.5,0.14,210,70,-94818.02753775523,-15600.6855797581,7111.25,-94817.26660800524,-15436.451690017178,7111.25,0.0614,-0.8027,48447.4,19545.9
4,UTS,IMG,10478,26,k:Retake,K:\NINJA\E71a\ManualCheck\ScanData\PatternMatchFailed\UTS\ECC4\IMG\Event10478\PL026,0.9985152637449716,-0.11676143139975398,-0.11795907471518968,1.0974012285633223,-138037.57454158258,-35405.01495024612,200,0.5,0.14,210,70,-93982.11858568946,-15738.039561285144,7107,-94014.96557811444,-15551.726261229996,7107,0.0629,-0.8017,46791.7,23120.8
4,UTS,IMG,10544,24,k:Retake,K:\NINJA\E71a\ManualCheck\ScanData\PatternMatchFailed\UTS\ECC4\IMG\Event10544\PL024,1.0509594958448178,0.023022007810407228,0.027192410357521853,1.0116553747147277,-169644.61882672788,-124333.49302002948,200,0.5,0.14,210,70,-69793.61415166258,-94564.18606982782,7131.25,-69762.74889917373,-94435.34211255566,7131.25,-0.12664,-0.60307,94446.96,27015.04
4,UTS,IMG,10544,25,k:Retake,K:\NINJA\E71a\ManualCheck\ScanData\PatternMatchFailed\UTS\ECC4\IMG\Event10544\PL025,0.9852396688949879,-0.009506617597115451,0.08931851060787468,1.0643646812432133,-148447.88795642566,-131104.61068175934,200,0.5,0.14,210,70,-56999.29103913759,-96006.41064361588,7139.25,-56974.446110517994,-95869.26865192808,7139.25,-0.1259,-0.603,93087.9,25292.9
4,UTS,IMG,10544,26,k:Retake,K:\NINJA\E71a\ManualCheck\ScanData\PatternMatchFailed\UTS\ECC4\IMG\Event10544\PL026,0.9966451405190869,0.11247564711801548,0.010537234949986424,1.0164912433701327,-148897.21915611267,-119893.01158253144,200,0.5,0.14,210,70,-53852.342193318545,-90405.77990992763,7136.5,-53811.81458023561,-90276.9969355498,7136.5,-0.1257,-0.602,92225.3,28179.5
4,UTS,Ref/IMG,623,26,k:Retake,K:\NINJA\E71a\ManualCheck\ScanData\PatternMatchFailed\UTS\ECC4\Ref\IMG\Event00623\PL026,1.0051200002385807,0.11144798222190312,-0.003692233692889844,1.2220705939200651,-29773.115444219253,-210175.9070516039,200,0.5,0.14,210,70,3156.6058703182102,-122190.69679735975,7146,3168.1039899297284,-122153.22185744921,7146,-0.038270000000000005,-0.14614000000000002,24778.690000000002,72102.36
4,UTS,Ref/IMG,1124,26,k:Retake,K:\NINJA\E71a\ManualCheck\ScanData\PatternMatchFailed\UTS\ECC4\Ref\IMG\Event01124\PL026,1.0579754201388014,-0.04713286104320374,-0.004801422906511388,1.012673384299708,-29584.74385941373,-120634.68855693775,200,0.5,0.14,210,70,90252.50524825687,-60881.337165614306,7135.5,90106.38267500402,-61097.5768551315,7135.5,0.7031400000000001,1.0201600000000002,115775.88,59340.950000000004
4,UTS,Ref/IMG,1587,18,k:Retake,K:\NINJA\E71a\ManualCheck\ScanData\PatternMatchFailed\UTS\ECC4\Ref\IMG\Event01587\PL018,0.943781114241183,-0.0497346970345384,-0.010510505350117228,0.9861870947842498,-32595.860217484744,-253834.28234774503,200,0.5,0.14,210,70,-20721.103600797844,-179294.38414644974,2011.5000000000002,-20980.44145983227,-179239.66953908664,2011.5000000000002,1.2953100000000002,-0.25039,16302.470000000001,75813.16
4,UTS,Ref/IMG,1587,21,k:Retake,K:\NINJA\E71a\ManualCheck\ScanData\PatternMatchFailed\UTS\ECC4\Ref\IMG\Event01587\PL021,0.9495550856789906,0.03143419629642432,0.03275394427850664,0.9800794235973511,-144070.20779812537,-199782.54413023003,200,0.5,0.14,210,70,-23498.402052186477,-120564.03693653845,7136.25,-23500.119590131246,-120565.66893695704,7136.25,0.008360000000000001,0.0076500000000000005,124437.31,76668.34
4,UTS,Ref/IMG,3196,26,k:Retake,K:\NINJA\E71a\ManualCheck\ScanData\PatternMatchFailed\UTS\ECC4\Ref\IMG\Event03196\PL026,1.0051200002385807,0.11144798222190312,-0.003692233692889844,1.2220705939200651,-29773.115444219253,-210175.9070516039,200,0.5,0.14,210,70,64766.01699024927,-150972.6643329262,7137.25,64802.69145872856,-150937.7669337872,7137.25,-0.15862,-0.13646,88689.57,48741.54
4,UTS,Ref/IMG,3858,20,k:Retake,K:\NINJA\E71a\ManualCheck\ScanData\PatternMatchFailed\UTS\ECC4\Ref\IMG\Event03858\PL020,0.9258724351867856,-0.055385694890116806,-0.04364021698390885,0.9677818965258631,-41008.68911655362,-252243.76478718425,200,0.5,0.14,210,70,54444.38032393188,-206362.86572734328,2033.9999999999998,54485.327645291785,-206377.86899060817,2033.9999999999998,-0.20674,0.0645,106261.17,52184.44
4,UTS,Ref/IMG,3858,21,k:Retake,K:\NINJA\E71a\ManualCheck\ScanData\PatternMatchFailed\UTS\ECC4\Ref\IMG\Event03858\PL021,0.9495550856789906,0.03143419629642432,0.03275394427850664,0.9800794235973511,-144070.20779812537,-199782.54413023003,200,0.5,0.14,210,70,-88864.36484566554,-145064.5220659698,7111.5,-88840.76746988558,-145069.99295336302,7111.5,-0.11935000000000001,0.030570000000000003,56377.840000000004,53940.48
4,UTS,Ref/IMG,3858,23,k:Retake,K:\NINJA\E71a\ManualCheck\ScanData\PatternMatchFailed\UTS\ECC4\Ref\IMG\Event03858\PL023,1.0652219823943816,0.03260044643337985,0.11944742877418148,1.0740529388469704,-151103.16603671337,-212780.1413766677,200,0.5,0.14,210,70,-94154.01635630487,-151961.62626479176,7106,-94259.58562621241,-151861.31295124092,7106,0.4872,-0.49893000000000004,51803.61,50957.47
4,UTS,Ref/IMG,4196,26,k:Retake,K:\NINJA\E71a\ManualCheck\ScanData\PatternMatchFailed\UTS\ECC4\Ref\IMG\Event04196\PL026,1.0374643333147757,0.03222214201750326,-0.08930009444095618,0.9413116329302177,-159741.51888375974,-190608.4928161568,200,0.5,0.14,210,70,-108994.3473795769,-149470.05226573092,7111.25,-109065.73709878318,-149817.70451422723,7111.25,0.27225000000000005,1.7845300000000002,47360.37,47826.96
4,UTS,Ref/IMG,5488,26,k:Retake,K:\NINJA\E71a\ManualCheck\ScanData\PatternMatchFailed\UTS\ECC4\Ref\IMG\Event05488\PL026,0.9966451405190869,0.11247564711801548,0.010537234949986424,1.0164912433701327,-148897.21915611267,-119893.01158253144,200,0.5,0.14,210,70,-130985.60201558215,-71127.65468344693,7097.5,-130962.41008586642,-71066.99119093531,7097.5,-0.07883000000000001,-0.28337,12589.08,47903.38
4,UTS,Ref/IMG,6295,24,k:Retake,K:\NINJA\E71a\ManualCheck\ScanData\PatternMatchFailed\UTS\ECC4\Ref\IMG\Event06295\PL024,0.9663935451750707,-0.03144694301213662,-0.05047470702582175,0.9605290615754712,-39226.2508361772,-114222.05595401536,200,0.5,0.14,210,70,-10838.380647883489,-36820.48061337208,7133,-10839.87136113764,-36784.29175575389,7133,0.00151,-0.17933000000000002,32051.74,82304.19
4,UTS,Ref/IMG,6295,25,k:Retake,K:\NINJA\E71a\ManualCheck\ScanData\PatternMatchFailed\UTS\ECC4\Ref\IMG\Event06295\PL025,1.0032999448379731,-0.08656562136777712,0.0005446123592555371,1.00916265272707,-22184.79809603789,-116679.6262951618,200,0.5,0.14,210,70,548.6558766392616,-36578.47372148868,7148.5,540.463606745212,-36547.620574400324,7148.5,0.026320000000000003,-0.1456,29500.23,79388.53
4,UTS,Ref/IMG,6295,26,k:Retake,K:\NINJA\E71a\ManualCheck\ScanData\PatternMatchFailed\UTS\ECC4\Ref\IMG\Event06295\PL026,1.0579754201388014,-0.04713286104320374,-0.004801422906511388,1.012673384299708,-29584.74385941373,-120634.68855693775,200,0.5,0.14,210,70,-3512.228034663258,-37263.70664097089,7132.25,-3507.322198621536,-37245.550195211996,7132.25,-0.025890000000000003,-0.0855,28322.9,82479.83
4,UTS,Ref/IMG,6738,25,k:Retake,K:\NINJA\E71a\ManualCheck\ScanData\PatternMatchFailed\UTS\ECC4\Ref\IMG\Event06738\PL025,0.9852396688949879,-0.009506617597115451,0.08931851060787468,1.0643646812432133,-148447.88795642566,-131104.61068175934,200,0.5,0.14,210,70,-35545.64079222064,-63105.44081551842,7141.75,-35341.98465669666,-62938.14085852681,7141.75,-0.9907400000000001,-0.6653500000000001,115324.98,54366.53
4,UTS,Ref/IMG,6738,26,k:Retake,K:\NINJA\E71a\ManualCheck\ScanData\PatternMatchFailed\UTS\ECC4\Ref\IMG\Event06738\PL026,0.9966451405190869,0.11247564711801548,0.010537234949986424,1.0164912433701327,-148897.21915611267,-119893.01158253144,200,0.5,0.14,210,70,-26843.51459652324,-58939.11400072376,7133.75,-26864.537146081962,-58880.3422405993,7133.75,0.13167,-0.27669000000000005,115805.11,58822.35
4,UTS,Ref/IMG,6983,24,l:?,K:\NINJA\E71a\ManualCheck\ScanData\PatternMatchFailed\UTS\ECC4\Ref\IMG\Event06983\PL024_chk,0.9859034714199819,0.06289146335101191,-0.09910183603049401,0.9021314398989494,-162607.62906547877,-30837.78920634239,200,0.5,0.14,210,70,-74169.98878764226,-29437.527034806957,7119.75,-74171.19296534936,-29440.53470517682,7119.75,0.004770000000000001,0.0164,88978.58,11323.4
4,UTS,Ref/IMG,6983,25,k:Retake,K:\NINJA\E71a\ManualCheck\ScanData\PatternMatchFailed\UTS\ECC4\Ref\IMG\Event06983\PL025,0.9919266603964203,0.0803884040716119,0.0006075133107610735,0.9743409031278412,-144444.7980020381,-34510.253988835415,200,0.5,0.14,210,70,-56751.440759851845,-25622.229354027786,7130,-56755.67173740642,-25627.234445895883,7130,0.018330000000000003,0.024450000000000003,87668.40000000001,9062.29
4,UTS,Ref/IMG,6983,26,k:Retake,K:\NINJA\E71a\ManualCheck\ScanData\PatternMatchFailed\UTS\ECC4\Ref\IMG\Event06983\PL026,0.9985152637449716,-0.11676143139975398,-0.11795907471518968,1.0974012285633223,-138037.57454158258,-35405.01495024612,200,0.5,0.14,210,70,-54470.80767818331,-32779.54798698212,7129,-54346.465595176574,-32847.16014739024,7129,-0.56579,0.23257000000000003,85158.49,11484.47
4,UTS,Ref/IMG,8023,24,l:?,K:\NINJA\E71a\ManualCheck\ScanData\PatternMatchFailed\UTS\ECC4\Ref\IMG\Event08023\PL024_chk,0.9859034714199819,0.06289146335101191,-0.09910183603049401,0.9021314398989494,-162607.62906547877,-30837.78920634239,200,0.5,0.14,210,70,-76077.34909439915,2400.7272342853626,7111.25,-76102.31060545416,2388.8995810736196,7111.25,0.11577000000000001,0.07515000000000001,84798.45,46146.68
4,UTS,Ref/IMG,8023,25,k:Retake,K:\NINJA\E71a\ManualCheck\ScanData\PatternMatchFailed\UTS\ECC4\Ref\IMG\Event08023\PL025,0.9919266603964203,0.0803884040716119,0.0006075133107610735,0.9743409031278412,-144444.7980020381,-34510.253988835415,200,0.5,0.14,210,70,-58774.00876894936,9226.023019830254,7121.5,-58670.98245233951,9236.47372459415,7121.5,-0.49048,-0.05077,82837.40000000001,44847.14
4,UTS,Ref/IMG,8023,26,k:Retake,K:\NINJA\E71a\ManualCheck\ScanData\PatternMatchFailed\UTS\ECC4\Ref\IMG\Event08023\PL026,0.9985152637449716,-0.11676143139975398,-0.11795907471518968,1.0974012285633223,-138037.57454158258,-35405.01495024612,200,0.5,0.14,210,70,-61933.28629260782,9031.648808893875,7118.25,-61946.90698805865,9052.673098071138,7118.25,0.05498,-0.08532000000000001,81971.38,49322.85
4,UTS,Ref/IMG,9487,24,k:Retake,K:\NINJA\E71a\ManualCheck\ScanData\PatternMatchFailed\UTS\ECC4\Ref\IMG\Event09487\PL024,1.0357875093416973,-0.08381909314456026,-0.0685356917434401,1.1398585255415676,-45860.79859125464,-36721.42207838478,200,0.5,0.14,210,70,-42277.09527156297,-14227.891616230327,7131.5,-42291.5648058794,-14217.155860110077,7131.5,0.0632,-0.04105,5068.24,20047.77
4,UTS,Ref/IMG,9487,25,k:Retake,K:\NINJA\E71a\ManualCheck\ScanData\PatternMatchFailed\UTS\ECC4\Ref\IMG\Event09487\PL025,0.9919266603964203,0.0803884040716119,0.0006075133107610735,0.9743409031278412,-144444.7980020381,-34510.253988835415,200,0.5,0.14,210,70,-19463.49695434081,-15728.511125250101,7146,-19471.179783806394,-15730.138318575382,7146,0.03624,0.007930000000000001,124435,19197.100000000002
4,UTS,Ref/IMG,10208,18,l:?,K:\NINJA\E71a\ManualCheck\ScanData\PatternMatchFailed\UTS\ECC4\Ref\IMG\Event10208\PL018_chk,1.057836896269709,0.0338647907297645,-0.03065723946992859,0.97550090268896,-46200.77084325246,-172703.39524591065,200,0.5,0.14,210,70,51433.457845886085,-106405.83860025504,2033.9999999999998,51516.46359669962,-106423.33260511195,2033.9999999999998,-0.37601,0.07358,90108.79000000001,70776.51
4,UTS,Ref/IMG,10208,19,k:Retake,K:\NINJA\E71a\ManualCheck\ScanData\PatternMatchFailed\UTS\ECC4\Ref\IMG\Event10208\PL019,0.9990187365436499,0.055545357913302194,-0.00295914102856482,0.9228853470009963,-34972.85655107802,-170646.01711783768,200,0.5,0.14,210,70,58734.17188282812,-103099.14700419006,2031.25,58714.8954000174,-102958.98395031002,2031.25,0.13207000000000002,-0.72279,89685.93000000001,73630.41
4,UTS,Ref/IMG,10208,20,k:Retake,K:\NINJA\E71a\ManualCheck\ScanData\PatternMatchFailed\UTS\ECC4\Ref\IMG\Event10208\PL020,0.9880999435439901,0.026107748750271675,0.14185723039198142,0.9991328627497258,-51394.084178351084,-188054.3007642603,200,0.5,0.14,210,70,40069.440818800336,-101765.71478938109,2019.0000000000002,40155.846315515126,-101770.79326114037,2019.0000000000002,-0.41862000000000005,0.08364,90711.02,73479.21
4,UTS,Ref/IMG,10478,24,l:?,K:\NINJA\E71a\ManualCheck\ScanData\PatternMatchFailed\UTS\ECC4\Ref\IMG\Event10478\PL024_chk,0.9859034714199819,0.06289146335101191,-0.09910183603049401,0.9021314398989494,-162607.62906547877,-30837.78920634239,200,0.5,0.14,210,70,-110512.77253287694,-19387.462130144544,7100.75,-110471.76370999153,-19416.011141312338,7100.75,-0.20624,0.12804000000000001,51711.29,18341.52
4,UTS,Ref/IMG,10478,25,k:Retake,K:\NINJA\E71a\ManualCheck\ScanData\PatternMatchFailed\UTS\ECC4\Ref\IMG\Event10478\PL025,0.9919266603964203,0.0803884040716119,0.0006075133107610735,0.9743409031278412,-144444.7980020381,-34510.253988835415,200,0.5,0.14,210,70,-95159.35341373274,-15033.996200058802,7109.75,-95175.46472222242,-15148.787369036407,7109.75,0.031880000000000006,0.561,48062.340000000004,19841.38
4,UTS,Ref/IMG,10478,26,k:Retake,K:\NINJA\E71a\ManualCheck\ScanData\PatternMatchFailed\UTS\ECC4\Ref\IMG\Event10478\PL026,0.9985152637449716,-0.11676143139975398,-0.11795907471518968,1.0974012285633223,-138037.57454158258,-35405.01495024612,200,0.5,0.14,210,70,-92972.73196461811,-13640.637063312666,7107.5,-93007.93164411976,-13544.263320843882,7107.5,0.12048,-0.40524000000000004,48029.700000000004,25083.16
4,UTS,Ref/IMG,10544,24,k:Retake,K:\NINJA\E71a\ManualCheck\ScanData\PatternMatchFailed\UTS\ECC4\Ref\IMG\Event10544\PL024,1.0509594958448178,0.023022007810407228,0.027192410357521853,1.0116553747147277,-169644.61882672788,-124333.49302002948,200,0.5,0.14,210,70,-95634.5265363269,-95104.94441478385,7120.25,-95722.38937051785,-95009.87637721494,7120.25,0.40815,-0.45846000000000003,69743.96,27111.12
4,UTS,Ref/IMG,10544,25,k:Retake,K:\NINJA\E71a\ManualCheck\ScanData\PatternMatchFailed\UTS\ECC4\Ref\IMG\Event10544\PL025,0.9852396688949879,-0.009506617597115451,0.08931851060787468,1.0643646812432133,-148447.88795642566,-131104.61068175934,200,0.5,0.14,210,70,-56365.51807924322,-94861.97423961056,7140.25,-56353.001420950604,-94818.78661551775,7140.25,-0.062310000000000004,-0.18799000000000002,93727.66,26226.170000000002
4,UTS,Ref/IMG,10544,26,k:Retake,K:\NINJA\E71a\ManualCheck\ScanData\PatternMatchFailed\UTS\ECC4\Ref\IMG\Event10544\PL026,0.9966451405190869,0.11247564711801548,0.010537234949986424,1.0164912433701327,-148897.21915611267,-119893.01158253144,200,0.5,0.14,210,70,-51080.25459413427,-88630.33859680634,7137.75,-51026.28749053245,-88553.09859944572,7137.75,-0.21727000000000002,-0.35959,94831.86,29848.41
6,UTS,IMG,5228,43,k:Retake,K:\NINJA\E71a\ManualCheck\ScanData\PatternMatchFailed\UTS\ECC6\IMG\Event05228\PL043,0.9502515494544923,-0.04151386385520463,-0.15585350909913548,1.0879088925908118,-162305.21698568325,-77664.74635744383,200,0.5,0.14,210,70,-90415.59809628288,-18467.16971136274,5599.75,-90418.0811219085,-18438.996569692266,5327.25,0.0071,-0.1223,78520.4,65688.8
6,UTS,IMG,71,47,j:OK,K:\NINJA\E71a\ManualCheck\ScanData\UTS\ECC6\IMG\Event00071\PL047,1.0002845138835144,-0.0049405026144672464,0.0046284863081572,1.0003246414752671,-288868.87425388786,-10172.9944885262,200,0.5,0.14,210,70,-234775.3431675773,38821.92663572586,5284,-234701.2404201361,38883.52259989614,5284,-0.35421,-0.29158,54393.200000000004,48788.92
6,UTS,IMG,71,48,j:OK,K:\NINJA\E71a\ManualCheck\ScanData\UTS\ECC6\IMG\Event00071\PL048,1.000165366094835,-0.002728754834849877,0.0023057966798526964,1.0003472110172933,-135299.3253961337,-58883.27119287531,200,0.5,0.14,210,70,-81459.8069926479,-6492.698973929849,-397.5,-81385.72704394232,-6431.1865121337405,-411.75,-0.3535,-0.292,54047.4,52309.3
6,UTS,IMG,71,49,j:OK,K:\NINJA\E71a\ManualCheck\ScanData\UTS\ECC6\IMG\Event00071\PL049,1.0002743521557291,-0.006858266312526744,0.006538646894744798,1.0002005716958622,-35776.972929482195,-56009.40456060979,200,0.5,0.14,210,70,19528.852251945507,-1224.3790609964772,6446.5,19602.943027361245,-1163.1268314729896,6446.5,-0.3547,-0.2893,55738.2,54470.9
6,UTS,IMG,71,50,j:OK,K:\NINJA\E71a\ManualCheck\ScanData\UTS\ECC6\IMG\Event00071\PL050,1.0003252951161767,-0.0031388137475914526,0.0029266444364752517,1.000423605302512,-33242.65089337145,-52514.243027766584,200,0.5,0.14,210,70,20830.449814036154,-477.95222247381014,6454,20904.854379266653,-416.9552443785942,6454,-0.3551,-0.2893,54292.8,51916.4
6,UTS,IMG,79,20,j:OK,K:\NINJA\E71a\ManualCheck\ScanData\UTS\ECC6\IMG\Event00079\PL020,1.0000046993109577,-0.017123438068347416,0.01656788635023646,1.0001214458388046,1761.175480325427,-28459.355896847712,200,0.5,0.14,210,70,50507.71832647164,14328.424697268854,10731.5,50459.50927014954,14327.32975889304,10731.5,0.22959000000000002,0.00141,49416.65,41962.86
6,UTS,IMG,79,21,j:OK,K:\NINJA\E71a\ManualCheck\ScanData\UTS\ECC6\IMG\Event00079\PL021,1.0001222377077303,-0.0003444653679567591,-0.00028386276663514346,1.0002766551737954,-372.65834913685023,-26952.554787410634,200,0.5,0.14,210,70,47670.94211468593,12785.314623786908,10728,47622.7203293792,12785.013223367685,10728,0.2296,0.0015,48003.2,39740.2
6,UTS,IMG,79,22,j:OK,K:\NINJA\E71a\ManualCheck\ScanData\UTS\ECC6\IMG\Event00079\PL022,1.0001138356265,-0.003030266853803102,0.002715766034006466,1.0002622453085297,37212.51016110978,-28081.96437977004,200,0.5,0.14,210,70,85495.77157865305,12565.869487944203,6581.25,85447.57281050633,12565.171452907103,6581.25,0.2295,0.0027,48352.3,40505.2
6,UTS,IMG,361,47,j:OK,K:\NINJA\E71a\ManualCheck\ScanData\UTS\ECC6\IMG\Event00361\PL047,1.0002554455338593,0.0016282570696864475,-0.0019425911845595834,1.0004073264903486,-169020.38181107206,-90476.01082859577,200,0.5,0.14,210,70,-126909.48425331539,-33790.537938801885,5328.75,-126868.88871662611,-33871.57349737813,5328.75,-0.19389,0.38535,42048.49,56663.04
6,UTS,IMG,361,48,j:OK,K:\NINJA\E71a\ManualCheck\ScanData\UTS\ECC6\IMG\Event00361\PL048,0.9999897821787176,0.0022651542091985262,-0.0025848231961185303,1.0006161716003685,-14519.889434333138,-134653.79093297338,200,0.5,0.14,210,70,25980.84239099879,-81225.78817131274,-71.25000000000001,26021.39869430222,-81306.85633330245,-348,-0.194,0.3853,40420.7,53418.5
6,UTS,IMG,361,49,j:OK,K:\NINJA\E71a\ManualCheck\ScanData\UTS\ECC6\IMG\Event00361\PL049,1.000283422702145,0.001528420620023347,-0.0016933677055200212,1.000296500712732,83642.05994691352,-130931.55907489883,200,0.5,0.14,210,70,126644.7755155694,-76807.6881164165,6495,126685.31898414316,-76888.94602745428,6495,-0.1936,0.3865,42948.4,54099.3
6,UTS,IMG,361,50,j:OK,K:\NINJA\E71a\ManualCheck\ScanData\UTS\ECC6\IMG\Event00361\PL050,1.0003106828672426,0.00812095958358931,-0.008299074783191257,1.0004269260057046,86834.37619173457,-129672.00420501993,200,0.5,0.14,210,70,127126.61528540998,-78593.42775418771,6502.75,127166.73066417049,-78674.86063939697,6502.75,-0.1941,0.386,39903.3,51306.4
6,UTS,IMG,561,33,j:OK,K:\NINJA\E71a\ManualCheck\ScanData\UTS\ECC6\IMG\Event00561\PL033,1.0003825518856404,-0.001729573354651291,0.0014018509997190582,1.0003067855823036,-1201.1800441422063,56367.09606483708,200,0.5,0.14,210,70,105308.42495254472,66339.30317319726,-365.5,105331.36704132483,66376.23952988401,-365.5,-0.10951000000000001,-0.17568,106508.85,9856.81
6,UTS,IMG,561,34,j:OK,K:\NINJA\E71a\ManualCheck\ScanData\UTS\ECC6\IMG\Event00561\PL034,1.0001703957007728,-0.010438036202521836,0.010088514360730591,1.000256870726107,-509.48397451357147,55253.717395010055,200,0.5,0.14,210,70,107251.83001641318,67446.4753291353,-373.75,107274.63458823544,67483.44765585713,-373.75,-0.1104,-0.1749,107882,11138.5
6,UTS,IMG,561,35,j:OK,K:\NINJA\E71a\ManualCheck\ScanData\UTS\ECC6\IMG\Event00561\PL035,1.0001548756767142,-0.0018296337145155433,0.0015078379510136822,1.0003082452501564,833.33163802513,57459.25257154664,200,0.5,0.14,210,70,106465.41934136722,67121.88264426071,-373.25,106488.2454168986,67158.80452552327,-373.25,-0.109,-0.1756,105656,9537.3
6,UTS,IMG,561,36,j:OK,K:\NINJA\E71a\ManualCheck\ScanData\UTS\ECC6\IMG\Event00561\PL036,1.0001825148097627,-0.006651587073019768,0.006328163525990736,1.0002936381692724,-1248.6737652737534,52402.194940973066,200,0.5,0.14,210,70,106105.3600563641,67737.44656225225,-372.75,106128.23985268078,67774.50071008867,-372.75,-0.1101,-0.1757,107455,14688
6,UTS,IMG,566,25,j:OK,K:\NINJA\E71a\ManualCheck\ScanData\UTS\ECC6\IMG\Event00566\PL025,1.0001573990959087,-0.005361376673992702,0.00507132639999005,1.0003175362233572,-174505.03330666918,-21803.518982256614,200,0.5,0.14,210,70,-97505.16178875776,41438.14083301189,13838.75,-97534.7155893256,41466.99987616627,13838.75,0.13997,-0.13809000000000002,77295.16,62858.57
6,UTS,IMG,566,26,j:OK,K:\NINJA\E71a\ManualCheck\ScanData\UTS\ECC6\IMG\Event00566\PL026,1.0001186117133387,-0.005613401782042315,0.005223887620839336,1.0003678809176428,-174094.04957456715,-21610.982358179976,200,0.5,0.14,210,70,-97015.10564177088,42491.28616794697,13853,-97044.4626056005,42520.271397934805,13846,0.139,-0.1387,77398,63703.5
6,UTS,IMG,566,27,j:OK,K:\NINJA\E71a\ManualCheck\ScanData\UTS\ECC6\IMG\Event00566\PL027,1.000130027248733,-0.0029389345612640836,0.0025624762294941834,1.0003755708285393,791.9273908984652,-24998.344818789454,200,0.5,0.14,210,70,79276.59763183891,39183.761928444976,-373.25,79247.40119571923,39213.18241834215,-373.25,0.1386,-0.1404,78633.3,63986
6,UTS,IMG,566,28,j:OK,K:\NINJA\E71a\ManualCheck\ScanData\UTS\ECC6\IMG\Event00566\PL028,1.0001333171183582,-0.0008010204586089783,0.00033303159776285144,1.000369843741865,-21.543724202573852,-25129.910727042785,200,0.5,0.14,210,70,77943.95291496735,37515.36527523504,-375.5,77914.98762478509,37544.61945700565,-375.5,0.1378,-0.1393,77976.3,62625.4
6,UTS,IMG,595,39,j:OK,K:\NINJA\E71a\ManualCheck\ScanData\UTS\ECC6\IMG\Event00595\PL039,1.0002922725450378,-0.0034450781232604126,0.0031717913995114554,1.0003419391037762,116273.48079293127,55329.32100467294,200,0.5,0.14,210,70,191108.20169451452,65624.55069764353,-353,191128.09876852424,65585.55891241311,-353,-0.09408000000000001,0.18591000000000002,74867.24,10015.35
6,UTS,IMG,595,40,j:OK,K:\NINJA\E71a\ManualCheck\ScanData\UTS\ECC6\IMG\Event00595\PL040,1.000147299959442,-0.0049556065852892515,0.004379810338735694,1.0004050383250291,120461.06746062997,52671.46227731804,200,0.5,0.14,210,70,193407.6458373634,66398.38646486393,-359,193427.6033141511,66359.39719349907,-359,-0.0941,0.186,73022,13362.7
6,UTS,IMG,595,41,j:OK,K:\NINJA\E71a\ManualCheck\ScanData\UTS\ECC6\IMG\Event00595\PL041,1.0003788227940644,-0.0063252610968958685,0.005788265596068906,1.0005787461208502,116725.17869758818,56486.65009369248,200,0.5,0.14,210,70,192806.97979619313,66932.83633552147,-349.5,192827.01608910313,66893.91025747535,-349.5,-0.0942,0.1858,76136,9960.8
6,UTS,IMG,595,42,j:OK,K:\NINJA\E71a\ManualCheck\ScanData\UTS\ECC6\IMG\Event00595\PL042,0.9999984271629688,-0.012897562411460445,0.012583564629295822,1.0002637697536687,-190177.70503898652,103731.87079657063,200,0.5,0.14,210,70,-112839.56966058433,113493.62767806914,8272.75,-112819.32510029792,113454.74275817085,8272.75,-0.094,0.1863,77471.3,8745.7
6,UTS,IMG,599,28,j:OK,K:\NINJA\E71a\ManualCheck\ScanData\UTS\ECC6\IMG\Event00599\PL028,1.0001344069132672,-0.002556138892281319,0.0020084980735295584,1.0002484777651266,120760.13361242237,57353.96337989293,200,0.5,0.14,210,70,155654.7951387725,84714.41380784354,-353,155655.51508999194,84818.96716246892,-353,-0.0047,-0.49774,34960.69,27387.98
6,UTS,IMG,1243,71,j:OK,K:\NINJA\E71a\ManualCheck\ScanData\UTS\ECC6\IMG\Event01243\PL071,1.000289293164849,-0.005559513777510443,0.005241725340718061,1.0003498467195941,-93263.94604484286,-91357.91925039326,200,0.5,0.14,210,70,-12399.021936824574,-48570.89567583888,10891.25,-12401.956721393319,-48485.444376856074,10891.25,0.011710000000000002,-0.40683,81074.44,42432.66
6,UTS,IMG,1243,72,j:OK,K:\NINJA\E71a\ManualCheck\ScanData\UTS\ECC6\IMG\Event01243\PL072,1.0002930879332672,-0.004314324938707383,0.003933466199851438,1.000435247357644,-98024.81747019455,-94704.53815254608,200,0.5,0.14,210,70,-15132.452318200609,-47631.35624086496,10881.25,-15135.131468783773,-47545.921154000804,10881.25,0.011,-0.4067,83067.3,46811.5
6,UTS,IMG,1243,73,j:OK,K:\NINJA\E71a\ManualCheck\ScanData\UTS\ECC6\IMG\Event01243\PL073,1.0003269165043485,-0.013794272546875229,0.01343052788958952,1.0004010136368464,-85164.0845235418,-92560.58723956814,200,0.5,0.14,210,70,-3982.2783874274983,-47378.57166327501,10904.75,-3985.097367789931,-47292.98434573772,10904.75,0.0078,-0.4075,81761.3,44151.8
6,UTS,IMG,1243,74,j:OK,K:\NINJA\E71a\ManualCheck\ScanData\UTS\ECC6\IMG\Event01243\PL074,1.0003500626682145,-0.002424617216783536,0.0020821214588604593,1.000460078865547,-86696.10496076089,-94175.33566663522,200,0.5,0.14,210,70,-4052.507871370141,-47005.36309163298,10900,-4055.1520070732804,-46919.83783107856,10900,0.0116,-0.4071,82726.1,47061.6
6,UTS,IMG,1260,19,j:OK,K:\NINJA\E71a\ManualCheck\ScanData\UTS\ECC6\IMG\Event01260\PL019,1.0001961020763726,0.006215346801159269,-0.006482952863817152,1.0002804958090685,-113970.71305142246,-26724.933164440114,200,0.5,0.14,210,70,-45712.50643159377,-24159.946325182475,10712.5,-45787.76315554639,-24314.118531233446,10712.5,0.35372000000000003,0.73624,68151.86,2851.84
6,UTS,IMG,1260,20,j:OK,K:\NINJA\E71a\ManualCheck\ScanData\UTS\ECC6\IMG\Event01260\PL020,1.0000946967515492,-0.008999372682178725,0.008356914885935573,1.0002977644485245,-117343.08375298372,-110621.11648187849,200,0.5,0.14,210,70,-46612.1356647658,-25833.935487995754,10721,-46684.85809379004,-25989.454920616947,10721,0.3529,0.7374,71407.5,84009.9
6,UTS,IMG,1260,21,j:OK,K:\NINJA\E71a\ManualCheck\ScanData\UTS\ECC6\IMG\Event01260\PL021,1.0001497282432548,1.6153007741146255e-05,-0.0007423980978294925,1.0003901407071265,-121478.69374481584,-108898.61668970236,200,0.5,0.14,210,70,-50165.55281777562,-26449.678729310563,10720,-50240.59954792613,-26604.180300522916,10720,0.3573,0.7357,71226.1,82315.2
6,UTS,IMG,1260,22,j:OK,K:\NINJA\E71a\ManualCheck\ScanData\UTS\ECC6\IMG\Event01260\PL022,1.00010725016582,-0.0023362653917062023,0.0016514607377143902,1.0003893617483726,-83505.34332686484,-110177.62869179854,200,0.5,0.14,210,70,-12340.923308967394,-29763.84239270942,6565.75,-12414.657572999859,-29918.837024003544,6565.75,0.3528,0.7372,71270.2,80109.9
6,UTS,IMG,1694,119,j:OK,K:\NINJA\E71a\ManualCheck\ScanData\UTS\ECC6\IMG\Event01694\PL119,1.0003646013278784,-0.004036059066387542,0.0037337257561691657,1.0005723796998056,-164218.90209731518,24131.06044614222,200,0.5,0.14,210,70,-81740.11108350138,31973.93360207165,8292,-81773.75169409432,32017.295174281495,8292,0.15930000000000002,-0.20696,82445.66,7574.07
6,UTS,IMG,1694,120,j:OK,K:\NINJA\E71a\ManualCheck\ScanData\UTS\ECC6\IMG\Event01694\PL120,1.0003896434370425,-0.007337998554492708,0.006629762235407497,1.0004316916561682,-177036.41713248627,24895.87658730528,200,0.5,0.14,210,70,-95227.56580745586,35317.785751102245,8290.5,-95261.12065957511,35361.1803171707,8290.5,0.1582,-0.2076,81816.2,9918.6
6,UTS,IMG,1694,121,j:OK,K:\NINJA\E71a\ManualCheck\ScanData\UTS\ECC6\IMG\Event01694\PL121,1.0004638265582786,-0.005800941965116382,0.005501080523515757,1.0003722534336972,-176121.01086440554,23716.803192742613,200,0.5,0.14,210,70,-93424.38924683517,33420.70561262689,8281.75,-93458.0461700325,33463.882066501035,8281.75,0.159,-0.2064,82678.5,9288.8
6,UTS,IMG,1908,96,j:OK,K:\NINJA\E71a\ManualCheck\ScanData\UTS\ECC6\IMG\Event01908\PL096,1.0002422891779263,0.019751102178282052,-0.02011016999737072,1.0003298124855557,38017.83217343425,-66285.14318706475,200,0.5,0.14,210,70,127462.61781542993,-24862.2180046689,13867.25,127530.46555082407,-24726.226330306785,13867.25,-0.3101,-0.6536,88635.4,43327.1
6,UTS,IMG,1908,97,j:OK,K:\NINJA\E71a\ManualCheck\ScanData\UTS\ECC6\IMG\Event01908\PL097,1.000457144331335,0.011059319615184308,-0.011366989222949158,1.0005091891426523,41379.63314163498,-66213.9619746211,200,0.5,0.14,210,70,130645.51117010799,-23350.732989509772,13869.25,130712.49318381186,-23214.318996095375,13869.25,-0.3116,-0.6528,88805.8,43986.7
6,UTS,IMG,1969,21,j:OK,K:\NINJA\E71a\ManualCheck\ScanData\UTS\ECC6\IMG\Event01969\PL021,1.0001716311504865,0.0007494150353227159,-0.0012517374655268633,1.0004045953224565,-644.5502697407468,-108873.21844405215,200,0.5,0.14,210,70,52435.7413741249,-86429.68279293558,10747.5,52426.619665176506,-86398.62078996962,10747.5,0.04354,-0.14780000000000001,53045.18,22531.88
6,UTS,IMG,1969,22,j:OK,K:\NINJA\E71a\ManualCheck\ScanData\UTS\ECC6\IMG\Event01969\PL022,1.0001456835453726,0.00023345484880227035,-0.0008119705325878093,1.0003998850472828,37455.85465066183,-109982.63565990092,200,0.5,0.14,210,70,91725.48287236868,-86141.03335593619,6605.25,91716.03870731291,-86110.12232996566,6605.25,0.045,-0.1471,54246.7,23907
6,UTS,IMG,2189,27,j:OK,K:\NINJA\E71a\ManualCheck\ScanData\UTS\ECC6\IMG\Event02189\PL027,1.000130027248733,-0.0029389345612640836,0.0025624762294941834,1.0003755708285393,791.9273908984652,-24998.344818789454,200,0.5,0.14,210,70,67403.82322416178,38783.84338056625,-378.75,67355.90666487635,38695.38808418285,-378.75,0.22938000000000003,0.42047,66741.92,63498.86
6,UTS,IMG,2189,28,j:OK,K:\NINJA\E71a\ManualCheck\ScanData\UTS\ECC6\IMG\Event02189\PL028,1.0001333171183582,-0.0008010204586089783,0.00033303159776285144,1.000369843741865,-21.543724202573852,-25129.910727042785,200,0.5,0.14,210,70,65698.79292289482,35277.037280063596,-379.75,65644.6665637261,35161.66347809274,-379.75,0.25815000000000005,0.5491100000000001,65705.71,60247.41
6,UTS,IMG,2189,29,j:OK,K:\NINJA\E71a\ManualCheck\ScanData\UTS\ECC6\IMG\Event02189\PL029,1.0002987444317508,-0.005286148870706305,0.004728687973985561,1.0004798645256794,-3333.9217232167093,-26375.75931582104,200,0.5,0.14,210,70,60919.19090550801,35828.56382648252,-375.75,60872.2698767595,35739.55121410386,-375.75,0.2256,0.4226,64513.5,61780.6
6,UTS,IMG,2189,30,j:OK,K:\NINJA\E71a\ManualCheck\ScanData\UTS\ECC6\IMG\Event02189\PL030,1.0000959111783232,-0.00037397914146340157,-2.6040456168751747e-05,1.0003164142307737,-3469.5725190385906,-24636.21254308056,200,0.5,0.14,210,70,60920.14901420682,34599.90605603015,-396.25,60872.486409359975,34511.72140347979,-396.25,0.2271,0.4198,64358,59130.9
6,UTS,IMG,2346,111,j:OK,K:\NINJA\E71a\ManualCheck\ScanData\UTS\ECC6\IMG\Event02346\PL111,1.0002601415287522,-0.010150769180278378,0.009157930998923832,1.000506443736151,-156809.13063456304,98893.56727872013,200,0.5,0.14,210,70,-108768.95211823688,113865.06666584693,8286.5,-108724.40245710258,113931.19350947658,8286.5,-0.21526,-0.31276000000000004,48220.270000000004,14588.64
6,UTS,IMG,2346,113,j:OK,K:\NINJA\E71a\ManualCheck\ScanData\UTS\ECC6\IMG\Event02346\PL113,1.0003966594668872,-0.006784167288491217,0.006027170713901803,1.0004652367969125,-135947.37933643363,99215.516894331,200,0.5,0.14,210,70,-87898.51348565162,114741.34114710537,8285.5,-87853.72804740048,114807.3112042796,8285.5,-0.2153,-0.3127,48178.3,15294.3
6,UTS,IMG,2346,114,j:OK,K:\NINJA\E71a\ManualCheck\ScanData\UTS\ECC6\IMG\Event02346\PL114,1.000326298295535,-0.006377161436292189,0.005425762094850916,1.0004398850369058,-138960.27581988435,102977.72107448349,200,0.5,0.14,210,70,-90685.79006331535,115152.82237165135,8280,-90640.6425592473,115218.38722934316,8280,-0.2169,-0.3109,48380.2,11972.9
6,UTS,IMG,2620,37,j:OK,K:\NINJA\E71a\ManualCheck\ScanData\UTS\ECC6\IMG\Event02620\PL037,1.0002657824641124,-0.000628924964575928,-0.00014779179694129606,1.0004378296504117,120554.44972114958,-23832.768542321635,200,0.5,0.14,210,70,207908.26886286016,-2823.9325272871047,-346.75,207891.65555106348,-2793.861716363485,-346.75,0.079,-0.14312000000000002,87327.23,21042.600000000002
6,UTS,IMG,2620,38,j:OK,K:\NINJA\E71a\ManualCheck\ScanData\UTS\ECC6\IMG\Event02620\PL038,1.0004371145138844,-0.0030035796868848456,0.002247002470799944,1.0003695298257556,120351.4408210834,-25028.51352908146,200,0.5,0.14,210,70,207373.9842482256,-3533.882742088594,-344.25,207357.4435478778,-3503.7735537689227,-344.25,0.0783,-0.1435,87032,21321.3
6,UTS,IMG,2620,39,j:OK,K:\NINJA\E71a\ManualCheck\ScanData\UTS\ECC6\IMG\Event02620\PL039,1.0002460391050938,0.002171461491526123,-0.0024331375556664488,1.0004091463765639,116595.29955752022,-26066.53392746413,200,0.5,0.14,210,70,205102.4278641594,-3833.066419047716,-340.5,205086.04625553044,-3802.8790813408305,-340.5,0.0783,-0.1435,88420.2,22469.6
6,UTS,IMG,2620,40,j:OK,K:\NINJA\E71a\ManualCheck\ScanData\UTS\ECC6\IMG\Event02620\PL040,1.0002057792551964,-0.0048725800344301354,0.00428768556929963,1.0004427363704063,120643.52888828581,-24235.79975905496,200,0.5,0.14,210,70,207045.14490594773,-2030.950721575171,-346,207028.63560208137,-2000.8515126654127,-346,0.0779,-0.1436,86473.8,21854.5
6,UTS,IMG,2825,63,j:OK,K:\NINJA\E71a\ManualCheck\ScanData\UTS\ECC6\IMG\Event02825\PL063,1.000417676752935,-0.009782965868290335,0.00916092956920679,1.0003383156000374,-177983.18708089113,-45215.12614178934,200,0.5,0.14,210,70,-96653.80511644325,-37287.12016430395,13249.75,-96719.84368958224,-37261.12540941504,13249.75,0.31310000000000004,-0.12661,81299.89,7206.78
6,UTS,IMG,2825,64,j:OK,K:\NINJA\E71a\ManualCheck\ScanData\UTS\ECC6\IMG\Event02825\PL064,1.0003837839764451,-0.018853576077614294,0.01826091767181046,1.000190671051638,-6423.911241622261,166080.9935828386,200,0.5,0.14,210,70,73271.6196416809,176389.58549993252,673.75,73205.35921513556,176415.18631903545,673.75,0.313,-0.1276,79766,8875.9
6,UTS,IMG,2825,65,j:OK,K:\NINJA\E71a\ManualCheck\ScanData\UTS\ECC6\IMG\Event02825\PL065,1.0001637891699997,-0.005722582482151195,0.004923896651824769,1.0005183052355042,-10326.745566971213,169784.02629533797,200,0.5,0.14,210,70,67013.53198835177,177782.11189700293,676.5,66947.59683468415,177808.42984390416,676.5,0.3132,-0.1268,77305.4,7639.8
6,UTS,IMG,2825,66,j:OK,K:\NINJA\E71a\ManualCheck\ScanData\UTS\ECC6\IMG\Event02825\PL066,1.000366291230863,-0.010156153528696903,0.009416410787127839,1.0002772861731193,-18493.788734005906,168982.44906809798,200,0.5,0.14,210,70,60424.80949670272,177245.85116335697,676.5,60358.88767471307,177272.0996590284,676.5,0.3125,-0.1279,78900.4,7544.6
6,UTS,IMG,3015,61,j:OK,K:\NINJA\E71a\ManualCheck\ScanData\UTS\ECC6\IMG\Event03015\PL061,1.0004671128755023,-0.003437778958830311,0.002863893638336374,1.0003886354786005,-167655.12333918185,-123230.95542484603,200,0.5,0.14,210,70,-101457.97319718465,-70655.99879048305,7972.499999999999,-101451.01847365266,-70655.50619391393,7972.499999999999,-0.03311,-0.0022500000000000003,66353.13,52365.07
6,UTS,IMG,3015,62,j:OK,K:\NINJA\E71a\ManualCheck\ScanData\UTS\ECC6\IMG\Event03015\PL062,1.0003984043330212,-0.005184442908371961,0.005008162857448003,1.0003353012445595,-177806.79494245377,-49225.46390460043,200,0.5,0.14,210,70,-110491.99870011078,3164.4609150888564,13214,-110485.04732601489,3164.9578817380534,13214,-0.0331,-0.0022,67564.6,52034.6
6,UTS,IMG,3015,63,j:OK,K:\NINJA\E71a\ManualCheck\ScanData\UTS\ECC6\IMG\Event03015\PL063,1.000417676752935,-0.009782965868290335,0.00916092956920679,1.0003383156000374,-177983.18708089113,-45215.12614178934,200,0.5,0.14,210,70,-110293.86383875771,3396.6980400550015,13238.5,-110286.93525854575,3397.202674494096,13238.5,-0.033,-0.0021,68137.1,47971.9
6,UTS,IMG,3015,64,j:OK,K:\NINJA\E71a\ManualCheck\ScanData\UTS\ECC6\IMG\Event03015\PL064,1.0003837839764451,-0.018853576077614294,0.01826091767181046,1.000190671051638,-6423.911241622261,166080.9935828386,200,0.5,0.14,210,70,60572.080567594676,216553.61729271736,660.25,60579.00491279058,216554.18492496273,660.25,-0.033,-0.0021,67904.9,49223.8
6,UTS,IMG,3195,22,j:OK,K:\NINJA\E71a\ManualCheck\ScanData\UTS\ECC6\IMG\Event03195\PL022,1.00010725016582,-0.0023362653917062023,0.0016514607377143902,1.0003893617483726,-83505.34332686484,-110177.62869179854,200,0.5,0.14,210,70,-13132.073063956655,-90090.35503400785,6580.75,-13128.88787729328,-90104.37278631677,6580.75,-0.01501,0.06675,70415.51,19949.2
6,UTS,IMG,3195,23,j:OK,K:\NINJA\E71a\ManualCheck\ScanData\UTS\ECC6\IMG\Event03195\PL023,1.0000518096084448,-0.0020187191009871115,0.001681911927312103,1.0002458129603207,-25228.840256397696,-110070.18630409229,200,0.5,0.14,210,70,44024.64929687346,-90286.68610697902,6595.25,44027.78577648927,-90300.71232786095,6595.25,-0.0148,0.0668,69292.7,19648.1
6,UTS,IMG,3195,25,j:OK,K:\NINJA\E71a\ManualCheck\ScanData\UTS\ECC6\IMG\Event03195\PL025,1.0001573990959087,-0.005361376673992702,0.00507132639999005,1.0003175362233572,-174505.03330666918,-21803.518982256614,200,0.5,0.14,210,70,-107468.3811275546,-2319.982800079446,13859.75,-107465.09241243932,-2333.998960305864,13847,-0.0153,0.0668,67131.9,19123
6,UTS,IMG,3371,22,j:OK,K:\NINJA\E71a\ManualCheck\ScanData\UTS\ECC6\IMG\Event03371\PL022,1.00010725016582,-0.0023362653917062023,0.0016514607377143902,1.0003893617483726,-83505.34332686484,-110177.62869179854,200,0.5,0.14,210,70,-27980.12784761465,-89094.145571515,6576.25,-27934.338638771238,-89014.07261638565,6576.25,-0.21891000000000002,-0.38079,55614.25,21063.510000000002
6,UTS,IMG,3371,23,j:OK,K:\NINJA\E71a\ManualCheck\ScanData\UTS\ECC6\IMG\Event03371\PL023,1.0000518096084448,-0.0020187191009871115,0.001681911927312103,1.0002458129603207,-25228.840256397696,-110070.18630409229,200,0.5,0.14,210,70,29346.542299226607,-88868.15653984548,6597.5,29392.625770794668,-88788.3431696482,6597.5,-0.2202,-0.3796,54661.4,21184.7
6,UTS,IMG,3371,25,j:OK,K:\NINJA\E71a\ManualCheck\ScanData\UTS\ECC6\IMG\Event03371\PL025,1.0001573990959087,-0.005361376673992702,0.00507132639999005,1.0003175362233572,-174505.03330666918,-21803.518982256614,200,0.5,0.14,210,70,-121473.5676340539,480.687094527189,13847.5,-121428.48333575221,561.1213347969897,13847.5,-0.2167,-0.3818,53186.6,22087.9
6,UTS,IMG,3475,61,j:OK,K:\NINJA\E71a\ManualCheck\ScanData\UTS\ECC6\IMG\Event03475\PL061,1.0002115960367168,-0.0038419665461027477,0.003277076950511975,1.0005710936756096,-47116.925958784836,-199566.14262821057,200,0.5,0.14,210,70,-24969.859840049103,-148482.44315713944,8017.250000000001,-24969.524929411287,-148428.53091126322,8017.250000000001,-0.0025800000000000003,-0.25657,22338.75,51035.26
6,UTS,IMG,3475,62,j:OK,K:\NINJA\E71a\ManualCheck\ScanData\UTS\ECC6\IMG\Event03475\PL062,1.0003878082366298,0.0008871639502192771,-0.0015638919825474687,1.0004178925086145,-57943.98724437169,-127505.12576837964,200,0.5,0.14,210,70,-33925.116463887716,-73790.33232211921,13241.5,-33924.879584875336,-73736.42409913908,13250.5,-0.0009,-0.2566,23962.1,53783.7
6,UTS,IMG,3475,63,j:OK,K:\NINJA\E71a\ManualCheck\ScanData\UTS\ECC6\IMG\Event03475\PL063,1.0002859816166876,-0.006368183050152834,0.005702116365621709,1.0004971982720174,-56883.58018439222,-125729.57613481785,200,0.5,0.14,210,70,-33531.70149605041,-73080.6168109866,13257.75,-33531.602723453296,-73026.82756697417,13257.75,-0.0021,-0.256,23679.8,52541.6
6,UTS,IMG,3475,64,j:OK,K:\NINJA\E71a\ManualCheck\ScanData\UTS\ECC6\IMG\Event03475\PL064,1.0003013998111172,-0.014631704767059384,0.013832973649374419,1.0004084910419622,115705.82177542527,86503.47860647569,200,0.5,0.14,210,70,137799.65607172102,141543.15279630778,700.75,137799.26551887326,141597.1503619258,700.75,-0.0019,-0.257,22887.7,54754.7
6,UTS,IMG,3578,123,j:OK,K:\NINJA\E71a\ManualCheck\ScanData\UTS\ECC6\IMG\Event03578\PL123,1.000318736495576,0.013858402888071868,-0.014140931962462563,1.0003879262444157,-172988.15075514134,23676.345005236977,200,0.5,0.14,210,70,-85996.37449424149,48890.034069179106,8297.5,-85886.43883182612,48921.33684358746,8297.5,-0.52117,-0.15637,86707.37,26460.850000000002
6,UTS,IMG,3578,124,j:OK,K:\NINJA\E71a\ManualCheck\ScanData\UTS\ECC6\IMG\Event03578\PL124,1.0004189287085765,0.004488026474749275,-0.004872886995773598,1.0004035883853226,-176367.07934727386,23515.90947677563,200,0.5,0.14,210,70,-87164.75024897176,50718.73289180843,8316,-87055.0004189005,50750.951246007986,8297,-0.5217,-0.1559,89150.6,27658.3
6,UTS,IMG,3578,125,j:OK,K:\NINJA\E71a\ManualCheck\ScanData\UTS\ECC6\IMG\Event03578\PL125,0.9999906639659814,0.019714534733012625,-0.020128392968479247,1.0001531646391204,-168126.1682346539,25784.131521095052,200,0.5,0.14,210,70,-79415.32982063793,51794.484346677214,8289,-79305.82862601192,51826.80221933714,8289,-0.5182,-0.1643,88272.8,27815.2
6,UTS,IMG,3578,126,j:OK,K:\NINJA\E71a\ManualCheck\ScanData\UTS\ECC6\IMG\Event03578\PL126,1.0004021026048973,-0.005801973035029674,0.004809611921783835,1.0004894468474306,-182367.30938857814,23104.764943139136,200,0.5,0.14,210,70,-90569.71568166603,51726.63868984006,8290,-90460.00461269915,51758.9135611572,8290,-0.5231,-0.1511,92033.9,28197.7
6,UTS,IMG,3615,77,j:OK,K:\NINJA\E71a\ManualCheck\ScanData\UTS\ECC6\IMG\Event03615\PL077,1.0000849002785652,0.00023496872464439042,-0.0009094687622203298,1.0003381379082066,-85800.4098890599,-93511.54274919695,200,0.5,0.14,210,70,-29715.31002732087,-54347.43785916166,10899.5,-29689.566782973227,-54350.61653707924,10899.5,-0.12258000000000001,0.01502,56096.87,39198.69
6,UTS,IMG,3615,78,j:OK,K:\NINJA\E71a\ManualCheck\ScanData\UTS\ECC6\IMG\Event03615\PL078,1.00076023057403,-0.01819977006876468,-0.022486319648278148,0.93261770517169,-297575.0220490375,26733.2520174303,200,0.5,0.14,210,70,-240675.95263347583,61829.17916586369,8263.75,-240650.1289669134,61825.62331736311,8263.75,-0.1226,0.0152,57591.2,39016.4
6,UTS,IMG,3615,79,j:OK,K:\NINJA\E71a\ManualCheck\ScanData\UTS\ECC6\IMG\Event03615\PL079,1.0002108441454767,-0.006720302980076724,0.005988512269479438,1.0005356265520051,16542.367561012514,-56006.59006318064,200,0.5,0.14,210,70,74248.85878697575,-16926.085675784598,10355.749999999998,74274.65210649851,-16929.041034516275,10355.749999999998,-0.1227,0.0148,57980.2,38709.6
6,UTS,IMG,3638,77,j:OK,K:\NINJA\E71a\ManualCheck\ScanData\UTS\ECC6\IMG\Event03638\PL077,1.0000849002785652,0.00023496872464439042,-0.0009094687622203298,1.0003381379082066,-85800.4098890599,-93511.54274919695,200,0.5,0.14,210,70,-29715.31002732087,-54347.43785916166,10898.5,-29689.566782973227,-54350.61653707924,10898.5,-0.12258000000000001,0.01502,56096.87,39198.69
6,UTS,IMG,3638,79,j:OK,K:\NINJA\E71a\ManualCheck\ScanData\UTS\ECC6\IMG\Event03638\PL079,1.0002108441454767,-0.006720302980076724,0.005988512269479438,1.0005356265520051,16542.367561012514,-56006.59006318064,200,0.5,0.14,210,70,74248.85878697575,-16926.085675784598,10357.25,74274.65210649851,-16929.041034516275,10357.25,-0.1227,0.0148,57980.2,38709.6
6,UTS,IMG,3802,119,j:OK,K:\NINJA\E71a\ManualCheck\ScanData\UTS\ECC6\IMG\Event03802\PL119,1.0003646013278784,-0.004036059066387542,0.0037337257561691657,1.0005723796998056,-164218.90209731518,24131.06044614222,200,0.5,0.14,210,70,-136233.80665050412,37369.52800133373,8298.25,-136172.03352130076,37393.16630385382,8298.25,-0.2945,-0.1114,28089.7,13149.7
6,UTS,IMG,3802,120,j:OK,K:\NINJA\E71a\ManualCheck\ScanData\UTS\ECC6\IMG\Event03802\PL120,1.0003896434370425,-0.007337998554492708,0.006629762235407497,1.0004316916561682,-177036.41713248627,24895.87658730528,200,0.5,0.14,210,70,-148392.73605516175,40521.22987950513,8293.25,-148330.97405727435,40544.834323164956,8293.25,-0.2948,-0.1104,28807.6,15451.3
6,UTS,IMG,3948,26,j:OK,K:\NINJA\E71a\ManualCheck\ScanData\UTS\ECC6\IMG\Event03948\PL026,1.0001330197495992,-0.013624128293013826,0.0132676064828129,1.000306542553833,-173660.59329138743,-101544.28689311843,200,0.5,0.14,210,70,-74501.26945284654,-58561.75590810713,13857.5,-74404.73632040095,-58652.40558862799,13857.5,-0.45366000000000006,0.43755000000000005,99808.73,41554.92
6,UTS,IMG,3948,27,j:OK,K:\NINJA\E71a\ManualCheck\ScanData\UTS\ECC6\IMG\Event03948\PL027,1.0001825889707643,-0.004253697576814513,0.0038923335417303997,1.000355048179448,1166.3818366574194,-103711.67911721028,200,0.5,0.14,210,70,101546.76414779195,-62505.98919736231,-369.75,101642.59557567791,-62597.33632827381,-369.75,-0.4544,0.4366,100631,40708.2
6,UTS,IMG,3948,28,j:OK,K:\NINJA\E71a\ManualCheck\ScanData\UTS\ECC6\IMG\Event03948\PL028,1.0000995170722478,0.00013296017460155525,-0.0005438695566500742,1.0003207826257274,381.65193580704954,-103470.82740421798,200,0.5,0.14,210,70,101870.87209751754,-65850.36326641098,-366.75,101966.75549110741,-65941.81572611658,-366.75,-0.4566,0.4351,101570,37572.2
6,UTS,IMG,4329,28,j:OK,K:\NINJA\E71a\ManualCheck\ScanData\UTS\ECC6\IMG\Event04329\PL028,1.0002600370486954,0.001987828355038945,-0.002485302156830398,1.0003592452562682,120330.79876231823,-103175.7535272979,200,0.5,0.14,210,70,140000.25894869433,-17694.651634522605,-346.5,140050.55820778894,-17689.701163155638,-346.5,-0.23941,-0.02416,19544.71,85503.91
6,UTS,IMG,4350,67,j:OK,K:\NINJA\E71a\ManualCheck\ScanData\UTS\ECC6\IMG\Event04350\PL067,1.0002424646907782,0.011127316494235323,-0.011654260614145826,1.0003951776558566,-24942.772955110497,90252.24813407914,200,0.5,0.14,210,70,28575.323408392658,150488.86378537462,658.75,28640.21650441267,150468.27328348072,658.75,-0.30999000000000004,0.09440000000000001,52893.53,60808.43
6,UTS,IMG,4350,68,j:OK,K:\NINJA\E71a\ManualCheck\ScanData\UTS\ECC6\IMG\Event04350\PL068,1.0002779258020555,0.0016643639114957602,-0.0019388949996989953,1.0004958407290618,-17280.663540536876,87852.36459663376,200,0.5,0.14,210,70,36174.93497078531,147865.1957624116,673,36239.85146348704,147844.8998699324,673,-0.3092,0.096,53405.7,60066.3
6,UTS,IMG,4350,69,j:OK,K:\NINJA\E71a\ManualCheck\ScanData\UTS\ECC6\IMG\Event04350\PL069,1.0002223425272598,0.01249829012719938,-0.01290899460262296,1.0003702484316221,-22081.8289103208,89619.79349086704,200,0.5,0.14,210,70,29644.288729109277,146786.67249527003,653,29709.33581067022,146766.9859766406,653,-0.3108,0.0897,51057.6,57784.9
6,UTS,IMG,4350,70,j:OK,K:\NINJA\E71a\ManualCheck\ScanData\UTS\ECC6\IMG\Event04350\PL070,1.000373379806054,0.0012302300685841008,-0.0018089208040052871,1.0004392635010615,-14306.347791291064,86860.25978421791,200,0.5,0.14,210,70,39855.47456546071,145944.9648048543,656,39920.617481810754,145925.81261070792,656,-0.3102,0.0906,54134,59137.5
6,UTS,IMG,4414,105,j:OK,K:\NINJA\E71a\ManualCheck\ScanData\UTS\ECC6\IMG\Event04414\PL105,0.9996702830284958,-0.006966546248840317,0.006276669749949814,1.000571123717701,-279323.4612727629,98981.07146536677,200,0.5,0.14,210,70,-202379.29965433283,123598.08121414286,8257.5,-202476.13229743857,123648.1269532148,8257.5,0.45958000000000004,-0.24106000000000002,77041.11,24169.69
6,UTS,IMG,4414,106,j:OK,K:\NINJA\E71a\ManualCheck\ScanData\UTS\ECC6\IMG\Event04414\PL106,1.0003852737949597,-0.007870516581917422,0.007630022283981995,1.0004967222929295,-289750.45790749555,98643.81845350334,200,0.5,0.14,210,70,-214163.61014238588,126107.36073754483,8262,-214260.49796892004,126157.17589639606,8262,0.4593,-0.2406,75672.7,26922.6
6,UTS,IMG,4414,107,j:OK,K:\NINJA\E71a\ManualCheck\ScanData\UTS\ECC6\IMG\Event04414\PL107,1.0003984619266097,-0.005269295407473546,0.005046662924794434,1.0004711223075369,-281275.3551169404,100027.37005455272,200,0.5,0.14,210,70,-208357.2901511057,123496.89145494599,8262.75,-208454.23368668207,123546.34425235982,8262.75,0.4602,-0.2377,72914,23140.1
6,UTS,IMG,4481,20,j:OK,K:\NINJA\E71a\ManualCheck\ScanData\UTS\ECC6\IMG\Event04481\PL020,0.9999746562207952,-0.015415078542465054,0.014799526245964739,1.0000493772229901,-118250.35773982704,-29738.6540590379,200,0.5,0.14,210,70,-22912.89539224054,199.5059096250563,10732,-22925.305118931472,202.8029125768735,10732,0.05884,-0.01657,95767.16,28522.74
6,UTS,IMG,4481,21,j:OK,K:\NINJA\E71a\ManualCheck\ScanData\UTS\ECC6\IMG\Event04481\PL021,1.0002584558300809,-0.00042181405806822765,-1.2681360556280515e-05,1.0001789271015311,-121373.93429968532,-26855.433810292954,200,0.5,0.14,210,70,-25821.14777189288,-171.4575300675821,10723.25,-25833.500433749272,-167.97074973826602,10723.25,0.0588,-0.0166,95527,26683.9
6,UTS,IMG,4481,22,j:OK,K:\NINJA\E71a\ManualCheck\ScanData\UTS\ECC6\IMG\Event04481\PL022,1.0001316354966339,-0.0032784420731208825,0.002735971606109176,1.0002456771183585,-83466.32977249734,-28402.884603042654,200,0.5,0.14,210,70,12629.03037670807,-995.675604446916,6578.5,12616.648664095963,-992.3276150453748,6578.5,0.0589,-0.0161,96159.3,27140.8
6,UTS,IMG,4634,86,j:OK,K:\NINJA\E71a\ManualCheck\ScanData\UTS\ECC6\IMG\Event04634\PL086,1.0002566402319961,0.009342685616343362,-0.01002609338442786,1.0006024409322958,44710.56730051158,-66968.62077700197,200,0.5,0.14,210,70,80101.70210168645,5618.735209992864,13851.5,80066.63744840029,5616.123620164333,13851.5,0.1668,0.0141,34666.2,72888.4
6,UTS,IMG,4634,87,j:OK,K:\NINJA\E71a\ManualCheck\ScanData\UTS\ECC6\IMG\Event04634\PL087,0.9997963829332833,0.008211170957624745,-0.008712388093283228,1.0012694402417959,42015.449763447796,-64298.525113329764,200,0.5,0.14,210,70,75637.51160459987,6687.362295838059,13857,75602.40378131834,6684.745316752575,13857,0.1671,0.0139,33009.2,71180.5
6,UTS,IMG,4634,88,j:OK,K:\NINJA\E71a\ManualCheck\ScanData\UTS\ECC6\IMG\Event04634\PL088,1.0003769674120901,-0.0014137366256010704,0.0005426867276423646,1.0005463122598992,42269.9145613169,-67505.52513155378,200,0.5,0.14,210,70,75007.81180415061,5953.141619106939,13839.25,74972.7114651766,5950.370072781952,13839.25,0.1671,0.0131,32794.2,73398
6,UTS,IMG,4716,29,j:OK,K:\NINJA\E71a\ManualCheck\ScanData\UTS\ECC6\IMG\Event04716\PL029,1.0002987444317508,-0.005286148870706305,0.004728687973985561,1.0004798645256794,-3333.9217232167093,-26375.75931582104,200,0.5,0.14,210,70,86323.75379406588,18412.066956016202,-365.75,86285.81074329959,18424.500253089365,-365.75,0.18031000000000003,-0.06003000000000001,89827.36,44354.21
6,UTS,IMG,4716,30,j:OK,K:\NINJA\E71a\ManualCheck\ScanData\UTS\ECC6\IMG\Event04716\PL030,1.0000959111783232,-0.00037397914146340157,-2.6040456168751747e-05,1.0003164142307737,-3469.5725190385906,-24636.21254308056,200,0.5,0.14,210,70,86306.29395448757,18277.814512126995,-380.5,86268.48553837223,18290.629549722536,-380.5,0.18,-0.061,89745.5,42915.6
6,UTS,IMG,4716,31,j:OK,K:\NINJA\E71a\ManualCheck\ScanData\UTS\ECC6\IMG\Event04716\PL031,1.000299353537105,-0.00588880841694173,0.005424592845965897,1.0004677094192063,1048.8529037293135,-25845.84197430194,200,0.5,0.14,210,70,90765.13686091597,18970.93598651603,-381,90727.27123966784,18983.526032358666,-381,0.1799,-0.0609,89912.5,44320.9
6,UTS,IMG,4716,32,j:OK,K:\NINJA\E71a\ManualCheck\ScanData\UTS\ECC6\IMG\Event04716\PL032,1.0001297252740697,-0.007465336522684204,0.00696929518317192,1.0003811228108082,1063.0205261669976,-25309.60745485424,200,0.5,0.14,210,70,89713.53420923189,19336.428344253447,-384,89675.71643137606,19349.148436528158,-384,0.1796,-0.0618,88929.8,44022.2
6,UTS,IMG,4721,55,j:OK,K:\NINJA\E71a\ManualCheck\ScanData\UTS\ECC6\IMG\Event04721\PL055,1.0004134810138952,-0.007098839149569369,0.006628004195634915,1.0003674089409202,-56368.14955899686,-118888.69132206774,200,0.5,0.14,210,70,-26472.53848667089,-81620.53269528228,7999,-26442.147274973617,-81597.83732688475,7999,-0.14542000000000002,-0.10707000000000001,30176.73,37077.22
6,UTS,IMG,4721,57,j:OK,K:\NINJA\E71a\ManualCheck\ScanData\UTS\ECC6\IMG\Event04721\PL057,1.0002401489492776,-0.007408964705055517,0.007208288311009795,1.0004399224778247,-55061.433530809416,-119690.01927171148,200,0.5,0.14,210,70,-23748.75190918232,-80988.1030455404,8023.000000000002,-23718.335357001488,-80965.36074138217,8005.750000000001,-0.1456,-0.1072,31620.6,38479.8
6,UTS,IMG,4891,22,j:OK,K:\NINJA\E71a\ManualCheck\ScanData\UTS\ECC6\IMG\Event04891\PL022,1.0001316354966339,-0.0032784420731208825,0.002735971606109176,1.0002456771183585,-83466.32977249734,-28402.884603042654,200,0.5,0.14,210,70,213.25344266829305,724.7945988716258,6572,85.30274818916223,803.1873218741239,6572,0.6079800000000001,-0.37487000000000004,83635.6,28970.13
6,UTS,IMG,4891,23,j:OK,K:\NINJA\E71a\ManualCheck\ScanData\UTS\ECC6\IMG\Event04891\PL023,1.0000681724878215,-0.0016189959604446585,0.001304408324073787,1.0002626358607651,-24269.70073902957,-29649.36079180174,200,0.5,0.14,210,70,57170.75701436366,875.87580500437,6591,57042.98251104153,954.6690451469149,6591,0.6078,-0.3759,81356.5,30489.9
6,UTS,IMG,4891,25,j:OK,K:\NINJA\E71a\ManualCheck\ScanData\UTS\ECC6\IMG\Event04891\PL025,0.9999784486278599,-0.01509841031950949,0.014754538316329642,1.0001845616054827,-175240.93833988858,53979.30212012714,200,0.5,0.14,210,70,-97784.50405274631,90585.62035686511,13850.5,-97912.93882238245,90663.13765466452,13836,0.6059,-0.378,77866.1,35528.4
6,UTS,IMG,5228,41,j:OK,K:\NINJA\E71a\ManualCheck\ScanData\UTS\ECC6\IMG\Event05228\PL041,1.0003337088546662,-0.0023338568187834703,0.0018920963947971425,1.0005234555139124,116954.3183194078,-25134.03352902233,200,0.5,0.14,210,70,197175.5602543018,42232.939941050055,-343,197173.90361462042,42258.704802546905,-343,0.007600000000000001,-0.12264000000000001,80349.62,67205.53
6,UTS,IMG,5228,42,j:OK,K:\NINJA\E71a\ManualCheck\ScanData\UTS\ECC6\IMG\Event05228\PL042,0.9998837516892205,-0.014941299345235519,0.014595407697872527,1.0003945606840785,-188920.26414823858,22152.42038017736,200,0.5,0.14,210,70,-108608.16462600036,89706.20588750853,8278.25,-108610.01819250642,89731.87756576127,8270,0.007,-0.1223,81311.3,66366.5
6,UTS,IMG,5228,43,j:OK,K:\NINJA\E71a\ManualCheck\ScanData\UTS\ECC6\IMG\Event05228\PL043,0.9999050223966423,-0.00010063041913371129,-0.00025906374641226947,1.0004959051317046,-161251.54892142978,-89189.03329861225,200,0.5,0.14,210,70,-82743.72344943343,-23513.69579718607,5322.25,-82745.21689231288,-23487.999674590523,5322.25,0.0071,-0.1223,78520.4,65688.8
6,UTS,IMG,5228,44,j:OK,K:\NINJA\E71a\ManualCheck\ScanData\UTS\ECC6\IMG\Event05228\PL044,1.0003073220763203,-0.002561026471670646,0.0018832743493264502,1.0004651164560716,-168543.08961508362,-90556.06422394654,200,0.5,0.14,210,70,-88140.96156926684,-22541.386907054337,5328.75,-88142.51928636094,-22515.505681523442,5328.75,0.0071,-0.1232,80549.6,67857.3
6,UTS,IMG,5497,109,j:OK,K:\NINJA\E71a\ManualCheck\ScanData\UTS\ECC6\IMG\Event05497\PL109,1.0002335445899886,-0.015521007439921328,0.01520477284736756,1.0003772827993826,-150496.4072728879,23375.12508967584,200,0.5,0.14,210,70,-83614.48273830506,109126.23520931785,8265.75,-83627.56711707872,109050.09577096104,8265.75,0.0679,0.3614,68166.1,84606.6
6,UTS,IMG,5497,110,j:OK,K:\NINJA\E71a\ManualCheck\ScanData\UTS\ECC6\IMG\Event05497\PL110,1.0003788161966745,-0.009797335597202677,0.009279452641999024,1.0003651353335372,-148332.53366683522,22276.404750314807,200,0.5,0.14,210,70,-80561.66250380495,107683.27571011485,8278.75,-80575.54541945181,107607.72255408224,8278.75,0.0696,0.359,68560.5,84664.2
6,UTS,IMG,5518,59,j:OK,K:\NINJA\E71a\ManualCheck\ScanData\UTS\ECC6\IMG\Event05518\PL059,1.0003961658118676,0.0025934461881126697,-0.00260287364459381,1.0004164890960474,-178287.76524717477,-279723.78741272434,200,0.5,0.14,210,70,-54512.83898955841,-210523.38081046587,8021.750000000001,-54565.944855218215,-210496.08864964143,8008.750000000001,0.25312,-0.12925,123492.6,69520.18000000001
6,UTS,IMG,5518,60,j:OK,K:\NINJA\E71a\ManualCheck\ScanData\UTS\ECC6\IMG\Event05518\PL060,1.0001823185071879,-0.009849339892624058,0.009250313915038028,1.000488327192102,-176460.06001391367,-280307.34959129326,200,0.5,0.14,210,70,-56409.129014010876,-209408.12353891897,8006,-56462.30944116258,-209381.0053963742,8006,0.2519,-0.1314,120663,69776.1
6,UTS,IMG,5518,61,j:OK,K:\NINJA\E71a\ManualCheck\ScanData\UTS\ECC6\IMG\Event05518\PL061,1.0002722214581043,0.0016221182301478004,-0.0022595933635097968,1.0005040673191958,-167348.41053841513,-278133.5072819623,200,0.5,0.14,210,70,-46996.36084147156,-209177.54363893674,8014.750000000001,-47049.41917965906,-209150.21497353347,8014.750000000001,0.2528,-0.1295,120154,69219.9
6,UTS,IMG,5518,62,j:OK,K:\NINJA\E71a\ManualCheck\ScanData\UTS\ECC6\IMG\Event05518\PL062,1.000431410561307,-0.005938753316529932,0.0054243979973809375,1.0005339530553015,-177279.45066401016,-206289.45025780052,200,0.5,0.14,210,70,-56592.24905969806,-134868.60814474276,13241.5,-56645.43967542864,-134841.30793684663,13249.5,0.2524,-0.1313,121002,70754
6,UTS,IMG,5573,23,j:OK,K:\NINJA\E71a\ManualCheck\ScanData\UTS\ECC6\IMG\Event05573\PL023,1.0000681724878215,-0.0016189959604446585,0.001304408324073787,1.0002626358607651,-24269.70073902957,-29649.36079180174,200,0.5,0.14,210,70,80761.92791705069,-3341.4388454261225,6593.75,80662.6015978258,-3184.5371360335193,6593.75,0.47174000000000005,-0.7475700000000001,104967.76000000001,26320.99
6,UTS,IMG,5573,24,j:OK,K:\NINJA\E71a\ManualCheck\ScanData\UTS\ECC6\IMG\Event05573\PL024,1.0000586364133173,-0.006277480912513268,0.005881119427831448,1.0002043468166917,-129204.67820586223,-56041.516497019526,200,0.5,0.14,210,70,-27725.907333962557,-26907.36535861481,-373.75,-27825.809991354534,-26750.708935591752,-373.75,0.471,-0.7486,101553,28687.7
6,UTS,IMG,5573,25,j:OK,K:\NINJA\E71a\ManualCheck\ScanData\UTS\ECC6\IMG\Event05573\PL025,0.9999784486278599,-0.01509841031950949,0.014754538316329642,1.0001845616054827,-175240.93833988858,53979.30212012714,200,0.5,0.14,210,70,-73724.13988690815,88139.9342126824,13852,-73825.45919318344,88295.43618541336,13852,0.4712,-0.7473,101913,32806.4
6,UTS,IMG,5573,26,j:OK,K:\NINJA\E71a\ManualCheck\ScanData\UTS\ECC6\IMG\Event05573\PL026,1.000142755192872,-0.0014379242770616082,0.0011005512933449995,1.000280281361977,-173664.83564243562,57825.01143227994,200,0.5,0.14,210,70,-73795.42251960112,90680.51635184433,13858.5,-73895.28594626886,90837.06860762864,13858.5,0.4744,-0.7458,99802.6,32893
6,UTS,IMG,5741,63,j:OK,K:\NINJA\E71a\ManualCheck\ScanData\UTS\ECC6\IMG\Event05741\PL063,1.0001293557217794,-0.013158963920215363,0.012401996290259069,1.0004503340983606,-176698.27791883305,-204979.8564203196,200,0.5,0.14,210,70,-108060.28857227326,-153247.67722170017,13245.25,-108047.69956751366,-153240.97139724827,13245.25,-0.06035000000000001,-0.031170000000000003,69310.83,50856.39
6,UTS,IMG,5741,64,j:OK,K:\NINJA\E71a\ManualCheck\ScanData\UTS\ECC6\IMG\Event05741\PL064,1.0000818101841256,-0.014238822306368996,0.013595043485986058,1.0004406022814019,-3567.01340375709,5500.33860679555,200,0.5,0.14,210,70,64040.718263610856,59998.455841567265,689.25,64053.267407060914,60005.224615438456,689.25,-0.0602,-0.0314,68377.2,53551.7
6,UTS,IMG,5741,65,j:OK,K:\NINJA\E71a\ManualCheck\ScanData\UTS\ECC6\IMG\Event05741\PL065,0.9999360626453925,-0.000503601283231548,-0.00015405357622362271,1.000539544809333,-10330.832913472856,9609.23818656524,200,0.5,0.14,210,70,56789.84630430465,61466.126928508864,682.25,56802.46315545318,61472.76456461803,682.25,-0.0601,-0.0316,67163.7,51845.9
6,UTS,IMG,5741,66,j:OK,K:\NINJA\E71a\ManualCheck\ScanData\UTS\ECC6\IMG\Event05741\PL066,1.0000952369183693,-0.005199290688652104,0.004787582953564063,1.000923728578767,-17576.729645022067,8612.089164924206,200,0.5,0.14,210,70,51044.877599592844,60764.08864282727,679.75,51057.50741227004,60770.770378454756,679.75,-0.0603,-0.0315,68896.9,51781
6,UTS,IMG,6195,20,j:OK,K:\NINJA\E71a\ManualCheck\ScanData\UTS\ECC6\IMG\Event06195\PL020,1.0000946967515492,-0.008999372682178725,0.008356914885935573,1.0002977644485245,-117343.08375298372,-110621.11648187849,200,0.5,0.14,210,70,-55903.9600056714,-59618.21580641559,10728.75,-55949.29919964047,-59630.02292706816,10728.75,0.21637,0.054400000000000004,61842.03,50459.26
6,UTS,IMG,6195,21,j:OK,K:\NINJA\E71a\ManualCheck\ScanData\UTS\ECC6\IMG\Event06195\PL021,1.0001497282432548,1.6153007741146255e-05,-0.0007423980978294925,1.0003901407071265,-121478.69374481584,-108898.61668970236,200,0.5,0.14,210,70,-59856.4847579115,-59528.55586224808,10724.25,-59901.97774823336,-59539.65643579428,10724.25,0.2166,0.053,61566.7,49385.4
6,UTS,IMG,6195,22,j:OK,K:\NINJA\E71a\ManualCheck\ScanData\UTS\ECC6\IMG\Event06195\PL022,1.00010725016582,-0.0023362653917062023,0.0016514607377143902,1.0003893617483726,-83505.34332686484,-110177.62869179854,200,0.5,0.14,210,70,-21323.495512526515,-60886.627615295314,6574.5,-21368.81253846123,-60898.19396347211,6574.5,0.2159,0.0547,62244.7,49157.5
6,UTS,IMG,6195,23,j:OK,K:\NINJA\E71a\ManualCheck\ScanData\UTS\ECC6\IMG\Event06195\PL023,1.0000518096084448,-0.0020187191009871115,0.001681911927312103,1.0002458129603207,-25228.840256397696,-110070.18630409229,200,0.5,0.14,210,70,35744.7152500018,-61037.071611343505,6594,35699.291660661256,-61048.42781618189,6594,0.2164,0.0537,61023.7,48907.1
6,UTS,IMG,6471,21,j:OK,K:\NINJA\E71a\ManualCheck\ScanData\UTS\ECC6\IMG\Event06471\PL021,1.0001824505080315,-0.002443271090103322,0.0018739803746173512,1.00039487310221,-875.9957787609853,-187531.73679416985,200,0.5,0.14,210,70,47003.258781564895,-130410.33491272075,10734.75,47040.625604792396,-130362.5170354885,10734.75,-0.17846,-0.22728,48047.26,57056.65
6,UTS,IMG,6471,22,j:OK,K:\NINJA\E71a\ManualCheck\ScanData\UTS\ECC6\IMG\Event06471\PL022,1.0001610859149839,0.002507593203448269,-0.003023778573753849,1.0003606670650462,37267.496280001404,-188731.63767302467,200,0.5,0.14,210,70,87374.20396007056,-129922.31563735913,6607.75,87411.1647469636,-129874.21463286989,6607.75,-0.1754,-0.2295,49987.7,58987.3
6,UTS,IMG,6471,23,j:OK,K:\NINJA\E71a\ManualCheck\ScanData\UTS\ECC6\IMG\Event06471\PL023,1.0001205970571647,0.0035380089754281532,-0.003839139067869468,1.0003237996585772,95983.27766871698,-188794.74179852376,200,0.5,0.14,210,70,144532.41279671664,-130247.76637926081,6600,144569.61033013492,-130199.82395098075,6600,-0.1763,-0.2289,48372.6,58761.6
6,UTS,IMG,6512,21,j:OK,K:\NINJA\E71a\ManualCheck\ScanData\UTS\ECC6\IMG\Event06512\PL021,1.0001824505080315,-0.002443271090103322,0.0018739803746173512,1.00039487310221,-875.9957787609853,-187531.73679416985,200,0.5,0.14,210,70,47003.258781564895,-130410.33491272075,10734.25,47040.625604792396,-130362.5170354885,10734.25,-0.17846,-0.22728,48047.26,57056.65
6,UTS,IMG,6512,22,j:OK,K:\NINJA\E71a\ManualCheck\ScanData\UTS\ECC6\IMG\Event06512\PL022,1.0001610859149839,0.002507593203448269,-0.003023778573753849,1.0003606670650462,37267.496280001404,-188731.63767302467,200,0.5,0.14,210,70,87374.20396007056,-129922.31563735913,6596.75,87411.1647469636,-129874.21463286989,6596.75,-0.1754,-0.2295,49987.7,58987.3
6,UTS,IMG,6517,21,j:OK,K:\NINJA\E71a\ManualCheck\ScanData\UTS\ECC6\IMG\Event06517\PL021,1.0001824505080315,-0.002443271090103322,0.0018739803746173512,1.00039487310221,-875.9957787609853,-187531.73679416985,200,0.5,0.14,210,70,47003.258781564895,-130410.33491272075,10732.5,47040.625604792396,-130362.5170354885,10732.5,-0.17846,-0.22728,48047.26,57056.65
6,UTS,IMG,6517,22,j:OK,K:\NINJA\E71a\ManualCheck\ScanData\UTS\ECC6\IMG\Event06517\PL022,1.0001610859149839,0.002507593203448269,-0.003023778573753849,1.0003606670650462,37267.496280001404,-188731.63767302467,200,0.5,0.14,210,70,87374.20396007056,-129922.31563735913,6599.75,87411.1647469636,-129874.21463286989,6599.75,-0.1754,-0.2295,49987.7,58987.3
6,UTS,IMG,6517,23,j:OK,K:\NINJA\E71a\ManualCheck\ScanData\UTS\ECC6\IMG\Event06517\PL023,1.0001205970571647,0.0035380089754281532,-0.003839139067869468,1.0003237996585772,95983.27766871698,-188794.74179852376,200,0.5,0.14,210,70,144532.41279671664,-130247.76637926081,6604.5,144569.61033013492,-130199.82395098075,6604.5,-0.1763,-0.2289,48372.6,58761.6
6,UTS,IMG,6533,27,j:OK,K:\NINJA\E71a\ManualCheck\ScanData\UTS\ECC6\IMG\Event06533\PL027,1.0001790353228779,-0.003983769224545447,0.0036894181377502048,1.0002891144296944,623.5148518190134,56000.04823829437,200,0.5,0.14,210,70,105588.39792046155,64305.01962833694,-372.75,105594.08250962925,64389.179551866604,-372.75,-0.02866,-0.40054,104983.64,7999.49
6,UTS,IMG,6533,28,j:OK,K:\NINJA\E71a\ManualCheck\ScanData\UTS\ECC6\IMG\Event06533\PL028,1.000319084382992,-0.0036974786280431094,0.0033247115038997103,1.0002059765969098,-737.1244464229582,56622.63375737168,200,0.5,0.14,210,70,104765.77309764312,63388.68352132912,-371.25,104771.51205102545,63472.825952845975,-371.25,-0.0288,-0.4005,105499,6498.1
6,UTS,IMG,6568,69,j:OK,K:\NINJA\E71a\ManualCheck\ScanData\UTS\ECC6\IMG\Event06568\PL069,1.0002903896014856,-0.00039350434473141185,7.595121438198754e-05,1.000492086878189,-21489.38618342718,170537.05800710784,200,0.5,0.14,210,70,68176.74750132013,180957.40743919805,661.75,68115.96809653405,180942.29639379767,661.75,0.28937,0.0719,89583.43000000001,10393.32
6,UTS,IMG,6568,70,j:OK,K:\NINJA\E71a\ManualCheck\ScanData\UTS\ECC6\IMG\Event06568\PL070,1.000383019112453,-0.006514431815276666,0.006048024097415071,1.0003362933554294,-13630.785418282654,167712.95833602172,200,0.5,0.14,210,70,76070.46920459547,180425.41930973536,667.75,76009.81285169699,180409.86389519388,667.75,0.2892,0.0723,89685.4,12150.4
6,UTS,IMG,6568,71,j:OK,K:\NINJA\E71a\ManualCheck\ScanData\UTS\ECC6\IMG\Event06568\PL071,1.000184690879067,-0.010154233424827172,0.009811005702626297,1.0002622029649737,-93573.21411292805,-10564.391755644905,200,0.5,0.14,210,70,-4860.417362106019,1927.280499282683,10876.5,-4921.1356288809775,1911.8115226639493,10876.5,0.2898,0.0708,88753.5,11602.4
6,UTS,IMG,6568,72,j:OK,K:\NINJA\E71a\ManualCheck\ScanData\UTS\ECC6\IMG\Event06568\PL072,1.000321675058596,-0.004163828808060831,0.0038756293456425283,1.0004360973291175,-98301.26393944514,-14754.724653276018,200,0.5,0.14,210,70,-8148.005045611121,1556.3727447903623,10880.5,-8208.841196417867,1541.1362615080761,10880.5,0.2899,0.0714,90129.8,15939.6
6,UTS,IMG,6597,19,j:OK,K:\NINJA\E71a\ManualCheck\ScanData\UTS\ECC6\IMG\Event06597\PL019,1.0001591402701357,0.008425564312854095,-0.00853416591916967,1.0001878675578066,6469.684512570299,-26889.202077783524,200,0.5,0.14,210,70,76604.12481010392,15772.411678228973,10716,76682.10602787002,15731.602754444273,10716,-0.37289000000000005,0.19111,69837.25,43208.69
6,UTS,IMG,6597,20,j:OK,K:\NINJA\E71a\ManualCheck\ScanData\UTS\ECC6\IMG\Event06597\PL020,1.0000046993109577,-0.017123438068347416,0.01656788635023646,1.0001214458388046,1761.175480325427,-28459.355896847712,200,0.5,0.14,210,70,76849.87776004421,17538.184591354056,10727.75,76928.50709472533,17498.70979305138,10727.75,-0.3711,0.1941,75932.3,44694.6
6,UTS,IMG,6597,21,j:OK,K:\NINJA\E71a\ManualCheck\ScanData\UTS\ECC6\IMG\Event06597\PL021,1.0001222377077303,-0.0003444653679567591,-0.00028386276663514346,1.0002766551737954,-372.65834913685023,-26952.554787410634,200,0.5,0.14,210,70,74555.0052379708,15428.416048825584,10721.5,74633.02276189504,15387.768673159735,10721.5,-0.3714,0.1934,75011.1,42349.9
6,UTS,IMG,6597,22,j:OK,K:\NINJA\E71a\ManualCheck\ScanData\UTS\ECC6\IMG\Event06597\PL022,1.0001138356265,-0.003030266853803102,0.002715766034006466,1.0002622453085297,37212.51016110978,-28081.96437977004,200,0.5,0.14,210,70,114162.41091268235,14893.084743943708,6582,114240.55640120785,14853.155090264372,6582,-0.3715,0.1911,77148.7,42714.4
6,UTS,IMG,6611,19,j:OK,K:\NINJA\E71a\ManualCheck\ScanData\UTS\ECC6\IMG\Event06611\PL019,1.0001591402701357,0.008425564312854095,-0.00853416591916967,1.0001878675578066,6469.684512570299,-26889.202077783524,200,0.5,0.14,210,70,51870.758361048785,6394.599478483261,10723,51814.034451542415,6427.725969762043,10723,0.27138,-0.1554,45053.28,33695.090000000004
6,UTS,IMG,6611,20,j:OK,K:\NINJA\E71a\ManualCheck\ScanData\UTS\ECC6\IMG\Event06611\PL020,1.0000046993109577,-0.017123438068347416,0.01656788635023646,1.0001214458388046,1761.175480325427,-28459.355896847712,200,0.5,0.14,210,70,50670.291617146206,8594.2637713735,10732.5,50612.98299278379,8626.402693187334,10732.5,0.2702,-0.1575,49472.5,36261.7
6,UTS,IMG,6611,21,j:OK,K:\NINJA\E71a\ManualCheck\ScanData\UTS\ECC6\IMG\Event06611\PL021,1.0001222377077303,-0.0003444653679567591,-0.00028386276663514346,1.0002766551737954,-372.65834913685023,-26952.554787410634,200,0.5,0.14,210,70,47711.20171710127,7184.011546589643,10734.25,47654.44143853362,7216.96476323231,10734.25,0.2702,-0.1568,48033,34173.7
6,UTS,IMG,6611,22,j:OK,K:\NINJA\E71a\ManualCheck\ScanData\UTS\ECC6\IMG\Event06611\PL022,1.0001138356265,-0.003030266853803102,0.002715766034006466,1.0002622453085297,37212.51016110978,-28081.96437977004,200,0.5,0.14,210,70,85453.6739620694,7449.660778014073,6583,85396.76296955209,7482.359122109425,6583,0.2705,-0.1564,48286.1,35423.9
6,UTS,IMG,6956,21,j:OK,K:\NINJA\E71a\ManualCheck\ScanData\UTS\ECC6\IMG\Event06956\PL021,1.0001497282432548,1.6153007741146255e-05,-0.0007423980978294925,1.0003901407071265,-121478.69374481584,-108898.61668970236,200,0.5,0.14,210,70,-46794.31240068083,-40876.92401456759,10735.75,-46760.48808019092,-40823.87822424088,10721.499999999998,-0.16104000000000002,-0.25262,74705.92,68103.63
6,UTS,IMG,6956,22,j:OK,K:\NINJA\E71a\ManualCheck\ScanData\UTS\ECC6\IMG\Event06956\PL022,1.00010725016582,-0.0023362653917062023,0.0016514607377143902,1.0003893617483726,-83505.34332686484,-110177.62869179854,200,0.5,0.14,210,70,-7294.854571603203,-41183.132700804206,6569.5,-7261.60656010684,-41129.73783283179,6569.5,-0.1589,-0.2539,76396.5,68894.9
6,UTS,IMG,6956,23,j:OK,K:\NINJA\E71a\ManualCheck\ScanData\UTS\ECC6\IMG\Event06956\PL023,1.0000518096084448,-0.0020187191009871115,0.001681911927312103,1.0002458129603207,-25228.840256397696,-110070.18630409229,200,0.5,0.14,210,70,50158.78170836565,-41124.78665058462,6606.75,50192.27598265714,-41071.482052490916,6592,-0.16,-0.2535,75556.2,68854.7
6,UTS,IMG,6956,24,j:OK,K:\NINJA\E71a\ManualCheck\ScanData\UTS\ECC6\IMG\Event06956\PL024,1.0000158331818334,0.0012661376981683435,-0.0016205625503091558,1.0002390304530042,-129443.66296771212,-136842.236308945,200,0.5,0.14,210,70,-56284.213190429175,-66319.64467200838,-378.25,-56250.81820673858,-66266.40894567105,-378.25,-0.1587,-0.2537,73102.2,70677.4
6,UTS,IMG,7169,91,j:OK,K:\NINJA\E71a\ManualCheck\ScanData\UTS\ECC6\IMG\Event07169\PL091,1.000369848009914,-0.0006856763553397464,-0.00033702932617053267,1.0005666701846103,40512.301909893125,-65743.90725040018,200,0.5,0.14,210,70,75357.38656197918,-3168.5093873393753,13843,75371.88736290207,-3127.4066009139647,13843,-0.06916,-0.19564,34889.6,62592.79
6,UTS,IMG,7169,93,j:OK,K:\NINJA\E71a\ManualCheck\ScanData\UTS\ECC6\IMG\Event07169\PL093,1.000347168173607,-0.004502779654833256,0.0034717554110893435,1.0005790233979368,41956.343620263055,-65112.73328417574,200,0.5,0.14,210,70,73189.99483433268,-2823.2202610905456,13852.25,73204.1785812041,-2782.007572352253,13852.25,-0.0684,-0.1959,31516.9,62185.3
6,UTS,IMG,7169,94,j:OK,K:\NINJA\E71a\ManualCheck\ScanData\UTS\ECC6\IMG\Event07169\PL094,1.0004183660470145,0.004126736077795933,-0.004774776534025518,1.000570862258454,42078.376608950464,-66350.37123467185,200,0.5,0.14,210,70,79227.36512805976,-1782.680050720427,13862,79242.30398753176,-1741.6090680320558,13862,-0.0703,-0.1958,36881.3,64747.9
6,UTS,IMG,7265,61,j:OK,K:\NINJA\E71a\ManualCheck\ScanData\UTS\ECC6\IMG\Event07265\PL061,1.0002115960367168,-0.0038419665461027477,0.003277076950511975,1.0005710936756096,-47116.925958784836,-199566.14262821057,200,0.5,0.14,210,70,-5717.602551639699,-150760.7700127408,8020,-5643.568525079638,-150787.24453403414,8020,-0.35198,0.12715,41651.32,48614.64
6,UTS,IMG,7265,62,j:OK,K:\NINJA\E71a\ManualCheck\ScanData\UTS\ECC6\IMG\Event07265\PL062,1.0003878082366298,0.0008871639502192771,-0.0015638919825474687,1.0004178925086145,-57943.98724437169,-127505.12576837964,200,0.5,0.14,210,70,-13655.935439236335,-77109.83978136953,13245,-13581.778989551916,-77136.23772397803,13253.499999999998,-0.3531,0.1251,44300.3,50417.1
6,UTS,IMG,7265,63,j:OK,K:\NINJA\E71a\ManualCheck\ScanData\UTS\ECC6\IMG\Event07265\PL063,1.0002859816166876,-0.006368183050152834,0.005702116365621709,1.0004971982720174,-56883.58018439222,-125729.57613481785,200,0.5,0.14,210,70,-12962.745258867753,-76656.07076998378,13260.5,-12888.593337508224,-76682.16420680175,13260.5,-0.3522,0.1262,44292.9,48770.6
6,UTS,IMG,7265,64,j:OK,K:\NINJA\E71a\ManualCheck\ScanData\UTS\ECC6\IMG\Event07265\PL064,1.0003013998111172,-0.014631704767059384,0.013832973649374419,1.0004084910419622,115705.82177542527,86503.47860647569,200,0.5,0.14,210,70,159703.96116252104,136740.01214890875,704,159778.21148783845,136714.22657442512,704,-0.3516,0.1276,44784.2,49571
6,UTS,IMG,7506,123,j:OK,K:\NINJA\E71a\ManualCheck\ScanData\UTS\ECC6\IMG\Event07506\PL123,1.0004041774938819,0.0037196632477291395,-0.003949603850524952,1.0005361295491253,-171492.31171909455,102809.15697881521,200,0.5,0.14,210,70,-99396.52024081958,140192.0079932714,8283.25,-99387.02209600747,140289.22463404827,8283.25,-0.04349,-0.46286000000000005,71935.82,37743.950000000004
6,UTS,IMG,7506,124,j:OK,K:\NINJA\E71a\ManualCheck\ScanData\UTS\ECC6\IMG\Event07506\PL124,1.0003796018223077,-0.006736190787551902,0.006515846251008254,1.0005458445267108,-176764.79005531827,100343.4520600393,200,0.5,0.14,210,70,-102585.94366374885,142910.32158734358,8283.5,-102577.10273747862,143007.6244852941,8283.5,-0.0452,-0.4628,74443.4,42156.1
6,UTS,IMG,7506,126,j:OK,K:\NINJA\E71a\ManualCheck\ScanData\UTS\ECC6\IMG\Event07506\PL126,1.000423222539313,-0.005790506809599499,0.004824369791979419,1.0003621097534092,-183619.30854998602,99896.46206112919,200,0.5,0.14,210,70,-108113.85537750213,144959.9926605994,8280,-108105.44747184207,145057.28012105037,8280,-0.0427,-0.4629,75741.1,44779.2
6,UTS,IMG,7535,77,j:OK,K:\NINJA\E71a\ManualCheck\ScanData\UTS\ECC6\IMG\Event07535\PL077,1.0000281815838736,0.009597137701784952,-0.010170465699265092,1.0004998840371833,33718.32325917334,-171622.5245532903,200,0.5,0.14,210,70,88878.40544149958,-115646.44628369102,10933.25,88933.9516604452,-115585.74071212533,10933.25,-0.26170000000000004,-0.29159,54671.23,56564.54
6,UTS,IMG,7535,78,j:OK,K:\NINJA\E71a\ManualCheck\ScanData\UTS\ECC6\IMG\Event07535\PL078,1.0001099672199203,0.017851535021716537,-0.01809648079833995,1.000261402642401,-178651.83521037077,-56272.63103154461,200,0.5,0.14,210,70,-122202.01756045579,-116.90395816908925,8296.25,-122145.05150430393,-57.46140895967983,8281.500000000002,-0.2661,-0.2878,55479.5,57204.2
6,UTS,IMG,7535,79,j:OK,K:\NINJA\E71a\ManualCheck\ScanData\UTS\ECC6\IMG\Event07535\PL079,1.00064586089902,-0.0016704249364249413,0.0007910115538475488,1.0002556857968512,137017.48040026153,-132950.49359043586,200,0.5,0.14,210,70,194090.5183928838,-75959.81869165676,10389.5,194145.51377037194,-75898.58649591134,10389.5,-0.2622,-0.2913,57186.3,56992.1
6,UTS,IMG,7535,80,j:OK,K:\NINJA\E71a\ManualCheck\ScanData\UTS\ECC6\IMG\Event07535\PL080,1.0003580496233733,-0.002894484738005186,0.0018403270497330119,1.0004577632731042,133389.30024794012,-133977.20901113117,200,0.5,0.14,210,70,189112.00074934517,-74788.81141271058,10386.75,189167.30515066223,-74727.71843970966,10386.75,-0.2641,-0.2903,55929.1,59119.5
6,UTS,IMG,7667,47,j:OK,K:\NINJA\E71a\ManualCheck\ScanData\UTS\ECC6\IMG\Event07667\PL047,1.000286553407472,0.00012367600649733107,-0.0005083738091638043,1.0004177653670696,-288602.3117792522,-169414.11424352496,200,0.5,0.14,210,70,-170782.37798415567,-104250.8151505966,5333.5,-170844.19974069644,-104276.24216384716,5333.5,0.29429000000000005,0.12118000000000001,117716.32,65170.49
6,UTS,IMG,7667,48,j:OK,K:\NINJA\E71a\ManualCheck\ScanData\UTS\ECC6\IMG\Event07667\PL048,1.0001316123263033,0.002372097374091303,-0.0025500461209206076,1.0004246270127162,-134983.1448878363,-213343.06976608737,200,0.5,0.14,210,70,-19479.43791647103,-150869.09259810104,-352.5,-19541.20466038093,-150894.50311754807,-352.5,0.2938,0.1217,115278,62715.9
6,UTS,IMG,7667,49,j:OK,K:\NINJA\E71a\ManualCheck\ScanData\UTS\ECC6\IMG\Event07667\PL049,1.0002127065277113,-0.013642728567113663,0.013218424053249127,1.0002252353137684,-33721.14617002367,-210533.65020990238,200,0.5,0.14,210,70,80594.58871443027,-146111.2143173508,6491.75,80532.72711149087,-146136.42274363904,6491.75,0.2961,0.1161,115087,62861.8
6,UTS,IMG,7667,50,j:OK,K:\NINJA\E71a\ManualCheck\ScanData\UTS\ECC6\IMG\Event07667\PL050,1.0003399915920064,-0.00401362068919658,0.003636164461481113,1.0003642179716985,-32874.06558279861,-209165.97887829045,200,0.5,0.14,210,70,79269.80835183225,-146876.68355985841,6488.5,79207.9357354414,-146901.4457537852,6488.5,0.295,0.1168,112292,61833.7
6,UTS,IMG,7766,25,j:OK,K:\NINJA\E71a\ManualCheck\ScanData\UTS\ECC6\IMG\Event07766\PL025,1.0001573990959087,-0.005361376673992702,0.00507132639999005,1.0003175362233572,-174505.03330666918,-21803.518982256614,200,0.5,0.14,210,70,-96852.82652410005,50.21619762752101,13849.75,-96900.55668913558,60.97567161551342,13849.75,0.22697,-0.05237000000000001,77707.32,21463.600000000002
6,UTS,IMG,7766,26,j:OK,K:\NINJA\E71a\ManualCheck\ScanData\UTS\ECC6\IMG\Event07766\PL026,1.0001186117133387,-0.005613401782042315,0.005223887620839336,1.0003678809176428,-174094.04957456715,-21610.982358179976,200,0.5,0.14,210,70,-96915.9739877058,865.4634906641538,13849.5,-96963.60828544815,876.5591882190747,13849.5,0.2265,-0.054,77245.2,22075.9
6,UTS,IMG,7766,27,j:OK,K:\NINJA\E71a\ManualCheck\ScanData\UTS\ECC6\IMG\Event07766\PL027,1.000130027248733,-0.0029389345612640836,0.0025624762294941834,1.0003755708285393,791.9273908984652,-24998.344818789454,200,0.5,0.14,210,70,79002.32928785669,-2517.4861806827994,-361.75,78954.80755216247,-2505.843432903708,-361.75,0.2261,-0.056,78218.2,22283.7
6,UTS,IMG,7766,28,j:OK,K:\NINJA\E71a\ManualCheck\ScanData\UTS\ECC6\IMG\Event07766\PL028,1.0001333171183582,-0.0008010204586089783,0.00033303159776285144,1.000369843741865,-21.543724202573852,-25129.910727042785,200,0.5,0.14,210,70,77383.36099469135,-4435.955204198641,-369.25,77336.01149975829,-4424.500727287945,-369.25,0.2254,-0.0546,77363.8,20672
6,UTS,IMG,7799,47,j:OK,K:\NINJA\E71a\ManualCheck\ScanData\UTS\ECC6\IMG\Event07799\PL047,1.000286553407472,0.00012367600649733107,-0.0005083738091638043,1.0004177653670696,-288602.3117792522,-169414.11424352496,200,0.5,0.14,210,70,-230810.87288341147,-119871.84690200468,5309.25,-230796.60143761247,-119838.21490559797,5309.25,-0.06792000000000001,-0.16012,57783.020000000004,49584.56
6,UTS,IMG,7799,48,j:OK,K:\NINJA\E71a\ManualCheck\ScanData\UTS\ECC6\IMG\Event07799\PL048,1.0001316123263033,0.002372097374091303,-0.0025500461209206076,1.0004246270127162,-134983.1448878363,-213343.06976608737,200,0.5,0.14,210,70,-78350.73397946321,-165556.35316761615,-369,-78336.47736157267,-165522.7540381351,-385,-0.0675,-0.1601,56525.5,47944.1
6,UTS,IMG,7799,49,j:OK,K:\NINJA\E71a\ManualCheck\ScanData\UTS\ECC6\IMG\Event07799\PL049,1.0002127065277113,-0.013642728567113663,0.013218424053249127,1.0002252353137684,-33721.14617002367,-210533.65020990238,200,0.5,0.14,210,70,21991.43842350538,-160411.82393329704,6473.75,22005.8123328828,-160378.25144106481,6473.75,-0.0706,-0.1589,56388.9,49398.9
6,UTS,IMG,7799,50,j:OK,K:\NINJA\E71a\ManualCheck\ScanData\UTS\ECC6\IMG\Event07799\PL050,1.0003399915920064,-0.00401362068919658,0.003636164461481113,1.0003642179716985,-32874.06558279861,-209165.97887829045,200,0.5,0.14,210,70,21711.22779606096,-160043.42943634556,6473.25,21725.73575772308,-160009.97405256826,6473.25,-0.0697,-0.159,54777.6,48939
6,UTS,IMG,7803,25,j:OK,K:\NINJA\E71a\ManualCheck\ScanData\UTS\ECC6\IMG\Event07803\PL025,0.9999784486278599,-0.01509841031950949,0.014754538316329642,1.0001845616054827,-175240.93833988858,53979.30212012714,200,0.5,0.14,210,70,-103293.88130887631,84936.43120217914,13839,-103362.08484116395,85100.80420646904,13839,0.3129,-0.7872,72334.1,30048.7
6,UTS,IMG,7803,26,j:OK,K:\NINJA\E71a\ManualCheck\ScanData\UTS\ECC6\IMG\Event07803\PL026,1.000142755192872,-0.0014379242770616082,0.0011005512933449995,1.000280281361977,-173664.83564243562,57825.01143227994,200,0.5,0.14,210,70,-102961.8664869267,87806.94108146208,13844.249999999998,-103028.87169658077,87971.51174350991,13836.5,0.3179,-0.7838,70669.1,30060.3
6,UTS,IMG,7803,27,j:OK,K:\NINJA\E71a\ManualCheck\ScanData\UTS\ECC6\IMG\Event07803\PL027,1.0001790353228779,-0.003983769224545447,0.0036894181377502048,1.0002891144296944,623.5148518190134,56000.04823829437,200,0.5,0.14,210,70,73513.97960633539,85084.92142043146,-388.75,73448.251226479,85250.08320049365,-388.75,0.3098,-0.7874,72927.1,28972.6
6,UTS,IMG,7982,53,j:OK,K:\NINJA\E71a\ManualCheck\ScanData\UTS\ECC6\IMG\Event07982\PL053,1.0002314865702682,-0.007004066864735625,0.006361423026905967,1.0004519992112848,-56825.860512821615,-200670.43244925997,200,0.5,0.14,210,70,5349.662909384077,-158760.8733903904,8010,5435.808121217917,-158698.2270917431,8010,-0.41219000000000006,-0.29556000000000004,62538.25,41555.590000000004
6,UTS,IMG,7982,55,j:OK,K:\NINJA\E71a\ManualCheck\ScanData\UTS\ECC6\IMG\Event07982\PL055,1.0002464330374603,-0.003526068638120072,0.002780252138742288,1.0005855328703857,-56082.412221322134,-200374.45165436075,200,0.5,0.14,210,70,7166.232949247293,-158239.1687630322,8012,7252.344594171562,-158176.60632896976,8012,-0.411,-0.2966,63467.2,41996.8
6,UTS,IMG,8047,57,j:OK,K:\NINJA\E71a\ManualCheck\ScanData\UTS\ECC6\IMG\Event08047\PL057,1.0002670469647876,-0.0003156588694374665,7.050675447476177e-05,1.0006112297200067,-174090.17076664258,-200683.68530194517,200,0.5,0.14,210,70,-125919.41566094043,-147112.478016832,7999.25,-125932.21854711382,-147079.2870430751,7980.5,0.0609,-0.15796000000000002,48162,53568.26
6,UTS,IMG,8047,59,j:OK,K:\NINJA\E71a\ManualCheck\ScanData\UTS\ECC6\IMG\Event08047\PL059,1.0002039326979544,0.005539246750375501,-0.005769950032413848,1.0005107684543664,-177981.440710436,-200188.65528760536,200,0.5,0.14,210,70,-129545.32664137648,-147669.80796804713,7991.000000000001,-129558.04006029843,-147636.6416766448,7976.500000000001,0.0614,-0.1575,48121.1,52802.7
6,UTS,IMG,8047,60,j:OK,K:\NINJA\E71a\ManualCheck\ScanData\UTS\ECC6\IMG\Event08047\PL060,1.0002212794459802,-0.007191464314147272,0.0065693568284133875,1.000404919919829,-177464.3430798796,-201272.38163644815,200,0.5,0.14,210,70,-131200.12055208153,-146932.9233846281,7990,-131212.98325967687,-146899.7708442311,7975.25,0.0601,-0.1582,46629.7,54044.4
6,UTS,IMG,8134,21,j:OK,K:\NINJA\E71a\ManualCheck\ScanData\UTS\ECC6\IMG\Event08134\PL021,1.0001716311504865,0.0007494150353227159,-0.0012517374655268633,1.0004045953224565,-644.5502697407468,-108873.21844405215,200,0.5,0.14,210,70,37017.167870032055,-71986.35554616984,10754,37006.43954261331,-71884.98653302825,10754,0.05144000000000001,-0.48245000000000005,37616.79,37020.340000000004
6,UTS,IMG,8134,22,j:OK,K:\NINJA\E71a\ManualCheck\ScanData\UTS\ECC6\IMG\Event08134\PL022,1.0001456835453726,0.00023345484880227035,-0.0008119705325878093,1.0003998850472828,37455.85465066183,-109982.63565990092,200,0.5,0.14,210,70,76135.41005550191,-70797.69555722445,6598.5,76123.86100499996,-70696.40467715134,6598.5,0.0551,-0.4821,38653.2,39301.9
6,UTS,IMG,8189,35,j:OK,K:\NINJA\E71a\ManualCheck\ScanData\UTS\ECC6\IMG\Event08189\PL035,1.0001742556570157,0.00791569021026166,-0.008209176552781335,1.0003515522792876,559.4142133920253,-101106.27091126067,200,0.5,0.14,210,70,95169.15009477256,-33006.83709288758,-373,95219.28621676676,-33037.4612764715,-373,-0.23984000000000003,0.14381000000000002,94098.74,68817.09
6,UTS,IMG,8189,36,j:OK,K:\NINJA\E71a\ManualCheck\ScanData\UTS\ECC6\IMG\Event08189\PL036,1.0002637853062193,0.004061407365542404,-0.004351830150632375,1.0003732946441808,-1225.713260942387,-103611.11847784204,200,0.5,0.14,210,70,94866.31118961037,-33276.241286320255,-373,94916.28556086404,-33306.96263023364,-373,-0.2385,0.1452,95829.6,70694.8
6,UTS,IMG,8189,37,j:OK,K:\NINJA\E71a\ManualCheck\ScanData\UTS\ECC6\IMG\Event08189\PL037,1.000053371634043,-0.006129662546437024,0.005434092153264148,1.000433866896245,38.220692110249594,-102549.13762543145,200,0.5,0.14,210,70,95333.2372944998,-33889.644185954356,-359,95383.42889858855,-33920.04577827164,-359,-0.2381,0.146,95757.4,68079.2
6,UTS,IMG,8189,38,j:OK,K:\NINJA\E71a\ManualCheck\ScanData\UTS\ECC6\IMG\Event08189\PL038,1.0002952325176024,-0.0017745596570578474,0.0011203426701947017,1.0004041575540479,-103.52694536214155,-104562.00643473449,200,0.5,0.14,210,70,95639.91946511657,-35167.15122316751,-363.75,95690.03134931052,-35197.5994814314,-363.75,-0.2383,0.1452,95888.1,69229
6,UTS,IMG,8219,21,j:OK,K:\NINJA\E71a\ManualCheck\ScanData\UTS\ECC6\IMG\Event08219\PL021,1.0001497282432548,1.6153007741146255e-05,-0.0007423980978294925,1.0003901407071265,-121478.69374481584,-108898.61668970236,200,0.5,0.14,210,70,-56412.550182990875,-62993.7701884194,10719,-56362.20380784803,-63010.03638912911,10719,-0.23971,0.07725000000000001,65106,45919
6,UTS,IMG,8219,22,j:OK,K:\NINJA\E71a\ManualCheck\ScanData\UTS\ECC6\IMG\Event08219\PL022,1.00010725016582,-0.0023362653917062023,0.0016514607377143902,1.0003893617483726,-83505.34332686484,-110177.62869179854,200,0.5,0.14,210,70,-16480.18745030689,-64377.274134607374,6578.25,-16429.702851721522,-64393.11502948516,6578.25,-0.2402,0.0758,67175.1,45655.8
6,UTS,IMG,8219,23,j:OK,K:\NINJA\E71a\ManualCheck\ScanData\UTS\ECC6\IMG\Event08219\PL023,1.0000518096084448,-0.0020187191009871115,0.001681911927312103,1.0002458129603207,-25228.840256397696,-110070.18630409229,200,0.5,0.14,210,70,40953.389171334056,-64562.34602497352,6594.75,41003.90813282649,-64578.28805399284,6594.75,-0.2404,0.0763,66320.9,45369.2
6,UTS,IMG,8219,24,j:OK,K:\NINJA\E71a\ManualCheck\ScanData\UTS\ECC6\IMG\Event08219\PL024,1.0000158331818334,0.0012661376981683435,-0.0016205625503091558,1.0002390304530042,-129443.66296771212,-136842.236308945,200,0.5,0.14,210,70,-65224.03046814853,-90677.43567643233,-386.75,-65173.397315357135,-90693.04047068024,-386.75,-0.2412,0.0739,64210.7,46242.2
6,UTS,IMG,8346,49,j:OK,K:\NINJA\E71a\ManualCheck\ScanData\UTS\ECC6\IMG\Event08346\PL049,1.00030844242109,-0.003766523852105607,0.0034140428741604506,1.000266587415455,-35401.183605334314,-132361.68246786078,200,0.5,0.14,210,70,46611.94762156946,-89075.03860483594,6482.75,46493.949561258516,-89232.63454525213,6482.75,0.56454,0.74833,82031.18000000001,42837.57
6,UTS,IMG,8346,50,j:OK,K:\NINJA\E71a\ManualCheck\ScanData\UTS\ECC6\IMG\Event08346\PL050,1.0003261186605124,0.0011120306721241835,-0.0015172369231528937,1.0004608060216993,-33158.18749881488,-130622.03080921729,200,0.5,0.14,210,70,44722.22026265591,-91578.36664885543,6483.75,44603.503822075094,-91735.44428352284,6483.75,0.5643,0.7485,77693,38986.5
6,UTS,IMG,8346,51,j:OK,K:\NINJA\E71a\ManualCheck\ScanData\UTS\ECC6\IMG\Event08346\PL051,1.000320671197572,-0.0012043651742494046,0.0008489105878565078,1.0003673361186167,-36221.94004654312,-131892.06056684826,200,0.5,0.14,210,70,41774.514098460546,-92734.34039390093,6489,41656.66783230325,-92892.73368993211,6489,0.5619,0.7535,77900.5,38918.9
6,UTS,IMG,8346,52,j:OK,K:\NINJA\E71a\ManualCheck\ScanData\UTS\ECC6\IMG\Event08346\PL052,1.000210044619986,-0.006304432444035197,0.00585911833398728,1.0003935567664506,-169404.331820715,-199644.60047095089,200,0.5,0.14,210,70,-92659.08272687778,-162010.9540121775,7984,-92777.12693887811,-162168.3939511408,7984,0.5667,0.7461,76844.4,37011.4
6,UTS,IMG,8371,57,j:OK,K:\NINJA\E71a\ManualCheck\ScanData\UTS\ECC6\IMG\Event08371\PL057,1.0003323619127744,-0.0016181715397742442,0.0013044900044595594,1.0004967736074897,-53639.218144863815,-279189.28281204484,200,0.5,0.14,210,70,-15786.57764002902,-235215.445044441,8028.25,-15704.05228080228,-235172.1293816578,8012,-0.39318000000000003,-0.20565000000000003,37993.65,43945.76
6,UTS,IMG,8371,59,j:OK,K:\NINJA\E71a\ManualCheck\ScanData\UTS\ECC6\IMG\Event08371\PL059,1.0003435243169871,0.00679589391736547,-0.00708298115457189,1.0004598628500347,-57578.532285940164,-279233.71969900606,200,0.5,0.14,210,70,-18018.84293903969,-235835.25937265012,8021.750000000001,-17936.240971609805,-235792.31013662124,8021.750000000001,-0.3918,-0.2072,39331.8,43699.9
6,UTS,IMG,8371,60,j:OK,K:\NINJA\E71a\ManualCheck\ScanData\UTS\ECC6\IMG\Event08371\PL060,1.0002490933425672,-0.002066967648188209,0.00110657145938134,1.0004710340659493,-56363.45301782213,-278946.77996105835,200,0.5,0.14,210,70,-17924.466036294565,-234287.1488568628,8009.25,-17842.004982454106,-234243.7351348031,8009.25,-0.393,-0.2062,38604.1,44639.3
6,UTS,IMG,8426,59,j:OK,K:\NINJA\E71a\ManualCheck\ScanData\UTS\ECC6\IMG\Event08426\PL059,1.000262866507342,0.00037265126771170837,-0.0006305074378889262,1.0003800807533054,-57051.95847149188,-119862.4526929979,200,0.5,0.14,210,70,24422.958800947556,-74921.73845059435,8009.25,24450.1662266563,-74947.06182126337,8009.25,-0.12957000000000002,0.12046000000000001,81463.96,44949.67
6,UTS,IMG,8426,60,j:OK,K:\NINJA\E71a\ManualCheck\ScanData\UTS\ECC6\IMG\Event08426\PL060,1.0002951582341113,-0.011295830150950557,0.01071218630910078,1.000316980290057,-57754.53940963539,-119494.85449424322,200,0.5,0.14,210,70,22848.9831196757,-74087.7179420482,8003,22876.34761078294,-74112.88804165935,8003,-0.1289,0.1212,81109.6,44499
6,UTS,IMG,8426,61,j:OK,K:\NINJA\E71a\ManualCheck\ScanData\UTS\ECC6\IMG\Event08426\PL061,1.0003541222410808,-0.003305106699467907,0.0027271107850010573,1.0005117669316848,-47229.32723080302,-123028.84931325607,200,0.5,0.14,210,70,33451.767445122656,-74599.71874670782,8014.749999999999,33478.929944211595,-74625.0469197966,8000.499999999999,-0.1289,0.1209,80838.8,48158.7
6,UTS,IMG,8426,62,j:OK,K:\NINJA\E71a\ManualCheck\ScanData\UTS\ECC6\IMG\Event08426\PL062,1.0003255599065382,-0.006132441002146777,0.0056987246170884485,1.0002046064609682,-58134.62054298721,-46031.52482396599,200,0.5,0.14,210,70,24680.895909360635,-803.6231881238359,13235,24708.088048719143,-828.9683849307257,13235,-0.1287,0.1214,83089.9,44719.9
6,UTS,IMG,8431,20,j:OK,K:\NINJA\E71a\ManualCheck\ScanData\UTS\ECC6\IMG\Event08431\PL020,0.9999746562207952,-0.015415078542465054,0.014799526245964739,1.0000493772229901,-118250.35773982704,-29738.6540590379,200,0.5,0.14,210,70,-41615.19994792185,11453.492768442517,10724.5,-41577.050134535544,11454.597231693377,10724.5,-0.18171,-0.0025700000000000002,77292.6,40047.38
6,UTS,IMG,8431,21,j:OK,K:\NINJA\E71a\ManualCheck\ScanData\UTS\ECC6\IMG\Event08431\PL021,1.0002584558300809,-0.00042181405806822765,-1.2681360556280515e-05,1.0001789271015311,-121373.93429968532,-26855.433810292954,200,0.5,0.14,210,70,-44143.84914719736,11360.198620166064,10718.5,-44105.68250675063,11360.723230220116,10718.5,-0.1817,-0.0025,77264.4,38210.3
6,UTS,IMG,8431,22,j:OK,K:\NINJA\E71a\ManualCheck\ScanData\UTS\ECC6\IMG\Event08431\PL022,1.0001316354966339,-0.0032784420731208825,0.002735971606109176,1.0002456771183585,-83466.32977249734,-28402.884603042654,200,0.5,0.14,210,70,-5067.1743347312495,10339.974617927484,6565.5,-5028.972991430973,10340.898330516426,6565.5,-0.1819,-0.0039,78553.3,38519.4
6,UTS,IMG,8497,25,j:OK,K:\NINJA\E71a\ManualCheck\ScanData\UTS\ECC6\IMG\Event08497\PL025,1.0001025641725991,-0.0022747604582778152,0.0020631249862181574,1.0003411992232638,-53591.49248517289,-99779.63421629686,200,0.5,0.14,210,70,19006.758662688786,-58153.69500004771,13855.5,18992.54270094837,-58108.642738383314,13855.5,0.0672,-0.2146,72671,41506.9
6,UTS,IMG,8497,26,j:OK,K:\NINJA\E71a\ManualCheck\ScanData\UTS\ECC6\IMG\Event08497\PL026,1.0002198349096978,0.007870417559164556,-0.008155691147653304,1.0003407797446267,-53577.83036743973,-99807.57932625321,200,0.5,0.14,210,70,19009.1453660079,-57749.52188834774,13856.250000000002,18995.23692794703,-57704.45028170595,13856.250000000002,0.0679,-0.214,72221.3,42677.6
6,UTS,IMG,8497,27,j:OK,K:\NINJA\E71a\ManualCheck\ScanData\UTS\ECC6\IMG\Event08497\PL027,1.0001147274980071,0.013531683898129499,-0.014140367857944827,1.0002064516216747,120342.11497683612,-102906.50517634428,200,0.5,0.14,210,70,194615.90693331163,-61865.247287653496,-357.25,194602.31741851446,-61820.09727305551,-357.25,0.0676,-0.214,73681.8,42119.6
6,UTS,IMG,8669,53,j:OK,K:\NINJA\E71a\ManualCheck\ScanData\UTS\ECC6\IMG\Event08669\PL053,1.0001499472172326,-0.0026218290268988746,0.0019838403090942642,1.0005136122654616,-177050.54955808874,-201070.88835142797,200,0.5,0.14,210,70,-116700.09560020767,-193075.20179844095,7985.5,-116817.1265592492,-193055.6584799285,7985.5,0.55696,-0.09412000000000001,60245.08,7891.66
6,UTS,IMG,8669,54,j:OK,K:\NINJA\E71a\ManualCheck\ScanData\UTS\ECC6\IMG\Event08669\PL054,1.0001440815416844,0.005015128187985587,-0.0056137060888063525,1.000611070681335,-174016.94020132866,-198841.37496287664,200,0.5,0.14,210,70,-116877.617501196,-192619.9168988728,7976.75,-116994.44403178945,-192599.84476011957,7976.75,0.5567,-0.0924,56981.4,6557.4
6,UTS,IMG,8669,55,j:OK,K:\NINJA\E71a\ManualCheck\ScanData\UTS\ECC6\IMG\Event08669\PL055,1.0002698983138731,-0.0063945903259001674,0.005791644108891507,1.0004925662323951,-176783.53901498747,-201278.47473040002,200,0.5,0.14,210,70,-118394.48400371712,-193344.49975743264,7982,-118511.27880083723,-193324.94229888468,7982,0.5554,-0.0963,58305.2,7612.1
6,UTS,IMG,8671,119,j:OK,K:\NINJA\E71a\ManualCheck\ScanData\UTS\ECC6\IMG\Event08671\PL119,1.0004192047603693,-0.00513568830239741,0.004805961508319916,1.0005399362309093,-283833.4743007898,-55418.98034170906,200,0.5,0.14,210,70,-223385.74812727724,10764.573874285543,8278.75,-223515.7168271844,10778.243877608911,8278.75,0.61829,-0.06803000000000001,60630.630000000005,65870.27
6,UTS,IMG,8671,120,j:OK,K:\NINJA\E71a\ManualCheck\ScanData\UTS\ECC6\IMG\Event08671\PL120,1.0003413721424148,-0.006884370646392823,0.006217735466589079,1.0003151056480373,-297919.7976024664,-55580.938160688296,200,0.5,0.14,210,70,-238172.34245808257,13941.664048192266,8265.75,-238302.18465579138,13955.66729791231,8265.75,0.6176,-0.0705,60073.1,69141.3
6,UTS,IMG,8671,121,j:OK,K:\NINJA\E71a\ManualCheck\ScanData\UTS\ECC6\IMG\Event08671\PL121,1.0003964151982552,-0.0023933169232738757,0.0019078939801812256,1.0004824385630209,-297080.1347941423,-55360.65408453268,200,0.5,0.14,210,70,-236592.3633951943,11146.517710739641,8252.5,-236722.205195659,11159.380466199596,8252.5,0.6179,-0.0624,60492.8,66372.6
6,UTS,IMG,8671,122,j:OK,K:\NINJA\E71a\ManualCheck\ScanData\UTS\ECC6\IMG\Event08671\PL122,1.0003437795443868,-0.010844869568086998,0.010541946133547598,1.0004469873760895,-294570.10668190103,-57223.55232929792,200,0.5,0.14,210,70,-237124.6491338654,12496.82517184966,8253.75,-237254.24131974165,12510.8401154069,8253.75,0.6161,-0.0732,58045.2,69091.6
6,UTS,IMG,8711,81,j:OK,K:\NINJA\E71a\ManualCheck\ScanData\UTS\ECC6\IMG\Event08711\PL081,1.0004760087734763,-0.004753803116629167,0.0035844534506613663,1.0004405442329947,136807.6430799198,-132860.14932229143,200,0.5,0.14,210,70,161988.3406531864,-87821.50001413398,10409.75,161922.88654338708,-87840.83855726631,10409.75,0.31197,0.09093000000000001,25316.68,44908.78
6,UTS,IMG,8711,82,j:OK,K:\NINJA\E71a\ManualCheck\ScanData\UTS\ECC6\IMG\Event08711\PL082,1.0003912043753451,0.004744952314564405,-0.005082837261263154,1.0007047801079985,135807.30725975198,-134635.75552308094,200,0.5,0.14,210,70,164492.56961930354,-88037.26550771197,10398.5,164427.0594604899,-88056.03557419957,10398.5,0.3114,0.0909,28387.1,46691.1
6,UTS,IMG,8711,83,j:OK,K:\NINJA\E71a\ManualCheck\ScanData\UTS\ECC6\IMG\Event08711\PL083,1.00053203376763,0.0037953726177186644,-0.0043922320875913684,1.0006085644828877,135570.388188693,-130676.64699382518,200,0.5,0.14,210,70,162840.89986506946,-87466.30557745916,10411.75,162775.5430714011,-87485.81303611475,10411.75,0.3107,0.0942,27026.5,43283.2
6,UTS,IMG,8711,84,j:OK,K:\NINJA\E71a\ManualCheck\ScanData\UTS\ECC6\IMG\Event08711\PL084,1.0002940241495946,0.013264850543534136,-0.013774727504472284,1.000211149771872,44645.77068332404,-143757.2505065622,200,0.5,0.14,210,70,72678.65105003567,-100007.54678601141,13854,72613.08072678138,-100026.41262035802,13854,0.3109,0.0941,27374.3,44098.6
6,UTS,IMG,8719,101,j:OK,K:\NINJA\E71a\ManualCheck\ScanData\UTS\ECC6\IMG\Event08719\PL101,1.00058494309958,0.00867224165474017,-0.009677478240626404,1.000470595166551,40509.43772228906,-145957.35872472214,200,0.5,0.14,210,70,84609.29817237117,-90157.54154110487,13853,84705.79935162998,-90151.42547668613,13853,-0.45897000000000004,-0.03355,43683.41,56202.23
6,UTS,IMG,8719,102,j:OK,K:\NINJA\E71a\ManualCheck\ScanData\UTS\ECC6\IMG\Event08719\PL102,1.0002588857105814,0.003971761323944216,-0.004904712270544957,1.0003414377476028,-172862.34120981238,-54097.405966843115,200,0.5,0.14,210,70,-132710.92145558988,-540.5327266461185,8288.25,-132614.3311051642,-533.8637749890622,8288.25,-0.4597,-0.034,40024.2,53741.5
6,UTS,IMG,8719,104,j:OK,K:\NINJA\E71a\ManualCheck\ScanData\UTS\ECC6\IMG\Event08719\PL104,1.0006240523282788,-0.002565269094290485,0.0016683339919185847,1.0004965655365392,-175336.72511428682,-55250.14909378603,200,0.5,0.14,210,70,-130758.40127335218,-214.93096711768828,8275.5,-130661.61113676989,-208.0462238885666,8275.5,-0.4607,-0.032,44788.1,54940.1
6,UTS,IMG,8742,44,j:OK,K:\NINJA\E71a\ManualCheck\ScanData\UTS\ECC6\IMG\Event08742\PL044,1.0003073220763203,-0.002561026471670646,0.0018832743493264502,1.0004651164560716,-168543.08961508362,-90556.06422394654,200,0.5,0.14,210,70,-101063.14042441499,-20977.694517353517,5327.75,-101080.68843437366,-20900.894465081903,5327.75,0.0826,-0.3657,67619.6,69495.5
6,UTS,IMG,8742,45,j:OK,K:\NINJA\E71a\ManualCheck\ScanData\UTS\ECC6\IMG\Event08742\PL045,1.0000400446003093,-0.002018530122058903,0.0015641721829344195,1.0005155515825062,-178756.45584964348,24877.110157843712,200,0.5,0.14,210,70,-110890.16593236932,92062.89822831714,8290.25,-110907.52072293244,92139.7499405878,8274.5,0.0819,-0.3659,67981.7,67121.7
6,UTS,IMG,8742,46,j:OK,K:\NINJA\E71a\ManualCheck\ScanData\UTS\ECC6\IMG\Event08742\PL046,1.0002728944435464,0.0023137892103770783,-0.002916875234056319,1.0007011518576663,-166945.31374199482,-89779.81900345701,200,0.5,0.14,210,70,-102595.05690814901,-20993.94371137454,5330,-102612.25148992211,-20917.27336960922,5330,0.0827,-0.3646,64155.9,69001.3
6,UTS,IMG,9344,25,j:OK,K:\NINJA\E71a\ManualCheck\ScanData\UTS\ECC6\IMG\Event09344\PL025,1.0001573990959087,-0.005361376673992702,0.00507132639999005,1.0003175362233572,-174505.03330666918,-21803.518982256614,200,0.5,0.14,210,70,-75747.07936677942,4661.070219098008,13858.5,-75715.03817585572,4702.259822915494,13858.5,-0.1536,-0.1953,98913.8,25995.9
6,UTS,IMG,9344,26,j:OK,K:\NINJA\E71a\ManualCheck\ScanData\UTS\ECC6\IMG\Event09344\PL026,1.0001186117133387,-0.005613401782042315,0.005223887620839336,1.0003678809176428,-174094.04957456715,-21610.982358179976,200,0.5,0.14,210,70,-74713.92937342275,5714.067784459161,13859.75,-74681.58343587212,5755.034934622443,13859.75,-0.1551,-0.1942,99551.3,26836.1
6,UTS,IMG,9344,27,j:OK,K:\NINJA\E71a\ManualCheck\ScanData\UTS\ECC6\IMG\Event09344\PL027,1.000130027248733,-0.0029389345612640836,0.0025624762294941834,1.0003755708285393,791.9273908984652,-24998.344818789454,200,0.5,0.14,210,70,101551.90380225815,2284.9730517796456,-352.5,101584.5277590496,2325.665190235566,-352.5,-0.1559,-0.1933,100859,27055.4
6,UTS,IMG,9456,26,j:OK,K:\NINJA\E71a\ManualCheck\ScanData\UTS\ECC6\IMG\Event09456\PL026,1.0001186117133387,-0.005613401782042315,0.005223887620839336,1.0003678809176428,-174094.04957456715,-21610.982358179976,200,0.5,0.14,210,70,-121741.23997272101,1215.8342679532025,13851.249999999998,-121697.01032312462,1132.1327664055352,13843.499999999998,-0.20835,0.39952000000000004,52516.89,22460.510000000002
6,UTS,IMG,9456,27,j:OK,K:\NINJA\E71a\ManualCheck\ScanData\UTS\ECC6\IMG\Event09456\PL027,1.000130027248733,-0.0029389345612640836,0.0025624762294941834,1.0003755708285393,791.9273908984652,-24998.344818789454,200,0.5,0.14,210,70,54543.887427935995,-2356.143423187856,-373.25,54587.463116762505,-2440.1269806407254,-373.25,-0.2063,0.4003,53854.4,22411.8
6,UTS,IMG,9456,28,j:OK,K:\NINJA\E71a\ManualCheck\ScanData\UTS\ECC6\IMG\Event09456\PL028,1.0001333171183582,-0.0008010204586089783,0.00033303159776285144,1.000369843741865,-21.543724202573852,-25129.910727042785,200,0.5,0.14,210,70,54260.47972910222,-5646.475839747961,-376.75,54303.9807708737,-5730.450428192613,-376.75,-0.2068,0.3998,54333.8,19374.2
6,UTS,IMG,9723,67,j:OK,K:\NINJA\E71a\ManualCheck\ScanData\UTS\ECC6\IMG\Event09723\PL067,1.0002424646907782,0.011127316494235323,-0.011654260614145826,1.0003951776558566,-24942.772955110497,90252.24813407914,200,0.5,0.14,210,70,89811.01732947187,113624.5578736872,690.5,89840.26809405207,113552.17447023524,690.5,-0.14307,0.34288,114481.28,24624.39
6,UTS,IMG,9723,68,j:OK,K:\NINJA\E71a\ManualCheck\ScanData\UTS\ECC6\IMG\Event09723\PL068,1.0002779258020555,0.0016643639114957602,-0.0019388949996989953,1.0004958407290618,-17280.663540536876,87852.36459663376,200,0.5,0.14,210,70,97058.74256786509,110653.83742711955,700.5,97088.28261022364,110581.5251258834,700.5,-0.1412,0.3439,114299,22939.4
6,UTS,IMG,9723,69,j:OK,K:\NINJA\E71a\ManualCheck\ScanData\UTS\ECC6\IMG\Event09723\PL069,1.0002223425272598,0.01249829012719938,-0.01290899460262296,1.0003702484316221,-22081.8289103208,89619.79349086704,200,0.5,0.14,210,70,90649.60419807158,109805.30544812902,690.5,90679.60417679357,109733.03907735916,690.5,-0.1471,0.3421,112467,21557.1
6,UTS,IMG,9723,70,j:OK,K:\NINJA\E71a\ManualCheck\ScanData\UTS\ECC6\IMG\Event09723\PL070,1.000373379806054,0.0012302300685841008,-0.0018089208040052871,1.0004392635010615,-14306.347791291064,86860.25978421791,200,0.5,0.14,210,70,100567.53792247671,108502.94401666982,683.5,100598.31003407715,108430.99464691822,690.5,-0.1469,0.3422,114835,21768.9
6,UTS,IMG,9960,119,j:OK,K:\NINJA\E71a\ManualCheck\ScanData\UTS\ECC6\IMG\Event09960\PL119,1.0004192047603693,-0.00513568830239741,0.004805961508319916,1.0005399362309093,-283833.4743007898,-55418.98034170906,200,0.5,0.14,210,70,-185951.63352106218,18862.419751984587,8290,-185918.99451237096,18872.452120753427,8290,-0.1556,-0.047,98252.2,73779.4
6,UTS,IMG,9960,120,j:OK,K:\NINJA\E71a\ManualCheck\ScanData\UTS\ECC6\IMG\Event09960\PL120,1.0003413721424148,-0.006884370646392823,0.006217735466589079,1.0003151056480373,-297919.7976024664,-55580.938160688296,200,0.5,0.14,210,70,-198507.91490300823,21925.785065517084,8280,-198475.19080579813,21935.883005813375,8280,-0.1561,-0.0471,99939.7,76871.2
6,UTS,IMG,10057,81,j:OK,K:\NINJA\E71a\ManualCheck\ScanData\UTS\ECC6\IMG\Event10057\PL081,1.0003248453100657,-0.010070486222247245,0.00925164397875121,1.0005867060329843,15635.367920512026,-55625.79021167128,200,0.5,0.14,210,70,69579.05958972318,9878.118009599939,10378.75,69631.37088217544,9955.825082021795,10378.75,-0.25272,-0.36748000000000003,54633.22,65038.01
6,UTS,IMG,10057,82,j:OK,K:\NINJA\E71a\ManualCheck\ScanData\UTS\ECC6\IMG\Event10057\PL082,1.000258407190447,-0.000849479044263381,0.00010324217126572826,1.0006985009901153,15357.137336194759,-55669.67952745538,200,0.5,0.14,210,70,74337.03986896889,11443.270479309944,10387.25,74389.97082322121,11520.715002889025,10377.5,-0.2523,-0.3685,59074.6,67137.4
6,UTS,IMG,10057,83,j:OK,K:\NINJA\E71a\ManualCheck\ScanData\UTS\ECC6\IMG\Event10057\PL083,1.0002585717071337,-0.0017382000040560223,0.0009637472067778097,1.0007071678547081,15929.284639898713,-54246.28357903817,200,0.5,0.14,210,70,72154.4283076161,11481.0872247996,10395.25,72206.55472282812,11558.913540456497,10380.25,-0.2488,-0.3701,56376.9,65704.4
6,UTS,IMG,10057,84,j:OK,K:\NINJA\E71a\ManualCheck\ScanData\UTS\ECC6\IMG\Event10057\PL084,1.0003145441859096,0.0012017237648633777,-0.001831270118673544,1.000514483433167,-74801.59072954465,-66792.89676795506,200,0.5,0.14,210,70,-15458.604825706945,1157.1359946029056,13817,-15405.701476629642,1234.254019787215,13817,-0.2514,-0.3675,59295.4,68100.7
6,UTS,IMG,10234,49,j:OK,K:\NINJA\E71a\ManualCheck\ScanData\UTS\ECC6\IMG\Event10234\PL049,1.000283422702145,0.001528420620023347,-0.0016933677055200212,1.000296500712732,83642.05994691352,-130931.55907489883,200,0.5,0.14,210,70,125840.61268384219,-46406.92327583658,6488.75,125778.17716750497,-46396.883709291695,6488.75,0.2973,-0.047290000000000006,41994.94,84580.71
6,UTS,IMG,10234,50,j:OK,K:\NINJA\E71a\ManualCheck\ScanData\UTS\ECC6\IMG\Event10234\PL050,1.0003106828672426,0.00812095958358931,-0.008299074783191257,1.0004269260057046,86834.37619173457,-129672.00420501993,200,0.5,0.14,210,70,125020.91347598527,-46865.00477683494,6484,124958.49990210484,-46854.528042516395,6484,0.2975,-0.0474,37437.7,83092.7
6,UTS,IMG,10234,51,j:OK,K:\NINJA\E71a\ManualCheck\ScanData\UTS\ECC6\IMG\Event10234\PL051,1.0004129095022192,-0.005321271152813248,0.005086521005628741,1.0003893845077085,84387.52680670783,-131172.077654864,200,0.5,0.14,210,70,122095.5248106542,-46889.65013175003,6500.75,122033.01015812815,-46879.463609978644,6500.75,0.2973,-0.05,38077.1,84066.2
6,UTS,IMG,10234,52,j:OK,K:\NINJA\E71a\ManualCheck\ScanData\UTS\ECC6\IMG\Event10234\PL052,1.0002447681210347,0.0014888037581145593,-0.0018404198020325418,1.0004190088186744,-49452.43850983515,-199068.7895239084,200,0.5,0.14,210,70,-11822.200272671515,-114306.87170971981,7999.75,-11884.717380108981,-114296.54637579105,7999.75,0.2977,-0.0486,37432.3,84805.6
6,UTS,IMG,10810,25,j:OK,K:\NINJA\E71a\ManualCheck\ScanData\UTS\ECC6\IMG\Event10810\PL025,1.0001573990959087,-0.005361376673992702,0.00507132639999005,1.0003175362233572,-174505.03330666918,-21803.518982256614,200,0.5,0.14,210,70,-88207.31852451617,28388.84264412447,13838.000000000002,-88154.14922184647,28367.66384941052,13838.000000000002,-0.2526,0.1021,86603.8,49716.2
6,UTS,IMG,10810,26,j:OK,K:\NINJA\E71a\ManualCheck\ScanData\UTS\ECC6\IMG\Event10810\PL026,1.0001186117133387,-0.005613401782042315,0.005223887620839336,1.0003678809176428,-174094.04957456715,-21610.982358179976,200,0.5,0.14,210,70,-86718.50345222006,28698.542408289228,13852.5,-86665.55900164031,28676.865234767185,13852.5,-0.2515,0.1045,87697.7,49811.4
6,UTS,IMG,10810,27,j:OK,K:\NINJA\E71a\ManualCheck\ScanData\UTS\ECC6\IMG\Event10810\PL027,1.000130027248733,-0.0029389345612640836,0.0025624762294941834,1.0003755708285393,791.9273908984652,-24998.344818789454,200,0.5,0.14,210,70,89793.7623563724,25112.185322206184,-365.75,89846.544137051,25090.220093217496,-365.75,-0.251,0.1052,89189.5,49841.3
6,UTS,IMG,11863,26,j:OK,K:\NINJA\E71a\ManualCheck\ScanData\UTS\ECC6\IMG\Event11863\PL026,1.0001408336189863,0.0027350488394464597,-0.0029859711372325123,1.0002971544539565,-54116.6725859725,56177.03316853282,200,0.5,0.14,210,70,-943.2697128153305,109456.30690220084,13861,-968.9281742400708,109573.45434000375,13861,0.12369000000000001,-0.5573100000000001,52993.85,53538.75
6,UTS,IMG,11863,27,j:OK,K:\NINJA\E71a\ManualCheck\ScanData\UTS\ECC6\IMG\Event11863\PL027,1.0001803812155907,-0.003719534501366539,0.0032194924536352717,1.0002881718997358,120608.973517064,55655.4954806849,200,0.5,0.14,210,70,175873.77791502254,105789.04544240185,-355.5,175848.97672856058,105906.43285616822,-355.5,0.116,-0.5592,55416.2,50058.1
6,UTS,IMG,11863,28,j:OK,K:\NINJA\E71a\ManualCheck\ScanData\UTS\ECC6\IMG\Event11863\PL028,1.0001344069132672,-0.002556138892281319,0.0020084980735295584,1.0002484777651266,120760.13361242237,57353.96337989293,200,0.5,0.14,210,70,174662.2529149248,105276.8863900355,-354.75,174637.40065758274,105394.21424178508,-354.75,0.1169,-0.5588,53992.5,47919.9
6,UTS,IMG,12560,28,j:OK,K:\NINJA\E71a\ManualCheck\ScanData\UTS\ECC6\IMG\Event12560\PL028,1.000203038292742,-0.0018880341213631919,0.0013816022565486994,1.0003464037449605,120425.90703339856,-25033.302705789603,200,0.5,0.14,210,70,143895.8588334652,-6038.679627386274,-344,143844.5728077499,-6008.747802261853,-344,0.24390000000000003,-0.14282,23449.75,18985.58
6,UTS,IMG,12599,18,j:OK,K:\NINJA\E71a\ManualCheck\ScanData\UTS\ECC6\IMG\Event12599\PL018,1.000019672075597,0.010676528907110568,-0.010915308491349033,1.0002146103749532,-17896.670645445258,-192570.71219088932,200,0.5,0.14,210,70,60891.96310312171,-109990.1640900789,10718.75,60943.03521412053,-110063.60727476417,10718.75,-0.2469,0.34696000000000005,77948.39,83340.05
6,UTS,IMG,12599,19,j:OK,K:\NINJA\E71a\ManualCheck\ScanData\UTS\ECC6\IMG\Event12599\PL019,1.0001360905572803,0.01470487940761762,-0.014871915247027056,1.0001606003731354,5037.897081698562,-187313.77765653926,200,0.5,0.14,210,70,83218.89285675145,-106271.07421896057,10726,83269.86917329165,-106344.54079628192,10726,-0.2478,0.3461,77014.2,82101.4
6,UTS,IMG,12599,20,j:OK,K:\NINJA\E71a\ManualCheck\ScanData\UTS\ECC6\IMG\Event12599\PL020,1.0003793700294354,-0.0015081343239208653,0.0006795497695934266,1.0002839290701304,3500.812923030398,-187372.20370413963,200,0.5,0.14,210,70,85185.34113210787,-104810.58933726605,10730.5,85237.57157371822,-104883.29758021727,10730.5,-0.2481,0.3463,81830,82409.9
6,UTS,IMG,12599,21,j:OK,K:\NINJA\E71a\ManualCheck\ScanData\UTS\ECC6\IMG\Event12599\PL021,1.0001824505080315,-0.002443271090103322,0.0018739803746173512,1.00039487310221,-875.9957787609853,-187531.73679416985,200,0.5,0.14,210,70,80864.13120632713,-107145.63801613478,10733,80915.28662392906,-107218.88245351904,10733,-0.2427,0.3491,81972.1,80127.6
6,UTS,IMG,13423,25,j:OK,K:\NINJA\E71a\ManualCheck\ScanData\UTS\ECC6\IMG\Event13423\PL025,0.9999343815360164,-0.009846114435974069,0.009614009038722796,1.0002736860775139,-55496.31498216168,56417.32629785963,200,0.5,0.14,210,70,6058.150729923254,77482.09081281148,13856.5,6144.4352204598035,77542.5403602176,13856.5,-0.4137,-0.2838,61846.9,20525
6,UTS,IMG,13423,26,j:OK,K:\NINJA\E71a\ManualCheck\ScanData\UTS\ECC6\IMG\Event13423\PL026,1.0001408336189863,0.0027350488394464597,-0.0029859711372325123,1.0002971544539565,-54116.6725859725,56177.03316853282,200,0.5,0.14,210,70,8291.52104209164,78155.11551658662,13854.5,8378.3855177097,78214.93451581718,13854.5,-0.4128,-0.286,62425.5,22217.7
6,UTS,IMG,13423,27,j:OK,K:\NINJA\E71a\ManualCheck\ScanData\UTS\ECC6\IMG\Event13423\PL027,1.0001803812155907,-0.003719534501366539,0.0032194924536352717,1.0002881718997358,120608.973517064,55655.4954806849,200,0.5,0.14,210,70,185318.46461910495,74180.83874317327,-355.75,185405.6421255957,74240.08405251233,-355.75,-0.4161,-0.2807,64853.3,18370.5
6,FTS,IMG,1908,95,j:OK,K:\NINJA\E71a\ManualCheck\ScanData\FTS\ECC6\IMG\Event01908\PL095,1.0005592945546649,-0.006229556286645667,0.005884604638119817,1.0006111492657017,-31178.9816276728,-158429.64180834,200,0.5,0.156,210,70,55888.10788163501,-115344.32195126722,-535,55954.51381192787,-115207.64346862753,-535,-0.32008000000000003,-0.6485700000000001,87350.53,42681.89
6,FTS,IMG,1908,98,j:OK,K:\NINJA\E71a\ManualCheck\ScanData\FTS\ECC6\IMG\Event01908\PL098,1.0005716851438256,0.0013914048569923882,-0.0016720950521695902,1.0005485734484583,-14029.114454199329,-155121.5773704514,200,0.5,0.156,210,70,72566.00079043845,-110217.79541223266,-523.75,72632.00116544227,-110080.72117491151,-523.75,-0.3132,-0.6529,86548.8,45160.8
6,FTS,IMG,3802,118,j:OK,K:\NINJA\E71a\ManualCheck\ScanData\FTS\ECC6\IMG\Event03802\PL118,1.0004292726997084,-0.007771080123790972,0.007669597870167821,1.0005525050627198,87613.03965947723,56738.08316093718,200,0.5,0.156,210,70,116474.5427951864,71831.44165573631,194.5,116536.31886766455,71855.02938912976,194.5,-0.2949,-0.11,29026.5,14886.1
6,FTS,IMG,4414,108,j:OK,K:\NINJA\E71a\ManualCheck\ScanData\FTS\ECC6\IMG\Event04414\PL108,1.0004475570752454,-0.003339738072074539,0.003141139492818236,1.0005258770395538,-28763.078733482114,132748.47117462306,200,0.5,0.156,210,70,44273.25601369865,160896.81156153383,149.25,44177.03124722542,160947.37771056342,138.74999999999997,0.4572,-0.2421,73000.8,27954.9
6,FTS,IMG,4634,85,j:OK,K:\NINJA\E71a\ManualCheck\ScanData\FTS\ECC6\IMG\Event04634\PL085,1.0002844572121934,0.013528251059161238,-0.01407619601344665,1.0005555921229576,-18919.861478213217,-159893.09637260876,200,0.5,0.156,210,70,14449.539386938626,-89598.91653456025,-554,14414.522396780767,-89601.37857124791,-554,0.16651000000000002,0.014060000000000001,32368.62,70708.06
6,FTS,IMG,4721,56,j:OK,K:\NINJA\E71a\ManualCheck\ScanData\FTS\ECC6\IMG\Event04721\PL056,1.0001469648520411,-0.008892218691493422,0.00828489153150953,1.0004132914966526,-22776.9047210272,-120853.77367830144,200,0.5,0.156,210,70,6180.387611042536,-85909.59580859859,4820.5,6210.853055777272,-85886.94654188081,4820.5,-0.146,-0.1066,29292.1,34709.8
6,FTS,IMG,4721,58,j:OK,K:\NINJA\E71a\ManualCheck\ScanData\FTS\ECC6\IMG\Event04721\PL058,1.000328606512371,0.0007711860960283545,-0.0010878828257805393,1.0004007079250372,-29620.05039664449,-127075.85931899678,200,0.5,0.156,210,70,286.26804393349073,-85751.91631821789,4824.5,316.8714685425148,-85729.4075521715,4824.5,-0.1456,-0.1073,29895.2,41362.4
6,FTS,IMG,5228,43,j:OK,K:\NINJA\E71a\ManualCheck\ScanData\FTS\ECC6\IMG\Event05228\PL043,0.9998038798133653,0.014542434672120427,-0.014693372195219684,1.0003743680272326,6379.723365474066,-168840.1436963011,200,0.5,0.156,210,70,85841.11622689653,-104306.19589466334,2186.25,85839.99901266143,-104280.48137195133,2186.25,0.0071,-0.1223,78520.4,65688.8
6,FTS,IMG,5497,108,j:OK,K:\NINJA\E71a\ManualCheck\ScanData\FTS\ECC6\IMG\Event05497\PL108,1.00048631910986,-0.0033298030951343393,0.003147795303952296,1.000481743490923,91314.06123875002,133089.88246092072,200,0.5,0.156,210,70,160482.06517182043,142924.51370103052,185,160467.73574739386,142848.85241537046,185,0.0694,0.3599,69151.8,9536.7
6,FTS,IMG,7169,92,j:OK,K:\NINJA\E71a\ManualCheck\ScanData\FTS\ECC6\IMG\Event07169\PL092,1.0005010664875131,-0.0032373771688287084,0.002169210653837928,1.0005953894632,-28079.123570599582,-158434.33282900127,200,0.5,0.156,210,70,5369.048892173916,-94430.39939372349,-540,5383.560247779507,-94389.26718676956,-540,-0.0697,-0.1956,33652.8,63934
6,FTS,IMG,7633,116,j:OK,K:\NINJA\E71a\ManualCheck\ScanData\FTS\ECC6\IMG\Event07633\PL116,1.0004874111138733,-0.00905640928229488,0.008129143371498528,1.0001953653034688,99565.75629063473,-20500.693637321634,200,0.5,0.156,210,70,114032.2860224919,33925.7660364163,198.25,114020.19457659558,33929.15472876554,198.25,0.0574,-0.0166,14938.9,54297.8
6,FTS,IMG,7633,117,j:OK,K:\NINJA\E71a\ManualCheck\ScanData\FTS\ECC6\IMG\Event07633\PL117,1.000412961260979,-0.00011660540472325339,-0.0008640491990112926,1.0004613908699773,95802.44250108024,-23606.999665380634,200,0.5,0.156,210,70,112120.03803357453,32799.69330262106,196.75,112107.9996530278,32803.23332751206,196.75,0.0573,-0.0168,16305.4,56398.3
6,FTS,IMG,7633,118,j:OK,K:\NINJA\E71a\ManualCheck\ScanData\FTS\ECC6\IMG\Event07633\PL118,1.000541386196696,-0.0022036304108961984,0.0019759299749340766,1.0004387021837473,87556.2455332878,-22262.480971718756,200,0.5,0.156,210,70,102387.87748553399,33841.95675546834,182.5,102375.80927780917,33845.42046692423,182.5,0.0574,-0.0166,14935,56053.8
6,FTS,IMG,7982,56,j:OK,K:\NINJA\E71a\ManualCheck\ScanData\FTS\ECC6\IMG\Event07982\PL056,1.000139173891908,-0.003267882447464068,0.0029876875075835075,1.0007888804042884,-22410.38381803214,-203055.34513561605,200,0.5,0.156,210,70,40339.713552756104,-162100.3848606417,4855.75,40425.95954882619,-162038.25384514217,4855.75,-0.4116,-0.2944,62960.9,40796.8
6,FTS,IMG,8047,58,j:OK,K:\NINJA\E71a\ManualCheck\ScanData\FTS\ECC6\IMG\Event08047\PL058,0.9999499373315397,0.0019151348761576952,-0.0021286315716063137,1.00067168194636,-150333.76641638868,-203483.81237145656,200,0.5,0.156,210,70,-102868.85759005499,-151030.80085457518,4816.5,-102881.39349552584,-150997.61377562105,4816.5,0.06,-0.1578,47354.1,52551.7
6,FTS,IMG,8371,58,j:OK,K:\NINJA\E71a\ManualCheck\ScanData\FTS\ECC6\IMG\Event08371\PL058,1.0002314953034823,0.006424202059544961,-0.006877889866024722,1.0003988046893837,-29997.558746958308,-281429.7191347846,200,0.5,0.156,210,70,7896.09063915736,-239706.5464634692,4864.25,7978.9398744814425,-239663.6479124906,4864.25,-0.3931,-0.2069,37697.9,42008.6
6,FTS,IMG,8669,56,j:OK,K:\NINJA\E71a\ManualCheck\ScanData\FTS\ECC6\IMG\Event08669\PL056,0.9996905462532506,-0.001049106788381461,0.0005920311914576725,1.0005453036284697,-142859.45651818917,-282122.597065119,200,0.5,0.156,210,70,-87883.03364982914,-197488.38127951248,4819,-87999.69431946552,-197468.63655669603,4819,0.5556,-0.0943,54965.5,84575.3
6,FTS,IMG,8719,103,j:OK,K:\NINJA\E71a\ManualCheck\ScanData\FTS\ECC6\IMG\Event08719\PL103,1.000641851381061,-0.0018705878556150787,0.0010907919998670425,1.000492908015203,93671.64854060492,-18613.445079772562,200,0.5,0.156,210,70,135918.43186261764,38633.86340578077,184.75,136015.01896175623,38640.313833590706,184.75,-0.4597,-0.0302,42423.1,57179.3
6,FTS,IMG,8742,43,j:OK,K:\NINJA\E71a\ManualCheck\ScanData\FTS\ECC6\IMG\Event08742\PL043,0.9998038798133653,0.014542434672120427,-0.014693372195219684,1.0003743680272326,6379.723365474066,-168840.1436963011,200,0.5,0.156,210,70,73148.16476213743,-103210.38823530026,2190.75,73131.98294858835,-103133.31666484718,2190.75,0.08239,-0.36566000000000004,65795.93000000001,66648.64
6,FTS,IMG,9960,117,j:OK,K:\NINJA\E71a\ManualCheck\ScanData\FTS\ECC6\IMG\Event09960\PL117,1.0003065008605339,-0.00040426812686402357,-0.00023808674158828368,1.000480709167566,-24877.537945329466,-23729.098057187006,200,0.5,0.156,210,70,75986.41078659595,52574.09885217455,181.5,76019.14115790729,52583.88806820098,181.5,-0.15583000000000002,-0.046630000000000005,100896.6,76300.33
6,FTS,IMG,9960,118,j:OK,K:\NINJA\E71a\ManualCheck\ScanData\FTS\ECC6\IMG\Event09960\PL118,1.000469297270745,-0.003962752181497677,0.0039099717566354495,1.0004573183990944,-32557.22550878912,-23226.347674123805,200,0.5,0.156,210,70,66831.22473351589,53552.56984086758,169.75,66863.9402351286,53562.509334354465,169.75,-0.1559,-0.0467,99677,76364.2
4,UTS,IMG,31,113,j:OK,K:\NINJA\E71a\ManualCheck\ScanData\UTS\ECC4\IMG\Event00031\PL113,1.0002331629437018,-0.004360883393932025,0.004064811161006516,1.0004208318845067,57676.13018182987,-181233.09023474518,200,0.5,0.14,210,70,68192.87748831158,-125761.30233711796,2039.25,68163.61193890807,-125799.13910237234,2039.25,0.14011,0.17953000000000002,10726.43,55367.05
4,UTS,IMG,1081,106,j:OK,K:\NINJA\E71a\ManualCheck\ScanData\UTS\ECC4\IMG\Event01081\PL106,1.0003903530642804,-0.004022336947595007,0.003599057623607734,1.0004033441924984,56418.655182129,-178925.75765801696,200,0.5,0.14,210,70,87134.85905663113,-109365.2672688717,2039.0000000000002,87154.70003000127,-109409.29330480371,2039.0000000000002,-0.0936,0.2099,31003,69376.9
4,UTS,IMG,1081,107,j:OK,K:\NINJA\E71a\ManualCheck\ScanData\UTS\ECC4\IMG\Event01081\PL107,1.0003668469814377,0.00492268708117561,-0.005288333230231875,1.0004598721894196,58241.746513420534,-176392.7624390246,200,0.5,0.14,210,70,85686.02383507609,-110274.61433510174,2044.4999999999998,85706.01739613566,-110318.5893344854,2044.4999999999998,-0.0962,0.2088,27128.5,66187.2
4,UTS,IMG,1452,106,j:OK,K:\NINJA\E71a\ManualCheck\ScanData\UTS\ECC4\IMG\Event01452\PL106,1.0003644733348303,-0.007300527089052451,0.0068075270725092216,1.0003698249193707,-63659.248271167016,-180122.66324204046,200,0.5,0.14,210,70,38741.86257281586,-94249.8804105688,2024.75,38736.01107015813,-94236.84644809659,2024.75,0.0274,-0.06223000000000001,102979.39,85153.29000000001
4,UTS,IMG,1452,107,j:OK,K:\NINJA\E71a\ManualCheck\ScanData\UTS\ECC4\IMG\Event01452\PL107,1.0003541653461692,-0.006411046132862287,0.00582469277079089,1.0004192642807905,-61898.53543148217,-178268.6429427768,200,0.5,0.14,210,70,37131.71042483019,-95181.08964510247,2037.75,37125.78688539225,-95168.09819083793,2017.9999999999998,0.0278,-0.062,99517.9,82486.3
4,UTS,IMG,1452,109,j:OK,K:\NINJA\E71a\ManualCheck\ScanData\UTS\ECC4\IMG\Event01452\PL109,1.0003496113083032,0.0015497917860907678,-0.001999545770195621,1.0005406081611394,-56247.949211180945,-176930.27894495896,200,0.5,0.14,210,70,43347.174128610866,-94536.19736463366,2041,43341.564502015615,-94523.05401570795,2021.5,0.0268,-0.0625,99426.8,82561.4
4,UTS,IMG,1587,19,j:OK,K:\NINJA\E71a\ManualCheck\ScanData\UTS\ECC4\IMG\Event01587\PL019,1.000446755788559,-0.0054454514970930035,0.0044181486630171,1.000268654920892,90417.41922032775,-255516.12997091268,200,0.5,0.14,210,70,96097.63741624812,-179258.9582986932,2050,96065.2447795791,-179225.0713925127,2050,0.1533,-0.162,6060.3,76243.8
4,UTS,IMG,1587,20,j:OK,K:\NINJA\E71a\ManualCheck\ScanData\UTS\ECC4\IMG\Event01587\PL020,1.0002360706619067,-0.005707325983816166,0.005190060595914908,1.0003401793616344,70586.79263912396,-257423.42226538973,200,0.5,0.14,210,70,75916.25065787874,-180312.69428236486,2039.25,75883.87689978344,-180278.82968409243,2039.25,0.1532,-0.162,5735.7,77088.6
4,UTS,IMG,2210,109,j:OK,K:\NINJA\E71a\ManualCheck\ScanData\UTS\ECC4\IMG\Event02210\PL109,1.0003496113083032,0.0015497917860907678,-0.001999545770195621,1.0005406081611394,-56247.949211180945,-176930.27894495896,200,0.5,0.14,210,70,28936.181346326237,-109092.23855444723,2032.5000000000002,28907.561025310737,-109192.48985550294,2015.5000000000002,0.1355,0.4774,85020.6,67871.1
4,UTS,IMG,2210,110,j:OK,K:\NINJA\E71a\ManualCheck\ScanData\UTS\ECC4\IMG\Event02210\PL110,1.0003592139161686,-0.0031256819405143903,0.002767436294661815,1.0004638644684123,-59565.86934574319,-177631.18263427733,200,0.5,0.14,210,70,28107.48686997492,-110626.43432107857,2020,28080.11360255583,-110727.23161727183,2020,0.1318,0.4794,87822.7,66630
4,UTS,IMG,3063,20,j:OK,K:\NINJA\E71a\ManualCheck\ScanData\UTS\ECC4\IMG\Event03063\PL020,1.0002414292299031,-0.0063673592340683805,0.005989496309294893,1.0003046333004764,68917.92115497998,-101391.9840126549,200,0.5,0.14,210,70,132427.44069099962,-85835.6544199418,2034.25,132098.9514014873,-85990.83532824642,2034.25,1.5685000000000002,0.7293400000000001,63261.380000000005,15017.67
4,UTS,IMG,3310,19,j:OK,K:\NINJA\E71a\ManualCheck\ScanData\UTS\ECC4\IMG\Event03310\PL019,1.0004279529784612,-0.006986554470059088,0.0056870087514821165,1.0002846790033604,90118.55097266134,-176059.5726529258,200,0.5,0.14,210,70,148409.74998049182,-96825.35373987899,2031.4999999999998,148273.61753352772,-96798.07929935741,2031.4999999999998,0.6470400000000001,-0.13352,58681.23,78905.31
4,UTS,IMG,3310,20,j:OK,K:\NINJA\E71a\ManualCheck\ScanData\UTS\ECC4\IMG\Event03310\PL020,1.00014469478117,-0.00460729380067317,0.0040331688118195935,1.0003095802302173,69659.05454569538,-177745.34065137833,200,0.5,0.14,210,70,126756.06909738862,-97972.05982736609,2035.4999999999998,126619.86250267089,-97944.83798171509,2035.4999999999998,0.6479,-0.1322,57319,79544.7
4,UTS,IMG,4071,16,j:OK,K:\NINJA\E71a\ManualCheck\ScanData\UTS\ECC4\IMG\Event04071\PL016,1.0001608171391154,-0.008917913156823151,0.008112076165965073,1.000142617708247,-39995.08858057506,-101523.17612143235,200,0.5,0.14,210,70,81719.18006467672,-48600.360758512965,2012.75,81609.68125357533,-48671.941670453845,2012.75,0.52434,0.33656,122047.57,51853.78
4,UTS,IMG,4071,17,j:OK,K:\NINJA\E71a\ManualCheck\ScanData\UTS\ECC4\IMG\Event04071\PL017,1.000167730273713,-0.004847133519088235,0.003914552572970322,1.0004079045705574,-42254.68323762362,-102313.63492781014,200,0.5,0.14,210,70,80325.9954702016,-48724.4714489437,2027.7500000000002,80215.92135628485,-48795.36633415463,2027.7500000000002,0.5257,0.3354,122707,53016.3
4,UTS,IMG,4071,18,j:OK,K:\NINJA\E71a\ManualCheck\ScanData\UTS\ECC4\IMG\Event04071\PL018,1.000284749250762,-0.007832674124979493,0.007041487887534299,1.0002406401155701,-40097.06372795114,-100603.45494710408,200,0.5,0.14,210,70,82078.2661983542,-49111.828457500254,2023.7500000000002,81967.88037136215,-49182.4301631911,2023.7500000000002,0.5281,0.3324,122426,50546.8
4,UTS,IMG,4071,19,j:OK,K:\NINJA\E71a\ManualCheck\ScanData\UTS\ECC4\IMG\Event04071\PL019,1.0002535950420852,-0.00735168316991338,0.006506840362046363,1.000288278623751,-31050.713235753978,-100170.43226324196,200,0.5,0.14,210,70,92261.7393697231,-48593.36940044985,2036.75,92151.98508596527,-48665.33931426269,2036.75,0.525,0.3392,123544,50686.6
4,UTS,IMG,4770,112,j:OK,K:\NINJA\E71a\ManualCheck\ScanData\UTS\ECC4\IMG\Event04770\PL112,1.000341182109386,-0.0014000034934990478,0.0011132897786045451,1.000395320758412,-58670.99132172691,-256585.7170648419,200,0.5,0.14,210,70,-10875.45443903506,-178892.92063894286,2003.7500000000002,-10939.13471143636,-178887.59236740443,2003.7500000000002,0.3031,-0.0257,47824.2,77614.2
4,UTS,IMG,4770,113,j:OK,K:\NINJA\E71a\ManualCheck\ScanData\UTS\ECC4\IMG\Event04770\PL113,1.000242580848474,-0.004164095342036109,0.0038974303906699113,1.0003737159927244,-62656.39278509958,-258269.16708296412,200,0.5,0.14,210,70,-14377.691101138746,-178148.3469224432,2008.2499999999998,-14441.360496762734,-178142.83876557712,1991.4999999999998,0.303,-0.0274,48536,79907.3
4,UTS,IMG,6590,110,j:OK,K:\NINJA\E71a\ManualCheck\ScanData\UTS\ECC4\IMG\Event06590\PL110,1.0003592139161686,-0.0031256819405143903,0.002767436294661815,1.0004638644684123,-59565.86934574319,-177631.18263427733,200,0.5,0.14,210,70,40533.03575868542,-144219.25838728546,2037.9999999999998,40477.7396368198,-144234.85575503693,2024,0.26345,0.07351,100111.12,33103.92
4,UTS,IMG,6590,112,j:OK,K:\NINJA\E71a\ManualCheck\ScanData\UTS\ECC4\IMG\Event06590\PL112,1.0002856697161266,0.010279497389427218,-0.01061527867496768,1.000446319346618,-59788.84204260124,-177500.1612434967,200,0.5,0.14,210,70,35728.01088085091,-145808.90120495844,2030.5,35672.66103835911,-145824.57684635444,2021,0.2627,0.0774,95098.5,32670.5
4,UTS,IMG,6590,113,j:OK,K:\NINJA\E71a\ManualCheck\ScanData\UTS\ECC4\IMG\Event06590\PL113,1.000305792191104,0.0018080715768748804,-0.0021347126176672103,1.0003972499201566,-63846.04993898662,-180030.1213522955,200,0.5,0.14,210,70,32305.896853677234,-145295.93551804766,2026.5,32250.72648178586,-145311.5951070431,2026.5,0.2625,0.0751,96004.3,34909.6
4,UTS,IMG,6645,106,j:OK,K:\NINJA\E71a\ManualCheck\ScanData\UTS\ECC4\IMG\Event06645\PL106,1.0003644733348303,-0.007300527089052451,0.0068075270725092216,1.0003698249193707,-63659.248271167016,-180122.66324204046,200,0.5,0.14,210,70,50737.13635017268,-154233.0916663609,2041.9999999999998,50725.53562265172,-154272.85625121242,2041.9999999999998,0.0566,0.1889,114526,25060.9
4,UTS,IMG,6645,107,j:OK,K:\NINJA\E71a\ManualCheck\ScanData\UTS\ECC4\IMG\Event06645\PL107,1.0003541653461692,-0.006411046132862287,0.00582469277079089,1.0004192642807905,-61898.53543148217,-178268.6429427768,200,0.5,0.14,210,70,49397.467320186806,-155291.88493668096,2046.7499999999998,49386.08392351212,-155331.70135936505,2030.9999999999998,0.0554,0.1892,111388,22278.8
4,UTS,IMG,6746,106,j:OK,K:\NINJA\E71a\ManualCheck\ScanData\UTS\ECC4\IMG\Event06746\PL106,1.0003644733348303,-0.007300527089052451,0.0068075270725092216,1.0003698249193707,-63659.248271167016,-180122.66324204046,200,0.5,0.14,210,70,59097.52470650974,-128499.32046125722,2032.75,59129.798700276806,-128523.56139225034,2032.75,-0.15278,0.11643,123114.62,50742.23
4,UTS,IMG,6746,107,j:OK,K:\NINJA\E71a\ManualCheck\ScanData\UTS\ECC4\IMG\Event06746\PL107,1.0003541653461692,-0.006411046132862287,0.00582469277079089,1.0004192642807905,-61898.53543148217,-178268.6429427768,200,0.5,0.14,210,70,57800.4419172258,-129461.46823336607,2038.7500000000002,57832.822826232215,-129485.54576596829,2038.7500000000002,-0.1534,0.1155,119997,48064
4,UTS,IMG,6746,109,j:OK,K:\NINJA\E71a\ManualCheck\ScanData\UTS\ECC4\IMG\Event06746\PL109,1.0003496113083032,0.0015497917860907678,-0.001999545770195621,1.0005406081611394,-56247.949211180945,-176930.27894495896,200,0.5,0.14,210,70,63762.310036756244,-129926.18221142328,2044,63794.118567867634,-129951.16533334929,2044,-0.1516,0.1186,119927,47193.4
4,UTS,IMG,7408,106,j:OK,K:\NINJA\E71a\ManualCheck\ScanData\UTS\ECC4\IMG\Event07408\PL106,1.0003903530642804,-0.004022336947595007,0.003599057623607734,1.0004033441924984,56418.655182129,-178925.75765801696,200,0.5,0.14,210,70,75278.24406811803,-97458.34012663984,2037,75255.14989308354,-97377.9911197615,2037,0.10839000000000001,-0.38285,19156.62,81445.97
4,UTS,IMG,7408,107,j:OK,K:\NINJA\E71a\ManualCheck\ScanData\UTS\ECC4\IMG\Event07408\PL107,1.0003668469814377,0.00492268708117561,-0.005288333230231875,1.0004598721894196,58241.746513420534,-176392.7624390246,200,0.5,0.14,210,70,73604.44191981433,-97945.28949846858,2045.75,73580.9082161476,-97865.07419313754,2029.2499999999998,0.1139,-0.3812,14946.9,78570.6
4,UTS,IMG,7408,109,j:OK,K:\NINJA\E71a\ManualCheck\ScanData\UTS\ECC4\IMG\Event07408\PL109,1.0000291127980607,0.02070638147522171,-0.021047199481047423,1.0002426487571237,62317.995205513296,-174704.21285591842,200,0.5,0.14,210,70,79484.84110464095,-97094.20479812777,2049,79463.3140169397,-97013.6454153367,2031.0000000000002,0.1104,-0.3812,15529.8,77998.5
4,UTS,IMG,7728,16,j:OK,K:\NINJA\E71a\ManualCheck\ScanData\UTS\ECC4\IMG\Event07728\PL016,1.000210500152666,-0.0035668392157062914,0.002784315301544004,1.0003857978105783,80262.14793800586,-176605.92305172232,200,0.5,0.14,210,70,104433.02066000388,-153809.74580783915,2029.5,104447.91152602085,-153726.87278998413,2029.5,-0.0723,-0.39428,24261.99,22802.7
4,UTS,IMG,7728,17,j:OK,K:\NINJA\E71a\ManualCheck\ScanData\UTS\ECC4\IMG\Event07728\PL017,1.0003755206634066,-0.004307523826658815,0.0029610462941427594,1.0003316261280584,78136.52946446594,-178283.59309912616,200,0.5,0.14,210,70,102809.7803774242,-153496.0097141607,2043.25,102825.1592412993,-153413.2797289743,2043.25,-0.0749,-0.3936,24786.1,24788.7
4,UTS,IMG,7728,18,j:OK,K:\NINJA\E71a\ManualCheck\ScanData\UTS\ECC4\IMG\Event07728\PL018,1.000411717199173,-0.005989099831056998,0.004952868182413173,1.0002888269024186,80718.40318202139,-176246.0881758581,200,0.5,0.14,210,70,105864.08760166523,-152253.14201568236,2035.4999999999998,105879.5159884041,-152170.19424806192,2035.4999999999998,-0.0758,-0.3945,25294.1,23943.7
4,UTS,IMG,7728,19,j:OK,K:\NINJA\E71a\ManualCheck\ScanData\UTS\ECC4\IMG\Event07728\PL019,1.0004279529784612,-0.006986554470059088,0.0056870087514821165,1.0002846790033604,90118.55097266134,-176059.5726529258,200,0.5,0.14,210,70,116943.70385247827,-150989.64857211494,2049.75,116958.8005433198,-150907.09000879072,2049.75,-0.0746,-0.3926,27003.3,24991.8
4,UTS,IMG,7890,110,j:OK,K:\NINJA\E71a\ManualCheck\ScanData\UTS\ECC4\IMG\Event07890\PL110,1.0003322855293784,-0.0015731762878284181,0.0013239669913934966,1.0005179953646497,61679.66830628883,-256894.37324958591,200,0.5,0.14,210,70,123518.71184925019,-192113.9616150416,2043.7500000000002,123482.21115122236,-192062.5583798266,2043.7500000000002,0.17337000000000002,-0.24488000000000001,61883.79,64716.36
4,UTS,IMG,7890,112,j:OK,K:\NINJA\E71a\ManualCheck\ScanData\UTS\ECC4\IMG\Event07890\PL112,1.0002550497762384,0.013516674615069887,-0.013839256352984374,1.0003226767812734,60279.74745920263,-255182.99761240563,200,0.5,0.14,210,70,119272.43676472068,-192062.80025688515,2043.25,119235.31602819425,-192011.29368712747,2043.25,0.18,-0.2427,58076.3,63954.8
4,UTS,IMG,7890,113,j:OK,K:\NINJA\E71a\ManualCheck\ScanData\UTS\ECC4\IMG\Event07890\PL113,1.0001647597035521,0.013270365181681655,-0.013555363443331338,1.0002690454290515,56921.995048717385,-257444.74239205956,200,0.5,0.14,210,70,115773.43512053104,-191476.0196439015,2048.5,115736.83228055899,-191424.3866157411,2048.5,0.1775,-0.2434,57919,66787.5
4,UTS,IMG,8845,18,j:OK,K:\NINJA\E71a\ManualCheck\ScanData\UTS\ECC4\IMG\Event08845\PL018,1.0006414205634786,0.003281129587407891,-0.004442726750393486,1.0002379226187446,80393.26493898065,-254650.29973187138,200,0.5,0.14,210,70,112398.93633601273,-184402.38321763428,2043.25,112407.67073685872,-184411.023668608,2043.25,-0.0417,0.04095,31763.16,70363.65000000001
4,UTS,IMG,8845,19,j:OK,K:\NINJA\E71a\ManualCheck\ScanData\UTS\ECC4\IMG\Event08845\PL019,1.000446755788559,-0.0054454514970930035,0.0044181486630171,1.000268654920892,90417.41922032775,-255516.12997091268,200,0.5,0.14,210,70,123599.94938964432,-183481.70244457878,2045.2499999999998,123608.71539716737,-183490.31826481555,2045.2499999999998,-0.0415,0.0412,33567.6,71858.2
4,UTS,IMG,8845,20,j:OK,K:\NINJA\E71a\ManualCheck\ScanData\UTS\ECC4\IMG\Event08845\PL020,1.0002360706619067,-0.005707325983816166,0.005190060595914908,1.0003401793616344,70586.79263912396,-257423.42226538973,200,0.5,0.14,210,70,103957.3938506139,-185081.93816851664,2043.4999999999998,103966.18129271161,-185090.54777137915,2043.4999999999998,-0.0416,0.0412,33783.1,72133
4,UTS,IMG,9179,106,j:OK,K:\NINJA\E71a\ManualCheck\ScanData\UTS\ECC4\IMG\Event09179\PL106,1.0002645318799634,-0.00784503661693082,0.00748303170030679,1.00036910042613,-63360.54973771291,-101363.3072943557,200,0.5,0.14,210,70,-7542.310619472552,-76525.67092615837,1996.5,-7656.6817280625255,-76409.19136915337,1996.5,0.5401,-0.5585,55881.5,24526.9
4,UTS,IMG,10208,17,j:OK,K:\NINJA\E71a\ManualCheck\ScanData\UTS\ECC4\IMG\Event10208\PL017,1.0002957701275021,0.004072557639327614,-0.005083728679172719,1.0004471383225182,-42364.479917971774,-178080.7506196235,200,0.5,0.14,210,70,47615.51742867417,-106217.96964350471,2021,47583.36948076552,-106163.63242776728,2021,0.15409,-0.25785,89626.73,72340.41
4,UTS,IMG,10395,16,j:OK,K:\NINJA\E71a\ManualCheck\ScanData\UTS\ECC4\IMG\Event10395\PL016,1.0001608171391154,-0.008917913156823151,0.008112076165965073,1.000142617708247,-39995.08858057506,-101523.17612143235,200,0.5,0.14,210,70,44140.385104705965,-63183.55215549718,2021.9999999999998,44176.57448363224,-63051.6380460868,2005.75,-0.17789000000000002,-0.62663,84495,37780.72
4,UTS,IMG,10395,17,j:OK,K:\NINJA\E71a\ManualCheck\ScanData\UTS\ECC4\IMG\Event10395\PL017,1.000167730273713,-0.004847133519088235,0.003914552572970322,1.0004079045705574,-42254.68323762362,-102313.63492781014,200,0.5,0.14,210,70,43213.33596557434,-62271.04379835721,2025.75,43250.46258561257,-62139.277326716336,2015.25,-0.1798,-0.6265,85683.8,39822.7
4,UTS,IMG,10395,18,j:OK,K:\NINJA\E71a\ManualCheck\ScanData\UTS\ECC4\IMG\Event10395\PL018,1.000284749250762,-0.007832674124979493,0.007041487887534299,1.0002406401155701,-40097.06372795114,-100603.45494710408,200,0.5,0.14,210,70,46567.55957060773,-60318.59230659107,2038.7499999999998,46604.50491544521,-60186.35020460019,2020.4999999999998,-0.1808,-0.6283,86988.5,39795
4,UTS,IMG,10395,19,j:OK,K:\NINJA\E71a\ManualCheck\ScanData\UTS\ECC4\IMG\Event10395\PL019,1.0002535950420852,-0.00735168316991338,0.006506840362046363,1.000288278623751,-31050.713235753978,-100170.43226324196,200,0.5,0.14,210,70,57386.27639594411,-59130.76516802416,2027.4999999999998,57423.244326437394,-58998.85244405791,2027.4999999999998,-0.1806,-0.6268,88749.8,40582.4
4,UTS,IMG,10512,112,j:OK,K:\NINJA\E71a\ManualCheck\ScanData\UTS\ECC4\IMG\Event10512\PL112,1.0002856697161266,0.010279497389427218,-0.01061527867496768,1.000446319346618,-59788.84204260124,-177500.1612434967,200,0.5,0.14,210,70,-4497.437607565614,-125876.40024562311,2005.75,-4535.220847534147,-125818.11214742038,2005.75,0.1827,-0.2755,54701,52239.4
4,UTS,IMG,10512,113,j:OK,K:\NINJA\E71a\ManualCheck\ScanData\UTS\ECC4\IMG\Event10512\PL113,1.000305792191104,0.0018080715768748804,-0.0021347126176672103,1.0003972499201566,-63846.04993898662,-180030.1213522955,200,0.5,0.14,210,70,-7773.878590288439,-124972.96071644123,2012.75,-7811.521536780195,-124914.45595899859,1999,0.1797,-0.2781,55917.6,55213.1
4,UTS,IMG,10926,107,j:OK,K:\NINJA\E71a\ManualCheck\ScanData\UTS\ECC4\IMG\Event10926\PL107,1.0003541653461692,-0.006411046132862287,0.00582469277079089,1.0004192642807905,-61898.53543148217,-178268.6429427768,200,0.5,0.14,210,70,-14275.328915566606,-154624.33964889546,2029.2500000000002,-14345.943877958925,-154585.9797191881,2010.25,0.33496000000000004,-0.18454,47685.69,23395.100000000002
4,UTS,IMG,10926,109,j:OK,K:\NINJA\E71a\ManualCheck\ScanData\UTS\ECC4\IMG\Event10926\PL109,1.0003496113083032,0.0015497917860907678,-0.001999545770195621,1.0005406081611394,-56247.949211180945,-176930.27894495896,200,0.5,0.14,210,70,-10527.276731194328,-152290.07516467938,2017.5,-10596.938034241248,-152249.86714860372,2004.5000000000002,0.3319,-0.1907,45596.7,24758.2
4,UTS,IMG,10926,110,j:OK,K:\NINJA\E71a\ManualCheck\ScanData\UTS\ECC4\IMG\Event10926\PL110,1.0003592139161686,-0.0031256819405143903,0.002767436294661815,1.0004638644684123,-59565.86934574319,-177631.18263427733,200,0.5,0.14,210,70,-11421.769909401904,-152361.81922679898,2013.75,-11491.93219877076,-152322.5987116791,2013.75,0.3334,-0.1876,48135.3,25163.7
4,UTS,IMG,11838,113,j:OK,K:\NINJA\E71a\ManualCheck\ScanData\UTS\ECC4\IMG\Event11838\PL113,1.0002714087658733,0.0005192279544114499,-0.0008754345341447603,1.000280548784395,56663.74809976607,-100856.01200040651,200,0.5,0.14,210,70,94328.11965400963,-57496.611877156814,2030.25,94354.65108397881,-57461.88923642904,2030.25,-0.12622,-0.16541,37658.14,43414.91
4,FTS,IMG,1081,108,j:OK,K:\NINJA\E71a\ManualCheck\ScanData\FTS\ECC4\IMG\Event01081\PL108,1.0004437173601826,-0.0006380318972435121,0.00043147487902093904,1.0005017384272679,-33130.68106392484,-173362.59932807353,200,0.5,0.156,210,70,-3888.1186308600904,-104606.25251915243,2206.75,-3868.593819692167,-104650.40825830765,2192.75,-0.0928,0.2102,29292.9,68665.1
4,FTS,IMG,1452,108,j:OK,K:\NINJA\E71a\ManualCheck\ScanData\FTS\ECC4\IMG\Event01452\PL108,1.0004204802470333,-0.004995395274094353,0.004814616250980722,1.00051511252884,-153659.79211369832,-173394.92460119585,200,0.5,0.156,210,70,-52585.17803904156,-88237.60866600178,2173,-52590.93657694441,-88224.58834840037,2173,0.0271,-0.0621,101449,84638.3
4,FTS,IMG,2071,101,j:OK,K:\NINJA\E71a\ManualCheck\ScanData\FTS\ECC4\IMG\Event02071\PL101,1.0003171169654537,-0.001861014133562231,0.0016909340559348558,1.000396011898868,-131720.00466515403,-101914.26536118102,200,0.5,0.156,210,70,-46125.029990248564,-60145.06967191395,2153,-46225.63183941401,-60133.43301821898,2153,0.4788,-0.0562,85544.7,41619.7
4,FTS,IMG,2071,102,j:OK,K:\NINJA\E71a\ManualCheck\ScanData\FTS\ECC4\IMG\Event02071\PL102,1.0003485108877295,-0.0039209643490879,0.0037140659460458566,1.0003928573345309,-127961.21597023455,-109995.02079409707,200,0.5,0.156,210,70,-44767.963467837566,-67809.14884856832,2164.25,-44868.48758385741,-67797.75728049189,2164.25,0.4783,-0.056,83227.9,41871.7
4,FTS,IMG,2071,103,j:OK,K:\NINJA\E71a\ManualCheck\ScanData\FTS\ECC4\IMG\Event02071\PL103,1.0004124452761978,-0.0029933123723286884,0.0028169923986953492,1.00048518144454,-142409.98599871018,-108799.20898344745,200,0.5,0.156,210,70,-58201.24162033324,-64684.37158829651,2163,-58301.86679511085,-64672.72104400395,2149.7499999999995,0.4788,-0.0568,84204.7,43868
4,FTS,IMG,2210,108,j:OK,K:\NINJA\E71a\ManualCheck\ScanData\FTS\ECC4\IMG\Event02210\PL108,1.0004204802470333,-0.004995395274094353,0.004814616250980722,1.00051511252884,-153659.79211369832,-173394.92460119585,200,0.5,0.156,210,70,-66727.29086513346,-102527.82308410956,2177.5,-66754.62543485693,-102628.527429197,2164.75,0.1325,0.47866000000000003,87219.72,70310.25
4,FTS,IMG,2210,111,j:OK,K:\NINJA\E71a\ManualCheck\ScanData\FTS\ECC4\IMG\Event02210\PL111,1.000430532433617,-0.0010764990072529433,0.000895722970411207,1.0005560278006769,-132245.4964791506,-171981.7815343897,200,0.5,0.156,210,70,-46749.50421263821,-107242.48920878604,2196.5,-46777.5480879987,-107343.11832191373,2179.75,0.134,0.4788,85500.6,64526.2
4,FTS,IMG,4770,111,j:OK,K:\NINJA\E71a\ManualCheck\ScanData\FTS\ECC4\IMG\Event04770\PL111,1.0003873045389304,0.009113528296258706,-0.009262578837078036,1.0004500780044248,-132963.51844356087,-251404.7376779993,200,0.5,0.156,210,70,-81475.98759015586,-173501.2356294378,2177.75,-81539.56841302366,-173495.31008424735,2164.5,0.30288000000000004,-0.025400000000000002,50690.33,78343.69
4,FTS,IMG,6590,111,j:OK,K:\NINJA\E71a\ManualCheck\ScanData\FTS\ECC4\IMG\Event06590\PL111,1.000430532433617,-0.0010764990072529433,0.000895722970411207,1.0005560278006769,-132245.4964791506,-171981.7815343897,200,0.5,0.156,210,70,-34638.68973100743,-140561.94430505115,2197,-34694.095214552275,-140577.20638015898,2197,0.2638,0.0724,97543.1,31299.8
4,FTS,IMG,6746,108,j:OK,K:\NINJA\E71a\ManualCheck\ScanData\FTS\ECC4\IMG\Event06746\PL108,1.0004204802470333,-0.004995395274094353,0.004814616250980722,1.00051511252884,-153659.79211369832,-173394.92460119585,200,0.5,0.156,210,70,-31866.098605313302,-123208.62048534738,2199.25,-31834.00011435186,-123233.11228934968,2185.5,-0.1522,0.1173,122022,49548.8
4,FTS,IMG,7408,108,j:OK,K:\NINJA\E71a\ManualCheck\ScanData\FTS\ECC4\IMG\Event07408\PL108,1.0004437173601826,-0.0006380318972435121,0.00043147487902093904,1.0005017384272679,-33130.68106392484,-173362.59932807353,200,0.5,0.156,210,70,-16360.516184526436,-90579.02563418413,2203.5,-16383.068521275089,-90498.50195205442,2187.5,0.1071,-0.3833,16793,82815.3
4,FTS,IMG,7890,111,j:OK,K:\NINJA\E71a\ManualCheck\ScanData\FTS\ECC4\IMG\Event07890\PL111,1.0003726134643542,0.014546032817669162,-0.014722354089156162,1.000340559862439,-13551.88169677667,-251671.72663404688,200,0.5,0.156,210,70,48106.15167835854,-188677.8268562737,2233.5,48069.96190080266,-188626.2569647874,2216.5,0.1758,-0.2429,60669.5,63916.9
4,FTS,IMG,9179,103,j:OK,K:\NINJA\E71a\ManualCheck\ScanData\FTS\ECC4\IMG\Event09179\PL103,1.0004124452761978,-0.0029933123723286884,0.0028169923986953492,1.00048518144454,-142409.98599871018,-108799.20898344745,200,0.5,0.156,210,70,-82215.75817943126,-86506.31776602073,2154.5,-82329.00215195134,-86388.33777720587,2154.5,0.53735,-0.56305,60122.73,22230.72
4,FTS,IMG,10512,111,j:OK,K:\NINJA\E71a\ManualCheck\ScanData\FTS\ECC4\IMG\Event10512\PL111,1.000430532433617,-0.0010764990072529433,0.000895722970411207,1.0005560278006769,-132245.4964791506,-171981.7815343897,200,0.5,0.156,210,70,-74968.00596757093,-121402.38127781304,2173.75,-75005.2363717693,-121343.5713546337,2173.75,0.17691,-0.28005,57270.03,50558.8
4,FTS,IMG,10926,108,j:OK,K:\NINJA\E71a\ManualCheck\ScanData\FTS\ECC4\IMG\Event10926\PL108,1.0004204802470333,-0.004995395274094353,0.004814616250980722,1.00051511252884,-153659.79211369832,-173394.92460119585,200,0.5,0.156,210,70,-105470.80467986636,-146789.94216885656,2165.75,-105540.98262579544,-146750.71558698322,2152,0.3331,-0.1883,48230.4,26398.4
4,FTS,Ref/IMG,1081,108,j:OK,K:\NINJA\E71a\ManualCheck\ScanData\FTS\ECC4\Ref\IMG\Event01081\PL108,1.0004437173601826,-0.0006380318972435121,0.00043147487902093904,1.0005017384272679,-33130.68106392484,-173362.59932807353,200,0.5,0.156,210,70,-4436.620733504348,-104638.601391794,2195,-4571.720319554508,-104580.6663592011,2195,0.64287,-0.27602000000000004,28590.13,68735.11
4,FTS,Ref/IMG,1452,108,j:OK,K:\NINJA\E71a\ManualCheck\ScanData\FTS\ECC4\Ref\IMG\Event01452\PL108,1.0004204802470333,-0.004995395274094353,0.004814616250980722,1.00051511252884,-153659.79211369832,-173394.92460119585,200,0.5,0.156,210,70,-49865.044903273796,-87876.23419619915,2175.25,-49773.04407639276,-87825.92946493565,2175.25,-0.43910000000000005,-0.23731000000000002,104267.63,85023.19
4,FTS,Ref/IMG,2071,101,j:OK,K:\NINJA\E71a\ManualCheck\ScanData\FTS\ECC4\Ref\IMG\Event02071\PL101,1.0003171169654537,-0.001861014133562231,0.0016909340559348558,1.000396011898868,-131720.00466515403,-101914.26536118102,200,0.5,0.156,210,70,-46192.030409436484,-58063.22523131073,2156.75,-46277.56297442874,-57915.575845817,2156.75,0.40586000000000005,-0.7035,85496.91,43836.76
4,FTS,Ref/IMG,2071,102,j:OK,K:\NINJA\E71a\ManualCheck\ScanData\FTS\ECC4\Ref\IMG\Event02071\PL102,1.0003485108877295,-0.0039209643490879,0.0037140659460458566,1.0003928573345309,-127961.21597023455,-109995.02079409707,200,0.5,0.156,210,70,-44304.1586546673,-68180.45586275909,2165.25,-44329.413745949176,-68118.88741727703,2165.25,0.11907000000000001,-0.29351000000000005,83765.52,41548.700000000004
4,FTS,Ref/IMG,2071,103,j:OK,K:\NINJA\E71a\ManualCheck\ScanData\FTS\ECC4\Ref\IMG\Event02071\PL103,1.0004124452761978,-0.0029933123723286884,0.0028169923986953492,1.00048518144454,-142409.98599871018,-108799.20898344745,200,0.5,0.156,210,70,-59325.170520568936,-64322.95020752837,2163.25,-59266.703469889595,-64321.36317242778,2150.75,-0.27832,-0.006770000000000001,83241.32,44221.9
4,FTS,Ref/IMG,2210,108,j:OK,K:\NINJA\E71a\ManualCheck\ScanData\FTS\ECC4\Ref\IMG\Event02210\PL108,1.0004204802470333,-0.004995395274094353,0.004814616250980722,1.00051511252884,-153659.79211369832,-173394.92460119585,200,0.5,0.156,210,70,-82825.8602887739,-104530.58890815258,2167,-82774.07502215085,-104818.28094759356,2167,-0.23965000000000003,1.3704100000000001,71196.46,68198.73
4,FTS,Ref/IMG,2210,111,j:OK,K:\NINJA\E71a\ManualCheck\ScanData\FTS\ECC4\Ref\IMG\Event02210\PL111,1.000430532433617,-0.0010764990072529433,0.000895722970411207,1.0005560278006769,-132245.4964791506,-171981.7815343897,200,0.5,0.156,210,70,-46988.81148929271,-107733.20982540966,2181.75,-46979.52235509445,-107857.1852279503,2181.75,-0.04358,0.5900700000000001,85298.16,64012.6
4,FTS,Ref/IMG,4770,111,j:OK,K:\NINJA\E71a\ManualCheck\ScanData\FTS\ECC4\Ref\IMG\Event04770\PL111,1.0003873045389304,0.009113528296258706,-0.009262578837078036,1.0004500780044248,-132963.51844356087,-251404.7376779993,200,0.5,0.156,210,70,-25956.940301824136,-185722.4910793987,2204,-25915.81185928294,-185572.8664582611,2204,-0.18927000000000002,-0.7139300000000001,106397.83,66787.33
4,FTS,Ref/IMG,6590,111,j:OK,K:\NINJA\E71a\ManualCheck\ScanData\FTS\ECC4\Ref\IMG\Event06590\PL111,1.000430532433617,-0.0010764990072529433,0.000895722970411207,1.0005560278006769,-132245.4964791506,-171981.7815343897,200,0.5,0.156,210,70,-34545.09816181415,-140884.88493074992,2199,-34563.48151821205,-141058.2773052338,2185.7499999999995,0.08839000000000001,0.8251400000000001,97673.14,30818.88
4,FTS,Ref/IMG,6746,108,j:OK,K:\NINJA\E71a\ManualCheck\ScanData\FTS\ECC4\Ref\IMG\Event06746\PL108,1.0004204802470333,-0.004995395274094353,0.004814616250980722,1.00051511252884,-153659.79211369832,-173394.92460119585,200,0.5,0.156,210,70,-32615.811770288437,-122557.20618222737,2187.5,-32615.880570245354,-122547.21352848572,2187.5,9e-05,-0.047560000000000005,121243.89,50238.090000000004
4,FTS,Ref/IMG,7408,108,j:OK,K:\NINJA\E71a\ManualCheck\ScanData\FTS\ECC4\Ref\IMG\Event07408\PL108,1.0004437173601826,-0.0006380318972435121,0.00043147487902093904,1.0005017384272679,-33130.68106392484,-173362.59932807353,200,0.5,0.156,210,70,-14621.829639985945,-89634.48630993579,2189.75,-14592.817474505968,-89598.85882723889,2189.75,-0.13820000000000002,-0.16951000000000002,18583.03,83713.72
4,FTS,Ref/IMG,7890,111,j:OK,K:\NINJA\E71a\ManualCheck\ScanData\FTS\ECC4\Ref\IMG\Event07890\PL111,1.0003726134643542,0.014546032817669162,-0.014722354089156162,1.000340559862439,-13551.88169677667,-251671.72663404688,200,0.5,0.156,210,70,50549.55795730684,-190947.21509415295,2218.75,50508.14001343488,-191050.57328350193,2218.75,0.18996000000000002,0.49481,63141.48,61529.79
4,FTS,Ref/IMG,9179,103,j:OK,K:\NINJA\E71a\ManualCheck\ScanData\FTS\ECC4\Ref\IMG\Event09179\PL103,1.0004124452761978,-0.0029933123723286884,0.0028169923986953492,1.00048518144454,-142409.98599871018,-108799.20898344745,200,0.5,0.156,210,70,-113721.62102660704,-99825.12453699698,2139.75,-113143.58016383028,-99628.33578564665,2139.75,-2.75422,-0.92888,29281.52,9083.98
4,FTS,Ref/IMG,10512,111,j:OK,K:\NINJA\E71a\ManualCheck\ScanData\FTS\ECC4\Ref\IMG\Event10512\PL111,1.000430532433617,-0.0010764990072529433,0.000895722970411207,1.0005560278006769,-132245.4964791506,-171981.7815343897,200,0.5,0.156,210,70,-27020.60013518662,-119037.32828385726,2191.75,-27024.41088985314,-118740.78731497923,2191.75,0.016620000000000003,-1.4113300000000002,105232.96,53117.200000000004
4,FTS,Ref/IMG,10926,108,j:OK,K:\NINJA\E71a\ManualCheck\ScanData\FTS\ECC4\Ref\IMG\Event10926\PL108,1.0004204802470333,-0.004995395274094353,0.004814616250980722,1.00051511252884,-153659.79211369832,-173394.92460119585,200,0.5,0.156,210,70,-105351.1858449989,-146555.33848314235,2154,-105295.97316538935,-146662.66964696243,2154,-0.26025000000000004,0.51209,48475.74,26485.22
4,UTS,IMG,623,28,j:OK,K:\NINJA\E71a\ManualCheck\ScanData\UTS\ECC4\IMG\Event00623\PL028,1.0000639275842438,-0.003894457832456986,0.003704670461214128,1.0000904941661228,-45426.89304807065,-182712.735351301,200,0.5,0.14,210,70,-23431.785424592388,-111197.0897819585,10121.5,-23461.31402767573,-111229.37454422534,10121.5,0.1412,0.1532,22242.2,71394.5
4,UTS,IMG,1124,28,j:OK,K:\NINJA\E71a\ManualCheck\ScanData\UTS\ECC4\IMG\Event01124\PL028,1.0000948901068392,-0.008896090923322188,0.008672824167089324,1.0001419969679568,-45842.99335680176,-106024.94429652425,200,0.5,0.14,210,70,-5286.841474233146,-51606.89458241686,10131.25,-5393.2453986250985,-51668.331575809265,10131.25,0.5092,0.2881,40926.2,53994
4,UTS,IMG,3852,28,j:OK,K:\NINJA\E71a\ManualCheck\ScanData\UTS\ECC4\IMG\Event03852\PL028,1.0000948901068392,-0.008896090923322188,0.008672824167089324,1.0001419969679568,-45842.99335680176,-106024.94429652425,200,0.5,0.14,210,70,9446.436273054767,-57442.13905009846,10136,9410.287960886155,-57536.469126955984,10136,0.1761,0.4476,55675,47998.8
4,UTS,IMG,4196,28,j:OK,K:\NINJA\E71a\ManualCheck\ScanData\UTS\ECC4\IMG\Event04196\PL028,1.000047180148717,-0.005511752374691669,0.0052464867793205975,1.0001243138999445,-165994.68325651702,-183438.84694160597,200,0.5,0.14,210,70,-67766.60059052434,-128427.10871920019,10108.25,-67743.3662505973,-128371.13927009105,10108.25,-0.1121,-0.2659,98547.3,54543.9
4,UTS,IMG,5130,28,j:OK,K:\NINJA\E71a\ManualCheck\ScanData\UTS\ECC4\IMG\Event05130\PL028,1.0000602338171982,-0.007199631035437751,0.006895701283335555,1.000146312023234,-47514.994743045034,-23313.78250402962,200,0.5,0.14,210,70,-19053.048136179703,-3326.909921695853,10127.75,-19196.98632009207,-3348.94853993005,10127.75,0.6861,0.1002,28458.6,19765.7
4,UTS,IMG,5488,28,j:OK,K:\NINJA\E71a\ManualCheck\ScanData\UTS\ECC4\IMG\Event05488\PL028,1.0002038252006902,-0.006896646775975042,0.006561302803981001,1.000206188607115,-166227.6828412973,-106717.22776677732,200,0.5,0.14,210,70,-83482.16694367699,-46911.22919850794,10111.5,-83457.10817012619,-46844.14199161194,10111.5,-0.1215,-0.3186,83162.7,59315.2
4,UTS,IMG,6738,28,j:OK,K:\NINJA\E71a\ManualCheck\ScanData\UTS\ECC4\IMG\Event06738\PL028,1.0002038252006902,-0.006896646775975042,0.006561302803981001,1.000206188607115,-166227.6828412973,-106717.22776677732,200,0.5,0.14,210,70,-51826.61580387718,-48835.322720943856,10120.5,-51863.10740214649,-48995.9794282265,10120.5,0.179,0.7637,114734,56956.7
4,UTS,Ref/IMG,31,113,j:OK,K:\NINJA\E71a\ManualCheck\ScanData\UTS\ECC4\Ref\IMG\Event00031\PL113,1.0002331629437018,-0.004360883393932025,0.004064811161006516,1.0004208318845067,57676.13018182987,-181233.09023474518,200,0.5,0.14,210,70,183784.96337031943,-123507.56713416967,2041,183806.03403272992,-123705.68238954256,2028.4999999999998,-0.09620000000000001,0.9434000000000001,126348.97,56989.840000000004
4,UTS,Ref/IMG,623,25,j:OK,K:\NINJA\E71a\ManualCheck\ScanData\UTS\ECC4\Ref\IMG\Event00623\PL025,1.0004594611091235,0.001932922250486501,-0.002970968111793903,1.0002413838619706,-29588.72653567961,-199549.06877967922,200,0.5,0.14,210,70,87514.17174850364,-122281.68726598605,7140.75,87410.7415514435,-122784.59934605197,7140.75,0.48767000000000005,2.39569,116796.79000000001,77092.86
4,UTS,Ref/IMG,623,27,j:OK,K:\NINJA\E71a\ManualCheck\ScanData\UTS\ECC4\Ref\IMG\Event00623\PL027,1.0003662960304867,0.00918943963720999,-0.00945649439956819,1.0003882667151178,-35565.2157316186,-197227.9963928765,200,0.5,0.14,210,70,-12147.7497726173,-129534.99558989512,7142,-12147.345731500793,-129520.28612183401,7142,-0.00128,-0.07003000000000001,22785.59,67896.82
4,UTS,Ref/IMG,1081,106,j:OK,K:\NINJA\E71a\ManualCheck\ScanData\UTS\ECC4\Ref\IMG\Event01081\PL106,1.0003903530642804,-0.004022336947595007,0.003599057623607734,1.0004033441924984,56418.655182129,-178925.75765801696,200,0.5,0.14,210,70,86607.69979737184,-112171.39156466298,2040,86590.14957795425,-112195.49714536843,2040,0.084,0.11444000000000001,30427.48,66593.89
4,UTS,Ref/IMG,1081,107,j:OK,K:\NINJA\E71a\ManualCheck\ScanData\UTS\ECC4\Ref\IMG\Event01081\PL107,1.0003668469814377,0.00492268708117561,-0.005288333230231875,1.0004598721894196,58241.746513420534,-176392.7624390246,200,0.5,0.14,210,70,85718.96413305681,-109949.01415511084,2045.9999999999998,85704.60664304103,-109981.12798901161,2045.9999999999998,0.06759000000000001,0.15321,27125.43,66524.49
4,UTS,Ref/IMG,1124,27,j:OK,K:\NINJA\E71a\ManualCheck\ScanData\UTS\ECC4\Ref\IMG\Event01124\PL027,1.0002623608587324,0.007724987288449723,-0.008041646216662136,1.0004690638140694,-34062.384635368486,-118526.7472723975,200,0.5,0.14,210,70,7992.786890215025,-68374.28218402535,7145.75,7934.928455720088,-68415.55358640471,7145.75,0.27391000000000004,0.19864,41596.89,50422.05
4,UTS,Ref/IMG,1452,107,j:OK,K:\NINJA\E71a\ManualCheck\ScanData\UTS\ECC4\Ref\IMG\Event01452\PL107,1.0003541653461692,-0.006411046132862287,0.00582469277079089,1.0004192642807905,-61898.53543148217,-178268.6429427768,200,0.5,0.14,210,70,38552.49760063831,-92354.91837944696,2041.75,38550.275279989706,-92366.11892505524,2021,0.010920000000000001,0.053250000000000006,100959.78,85278.71
4,UTS,Ref/IMG,1452,109,j:OK,K:\NINJA\E71a\ManualCheck\ScanData\UTS\ECC4\Ref\IMG\Event01452\PL109,1.0003496113083032,0.0015497917860907678,-0.001999545770195621,1.0005406081611394,-56247.949211180945,-176930.27894495896,200,0.5,0.14,210,70,42915.148021423694,-94014.23013735792,2033.2499999999998,42893.86882345833,-93972.70055900227,2017.4999999999995,0.10160000000000001,-0.19745000000000001,98978.41,83110.56
4,UTS,Ref/IMG,1587,19,j:OK,K:\NINJA\E71a\ManualCheck\ScanData\UTS\ECC4\Ref\IMG\Event01587\PL019,1.000446755788559,-0.0054454514970930035,0.0044181486630171,1.000268654920892,90417.41922032775,-255516.12997091268,200,0.5,0.14,210,70,96497.53688802094,-178255.689215197,2049,96501.20845048723,-178248.9510339679,2049,-0.017650000000000002,-0.032,6501.37,77217.71
4,UTS,Ref/IMG,1587,20,j:OK,K:\NINJA\E71a\ManualCheck\ScanData\UTS\ECC4\Ref\IMG\Event01587\PL020,1.0002360706619067,-0.005707325983816166,0.005190060595914908,1.0003401793616344,70586.79263912396,-257423.42226538973,200,0.5,0.14,210,70,76375.26325651014,-179729.61288170464,2040.5000000000002,76424.9887031103,-179824.4150041839,2040.5000000000002,-0.23415000000000002,0.4525,6279.26,77540.04000000001
4,UTS,Ref/IMG,2210,109,j:OK,K:\NINJA\E71a\ManualCheck\ScanData\UTS\ECC4\Ref\IMG\Event02210\PL109,1.0003496113083032,0.0015497917860907678,-0.001999545770195621,1.0005406081611394,-56247.949211180945,-176930.27894495896,200,0.5,0.14,210,70,30964.52450572223,-110778.81069982785,2026.5,30970.1445734793,-110751.30748184117,2026.5,-0.02655,-0.13095,87084.87,66317.25
4,UTS,Ref/IMG,2210,110,j:OK,K:\NINJA\E71a\ManualCheck\ScanData\UTS\ECC4\Ref\IMG\Event02210\PL110,1.0003592139161686,-0.0031256819405143903,0.002767436294661815,1.0004638644684123,-59565.86934574319,-177631.18263427733,200,0.5,0.14,210,70,27531.35576838782,-111374.14273587914,2021.75,27535.719024115893,-111369.42024050425,2021.75,-0.02084,-0.022420000000000002,87276.5,65989.62
4,UTS,Ref/IMG,2394,21,j:OK,K:\NINJA\E71a\ManualCheck\ScanData\UTS\ECC4\Ref\IMG\Event02394\PL021,1.0002358782936687,-0.0026320247491670766,0.0021748785750191086,1.0002744825385552,-24371.70598679942,-198256.75368988083,200,0.5,0.14,210,70,-12980.524215981617,-135872.2746546172,7141.5,-12596.548843549468,-136041.70924883027,7141.5,-1.8258900000000002,0.8105800000000001,11935.98,62172.020000000004
4,UTS,Ref/IMG,2394,22,j:OK,K:\NINJA\E71a\ManualCheck\ScanData\UTS\ECC4\Ref\IMG\Event02394\PL022,1.0006015694236168,0.00015141819261997404,-0.0009544824374939702,1.0003561460446238,-26411.7376288676,-200103.67672594782,200,0.5,0.14,210,70,-11109.710899430867,-152444.73078084955,7139,-11087.628318795802,-152414.31410479808,7139,-0.10507000000000001,-0.14489000000000002,15307.68,47686.99
4,UTS,Ref/IMG,2394,23,j:OK,K:\NINJA\E71a\ManualCheck\ScanData\UTS\ECC4\Ref\IMG\Event02394\PL023,1.000339132868618,0.001977399806986607,-0.003007686728827803,1.0002875288157018,-24547.95259457441,-198458.9236783051,200,0.5,0.14,210,70,-13623.008501544977,-154908.6607820832,7133,-13578.030259128778,-154773.89023693354,7133,-0.21284000000000003,-0.64222,10879.81,43705.19
4,UTS,Ref/IMG,2394,24,j:OK,K:\NINJA\E71a\ManualCheck\ScanData\UTS\ECC4\Ref\IMG\Event02394\PL024,1.0006477631249178,-0.010283789869259733,0.009369960258986742,1.0002689105287748,-42463.38215079745,-200933.4443103552,200,0.5,0.14,210,70,-25977.68203962159,-152217.7469960106,7137.5,-25961.504806211356,-152305.5861371479,7137.5,-0.07268000000000001,0.41885000000000006,16989.18,48455.64
4,UTS,Ref/IMG,3063,20,j:OK,K:\NINJA\E71a\ManualCheck\ScanData\UTS\ECC4\Ref\IMG\Event03063\PL020,1.0002414292299031,-0.0063673592340683805,0.005989496309294893,1.0003046333004764,68917.92115497998,-101391.9840126549,200,0.5,0.14,210,70,126638.85333475839,-43903.6888639458,2026.7499999999998,126374.03653021762,-44532.669273349245,2026.7499999999998,1.27974,2.9865700000000004,57801.89,56495.9
4,UTS,Ref/IMG,3063,21,j:OK,K:\NINJA\E71a\ManualCheck\ScanData\UTS\ECC4\Ref\IMG\Event03063\PL021,1.0001879260961792,-0.004112582126471145,0.0038417850317511125,1.0003717039703643,-25705.255384351494,-42986.272395575565,200,0.5,0.14,210,70,34820.42637146358,-29124.857852714038,7133,34854.512383761146,-29136.163756249232,7133,-0.16206,0.05444,60604.36,13612.220000000001
4,UTS,Ref/IMG,3063,22,j:OK,K:\NINJA\E71a\ManualCheck\ScanData\UTS\ECC4\Ref\IMG\Event03063\PL022,1.000310977549187,-0.0035076646401830747,0.0027089154486426336,1.0004399788710976,-27742.89825327129,-44641.097037763604,200,0.5,0.14,210,70,27886.992776837353,-33600.760340903194,7136.75,27950.389816929677,-33666.90285044356,7136.75,-0.30069,0.31564000000000003,55713.91,10818.51
4,UTS,Ref/IMG,3063,23,j:OK,K:\NINJA\E71a\ManualCheck\ScanData\UTS\ECC4\Ref\IMG\Event03063\PL023,0.9999628968995657,-0.009236766349073947,0.008327089252561119,1.0002880920341368,-24855.692153889486,-43872.70781945333,200,0.5,0.14,210,70,26442.923922698545,-29972.669579260557,7139.25,26462.652279444625,-29990.200049788695,7139.25,-0.09317,0.08423000000000001,51444.49,13450.25
4,UTS,Ref/IMG,3196,24,j:OK,K:\NINJA\E71a\ManualCheck\ScanData\UTS\ECC4\Ref\IMG\Event03196\PL024,1.0006477631249178,-0.010283789869259733,0.009369960258986742,1.0002689105287748,-42463.38215079745,-200933.4443103552,200,0.5,0.14,210,70,-4651.82470441739,-157519.37570105138,7139.75,-4306.1046514368645,-157476.0788902169,7139.75,-1.64718,-0.19069000000000003,38575.36,43084.33
4,UTS,Ref/IMG,3196,25,j:OK,K:\NINJA\E71a\ManualCheck\ScanData\UTS\ECC4\Ref\IMG\Event03196\PL025,1.0004594611091235,0.001932922250486501,-0.002970968111793903,1.0002413838619706,-29588.72653567961,-199549.06877967922,200,0.5,0.14,210,70,60977.31306300762,-154184.5557945849,7141.25,60881.021832515544,-154289.62977831264,7141.25,0.45735000000000003,0.5015900000000001,90340.26,45516.85
4,UTS,Ref/IMG,3196,27,j:OK,K:\NINJA\E71a\ManualCheck\ScanData\UTS\ECC4\Ref\IMG\Event03196\PL027,1.0003662960304867,0.00918943963720999,-0.00945649439956819,1.0003882667151178,-35565.2157316186,-197227.9963928765,200,0.5,0.14,210,70,51884.64768858143,-153228.37111660882,7127.5,51910.60416617775,-153214.7330906664,7127.5,-0.12295,-0.06608,87032.08,44818.88
4,UTS,Ref/IMG,3310,19,j:OK,K:\NINJA\E71a\ManualCheck\ScanData\UTS\ECC4\Ref\IMG\Event03310\PL019,1.0004279529784612,-0.006986554470059088,0.0056870087514821165,1.0002846790033604,90118.55097266134,-176059.5726529258,200,0.5,0.14,210,70,220328.66029354004,-100687.94490305941,2022.5,220174.64988272515,-100463.84372940104,2022.5,0.7255900000000001,-1.07097,130523.06,74832.14
4,UTS,Ref/IMG,3310,20,j:OK,K:\NINJA\E71a\ManualCheck\ScanData\UTS\ECC4\Ref\IMG\Event03310\PL020,1.00014469478117,-0.00460729380067317,0.0040331688118195935,1.0003095802302173,69659.05454569538,-177745.34065137833,200,0.5,0.14,210,70,124463.18519396763,-98442.73134875913,2033.75,124394.65017954775,-98355.45309959333,2033.75,0.32439,-0.41679000000000005,55092.26,79143.19
4,UTS,Ref/IMG,3310,21,j:OK,K:\NINJA\E71a\ManualCheck\ScanData\UTS\ECC4\Ref\IMG\Event03310\PL021,1.0001655178065043,-0.0007005840532140124,0.0003666359664297147,1.0004242593315098,-24904.09437421462,-119362.34128946465,200,0.5,0.14,210,70,28365.681072462834,-37803.87499792882,7145,28239.25311484602,-37852.43092765777,7129.499999999999,0.6021000000000001,0.23090000000000002,53191.61,81455.85
4,UTS,Ref/IMG,3310,22,j:OK,K:\NINJA\E71a\ManualCheck\ScanData\UTS\ECC4\Ref\IMG\Event03310\PL022,1.0003982423833435,0.0014776124794607791,-0.0023791178935367615,1.0004082789931659,-27067.16458645977,-120825.31887819986,200,0.5,0.14,210,70,27491.131507015863,-41910.88638218325,7136.25,27488.177382943064,-41902.580940948625,7136.25,0.01412,-0.0395,54416.91,79019.94
4,UTS,Ref/IMG,3852,27,j:OK,K:\NINJA\E71a\ManualCheck\ScanData\UTS\ECC4\Ref\IMG\Event03852\PL027,1.0002623608587324,0.007724987288449723,-0.008041646216662136,1.0004690638140694,-34062.384635368486,-118526.7472723975,200,0.5,0.14,210,70,-3365.460384212699,-74739.07459975078,7144.25,-3350.9616100530657,-74627.54629235485,7144.25,-0.06492,-0.53136,30362.61,44122.67
4,UTS,Ref/IMG,3858,22,j:OK,K:\NINJA\E71a\ManualCheck\ScanData\UTS\ECC4\Ref\IMG\Event03858\PL022,1.0002089464717938,-0.006687326072468858,0.005739602794909113,1.000348424515241,-146867.17468853493,-200803.72831113575,200,0.5,0.14,210,70,-93264.13062965288,-147809.45782240218,7117.25,-93275.78585389977,-147798.54375900744,7117.25,0.05514,-0.052270000000000004,53932.39,52677.28
4,UTS,Ref/IMG,4071,16,j:OK,K:\NINJA\E71a\ManualCheck\ScanData\UTS\ECC4\Ref\IMG\Event04071\PL016,1.0001608171391154,-0.008917913156823151,0.008112076165965073,1.000142617708247,-39995.08858057506,-101523.17612143235,200,0.5,0.14,210,70,70483.97612643815,-54466.02509764085,2014.25,70491.6281107349,-54161.65803818499,2014.25,-0.049350000000000005,-1.44876,110883.17,46455.4
4,UTS,Ref/IMG,4071,17,j:OK,K:\NINJA\E71a\ManualCheck\ScanData\UTS\ECC4\Ref\IMG\Event04071\PL017,1.000167730273713,-0.004847133519088235,0.003914552572970322,1.0004079045705574,-42254.68323762362,-102313.63492781014,200,0.5,0.14,210,70,80271.34171143419,-48739.5910182265,2029.5,80239.22071319642,-48769.56417218591,2029.5,0.15362,0.14207,122730.42,53042
4,UTS,Ref/IMG,4071,18,j:OK,K:\NINJA\E71a\ManualCheck\ScanData\UTS\ECC4\Ref\IMG\Event04071\PL018,1.000284749250762,-0.007832674124979493,0.007041487887534299,1.0002406401155701,-40097.06372795114,-100603.45494710408,200,0.5,0.14,210,70,80668.81608301522,-46279.067203429106,2025.5,80655.91608563275,-46254.71728585245,2025.5,0.060500000000000005,-0.11635000000000001,121137.40000000001,53482.880000000005
4,UTS,Ref/IMG,4071,19,j:OK,K:\NINJA\E71a\ManualCheck\ScanData\UTS\ECC4\Ref\IMG\Event04071\PL019,1.0002535950420852,-0.00735168316991338,0.006506840362046363,1.000288278623751,-31050.713235753978,-100170.43226324196,200,0.5,0.14,210,70,94614.99333078926,-49110.81623503136,2036.75,94620.4396172057,-49088.71919342302,2036.75,-0.0267,-0.10502,126008.6,50247.31
4,UTS,Ref/IMG,4196,27,j:OK,K:\NINJA\E71a\ManualCheck\ScanData\UTS\ECC4\Ref\IMG\Event04196\PL027,1.0003254427244304,0.008185091100157598,-0.00852098651912592,1.0004283302003563,-154894.64394059827,-196504.29066388757,200,0.5,0.14,210,70,-57256.19865709114,-147609.6263506215,7139.25,-57251.814316612705,-147587.2980636574,7139.25,-0.02,-0.10645,97204.2,49723.97
4,UTS,Ref/IMG,4770,112,j:OK,K:\NINJA\E71a\ManualCheck\ScanData\UTS\ECC4\Ref\IMG\Event04770\PL112,1.000341182109386,-0.0014000034934990478,0.0011132897786045451,1.000395320758412,-58670.99132172691,-256585.7170648419,200,0.5,0.14,210,70,-9314.713008338167,-180031.89031680275,2005.2500000000002,-9322.106805578616,-179976.87561666162,2005.2500000000002,0.03483,-0.26191000000000003,49439.15,76523.55
4,UTS,Ref/IMG,4770,113,j:OK,K:\NINJA\E71a\ManualCheck\ScanData\UTS\ECC4\Ref\IMG\Event04770\PL113,1.000242580848474,-0.004164095342036109,0.0038974303906699113,1.0003737159927244,-62656.39278509958,-258269.16708296412,200,0.5,0.14,210,70,-16027.11355967524,-179753.0250538679,2008,-16025.851103975925,-179685.41158163513,2008,-0.007350000000000001,-0.32182000000000005,46945.5,78371.5
4,UTS,Ref/IMG,5130,27,j:OK,K:\NINJA\E71a\ManualCheck\ScanData\UTS\ECC4\Ref\IMG\Event05130\PL027,1.0004374540264074,0.005181666686162155,-0.005527347495443925,1.0004728259425648,-33323.89782013866,-42351.67259379501,200,0.5,0.14,210,70,38034.70368179341,-17143.077391770887,7146.25,37674.14122604196,-16800.468891271426,7146.25,1.7246100000000002,-1.6211700000000002,70832.69,25930.46
4,UTS,Ref/IMG,5488,27,j:OK,K:\NINJA\E71a\ManualCheck\ScanData\UTS\ECC4\Ref\IMG\Event05488\PL027,1.000408069836077,0.006047390663368427,-0.006443617962117955,1.0004326116032938,-154551.7119116387,-117789.47520605563,200,0.5,0.14,210,70,-73482.72466429223,-67825.74726222588,7125,-73329.04933802021,-67874.3959469558,7125,-0.7328600000000001,0.22684,80884.78,50414.46
4,UTS,Ref/IMG,6295,23,j:OK,K:\NINJA\E71a\ManualCheck\ScanData\UTS\ECC4\Ref\IMG\Event06295\PL023,1.000106881039587,-0.010236419752684887,0.009460771570150045,1.0002880326606494,-24140.3515364947,-120601.06575955155,200,0.5,0.14,210,70,52236.826693501665,-122121.58788201826,7135.75,51931.03393242694,-122917.76680031327,7135.75,1.49465,3.7761000000000005,76032.19,-3035.15
4,UTS,Ref/IMG,6590,110,j:OK,K:\NINJA\E71a\ManualCheck\ScanData\UTS\ECC4\Ref\IMG\Event06590\PL110,1.0003592139161686,-0.0031256819405143903,0.002767436294661815,1.0004638644684123,-59565.86934574319,-177631.18263427733,200,0.5,0.14,210,70,43244.52168209791,-142299.43895166024,2025.5,42951.47059703104,-142752.7655786368,2025.5,1.40171,2.15382,102588.57,34578.47
4,UTS,Ref/IMG,6590,112,j:OK,K:\NINJA\E71a\ManualCheck\ScanData\UTS\ECC4\Ref\IMG\Event06590\PL112,1.0002856697161266,0.010279497389427218,-0.01061527867496768,1.000446319346618,-59788.84204260124,-177500.1612434967,200,0.5,0.14,210,70,36347.082702616506,-148489.02363613347,2022.5,36314.865385147095,-148644.1134180647,2022.5,0.14577,0.7397400000000001,95769.41,29859.34
4,UTS,Ref/IMG,6590,113,j:OK,K:\NINJA\E71a\ManualCheck\ScanData\UTS\ECC4\Ref\IMG\Event06590\PL113,1.000305792191104,0.0018080715768748804,-0.0021347126176672103,1.0003972499201566,-63846.04993898662,-180030.1213522955,200,0.5,0.14,210,70,30211.61979280566,-146973.03192485197,2028,30162.16104052083,-146927.1175099485,2028,0.23584000000000002,-0.21805000000000002,93919.3,33290.270000000004
4,UTS,Ref/IMG,6645,106,j:OK,K:\NINJA\E71a\ManualCheck\ScanData\UTS\ECC4\Ref\IMG\Event06645\PL106,1.0003644733348303,-0.007300527089052451,0.0068075270725092216,1.0003698249193707,-63659.248271167016,-180122.66324204046,200,0.5,0.14,210,70,51086.454615548675,-155294.38826891818,2041.5,51195.32019791746,-155166.65548207017,2041.5,-0.52263,-0.6044700000000001,114989.07,24164.28
4,UTS,Ref/IMG,6645,107,j:OK,K:\NINJA\E71a\ManualCheck\ScanData\UTS\ECC4\Ref\IMG\Event06645\PL107,1.0003541653461692,-0.006411046132862287,0.00582469277079089,1.0004192642807905,-61898.53543148217,-178268.6429427768,200,0.5,0.14,210,70,50201.93200638324,-155698.52375761795,2047.0000000000002,50303.182237762514,-155562.6492728975,2031.25,-0.48610000000000003,-0.64392,112303.26000000001,22042.62
4,UTS,Ref/IMG,6738,27,j:OK,K:\NINJA\E71a\ManualCheck\ScanData\UTS\ECC4\Ref\IMG\Event06738\PL027,1.000408069836077,0.006047390663368427,-0.006443617962117955,1.0004326116032938,-154551.7119116387,-117789.47520605563,200,0.5,0.14,210,70,-40060.00865652908,-64727.05021858441,7143.5,-40090.1022125841,-64697.459330279584,7143.5,0.14409000000000002,-0.13992000000000002,114089.68000000001,53803.89
4,UTS,Ref/IMG,6746,106,j:OK,K:\NINJA\E71a\ManualCheck\ScanData\UTS\ECC4\Ref\IMG\Event06746\PL106,1.0003644733348303,-0.007300527089052451,0.0068075270725092216,1.0003698249193707,-63659.248271167016,-180122.66324204046,200,0.5,0.14,210,70,-45776.8354894188,-137036.09274703084,1986.75,-45843.16973237888,-137440.6570110762,1986.75,0.32980000000000004,1.9235400000000002,18120.06,42542.92
4,UTS,Ref/IMG,6746,107,j:OK,K:\NINJA\E71a\ManualCheck\ScanData\UTS\ECC4\Ref\IMG\Event06746\PL107,1.0003541653461692,-0.006411046132862287,0.00582469277079089,1.0004192642807905,-61898.53543148217,-178268.6429427768,200,0.5,0.14,210,70,58439.935874361036,-130328.64386164541,2040.5000000000002,58422.118482094804,-130238.76984123209,2040.5000000000002,0.08207,-0.42827000000000004,120581.24,47307.69
4,UTS,Ref/IMG,6746,109,j:OK,K:\NINJA\E71a\ManualCheck\ScanData\UTS\ECC4\Ref\IMG\Event06746\PL109,1.0003496113083032,0.0015497917860907678,-0.001999545770195621,1.0005406081611394,-56247.949211180945,-176930.27894495896,200,0.5,0.14,210,70,63386.77384669896,-129432.37313892416,2045.5,63443.89232971764,-129397.5348164777,2029.75,-0.27164000000000005,-0.16635000000000003,119576.04000000001,47746.03
4,UTS,Ref/IMG,7408,106,j:OK,K:\NINJA\E71a\ManualCheck\ScanData\UTS\ECC4\Ref\IMG\Event07408\PL106,1.0003903530642804,-0.004022336947595007,0.003599057623607734,1.0004033441924984,56418.655182129,-178925.75765801696,200,0.5,0.14,210,70,69464.14703849753,-93621.0774990557,2035.25,69701.02892939339,-93398.6226298674,2035.25,-1.13181,-1.05481,13620.74,85443.65000000001
4,UTS,Ref/IMG,7408,107,j:OK,K:\NINJA\E71a\ManualCheck\ScanData\UTS\ECC4\Ref\IMG\Event07408\PL107,1.0003668469814377,0.00492268708117561,-0.005288333230231875,1.0004598721894196,58241.746513420534,-176392.7624390246,200,0.5,0.14,210,70,75491.45499826144,-97373.36158605534,2031.0000000000002,75497.8703650868,-97358.95728815715,2031.0000000000002,-0.0302,-0.06872,16860.62,79086.6
4,UTS,Ref/IMG,7408,109,j:OK,K:\NINJA\E71a\ManualCheck\ScanData\UTS\ECC4\Ref\IMG\Event07408\PL109,1.0000291127980607,0.02070638147522171,-0.021047199481047423,1.0002426487571237,62317.995205513296,-174704.21285591842,200,0.5,0.14,210,70,79207.54873266276,-96437.31183176245,2044.5000000000002,79239.38716121213,-96529.04716310007,2028.75,-0.16058,0.43335,15295.95,78478.06
4,UTS,Ref/IMG,7728,16,j:OK,K:\NINJA\E71a\ManualCheck\ScanData\UTS\ECC4\Ref\IMG\Event07728\PL016,1.000210500152666,-0.0035668392157062914,0.002784315301544004,1.0003857978105783,80262.14793800586,-176605.92305172232,200,0.5,0.14,210,70,176374.00604605887,-136252.3411062872,2020.2499999999998,176269.58730634153,-136260.44056872078,2020.2499999999998,0.49726000000000004,0.03717,96130.1,40062.37
4,UTS,Ref/IMG,7728,17,j:OK,K:\NINJA\E71a\ManualCheck\ScanData\UTS\ECC4\Ref\IMG\Event07728\PL017,1.0003755206634066,-0.004307523826658815,0.0029610462941427594,1.0003316261280584,78136.52946446594,-178283.59309912616,200,0.5,0.14,210,70,103148.56855774767,-153318.84077671517,2044.75,103107.70659745726,-153315.16992009484,2044.75,0.19443000000000002,-0.01805,25068.96,24885.940000000002
4,UTS,Ref/IMG,7728,18,j:OK,K:\NINJA\E71a\ManualCheck\ScanData\UTS\ECC4\Ref\IMG\Event07728\PL018,1.000411717199173,-0.005989099831056998,0.004952868182413173,1.0002888269024186,80718.40318202139,-176246.0881758581,200,0.5,0.14,210,70,105082.42271896203,-152823.58889031815,2037,105097.99483440533,-152820.78932865482,2037,-0.0742,-0.012960000000000001,24509.03,23297.18
4,UTS,Ref/IMG,7728,19,j:OK,K:\NINJA\E71a\ManualCheck\ScanData\UTS\ECC4\Ref\IMG\Event07728\PL019,1.0004279529784612,-0.006986554470059088,0.0056870087514821165,1.0002846790033604,90118.55097266134,-176059.5726529258,200,0.5,0.14,210,70,116942.72798661885,-149983.63127694893,2049,116945.43011646761,-149961.10921780244,2049,-0.01361,-0.10714000000000001,26996.54,25937.55
4,UTS,Ref/IMG,7890,110,j:OK,K:\NINJA\E71a\ManualCheck\ScanData\UTS\ECC4\Ref\IMG\Event07890\PL110,1.0003322855293784,-0.0015731762878284181,0.0013239669913934966,1.0005179953646497,61679.66830628883,-256894.37324958591,200,0.5,0.14,210,70,66966.25767924989,-194836.70071890266,2033.2499999999998,67302.55857812335,-194967.30493589066,2033.2499999999998,-1.5999200000000002,0.62372,5718.35,61887.44
4,UTS,Ref/IMG,7890,113,j:OK,K:\NINJA\E71a\ManualCheck\ScanData\UTS\ECC4\Ref\IMG\Event07890\PL113,1.0001647597035521,0.013270365181681655,-0.013555363443331338,1.0002690454290515,56921.995048717385,-257444.74239205956,200,0.5,0.14,210,70,115598.35456656625,-189691.1791628948,2050.25,115639.4616867301,-189604.7110449145,2036.75,-0.19022000000000003,-0.41422000000000003,57797.53,68605.04000000001
4,UTS,Ref/IMG,8023,23,j:OK,K:\NINJA\E71a\ManualCheck\ScanData\UTS\ECC4\Ref\IMG\Event08023\PL023,1.000125091918629,-0.00704624758010638,0.006247046796757639,1.0002256657787225,-145181.7353437665,-43922.58549635511,200,0.5,0.14,210,70,-120895.89783240107,-746.9812133746948,7089.75,-120687.77857444718,-383.73266180740757,7089.75,-1.00306,-1.7231,24796.48,43374.16
4,UTS,Ref/IMG,8845,18,j:OK,K:\NINJA\E71a\ManualCheck\ScanData\UTS\ECC4\Ref\IMG\Event08845\PL018,1.0006414205634786,0.003281129587407891,-0.004442726750393486,1.0002379226187446,80393.26493898065,-254650.29973187138,200,0.5,0.14,210,70,183242.08507846406,-184475.22521064652,2045,183214.5669210776,-184329.35774335678,2030.7499999999998,0.13323000000000002,-0.6938500000000001,102523.37,70759.59
4,UTS,Ref/IMG,8845,19,j:OK,K:\NINJA\E71a\ManualCheck\ScanData\UTS\ECC4\Ref\IMG\Event08845\PL019,1.000446755788559,-0.0054454514970930035,0.0044181486630171,1.000268654920892,90417.41922032775,-255516.12997091268,200,0.5,0.14,210,70,123995.1330074628,-184375.66824485618,2044.5000000000002,124015.15329257042,-184364.4696807365,2044.5000000000002,-0.09558000000000001,-0.052890000000000006,33969.090000000004,70982.51
4,UTS,Ref/IMG,8845,20,j:OK,K:\NINJA\E71a\ManualCheck\ScanData\UTS\ECC4\Ref\IMG\Event08845\PL020,1.0002360706619067,-0.005707325983816166,0.005190060595914908,1.0003401793616344,70586.79263912396,-257423.42226538973,200,0.5,0.14,210,70,103448.10547409569,-184712.66189977428,2042.7499999999998,103329.40853185179,-184758.5579368233,2042.7499999999998,0.56632,0.21554,33148.39,72468.17
4,UTS,Ref/IMG,8845,21,j:OK,K:\NINJA\E71a\ManualCheck\ScanData\UTS\ECC4\Ref\IMG\Event08845\PL021,1.0002358782936687,-0.0026320247491670766,0.0021748785750191086,1.0002744825385552,-24371.70598679942,-198256.75368988083,200,0.5,0.14,210,70,7943.4939834144425,-128149.0071361616,7138.25,7955.611747281608,-128144.99177028,7138.25,-0.05774000000000001,-0.01899,32503.95,70021.85
4,UTS,Ref/IMG,9179,106,j:OK,K:\NINJA\E71a\ManualCheck\ScanData\UTS\ECC4\Ref\IMG\Event09179\PL106,1.0002645318799634,-0.00784503661693082,0.00748303170030679,1.00036910042613,-63360.54973771291,-101363.3072943557,200,0.5,0.14,210,70,-7479.172191724946,-76841.5702668815,1997,-7384.284279722939,-76867.05020434075,1997,-0.45075000000000004,0.12466,56150.22,24067.2
4,UTS,Ref/IMG,9487,22,j:OK,K:\NINJA\E71a\ManualCheck\ScanData\UTS\ECC4\Ref\IMG\Event09487\PL022,1.0004047316810372,-0.003503929809767883,0.0028354811086638188,1.0003454514178414,-146818.5538880466,-44949.808155682724,200,0.5,0.14,210,70,-98508.09165605172,-23203.727880536644,7115.75,-97988.66576113063,-23414.336497173263,7115.75,-2.4689200000000002,1.0095500000000002,48885.05,21389.47
4,UTS,Ref/IMG,9487,23,j:OK,K:\NINJA\E71a\ManualCheck\ScanData\UTS\ECC4\Ref\IMG\Event09487\PL023,1.000125091918629,-0.00704624758010638,0.006247046796757639,1.0002256657787225,-145181.7353437665,-43922.58549635511,200,0.5,0.14,210,70,-24953.64079288499,-28133.910253669863,7138.75,-24923.76270185123,-28130.707213939924,7138.75,-0.14236000000000001,-0.014360000000000001,120348.87,15036.66
4,UTS,Ref/IMG,10208,17,j:OK,K:\NINJA\E71a\ManualCheck\ScanData\UTS\ECC4\Ref\IMG\Event10208\PL017,1.0002957701275021,0.004072557639327614,-0.005083728679172719,1.0004471383225182,-42364.479917971774,-178080.7506196235,200,0.5,0.14,210,70,86234.75641358503,-92870.58057613803,2022.7499999999998,86501.30388507686,-92972.13108380236,2022.7499999999998,-1.2708400000000002,0.47690000000000005,128478.67,85723.44
4,UTS,Ref/IMG,10395,16,j:OK,K:\NINJA\E71a\ManualCheck\ScanData\UTS\ECC4\Ref\IMG\Event10395\PL016,1.0001608171391154,-0.008917913156823151,0.008112076165965073,1.000142617708247,-39995.08858057506,-101523.17612143235,200,0.5,0.14,210,70,-30317.74802597824,-67275.74462367994,1982.75,-30316.178769865175,-67173.05763082762,1963.75,-0.01183,-0.48882000000000003,9982.87,34264.25
4,UTS,Ref/IMG,10395,17,j:OK,K:\NINJA\E71a\ManualCheck\ScanData\UTS\ECC4\Ref\IMG\Event10395\PL017,1.000167730273713,-0.004847133519088235,0.003914552572970322,1.0004079045705574,-42254.68323762362,-102313.63492781014,200,0.5,0.14,210,70,44102.27436163114,-59363.48803495596,2017,44095.17138825142,-59377.47419119691,2004,0.034140000000000004,0.06644,86541.73,42580.020000000004
4,UTS,Ref/IMG,10395,18,j:OK,K:\NINJA\E71a\ManualCheck\ScanData\UTS\ECC4\Ref\IMG\Event10395\PL018,1.000284749250762,-0.007832674124979493,0.007041487887534299,1.0002406401155701,-40097.06372795114,-100603.45494710408,200,0.5,0.14,210,70,44577.51517094328,-59066.705177509924,2022.25,44574.642268537296,-59074.59642864782,2022.25,0.013970000000000002,0.03747,84968.03,40920.71
4,UTS,Ref/IMG,10395,19,j:OK,K:\NINJA\E71a\ManualCheck\ScanData\UTS\ECC4\Ref\IMG\Event10395\PL019,1.0002535950420852,-0.00735168316991338,0.006506840362046363,1.000288278623751,-31050.713235753978,-100170.43226324196,200,0.5,0.14,210,70,56567.10675093618,-59807.34825733686,2028.5000000000002,56593.55066509863,-59970.13428687593,2028.5000000000002,-0.12019,0.77573,87913.22,39616.840000000004
4,UTS,Ref/IMG,10478,27,j:OK,K:\NINJA\E71a\ManualCheck\ScanData\UTS\ECC4\Ref\IMG\Event10478\PL027,1.0003412014063735,0.005083983390383498,-0.005401784241726997,1.0004273079087578,-154514.5746999189,-41665.721913587746,200,0.5,0.14,210,70,-107459.97551231226,-21855.800423554552,7104.5,-107463.1747214511,-21974.390461488805,7104.5,0.012360000000000001,0.56454,46934.03,19936.34
4,UTS,Ref/IMG,10512,112,j:OK,K:\NINJA\E71a\ManualCheck\ScanData\UTS\ECC4\Ref\IMG\Event10512\PL112,1.0002856697161266,0.010279497389427218,-0.01061527867496768,1.000446319346618,-59788.84204260124,-177500.1612434967,200,0.5,0.14,210,70,-4635.846840663468,-125771.80516730553,2007.0000000000002,-4573.451676752062,-125902.40344769457,2007.0000000000002,-0.30339000000000005,0.6184000000000001,54663.65,52154.75
4,UTS,Ref/IMG,10512,113,j:OK,K:\NINJA\E71a\ManualCheck\ScanData\UTS\ECC4\Ref\IMG\Event10512\PL113,1.000305792191104,0.0018080715768748804,-0.0021347126176672103,1.0003972499201566,-63846.04993898662,-180030.1213522955,200,0.5,0.14,210,70,-7850.222327724356,-124961.28527840598,2010.7499999999998,-7845.386607697292,-124961.27248885724,2010.7499999999998,-0.023020000000000002,-0.00011,55883.83,55166.23
4,UTS,Ref/IMG,10544,27,j:OK,K:\NINJA\E71a\ManualCheck\ScanData\UTS\ECC4\Ref\IMG\Event10544\PL027,1.000408069836077,0.006047390663368427,-0.006443617962117955,1.0004326116032938,-154551.7119116387,-117789.47520605563,200,0.5,0.14,210,70,-63717.15507982358,-94797.02430262223,7136.75,-63738.544960778716,-94727.89631273673,7136.75,0.1038,-0.32837000000000005,90633.25,23635.36
4,UTS,Ref/IMG,10926,107,j:OK,K:\NINJA\E71a\ManualCheck\ScanData\UTS\ECC4\Ref\IMG\Event10926\PL107,1.0003541653461692,-0.006411046132862287,0.00582469277079089,1.0004192642807905,-61898.53543148217,-178268.6429427768,200,0.5,0.14,210,70,-28071.350393074827,-154306.48055851,2012,-28339.54839565263,-153994.60222709834,2012,1.26712,-1.4918900000000002,33701.35,24067.65
4,UTS,Ref/IMG,10926,109,j:OK,K:\NINJA\E71a\ManualCheck\ScanData\UTS\ECC4\Ref\IMG\Event10926\PL109,1.0003496113083032,0.0015497917860907678,-0.001999545770195621,1.0005406081611394,-56247.949211180945,-176930.27894495896,200,0.5,0.14,210,70,-10613.731324025277,-149418.8106738077,2005.9999999999998,-10653.853037056018,-149430.80153618447,2005.9999999999998,0.19090000000000001,0.05745000000000001,45535.44,27575.62
4,UTS,Ref/IMG,10926,110,j:OK,K:\NINJA\E71a\ManualCheck\ScanData\UTS\ECC4\Ref\IMG\Event10926\PL110,1.0003592139161686,-0.0031256819405143903,0.002767436294661815,1.0004638644684123,-59565.86934574319,-177631.18263427733,200,0.5,0.14,210,70,-10493.99609522298,-155199.5748448847,2015.25,-10493.561693710457,-155218.25566643936,2015.25,-0.0017900000000000001,0.08892000000000001,49124.26,22266.65
4,UTS,Ref/IMG,11838,113,j:OK,K:\NINJA\E71a\ManualCheck\ScanData\UTS\ECC4\Ref\IMG\Event11838\PL113,1.0002714087658733,0.0005192279544114499,-0.0008754345341447603,1.000280548784395,56663.74809976607,-100856.01200040651,200,0.5,0.14,210,70,103744.67144722314,-57395.299438703136,2032,103713.68244388408,-57215.858815613385,2032,0.14797000000000002,-0.85411,47014.5,43669.06
4,UTS,Ref/IMG,623,28,j:OK,K:\NINJA\E71a\ManualCheck\ScanData\UTS\ECC4\Ref\IMG\Event00623\PL028,1.0000639275842438,-0.003894457832456986,0.003704670461214128,1.0000904941661228,-45426.89304807065,-182712.735351301,200,0.5,0.14,210,70,-22492.963933489504,-111478.64928328007,10122.75,-22485.09368945556,-111458.93266307286,10122.75,-0.037840000000000006,-0.09374,23217.45,71161.35
4,UTS,Ref/IMG,1124,28,j:OK,K:\NINJA\E71a\ManualCheck\ScanData\UTS\ECC4\Ref\IMG\Event01124\PL028,1.0000948901068392,-0.008896090923322188,0.008672824167089324,1.0001419969679568,-45842.99335680176,-106024.94429652425,200,0.5,0.14,210,70,-7685.386939450309,-51391.06842790747,10132.5,-7603.216067566063,-51392.781873534805,10132.5,-0.39115000000000005,0.011550000000000001,38719.06,54288.65
4,UTS,Ref/IMG,3852,28,j:OK,K:\NINJA\E71a\ManualCheck\ScanData\UTS\ECC4\Ref\IMG\Event03852\PL028,1.0000948901068392,-0.008896090923322188,0.008672824167089324,1.0001419969679568,-45842.99335680176,-106024.94429652425,200,0.5,0.14,210,70,10185.108470699686,-56627.9690060408,10137.25,10194.540193229594,-56627.62045568527,10137.25,-0.04492,-0.00127,56467.200000000004,48900.65
4,UTS,Ref/IMG,4196,28,j:OK,K:\NINJA\E71a\ManualCheck\ScanData\UTS\ECC4\Ref\IMG\Event04196\PL028,1.000047180148717,-0.005511752374691669,0.0052464867793205975,1.0001243138999445,-165994.68325651702,-183438.84694160597,200,0.5,0.14,210,70,-69996.0711234979,-127430.81992527263,10106.75,-70011.90696585756,-127386.1178425174,10106.75,0.07423,-0.21323000000000003,96284.36,55540.67
4,UTS,Ref/IMG,5130,28,j:OK,K:\NINJA\E71a\ManualCheck\ScanData\UTS\ECC4\Ref\IMG\Event05130\PL028,1.0000602338171982,-0.007199631035437751,0.006895701283335555,1.000146312023234,-47514.994743045034,-23313.78250402962,200,0.5,0.14,210,70,-18140.86028571585,-4544.761555919664,10129.25,-18124.622178568377,-4457.112839577228,10129.25,-0.08032,-0.41676,29522.87,18650.36
4,UTS,Ref/IMG,5488,28,j:OK,K:\NINJA\E71a\ManualCheck\ScanData\UTS\ECC4\Ref\IMG\Event05488\PL028,1.0002038252006902,-0.006896646775975042,0.006561302803981001,1.000206188607115,-166227.6828412973,-106717.22776677732,200,0.5,0.14,210,70,-82923.7939155013,-46339.39997222465,10112.5,-82908.56108951718,-46272.66079448835,10112.5,-0.07471000000000001,-0.31725000000000003,83715.05,59882.94
4,UTS,Ref/IMG,6738,28,j:OK,K:\NINJA\E71a\ManualCheck\ScanData\UTS\ECC4\Ref\IMG\Event06738\PL028,1.0002038252006902,-0.006896646775975042,0.006561302803981001,1.000206188607115,-166227.6828412973,-106717.22776677732,200,0.5,0.14,210,70,-52786.99047009419,-49526.7517647744,10120.5,-52783.96995280305,-49526.442077420004,10120.5,-0.014390000000000002,-0.0013800000000000002,113809.71,56432.41
6,UTS,Ref/IMG,71,47,j:OK,K:\NINJA\E71a\ManualCheck\ScanData\UTS\ECC6\Ref\IMG\Event00071\PL047,1.0002845138835144,-0.0049405026144672464,0.0046284863081572,1.0003246414752671,-288868.87425388786,-10172.9944885262,200,0.5,0.14,210,70,-159829.1991696139,45393.219947503545,5314.25,-159824.18549318193,45460.53582285341,5314.25,-0.02545,-0.32033,129279.72,55017.3
6,UTS,Ref/IMG,71,48,j:OK,K:\NINJA\E71a\ManualCheck\ScanData\UTS\ECC6\Ref\IMG\Event00071\PL048,1.000165366094835,-0.002728754834849877,0.0023057966798526964,1.0003472110172933,-135299.3253961337,-58883.27119287531,200,0.5,0.14,210,70,-80882.21888904733,-5709.362050685635,-401.25,-80970.05642102074,-5712.274510324991,-401.25,0.41824000000000006,0.012900000000000002,54464.96,53027
6,UTS,Ref/IMG,71,49,j:OK,K:\NINJA\E71a\ManualCheck\ScanData\UTS\ECC6\Ref\IMG\Event00071\PL049,1.0002743521557291,-0.006858266312526744,0.006538646894744798,1.0002005716958622,-35776.972929482195,-56009.40456060979,200,0.5,0.14,210,70,19803.154651636538,692.2796124168289,6445,19775.379547295637,711.2799567747717,6445,0.13160000000000002,-0.09132000000000001,55923.43,56343.72
6,UTS,Ref/IMG,71,50,j:OK,K:\NINJA\E71a\ManualCheck\ScanData\UTS\ECC6\Ref\IMG\Event00071\PL050,1.0003252951161767,-0.0031388137475914526,0.0029266444364752517,1.000423605302512,-33242.65089337145,-52514.243027766584,200,0.5,0.14,210,70,20437.280309509802,556.3563251901243,6450.5,20427.090671485763,556.7487961203369,6450.5,0.0485,-0.00201,53818.25,52891.08
6,UTS,Ref/IMG,79,20,j:OK,K:\NINJA\E71a\ManualCheck\ScanData\UTS\ECC6\Ref\IMG\Event00079\PL020,1.0000046993109577,-0.017123438068347416,0.01656788635023646,1.0001214458388046,1761.175480325427,-28459.355896847712,200,0.5,0.14,210,70,47874.10199114509,17409.922160388254,10730,47762.34795909176,17310.64998760901,10730,0.5401,0.46372,46771.33,44989.64
6,UTS,Ref/IMG,79,21,j:OK,K:\NINJA\E71a\ManualCheck\ScanData\UTS\ECC6\Ref\IMG\Event00079\PL021,1.0001222377077303,-0.0003444653679567591,-0.00028386276663514346,1.0002766551737954,-372.65834913685023,-26952.554787410634,200,0.5,0.14,210,70,48521.54011324937,12514.005755214277,10736.25,48534.29730507523,12507.227761380092,10736.25,-0.060730000000000006,0.03225,48914.57,39462.75
6,UTS,Ref/IMG,79,22,j:OK,K:\NINJA\E71a\ManualCheck\ScanData\UTS\ECC6\Ref\IMG\Event00079\PL022,1.0001138356265,-0.003030266853803102,0.002715766034006466,1.0002622453085297,37212.51016110978,-28081.96437977004,200,0.5,0.14,210,70,85935.30657520119,13073.527374621564,6582.75,85953.93973249184,13078.484898994044,6582.75,-0.08879000000000001,-0.023360000000000002,48860.16,41017
6,UTS,Ref/IMG,361,47,j:OK,K:\NINJA\E71a\ManualCheck\ScanData\UTS\ECC6\Ref\IMG\Event00361\PL047,1.0002554455338593,0.0016282570696864475,-0.0019425911845595834,1.0004073264903486,-169020.38181107206,-90476.01082859577,200,0.5,0.14,210,70,-158889.0105982888,-34981.710804136535,5321.75,-158461.96704557416,-34941.06074347384,5321.75,-2.0327,-0.19744,10465.32,55532.66
6,UTS,Ref/IMG,361,48,j:OK,K:\NINJA\E71a\ManualCheck\ScanData\UTS\ECC6\Ref\IMG\Event00361\PL048,0.9999897821787176,0.0022651542091985262,-0.0025848231961185303,1.0006161716003685,-14519.889434333138,-134653.79093297338,200,0.5,0.14,210,70,27249.549351745787,-79197.13595801043,-342.5,27263.052826777417,-79186.69585077623,-342.5,-0.06419000000000001,-0.049850000000000005,41657.56,55540.55
6,UTS,Ref/IMG,361,49,j:OK,K:\NINJA\E71a\ManualCheck\ScanData\UTS\ECC6\Ref\IMG\Event00361\PL049,1.000283422702145,0.001528420620023347,-0.0016933677055200212,1.000296500712732,83642.05994691352,-130931.55907489883,200,0.5,0.14,210,70,128064.23402552486,-75416.32716690951,6496.5,128052.16027210769,-75409.12678060343,6496.5,0.057530000000000005,-0.03418,44312.590000000004,55580.99
6,UTS,Ref/IMG,361,50,j:OK,K:\NINJA\E71a\ManualCheck\ScanData\UTS\ECC6\Ref\IMG\Event00361\PL050,1.0003106828672426,0.00812095958358931,-0.008299074783191257,1.0004269260057046,86834.37619173457,-129672.00420501993,200,0.5,0.14,210,70,128553.20482322901,-78398.90769873126,6499.25,128569.44960191513,-78387.86074907951,6499.25,-0.07690000000000001,-0.05322,41303.16,51604.89
6,UTS,Ref/IMG,561,33,j:OK,K:\NINJA\E71a\ManualCheck\ScanData\UTS\ECC6\Ref\IMG\Event00561\PL033,1.0003825518856404,-0.001729573354651291,0.0014018509997190582,1.0003067855823036,-1201.1800441422063,56367.09606483708,200,0.5,0.14,210,70,99964.4587794913,66326.20846071295,-368.25,99840.06269144006,66602.54681646802,-368.25,0.58986,-1.3163200000000002,101020.05,10090.74
6,UTS,Ref/IMG,561,34,j:OK,K:\NINJA\E71a\ManualCheck\ScanData\UTS\ECC6\Ref\IMG\Event00561\PL034,1.0001703957007728,-0.010438036202521836,0.010088514360730591,1.000256870726107,-509.48397451357147,55253.717395010055,200,0.5,0.14,210,70,105039.86667097975,66483.16984276292,-375.25,105088.16370041024,66543.91101854426,-375.25,-0.23294,-0.28682,105686.33,10221.35
6,UTS,Ref/IMG,561,35,j:OK,K:\NINJA\E71a\ManualCheck\ScanData\UTS\ECC6\Ref\IMG\Event00561\PL035,1.0001548756767142,-0.0018296337145155433,0.0015078379510136822,1.0003082452501564,833.33163802513,57459.25257154664,200,0.5,0.14,210,70,106350.03511337761,68122.4080148297,-373.75,106354.10611820157,68081.9093590742,-373.75,-0.019030000000000002,0.19282000000000002,105523.57,10460.32
6,UTS,Ref/IMG,561,36,j:OK,K:\NINJA\E71a\ManualCheck\ScanData\UTS\ECC6\Ref\IMG\Event00561\PL036,1.0001825148097627,-0.006651587073019768,0.006328163525990736,1.0002936381692724,-1248.6737652737534,52402.194940973066,200,0.5,0.14,210,70,107078.69589805148,64986.544669264506,-373.5,107100.92519878403,64992.2290747871,-373.5,-0.10601000000000001,-0.026390000000000004,108408.97,11900.51
6,UTS,Ref/IMG,566,25,j:OK,K:\NINJA\E71a\ManualCheck\ScanData\UTS\ECC6\Ref\IMG\Event00566\PL025,1.0001573990959087,-0.005361376673992702,0.00507132639999005,1.0003175362233572,-174505.03330666918,-21803.518982256614,200,0.5,0.14,210,70,-61536.10751683062,48572.084565868805,13856.25,-61590.591750928914,48326.796670410724,13856.25,0.26566,1.16632,113269.41,69533.81
6,UTS,Ref/IMG,566,26,j:OK,K:\NINJA\E71a\ManualCheck\ScanData\UTS\ECC6\Ref\IMG\Event00566\PL026,1.0001186117133387,-0.005613401782042315,0.005223887620839336,1.0003678809176428,-174094.04957456715,-21610.982358179976,200,0.5,0.14,210,70,-97937.29470289843,42277.46714429909,13847.75,-97932.00515016935,42294.13758096995,13847.75,-0.025630000000000003,-0.07922000000000001,76509.32,63482.090000000004
6,UTS,Ref/IMG,566,27,j:OK,K:\NINJA\E71a\ManualCheck\ScanData\UTS\ECC6\Ref\IMG\Event00566\PL027,1.000130027248733,-0.0029389345612640836,0.0025624762294941834,1.0003755708285393,791.9273908984652,-24998.344818789454,200,0.5,0.14,210,70,79805.2097111291,37446.02491606609,-371.5,79801.56158884952,37451.71715249952,-371.5,0.01729,-0.02714,79182.21,62223.79
6,UTS,Ref/IMG,566,28,j:OK,K:\NINJA\E71a\ManualCheck\ScanData\UTS\ECC6\Ref\IMG\Event00566\PL028,1.0001333171183582,-0.0008010204586089783,0.00033303159776285144,1.000369843741865,-21.543724202573852,-25129.910727042785,200,0.5,0.14,210,70,76114.4874734109,35490.16224049823,-378.5,76113.56596324999,35447.55396982792,-378.5,0.00455,0.20282000000000003,76173.44,60529.71
6,UTS,Ref/IMG,595,39,j:OK,K:\NINJA\E71a\ManualCheck\ScanData\UTS\ECC6\Ref\IMG\Event00595\PL039,1.0002922725450378,-0.0034450781232604126,0.0031717913995114554,1.0003419391037762,116273.48079293127,55329.32100467294,200,0.5,0.14,210,70,140930.80680302446,63867.70248500611,-350.75,141130.4940228008,64290.20227475064,-350.75,-0.9575300000000001,-2.0081800000000003,24880.33,8878.93
6,UTS,Ref/IMG,595,40,j:OK,K:\NINJA\E71a\ManualCheck\ScanData\UTS\ECC6\Ref\IMG\Event00595\PL040,1.000147299959442,-0.0049556065852892515,0.004379810338735694,1.0004050383250291,120461.06746062997,52671.46227731804,200,0.5,0.14,210,70,192683.9299497697,69290.46968566175,-358.25,192704.0864701433,69269.81160488063,-358.25,-0.09548000000000001,0.09875,72313.02,16275.04
6,UTS,Ref/IMG,595,41,j:OK,K:\NINJA\E71a\ManualCheck\ScanData\UTS\ECC6\Ref\IMG\Event00595\PL041,1.0003788227940644,-0.0063252610968958685,0.005788265596068906,1.0005787461208502,116725.17869758818,56486.65009369248,200,0.5,0.14,210,70,189862.91239424402,66056.55583742594,-350.5,189846.34945886693,66024.9301132468,-350.5,0.07979,0.15005000000000002,73151.08,9109.59
6,UTS,Ref/IMG,595,42,j:OK,K:\NINJA\E71a\ManualCheck\ScanData\UTS\ECC6\Ref\IMG\Event00595\PL042,0.9999984271629688,-0.012897562411460445,0.012583564629295822,1.0002637697536687,-190177.70503898652,103731.87079657063,200,0.5,0.14,210,70,-110758.0433767844,113919.84450425251,8262.25,-110828.73823387518,113811.00253415962,8262.25,0.34327,0.5138400000000001,79466.16,9076.77
6,UTS,Ref/IMG,599,28,j:OK,K:\NINJA\E71a\ManualCheck\ScanData\UTS\ECC6\Ref\IMG\Event00599\PL028,1.0001344069132672,-0.002556138892281319,0.0020084980735295584,1.0002484777651266,120760.13361242237,57353.96337989293,200,0.5,0.14,210,70,179453.06648514702,86996.66670663194,-347.5,179383.28725981642,86559.89726807558,-347.5,0.33755,2.07866,58689.6,29080.83
6,UTS,Ref/IMG,1243,71,j:OK,K:\NINJA\E71a\ManualCheck\ScanData\UTS\ECC6\Ref\IMG\Event01243\PL071,1.000289293164849,-0.005559513777510443,0.005241725340718061,1.0003498467195941,-93263.94604484286,-91357.91925039326,200,0.5,0.14,210,70,-5130.452052501449,-47360.38259101436,10892.5,-5203.6022978572,-47233.24340347786,10892.5,0.34486000000000006,-0.60702,88277.46,43646.68
6,UTS,Ref/IMG,1243,72,j:OK,K:\NINJA\E71a\ManualCheck\ScanData\UTS\ECC6\Ref\IMG\Event01243\PL072,1.0002930879332672,-0.004314324938707383,0.003933466199851438,1.000435247357644,-98024.81747019455,-94704.53815254608,200,0.5,0.14,210,70,-14949.308042163473,-46977.026023003935,10882,-14923.80245302328,-46999.31344646018,10882,-0.12096000000000001,0.10656,83280.92,47357.03
6,UTS,Ref/IMG,1243,73,j:OK,K:\NINJA\E71a\ManualCheck\ScanData\UTS\ECC6\Ref\IMG\Event01243\PL073,1.0003269165043485,-0.013794272546875229,0.01343052788958952,1.0004010136368464,-85164.0845235418,-92560.58723956814,200,0.5,0.14,210,70,-3030.002259234105,-47443.49920191756,10903.5,-3029.6362536161905,-47415.03521444411,10903.5,-0.0036100000000000004,-0.13544,82714.59,44017
6,UTS,Ref/IMG,1243,74,j:OK,K:\NINJA\E71a\ManualCheck\ScanData\UTS\ECC6\Ref\IMG\Event01243\PL074,1.0003500626682145,-0.002424617216783536,0.0020821214588604593,1.000460078865547,-86696.10496076089,-94175.33566663522,200,0.5,0.14,210,70,-3059.940272967206,-45981.58576550302,10909,-3060.812719600537,-45981.32285833501,10909,0.00415,-0.00126,83722.36,47997.61
6,UTS,Ref/IMG,1260,19,j:OK,K:\NINJA\E71a\ManualCheck\ScanData\UTS\ECC6\Ref\IMG\Event01260\PL019,1.0001961020763726,0.006215346801159269,-0.006482952863817152,1.0002804958090685,-113970.71305142246,-26724.933164440114,200,0.5,0.14,210,70,-37617.10541269499,-25949.790877246982,10714,-37387.515743564276,-25909.0302561455,10714,-1.09182,-0.20112000000000002,76560.03,1311.8700000000001
6,UTS,Ref/IMG,1260,20,j:OK,K:\NINJA\E71a\ManualCheck\ScanData\UTS\ECC6\Ref\IMG\Event01260\PL020,1.0000946967515492,-0.008999372682178725,0.008356914885935573,1.0002977644485245,-117343.08375298372,-110621.11648187849,200,0.5,0.14,210,70,-44810.7535254904,-25437.185709847043,10723.75,-44973.88296477425,-25454.11354251711,10723.75,0.7774000000000001,0.07409,73123,84530.75
6,UTS,Ref/IMG,1260,21,j:OK,K:\NINJA\E71a\ManualCheck\ScanData\UTS\ECC6\Ref\IMG\Event01260\PL021,1.0001497282432548,1.6153007741146255e-05,-0.0007423980978294925,1.0003901407071265,-121478.69374481584,-108898.61668970236,200,0.5,0.14,210,70,-49289.85090573983,-27508.63749239552,10725,-49286.761329985005,-27507.820466212244,10725,-0.01471,-0.0039000000000000003,72179.81,81412.62
6,UTS,Ref/IMG,1260,22,j:OK,K:\NINJA\E71a\ManualCheck\ScanData\UTS\ECC6\Ref\IMG\Event01260\PL022,1.00010725016582,-0.0023362653917062023,0.0016514607377143902,1.0003893617483726,-83505.34332686484,-110177.62869179854,200,0.5,0.14,210,70,-13188.287314249672,-30885.694141719505,6565.25,-13140.073191404359,-30833.133798188603,6565.25,-0.23015000000000002,-0.24981000000000003,70542.73,79197.16
6,UTS,Ref/IMG,1694,119,j:OK,K:\NINJA\E71a\ManualCheck\ScanData\UTS\ECC6\Ref\IMG\Event01694\PL119,1.0003646013278784,-0.004036059066387542,0.0037337257561691657,1.0005723796998056,-164218.90209731518,24131.06044614222,200,0.5,0.14,210,70,-105994.28496424899,33541.32883737715,8298.75,-105882.20156829903,33607.05981849279,8298.75,-0.5347900000000001,-0.31083000000000005,58352.770000000004,9252.83
6,UTS,Ref/IMG,1694,120,j:OK,K:\NINJA\E71a\ManualCheck\ScanData\UTS\ECC6\Ref\IMG\Event01694\PL120,1.0003896434370425,-0.007337998554492708,0.006629762235407497,1.0004316916561682,-177036.41713248627,24895.87658730528,200,0.5,0.14,210,70,-92326.01793813484,33028.13315711267,8289.75,-92325.54131094675,33037.91020816748,8289.75,-0.0026100000000000003,-0.046520000000000006,84733.46,7577
6,UTS,Ref/IMG,1694,121,j:OK,K:\NINJA\E71a\ManualCheck\ScanData\UTS\ECC6\Ref\IMG\Event01694\PL121,1.0004638265582786,-0.005800941965116382,0.005501080523515757,1.0003722534336972,-176121.01086440554,23716.803192742613,200,0.5,0.14,210,70,-92635.78268707819,33260.62366682542,8282.5,-92567.82280885646,33287.50375450493,8282.5,-0.32420000000000004,-0.12617,83567.26,9107.6
6,UTS,Ref/IMG,1694,122,j:OK,K:\NINJA\E71a\ManualCheck\ScanData\UTS\ECC6\Ref\IMG\Event01694\PL122,1.0004006146541387,-0.011121137705819299,0.010789049554906107,1.0004164682110022,-175666.71592545934,21735.18657940832,200,0.5,0.14,210,70,-90643.65968860511,37097.08251353371,8292,-90661.355772481,37142.50502025407,8292,0.08182,-0.21709,85132.32,14482.79
6,UTS,Ref/IMG,1908,96,j:OK,K:\NINJA\E71a\ManualCheck\ScanData\UTS\ECC6\Ref\IMG\Event01908\PL096,1.0002422891779263,0.019751102178282052,-0.02011016999737072,1.0003298124855557,38017.83217343425,-66285.14318706475,200,0.5,0.14,210,70,124722.71910841303,-26901.697386647073,13867,124741.03769061479,-26914.83456234965,13867,-0.08841,0.06076,85890.94,41084.04
6,UTS,Ref/IMG,1908,97,j:OK,K:\NINJA\E71a\ManualCheck\ScanData\UTS\ECC6\Ref\IMG\Event01908\PL097,1.000457144331335,0.011059319615184308,-0.011366989222949158,1.0005091891426523,41379.63314163498,-66213.9619746211,200,0.5,0.14,210,70,131646.20840675072,-23715.712550876597,13870,131579.44009189738,-23687.563065083297,13870,0.31924,-0.13035000000000002,89677.47,43523.6
6,UTS,Ref/IMG,1969,21,j:OK,K:\NINJA\E71a\ManualCheck\ScanData\UTS\ECC6\Ref\IMG\Event01969\PL021,1.0001716311504865,0.0007494150353227159,-0.0012517374655268633,1.0004045953224565,-644.5502697407468,-108873.21844405215,200,0.5,0.14,210,70,77844.29066829196,-83373.7687054381,10740.25,77802.31481694823,-83558.9650658384,10740.25,0.19919,0.8817800000000001,78414.37,25402.13
6,UTS,Ref/IMG,1969,22,j:OK,K:\NINJA\E71a\ManualCheck\ScanData\UTS\ECC6\Ref\IMG\Event01969\PL022,1.0001456835453726,0.00023345484880227035,-0.0008119705325878093,1.0003998850472828,37455.85465066183,-109982.63565990092,200,0.5,0.14,210,70,92582.13747569486,-85112.6129744723,6606.5,92622.96314772268,-85157.967543585,6606.5,-0.19443000000000002,0.21573,55153.270000000004,24859.510000000002
6,UTS,Ref/IMG,2189,27,j:OK,K:\NINJA\E71a\ManualCheck\ScanData\UTS\ECC6\Ref\IMG\Event02189\PL027,1.000130027248733,-0.0029389345612640836,0.0025624762294941834,1.0003755708285393,791.9273908984652,-24998.344818789454,200,0.5,0.14,210,70,75743.09529673938,36859.77227555692,-372.25,75521.23054984961,37163.144021471395,-372.25,1.05211,-1.4467800000000002,74901.62,61946.29
6,UTS,Ref/IMG,2189,28,j:OK,K:\NINJA\E71a\ManualCheck\ScanData\UTS\ECC6\Ref\IMG\Event02189\PL028,1.0001333171183582,-0.0008010204586089783,0.00033303159776285144,1.000369843741865,-21.543724202573852,-25129.910727042785,200,0.5,0.14,210,70,124082.19870923903,-27249.15042048954,-351.75,124025.40064360344,-27023.350486520358,-351.75,0.26957000000000003,-1.0749300000000002,124028.86,-1934.03
6,UTS,Ref/IMG,2189,29,j:OK,K:\NINJA\E71a\ManualCheck\ScanData\UTS\ECC6\Ref\IMG\Event02189\PL029,1.0002987444317508,-0.005286148870706305,0.004728687973985561,1.0004798645256794,-3333.9217232167093,-26375.75931582104,200,0.5,0.14,210,70,60794.79390242262,35475.8207705392,-375.75,60785.888993791516,35475.04960669395,-375.75,0.04241,0.0034700000000000004,64425.75,61516.64
6,UTS,Ref/IMG,2189,30,j:OK,K:\NINJA\E71a\ManualCheck\ScanData\UTS\ECC6\Ref\IMG\Event02189\PL030,1.0000959111783232,-0.00037397914146340157,-2.6040456168751747e-05,1.0003164142307737,-3469.5725190385906,-24636.21254308056,200,0.5,0.14,210,70,60660.90860386908,35104.28964274051,-396.5,60667.536910062474,35126.57121796811,-396.5,-0.0316,-0.10607000000000001,64153.3,59745.55
6,UTS,Ref/IMG,2346,111,j:OK,K:\NINJA\E71a\ManualCheck\ScanData\UTS\ECC6\Ref\IMG\Event02346\PL111,1.0002601415287522,-0.010150769180278378,0.009157930998923832,1.000506443736151,-156809.13063456304,98893.56727872013,200,0.5,0.14,210,70,-147563.92780030594,108812.82142184785,8283.75,-148032.0153701127,108503.30488343514,8283.75,2.24315,1.4526100000000002,8871.48,9523.67
6,UTS,Ref/IMG,2346,113,j:OK,K:\NINJA\E71a\ManualCheck\ScanData\UTS\ECC6\Ref\IMG\Event02346\PL113,1.0003966594668872,-0.006784167288491217,0.006027170713901803,1.0004652367969125,-135947.37933643363,99215.516894331,200,0.5,0.14,210,70,-89237.55253271294,113667.76253719997,8284.75,-89211.97553467061,113673.27854535425,8284.75,-0.12192000000000001,-0.02552,46812.96,14169.02
6,UTS,Ref/IMG,2346,114,j:OK,K:\NINJA\E71a\ManualCheck\ScanData\UTS\ECC6\Ref\IMG\Event02346\PL114,1.000326298295535,-0.006377161436292189,0.005425762094850916,1.0004398850369058,-138960.27581988435,102977.72107448349,200,0.5,0.14,210,70,-88147.47741880924,116231.33761592976,8281,-88186.13016105734,116216.97775302207,8281,0.18443,0.06735000000000001,50840.19,12957.710000000001
6,UTS,Ref/IMG,2620,37,j:OK,K:\NINJA\E71a\ManualCheck\ScanData\UTS\ECC6\Ref\IMG\Event02620\PL037,1.0002657824641124,-0.000628924964575928,-0.00014779179694129606,1.0004378296504117,120554.44972114958,-23832.768542321635,200,0.5,0.14,210,70,132308.75402209998,-13370.80202740242,-349,132627.93021169887,-12907.321272079005,-349,-1.5208700000000002,-2.20631,12077.14,10922.45
6,UTS,Ref/IMG,2620,38,j:OK,K:\NINJA\E71a\ManualCheck\ScanData\UTS\ECC6\Ref\IMG\Event02620\PL038,1.0004371145138844,-0.0030035796868848456,0.002247002470799944,1.0003695298257556,120351.4408210834,-25028.51352908146,200,0.5,0.14,210,70,207372.63455916938,-3530.9537706910364,-345,207356.81339508967,-3500.483731157325,-345,0.07487,-0.14521,87031.38,21324.59
6,UTS,Ref/IMG,2620,39,j:OK,K:\NINJA\E71a\ManualCheck\ScanData\UTS\ECC6\Ref\IMG\Event02620\PL039,1.0002460391050938,0.002171461491526123,-0.0024331375556664488,1.0004091463765639,116595.29955752022,-26066.53392746413,200,0.5,0.14,210,70,206774.91008104582,-4109.747829179634,-339.5,206775.200879904,-4097.708448870275,-339.5,-0.00126,-0.05731000000000001,90109.57,22179
6,UTS,Ref/IMG,2620,40,j:OK,K:\NINJA\E71a\ManualCheck\ScanData\UTS\ECC6\Ref\IMG\Event02620\PL040,1.0002057792551964,-0.0048725800344301354,0.00428768556929963,1.0004427363704063,120643.52888828581,-24235.79975905496,200,0.5,0.14,210,70,205281.610667686,-1569.6537735614672,-345.75,205299.76227861096,-1581.5851263324257,-345.75,-0.08614000000000001,0.05716,84747.36,22280.98
6,UTS,Ref/IMG,2825,63,j:OK,K:\NINJA\E71a\ManualCheck\ScanData\UTS\ECC6\Ref\IMG\Event02825\PL063,1.000417676752935,-0.009782965868290335,0.00916092956920679,1.0003383156000374,-177983.18708089113,-45215.12614178934,200,0.5,0.14,210,70,-74270.87419698678,-34682.60439109451,13251.25,-74341.82164796234,-34590.572923114756,13251.25,0.33339,-0.44115000000000004,103692.67,9671.36
6,UTS,Ref/IMG,2825,64,j:OK,K:\NINJA\E71a\ManualCheck\ScanData\UTS\ECC6\Ref\IMG\Event02825\PL064,1.0003837839764451,-0.018853576077614294,0.01826091767181046,1.000190671051638,-6423.911241622261,166080.9935828386,200,0.5,0.14,210,70,72373.13247247072,177522.014886053,673.75,72317.081045517,177604.48615906827,673.75,0.25932,-0.39738,78900.77,10080.77
6,UTS,Ref/IMG,2825,65,j:OK,K:\NINJA\E71a\ManualCheck\ScanData\UTS\ECC6\Ref\IMG\Event02825\PL065,1.0001637891699997,-0.005722582482151195,0.004923896651824769,1.0005183052355042,-10326.745566971213,169784.02629533797,200,0.5,0.14,210,70,66668.84071457699,177346.77590595683,676.25,66655.21235326154,177344.73793585098,676.25,0.06494000000000001,0.009380000000000001,77010.42,7177.8
6,UTS,Ref/IMG,2825,66,j:OK,K:\NINJA\E71a\ManualCheck\ScanData\UTS\ECC6\Ref\IMG\Event02825\PL066,1.000366291230863,-0.010156153528696903,0.009416410787127839,1.0002772861731193,-18493.788734005906,168982.44906809798,200,0.5,0.14,210,70,60422.55608075498,177063.51909627052,677.75,60437.1214255369,177081.17462925715,677.75,-0.07018,-0.08339,78976.66,7353.01
6,UTS,Ref/IMG,3015,61,j:OK,K:\NINJA\E71a\ManualCheck\ScanData\UTS\ECC6\Ref\IMG\Event03015\PL061,1.0004671128755023,-0.003437778958830311,0.002863893638336374,1.0003886354786005,-167655.12333918185,-123230.95542484603,200,0.5,0.14,210,70,-103919.72042839613,-74623.57472942982,7974,-104049.80410394512,-74353.90553899534,7974,0.6147400000000001,-1.2854,63742.880000000005,48675.58
6,UTS,Ref/IMG,3015,62,j:OK,K:\NINJA\E71a\ManualCheck\ScanData\UTS\ECC6\Ref\IMG\Event03015\PL062,1.0003984043330212,-0.005184442908371961,0.005008162857448003,1.0003353012445595,-177806.79494245377,-49225.46390460043,200,0.5,0.14,210,70,-111775.72890928436,2760.1522603492767,13213.75,-111763.31144460713,2785.053794385327,13213.75,-0.05972,-0.11824000000000001,66284.91,51661.23
6,UTS,Ref/IMG,3015,63,j:OK,K:\NINJA\E71a\ManualCheck\ScanData\UTS\ECC6\Ref\IMG\Event03015\PL063,1.000417676752935,-0.009782965868290335,0.00916092956920679,1.0003383156000374,-177983.18708089113,-45215.12614178934,200,0.5,0.14,210,70,-108811.35574498103,5575.256520479586,13240,-108720.28617529098,5507.2650163223225,13228.75,-0.43028000000000005,0.3276,69723.58,50066.72
6,UTS,Ref/IMG,3015,64,j:OK,K:\NINJA\E71a\ManualCheck\ScanData\UTS\ECC6\Ref\IMG\Event03015\PL064,1.0003837839764451,-0.018853576077614294,0.01826091767181046,1.000190671051638,-6423.911241622261,166080.9935828386,200,0.5,0.14,210,70,59744.36690055094,216176.13958081938,659.5,59643.67299814834,216061.5972786208,659.5,0.48942,0.5364000000000001,66960.97,48748.54
6,UTS,Ref/IMG,3195,22,j:OK,K:\NINJA\E71a\ManualCheck\ScanData\UTS\ECC6\Ref\IMG\Event03195\PL022,1.00010725016582,-0.0023362653917062023,0.0016514607377143902,1.0003893617483726,-83505.34332686484,-110177.62869179854,200,0.5,0.14,210,70,11748.892512739534,-85663.44468833426,6594.5,11746.47389947834,-85658.41510362709,6594.5,0.011460000000000001,-0.023960000000000002,95298.49,24352.350000000002
6,UTS,Ref/IMG,3195,23,j:OK,K:\NINJA\E71a\ManualCheck\ScanData\UTS\ECC6\Ref\IMG\Event03195\PL023,1.0000518096084448,-0.0020187191009871115,0.001681911927312103,1.0002458129603207,-25228.840256397696,-110070.18630409229,200,0.5,0.14,210,70,43455.40879102712,-89984.62987514878,6596.25,43463.736548631,-89974.61947875883,6596.25,-0.03975,-0.04759000000000001,68729.34,19975.06
6,UTS,Ref/IMG,3195,25,j:OK,K:\NINJA\E71a\ManualCheck\ScanData\UTS\ECC6\Ref\IMG\Event03195\PL025,1.0001573990959087,-0.005361376673992702,0.00507132639999005,1.0003175362233572,-174505.03330666918,-21803.518982256614,200,0.5,0.14,210,70,-107514.00976887521,-3041.051263623679,13846,-107507.96719477155,-3019.4524921495176,13846,-0.029320000000000002,-0.10267000000000001,67085.36,18438
6,UTS,Ref/IMG,3371,22,j:OK,K:\NINJA\E71a\ManualCheck\ScanData\UTS\ECC6\Ref\IMG\Event03371\PL022,1.00010725016582,-0.0023362653917062023,0.0016514607377143902,1.0003893617483726,-83505.34332686484,-110177.62869179854,200,0.5,0.14,210,70,-62576.624797734185,-86474.65351486059,6564,-62675.89016714253,-87030.45853322453,6564,0.47882,2.64487,20881.19,23103.69
6,UTS,Ref/IMG,3371,23,j:OK,K:\NINJA\E71a\ManualCheck\ScanData\UTS\ECC6\Ref\IMG\Event03371\PL023,1.0000518096084448,-0.0020187191009871115,0.001681911927312103,1.0002458129603207,-25228.840256397696,-110070.18630409229,200,0.5,0.14,210,70,30400.32953152049,-86632.58251157646,6598.75,30414.749611989497,-86750.5068459465,6598.75,-0.06753,0.56152,55687.58,23220.31
6,UTS,Ref/IMG,3371,25,j:OK,K:\NINJA\E71a\ManualCheck\ScanData\UTS\ECC6\Ref\IMG\Event03371\PL025,1.0001573990959087,-0.005361376673992702,0.00507132639999005,1.0003175362233572,-174505.03330666918,-21803.518982256614,200,0.5,0.14,210,70,-121727.61048536125,14.242268925830501,13849,-121583.37396558025,113.63202220678795,13849,-0.68925,-0.46964000000000006,53029.340000000004,21641.350000000002
6,UTS,Ref/IMG,3475,61,j:OK,K:\NINJA\E71a\ManualCheck\ScanData\UTS\ECC6\Ref\IMG\Event03475\PL061,1.0002115960367168,-0.0038419665461027477,0.003277076950511975,1.0005710936756096,-47116.925958784836,-199566.14262821057,200,0.5,0.14,210,70,-6555.2737105987535,-146517.19579325477,8018.499999999999,-6479.785556582152,-146382.45320850852,8018.499999999999,-0.36185,-0.6400800000000001,40832.200000000004,53019.6
6,UTS,Ref/IMG,3475,62,j:OK,K:\NINJA\E71a\ManualCheck\ScanData\UTS\ECC6\Ref\IMG\Event03475\PL062,1.0003878082366298,0.0008871639502192771,-0.0015638919825474687,1.0004178925086145,-57943.98724437169,-127505.12576837964,200,0.5,0.14,210,70,-34599.403098288996,-73399.68063766803,13244,-34596.729767840814,-73407.92657099685,13251.999999999998,-0.01276,0.03923,23290.22,54111.01
6,UTS,Ref/IMG,3475,63,j:OK,K:\NINJA\E71a\ManualCheck\ScanData\UTS\ECC6\Ref\IMG\Event03475\PL063,1.0002859816166876,-0.006368183050152834,0.005702116365621709,1.0004971982720174,-56883.58018439222,-125729.57613481785,200,0.5,0.14,210,70,-33499.37743696999,-74490.29630940383,13259.25,-33498.6858624636,-74483.10653549588,13259.25,-0.00351,-0.0342,23703.44,51085.91
6,UTS,Ref/IMG,3475,64,j:OK,K:\NINJA\E71a\ManualCheck\ScanData\UTS\ECC6\Ref\IMG\Event03475\PL064,1.0003013998111172,-0.014631704767059384,0.013832973649374419,1.0004084910419622,115705.82177542527,86503.47860647569,200,0.5,0.14,210,70,137723.27579007376,140065.61612019155,703.25,137613.42781914346,140048.6967527264,703.25,0.524,0.07329000000000001,22679.32,53209.76
6,UTS,Ref/IMG,3578,123,j:OK,K:\NINJA\E71a\ManualCheck\ScanData\UTS\ECC6\Ref\IMG\Event03578\PL123,1.000318736495576,0.013858402888071868,-0.014140931962462563,1.0003879262444157,-172988.15075514134,23676.345005236977,200,0.5,0.14,210,70,-149194.64815598316,40763.00313388478,8292.75,-149262.0050075757,41145.18076175302,8292.75,0.34578000000000003,-1.8143000000000002,23472.07,17793.850000000002
6,UTS,Ref/IMG,3578,124,j:OK,K:\NINJA\E71a\ManualCheck\ScanData\UTS\ECC6\Ref\IMG\Event03578\PL124,1.0004189287085765,0.004488026474749275,-0.004872886995773598,1.0004035883853226,-176367.07934727386,23515.90947677563,200,0.5,0.14,210,70,-86942.12678831207,50614.89673006812,8315.75,-87098.67130637323,50581.10163814161,8296.5,0.7444000000000001,0.16449000000000003,89107.71,27488.31
6,UTS,Ref/IMG,3578,125,j:OK,K:\NINJA\E71a\ManualCheck\ScanData\UTS\ECC6\Ref\IMG\Event03578\PL125,0.9999906639659814,0.019714534733012625,-0.020128392968479247,1.0001531646391204,-168126.1682346539,25784.131521095052,200,0.5,0.14,210,70,-76385.82991592467,49778.11796025216,8286.5,-76364.19302768567,49870.658548240666,8286.5,-0.09431,-0.44250000000000006,91251.84,25919.31
6,UTS,Ref/IMG,3578,126,j:OK,K:\NINJA\E71a\ManualCheck\ScanData\UTS\ECC6\Ref\IMG\Event03578\PL126,1.0004021026048973,-0.005801973035029674,0.004809611921783835,1.0004894468474306,-182367.30938857814,23104.764943139136,200,0.5,0.14,210,70,-91362.79585086656,50854.28811745875,8291,-91415.65956133735,50757.333564519715,8291,0.2543,0.46024000000000004,91072.85,27201.23
6,UTS,Ref/IMG,3615,77,j:OK,K:\NINJA\E71a\ManualCheck\ScanData\UTS\ECC6\Ref\IMG\Event03615\PL077,1.0000849002785652,0.00023496872464439042,-0.0009094687622203298,1.0003381379082066,-85800.4098890599,-93511.54274919695,200,0.5,0.14,210,70,-26568.204361341453,-56188.34960718905,10899,-26606.41609242747,-56103.53228114696,10899,0.18204,-0.40359000000000006,59180.17,37449.17
6,UTS,Ref/IMG,3615,79,j:OK,K:\NINJA\E71a\ManualCheck\ScanData\UTS\ECC6\Ref\IMG\Event03615\PL079,1.0002108441454767,-0.006720302980076724,0.005988512269479438,1.0005356265520051,16542.367561012514,-56006.59006318064,200,0.5,0.14,210,70,74028.7206614526,-16419.285960112138,10356.25,73928.81614208221,-16485.385111306765,10356.25,0.47773000000000004,0.31173,57637.43,39155.07
6,UTS,Ref/IMG,3638,77,j:OK,K:\NINJA\E71a\ManualCheck\ScanData\UTS\ECC6\Ref\IMG\Event03638\PL077,1.0000849002785652,0.00023496872464439042,-0.0009094687622203298,1.0003381379082066,-85800.4098890599,-93511.54274919695,200,0.5,0.14,210,70,-30052.3062213181,-54032.00020859564,10897.5,-29959.117080821175,-53871.01927561797,10897.5,-0.44354000000000005,-0.7667200000000001,55827.23,39677.88
6,UTS,Ref/IMG,3638,79,j:OK,K:\NINJA\E71a\ManualCheck\ScanData\UTS\ECC6\Ref\IMG\Event03638\PL079,1.0002108441454767,-0.006720302980076724,0.005988512269479438,1.0005356265520051,16542.367561012514,-56006.59006318064,200,0.5,0.14,210,70,74250.12794821316,-17495.36812121461,10358.25,74150.87700532912,-17376.68931604588,10358.25,0.46871,-0.56764,57853.450000000004,38262.950000000004
6,UTS,Ref/IMG,3802,119,j:OK,K:\NINJA\E71a\ManualCheck\ScanData\UTS\ECC6\Ref\IMG\Event03802\PL119,1.0003646013278784,-0.004036059066387542,0.0037337257561691657,1.0005723796998056,-164218.90209731518,24131.06044614222,200,0.5,0.14,210,70,-138990.90794730542,34676.37758915779,8296.75,-138985.83007709184,34684.650187328465,8296.75,-0.02433,-0.03928,25266.05,10453.27
6,UTS,Ref/IMG,3802,120,j:OK,K:\NINJA\E71a\ManualCheck\ScanData\UTS\ECC6\Ref\IMG\Event03802\PL120,1.0003896434370425,-0.007337998554492708,0.006629762235407497,1.0004316916561682,-177036.41713248627,24895.87658730528,200,0.5,0.14,210,70,-149288.05494911317,40290.908713444864,8294.25,-149178.7952477022,40224.274459000866,8294.25,-0.51773,0.32060000000000005,27957.8,15136.51
6,UTS,Ref/IMG,3948,26,j:OK,K:\NINJA\E71a\ManualCheck\ScanData\UTS\ECC6\Ref\IMG\Event03948\PL026,1.0001330197495992,-0.013624128293013826,0.0132676064828129,1.000306542553833,-173660.59329138743,-101544.28689311843,200,0.5,0.14,210,70,-74052.40942310527,-59013.66540036381,13859.25,-74082.8327172582,-59009.54128579605,13859.25,0.14456000000000002,-0.021550000000000003,100125.67,41193.69
6,UTS,Ref/IMG,3948,27,j:OK,K:\NINJA\E71a\ManualCheck\ScanData\UTS\ECC6\Ref\IMG\Event03948\PL027,1.0001825889707643,-0.004253697576814513,0.0038923335417303997,1.000355048179448,1166.3818366574194,-103711.67911721028,200,0.5,0.14,210,70,100733.73596850022,-63439.4110537431,-370.25,100693.71234280404,-63527.79328355674,-370.25,0.19234,0.41997,99678.35,39781.78
6,UTS,Ref/IMG,3948,28,j:OK,K:\NINJA\E71a\ManualCheck\ScanData\UTS\ECC6\Ref\IMG\Event03948\PL028,1.0000995170722478,0.00013296017460155525,-0.0005438695566500742,1.0003207826257274,381.65193580704954,-103470.82740421798,200,0.5,0.14,210,70,101811.05312673247,-65618.72324736216,-368.75,101817.6497247317,-65572.51621254373,-368.75,-0.031380000000000005,-0.21998,101420.86,37941.3
6,UTS,Ref/IMG,4350,67,j:OK,K:\NINJA\E71a\ManualCheck\ScanData\UTS\ECC6\Ref\IMG\Event04350\PL067,1.0002424646907782,0.011127316494235323,-0.011654260614145826,1.0003951776558566,-24942.772955110497,90252.24813407914,200,0.5,0.14,210,70,17071.69074987523,152076.54493289161,651.5,17107.220674600663,151816.7961237694,651.5,-0.18288000000000001,1.23428,41349.83,62021.94
6,UTS,Ref/IMG,4350,68,j:OK,K:\NINJA\E71a\ManualCheck\ScanData\UTS\ECC6\Ref\IMG\Event04350\PL068,1.0002779258020555,0.0016643639114957602,-0.0019388949996989953,1.0004958407290618,-17280.663540536876,87852.36459663376,200,0.5,0.14,210,70,35445.47603707254,147698.33397476372,673.25,35457.461114546284,147700.32354743624,673.25,-0.05704000000000001,-0.00958,52623.770000000004,59920.28
6,UTS,Ref/IMG,4350,69,j:OK,K:\NINJA\E71a\ManualCheck\ScanData\UTS\ECC6\Ref\IMG\Event04350\PL069,1.0002223425272598,0.01249829012719938,-0.01290899460262296,1.0003702484316221,-22081.8289103208,89619.79349086704,200,0.5,0.14,210,70,31767.460478178156,145803.16212299062,654.25,31757.544489113738,145820.80290402184,654.25,0.04825,-0.08335000000000001,53116.840000000004,56865.64
6,UTS,Ref/IMG,4350,70,j:OK,K:\NINJA\E71a\ManualCheck\ScanData\UTS\ECC6\Ref\IMG\Event04350\PL070,1.000373379806054,0.0012302300685841008,-0.0018089208040052871,1.0004392635010615,-14306.347791291064,86860.25978421791,200,0.5,0.14,210,70,39127.401843759624,146852.07285884873,649.5,39263.59539938679,146759.34797726042,657.9999999999999,-0.6488400000000001,0.44018,53476.200000000004,59969.48
6,UTS,Ref/IMG,4414,105,j:OK,K:\NINJA\E71a\ManualCheck\ScanData\UTS\ECC6\Ref\IMG\Event04414\PL105,0.9996702830284958,-0.006966546248840317,0.006276669749949814,1.000571123717701,-279323.4612727629,98981.07146536677,200,0.5,0.14,210,70,-197417.58998834962,119139.10767421032,8259.5,-197323.77441847383,119498.26735478095,8259.5,-0.45878,-1.7064300000000001,82166.04000000001,19990.05
6,UTS,Ref/IMG,4414,106,j:OK,K:\NINJA\E71a\ManualCheck\ScanData\UTS\ECC6\Ref\IMG\Event04414\PL106,1.0003852737949597,-0.007870516581917422,0.007630022283981995,1.0004967222929295,-289750.45790749555,98643.81845350334,200,0.5,0.14,210,70,-214838.97071781332,125840.45275340925,8262.25,-214876.73603711498,125918.56563969047,8262.25,0.17683000000000001,-0.37313,75054.86,26688.82
6,UTS,Ref/IMG,4414,107,j:OK,K:\NINJA\E71a\ManualCheck\ScanData\UTS\ECC6\Ref\IMG\Event04414\PL107,1.0003984619266097,-0.005269295407473546,0.005046662924794434,1.0004711223075369,-281275.3551169404,100027.37005455272,200,0.5,0.14,210,70,-206796.99905674605,126395.81655537387,8264.25,-206740.10492757324,126380.28689839903,8264.25,-0.27042000000000005,0.07528,74642.32,25963.99
6,UTS,Ref/IMG,4481,20,j:OK,K:\NINJA\E71a\ManualCheck\ScanData\UTS\ECC6\Ref\IMG\Event04481\PL020,0.9999746562207952,-0.015415078542465054,0.014799526245964739,1.0000493772229901,-118250.35773982704,-29738.6540590379,200,0.5,0.14,210,70,-9456.543310940633,2385.1937407332885,10738.75,-9245.401662114775,2305.1712477415167,10738.75,-0.9993600000000001,0.39583,109476.69,30422.12
6,UTS,Ref/IMG,4481,21,j:OK,K:\NINJA\E71a\ManualCheck\ScanData\UTS\ECC6\Ref\IMG\Event04481\PL021,1.0002584558300809,-0.00042181405806822765,-1.2681360556280515e-05,1.0001789271015311,-121373.93429968532,-26855.433810292954,200,0.5,0.14,210,70,-25572.464418329175,-401.51213674224215,10731.5,-25572.42424493136,-402.13594884506165,10731.5,-0.00019,0.0029700000000000004,95787.91,26449.78
6,UTS,Ref/IMG,4481,22,j:OK,K:\NINJA\E71a\ManualCheck\ScanData\UTS\ECC6\Ref\IMG\Event04481\PL022,1.0001316354966339,-0.0032784420731208825,0.002735971606109176,1.0002456771183585,-83466.32977249734,-28402.884603042654,200,0.5,0.14,210,70,13065.263009608749,-1274.0268081275854,6579.5,13066.185967286568,-1274.3099560007468,6579.5,-0.004390000000000001,0.00136,96607.85,26857.66
6,UTS,Ref/IMG,4634,86,j:OK,K:\NINJA\E71a\ManualCheck\ScanData\UTS\ECC6\Ref\IMG\Event04634\PL086,1.0002566402319961,0.009342685616343362,-0.01002609338442786,1.0006024409322958,44710.56730051158,-66968.62077700197,200,0.5,0.14,210,70,80587.68360605014,3801.6329702788744,13852.75,80528.56212446984,3642.9641929386275,13852.75,0.27438,0.7578600000000001,35146.38,70921.24
6,UTS,Ref/IMG,4634,87,j:OK,K:\NINJA\E71a\ManualCheck\ScanData\UTS\ECC6\Ref\IMG\Event04634\PL087,0.9997963829332833,0.008211170957624745,-0.008712388093283228,1.0012694402417959,42015.449763447796,-64298.525113329764,200,0.5,0.14,210,70,77483.27078194526,4513.700226919804,13859.5,77332.37804775915,4467.310644971956,13859.5,0.71682,0.22686,34757.590000000004,68981.09
6,UTS,Ref/IMG,4634,88,j:OK,K:\NINJA\E71a\ManualCheck\ScanData\UTS\ECC6\Ref\IMG\Event04634\PL088,1.0003769674120901,-0.0014137366256010704,0.0005426867276423646,1.0005463122598992,42269.9145613169,-67505.52513155378,200,0.5,0.14,210,70,72812.59226571686,8676.702291313979,13842.75,72811.8627007535,8699.421618229171,13842.75,0.0033200000000000005,-0.10813,30638.05,76146.72
6,UTS,Ref/IMG,4716,29,j:OK,K:\NINJA\E71a\ManualCheck\ScanData\UTS\ECC6\Ref\IMG\Event04716\PL029,1.0002987444317508,-0.005286148870706305,0.004728687973985561,1.0004798645256794,-3333.9217232167093,-26375.75931582104,200,0.5,0.14,210,70,76419.90667085748,19620.34315912344,-364,76546.6513398873,19594.073958378136,-364,-0.6026900000000001,0.12788000000000002,80097.53,45569.21
6,UTS,Ref/IMG,4716,30,j:OK,K:\NINJA\E71a\ManualCheck\ScanData\UTS\ECC6\Ref\IMG\Event04716\PL030,1.0000959111783232,-0.00037397914146340157,-2.6040456168751747e-05,1.0003164142307737,-3469.5725190385906,-24636.21254308056,200,0.5,0.14,210,70,87034.47941501561,16568.63723734665,-379.25,87039.66964995007,16578.167816810615,-379.25,-0.024730000000000002,-0.04537,90515.97,41203.700000000004
6,UTS,Ref/IMG,4716,31,j:OK,K:\NINJA\E71a\ManualCheck\ScanData\UTS\ECC6\Ref\IMG\Event04716\PL031,1.000299353537105,-0.00588880841694173,0.005424592845965897,1.0004677094192063,1048.8529037293135,-25845.84197430194,200,0.5,0.14,210,70,88070.55548526299,17855.52482102238,-379.75,88059.51518766134,17836.803430361215,-379.75,0.05308,0.08882000000000001,87238.88,43189.21
6,UTS,Ref/IMG,4716,32,j:OK,K:\NINJA\E71a\ManualCheck\ScanData\UTS\ECC6\Ref\IMG\Event04716\PL032,1.0001297252740697,-0.007465336522684204,0.00696929518317192,1.0003811228108082,1063.0205261669976,-25309.60745485424,200,0.5,0.14,210,70,90336.60984483232,19562.597320572764,-383.5,90307.63758341229,19482.327664648277,-383.5,0.14079,0.38111,89562.6,44150.92
6,UTS,Ref/IMG,4721,55,j:OK,K:\NINJA\E71a\ManualCheck\ScanData\UTS\ECC6\Ref\IMG\Event04721\PL055,1.0004134810138952,-0.007098839149569369,0.006628004195634915,1.0003674089409202,-56368.14955899686,-118888.69132206774,200,0.5,0.14,210,70,42148.49751415921,-79819.93737210197,7998.75,42371.564780585766,-79767.41884784566,7998.75,-1.0635100000000002,-0.24295000000000003,98971.75,38451.16
6,UTS,Ref/IMG,4721,57,j:OK,K:\NINJA\E71a\ManualCheck\ScanData\UTS\ECC6\Ref\IMG\Event04721\PL057,1.0002401489492776,-0.007408964705055517,0.007208288311009795,1.0004399224778247,-55061.433530809416,-119690.01927171148,200,0.5,0.14,210,70,-23011.670956544687,-81949.63845480426,8013.75,-23009.99195458234,-81954.82641898768,8013.75,-0.007810000000000001,0.02475,32321.41,37485.72
6,UTS,Ref/IMG,4891,22,j:OK,K:\NINJA\E71a\ManualCheck\ScanData\UTS\ECC6\Ref\IMG\Event04891\PL022,1.0001316354966339,-0.0032784420731208825,0.002735971606109176,1.0002456771183585,-83466.32977249734,-28402.884603042654,200,0.5,0.14,210,70,-68930.91184610275,1215.4844995845942,6532.25,-68934.63437651999,767.814650616423,6532.25,0.024710000000000003,2.13117,14625.25,29123.53
6,UTS,Ref/IMG,4891,23,j:OK,K:\NINJA\E71a\ManualCheck\ScanData\UTS\ECC6\Ref\IMG\Event04891\PL023,1.0000681724878215,-0.0016189959604446585,0.001304408324073787,1.0002626358607651,-24269.70073902957,-29649.36079180174,200,0.5,0.14,210,70,56698.35311744069,777.1996851732546,6592.5,56684.521578879336,816.104946550462,6592.5,0.06556000000000001,-0.18530000000000002,80997.84,30351.84
6,UTS,Ref/IMG,4891,25,j:OK,K:\NINJA\E71a\ManualCheck\ScanData\UTS\ECC6\Ref\IMG\Event04891\PL025,0.9999784486278599,-0.01509841031950949,0.014754538316329642,1.0001845616054827,-175240.93833988858,53979.30212012714,200,0.5,0.14,210,70,-98890.00274690814,90635.01793728568,13837.5,-98780.35350602599,90517.3849406334,13837.5,-0.51358,0.5676300000000001,76996.66,35395.5
6,UTS,Ref/IMG,5228,41,j:OK,K:\NINJA\E71a\ManualCheck\ScanData\UTS\ECC6\Ref\IMG\Event05228\PL041,1.0003337088546662,-0.0023338568187834703,0.0018920963947971425,1.0005234555139124,116954.3183194078,-25134.03352902233,200,0.5,0.14,210,70,233786.12166806584,45971.929968402976,-349.25,233887.3525297119,45698.26505877502,-349.25,-0.47885000000000005,1.30339,117058.68000000001,70573.87
6,UTS,Ref/IMG,5228,42,j:OK,K:\NINJA\E71a\ManualCheck\ScanData\UTS\ECC6\Ref\IMG\Event05228\PL042,0.9998837516892205,-0.014941299345235519,0.014595407697872527,1.0003945606840785,-188920.26414823858,22152.42038017736,200,0.5,0.14,210,70,-108314.66705203959,87751.7236784622,8271.5,-108351.5558215029,87865.24514645577,8271.5,0.16757000000000002,-0.54281,81541.86,64497.24
6,UTS,Ref/IMG,5228,44,j:OK,K:\NINJA\E71a\ManualCheck\ScanData\UTS\ECC6\Ref\IMG\Event05228\PL044,1.0003073220763203,-0.002561026471670646,0.0018832743493264502,1.0004651164560716,-168543.08961508362,-90556.06422394654,200,0.5,0.14,210,70,-87249.67970865832,-21633.01400415589,5330.25,-87393.278981978,-21693.51965146081,5330.25,0.6843300000000001,0.2867,81300.71,68677.49
6,UTS,Ref/IMG,5497,107,j:OK,K:\NINJA\E71a\ManualCheck\ScanData\UTS\ECC6\Ref\IMG\Event05497\PL107,1.0003550129816001,-0.00012699414296458595,-0.00010272007070658531,1.0005032500013318,-160894.37132801107,24332.114870768586,200,0.5,0.14,210,70,-78578.08739038865,29029.02345763141,8296.75,-78357.44990335975,28893.558276374595,8283,-1.0502,0.6446400000000001,82508.21,4567.62
6,UTS,Ref/IMG,5497,109,j:OK,K:\NINJA\E71a\ManualCheck\ScanData\UTS\ECC6\Ref\IMG\Event05497\PL109,1.0002335445899886,-0.015521007439921328,0.01520477284736756,1.0003772827993826,-150496.4072728879,23375.12508967584,200,0.5,0.14,210,70,-84048.72203273697,108636.86037542007,8266.5,-84033.67636366734,108630.86927620374,8266.5,-0.07117000000000001,0.0296,67753.68000000001,84193.8
6,UTS,Ref/IMG,5497,110,j:OK,K:\NINJA\E71a\ManualCheck\ScanData\UTS\ECC6\Ref\IMG\Event05497\PL110,1.0003788161966745,-0.009797335597202677,0.009279452641999024,1.0003651353335372,-148332.53366683522,22276.404750314807,200,0.5,0.14,210,70,-80572.43741056985,108218.740176729,8280,-80557.25726136217,108213.53825160758,8280,-0.07201,0.02543,68584.71,85269.57
6,UTS,Ref/IMG,5518,59,j:OK,K:\NINJA\E71a\ManualCheck\ScanData\UTS\ECC6\Ref\IMG\Event05518\PL059,1.0003961658118676,0.0025934461881126697,-0.00260287364459381,1.0004164890960474,-178287.76524717477,-279723.78741272434,200,0.5,0.14,210,70,-55395.35490952886,-211435.41925907476,8035.25,-55411.4175607213,-211423.10197333715,8015.25,0.07661000000000001,-0.05843,122649.87,68591.36
6,UTS,Ref/IMG,5518,60,j:OK,K:\NINJA\E71a\ManualCheck\ScanData\UTS\ECC6\Ref\IMG\Event05518\PL060,1.0001823185071879,-0.009849339892624058,0.009250313915038028,1.000488327192102,-176460.06001391367,-280307.34959129326,200,0.5,0.14,210,70,-56068.28024168004,-208263.99983666744,8007.5,-56027.71461714303,-208387.90322810478,8007.5,-0.18731,0.5914600000000001,121107.25,70764.61
6,UTS,Ref/IMG,5518,61,j:OK,K:\NINJA\E71a\ManualCheck\ScanData\UTS\ECC6\Ref\IMG\Event05518\PL061,1.0002722214581043,0.0016221182301478004,-0.0022595933635097968,1.0005040673191958,-167348.41053841513,-278133.5072819623,200,0.5,0.14,210,70,-47570.72003884031,-208223.03684496367,8016,-47570.25996595538,-208223.00846933108,8016,-0.00219,-0.00014000000000000001,119631.8,70145.46
6,UTS,Ref/IMG,5518,62,j:OK,K:\NINJA\E71a\ManualCheck\ScanData\UTS\ECC6\Ref\IMG\Event05518\PL062,1.000431410561307,-0.005938753316529932,0.0054243979973809375,1.0005339530553015,-177279.45066401016,-206289.45025780052,200,0.5,0.14,210,70,-56433.16903007271,-134195.40757242832,13243.5,-56436.11790859935,-134188.1240311063,13251,0.01383,-0.03474,121215.1,71405.68000000001
6,UTS,Ref/IMG,5573,23,j:OK,K:\NINJA\E71a\ManualCheck\ScanData\UTS\ECC6\Ref\IMG\Event05573\PL023,1.0000681724878215,-0.0016189959604446585,0.001304408324073787,1.0002626358607651,-24269.70073902957,-29649.36079180174,200,0.5,0.14,210,70,105598.91928821917,-8264.804753995906,6593.75,105375.24094640685,-7906.672335193922,6593.75,1.0623,-1.7063300000000001,129671.02,21567.88
6,UTS,Ref/IMG,5573,24,j:OK,K:\NINJA\E71a\ManualCheck\ScanData\UTS\ECC6\Ref\IMG\Event05573\PL024,1.0000586364133173,-0.006277480912513268,0.005881119427831448,1.0002043468166917,-129204.67820586223,-56041.516497019526,200,0.5,0.14,210,70,-30644.624206193366,-28216.256745785075,-374.75,-30630.707441999533,-28224.755474108624,-374.75,-0.06601,0.040850000000000004,98739.12,27230.5
6,UTS,Ref/IMG,5573,25,j:OK,K:\NINJA\E71a\ManualCheck\ScanData\UTS\ECC6\Ref\IMG\Event05573\PL025,0.9999784486278599,-0.01509841031950949,0.014754538316329642,1.0001845616054827,-175240.93833988858,53979.30212012714,200,0.5,0.14,210,70,-71521.34423724828,89262.31391217053,13853,-71534.10564793991,89105.59088304316,13853,0.07202,0.7451000000000001,104216.12,33582.43
6,UTS,Ref/IMG,5573,26,j:OK,K:\NINJA\E71a\ManualCheck\ScanData\UTS\ECC6\Ref\IMG\Event05573\PL026,1.000142755192872,-0.0014379242770616082,0.0011005512933449995,1.000280281361977,-173664.83564243562,57825.01143227994,200,0.5,0.14,210,70,-72927.13271891676,91224.52263606353,13860.25,-73001.54825509677,91380.6449655219,13851.500000000002,0.35324000000000005,-0.7436200000000001,100696.99,33435.44
6,UTS,Ref/IMG,5741,63,j:OK,K:\NINJA\E71a\ManualCheck\ScanData\UTS\ECC6\Ref\IMG\Event05741\PL063,1.0001293557217794,-0.013158963920215363,0.012401996290259069,1.0004503340983606,-176698.27791883305,-204979.8564203196,200,0.5,0.14,210,70,-108060.28857227326,-153247.67722170017,13246.75,-108047.69956751366,-153240.97139724827,13246.75,-0.06035000000000001,-0.031170000000000003,69310.83,50856.39
6,UTS,Ref/IMG,5741,64,j:OK,K:\NINJA\E71a\ManualCheck\ScanData\UTS\ECC6\Ref\IMG\Event05741\PL064,1.0000818101841256,-0.014238822306368996,0.013595043485986058,1.0004406022814019,-3567.01340375709,5500.33860679555,200,0.5,0.14,210,70,64667.79879363729,60695.765156863315,690.75,64832.24775527842,60692.15265851693,690.75,-0.78263,0.02783,69165.74,54227.61
6,UTS,Ref/IMG,5741,65,j:OK,K:\NINJA\E71a\ManualCheck\ScanData\UTS\ECC6\Ref\IMG\Event05741\PL065,0.9999360626453925,-0.000503601283231548,-0.00015405357622362271,1.000539544809333,-10330.832913472856,9609.23818656524,200,0.5,0.14,210,70,56743.98178208132,61409.02770419284,681.75,56728.717826955544,61413.263838565625,681.75,0.07268000000000001,-0.02015,67089.92,51786.42
6,UTS,Ref/IMG,5741,66,j:OK,K:\NINJA\E71a\ManualCheck\ScanData\UTS\ECC6\Ref\IMG\Event05741\PL066,1.0000952369183693,-0.005199290688652104,0.004787582953564063,1.000923728578767,-17576.729645022067,8612.089164924206,200,0.5,0.14,210,70,51981.03668910386,60498.82110896476,679.75,52005.837612427385,60463.4245756424,679.75,-0.11721000000000001,0.16896000000000003,69843.52,51469.41
6,UTS,Ref/IMG,6195,20,j:OK,K:\NINJA\E71a\ManualCheck\ScanData\UTS\ECC6\Ref\IMG\Event06195\PL020,1.0000946967515492,-0.008999372682178725,0.008356914885935573,1.0002977644485245,-117343.08375298372,-110621.11648187849,200,0.5,0.14,210,70,-58357.205896896245,-62480.36417072832,10726.25,-58527.418651608445,-62454.701091422154,10726.25,0.8093,-0.12893000000000002,59238.94,47657.17
6,UTS,Ref/IMG,6195,21,j:OK,K:\NINJA\E71a\ManualCheck\ScanData\UTS\ECC6\Ref\IMG\Event06195\PL021,1.0001497282432548,1.6153007741146255e-05,-0.0007423980978294925,1.0003901407071265,-121478.69374481584,-108898.61668970236,200,0.5,0.14,210,70,-57819.4823962312,-60805.40698545941,10731.5,-57799.194726653295,-60890.13338219907,10731.5,-0.0966,0.40323000000000003,63669.19,48037.01
6,UTS,Ref/IMG,6195,22,j:OK,K:\NINJA\E71a\ManualCheck\ScanData\UTS\ECC6\Ref\IMG\Event06195\PL022,1.00010725016582,-0.0023362653917062023,0.0016514607377143902,1.0003893617483726,-83505.34332686484,-110177.62869179854,200,0.5,0.14,210,70,-21548.881991569957,-60918.300895669185,6572.25,-21572.4629330412,-60907.713857792194,6572.25,0.11216000000000001,-0.05058000000000001,62041.05,49148.32
6,UTS,Ref/IMG,6471,21,j:OK,K:\NINJA\E71a\ManualCheck\ScanData\UTS\ECC6\Ref\IMG\Event06471\PL021,1.0001824505080315,-0.002443271090103322,0.0018739803746173512,1.00039487310221,-875.9957787609853,-187531.73679416985,200,0.5,0.14,210,70,24163.258645175138,-118617.29657079629,10739.75,24080.07988281375,-119054.58446080078,10739.75,0.4011,2.08075,25118.62,68403.07
6,UTS,Ref/IMG,6471,22,j:OK,K:\NINJA\E71a\ManualCheck\ScanData\UTS\ECC6\Ref\IMG\Event06471\PL022,1.0001610859149839,0.002507593203448269,-0.003023778573753849,1.0003606670650462,37267.496280001404,-188731.63767302467,200,0.5,0.14,210,70,88097.27779498507,-126942.50558976392,6609.25,88167.78287021059,-126921.40430104491,6595.5,-0.33543,-0.10146000000000001,50736.79,61941.31
6,UTS,Ref/IMG,6471,23,j:OK,K:\NINJA\E71a\ManualCheck\ScanData\UTS\ECC6\Ref\IMG\Event06471\PL023,1.0001205970571647,0.0035380089754281532,-0.003839139067869468,1.0003237996585772,95983.27766871698,-188794.74179852376,200,0.5,0.14,210,70,144070.8543518589,-129388.6763605996,6601.5,144105.56634291107,-129346.33538353072,6601.5,-0.16456,-0.20219,47905.6,59613.020000000004
6,UTS,Ref/IMG,6512,21,j:OK,K:\NINJA\E71a\ManualCheck\ScanData\UTS\ECC6\Ref\IMG\Event06512\PL021,1.0001824505080315,-0.002443271090103322,0.0018739803746173512,1.00039487310221,-875.9957787609853,-187531.73679416985,200,0.5,0.14,210,70,24163.258645175138,-118617.29657079629,10743.25,24080.07988281375,-119054.58446080078,10743.25,0.4011,2.08075,25118.62,68403.07
6,UTS,Ref/IMG,6512,22,j:OK,K:\NINJA\E71a\ManualCheck\ScanData\UTS\ECC6\Ref\IMG\Event06512\PL022,1.0001610859149839,0.002507593203448269,-0.003023778573753849,1.0003606670650462,37267.496280001404,-188731.63767302467,200,0.5,0.14,210,70,84718.12331962801,-128489.27826790333,6598.25,84706.82749947591,-128490.16215528698,6598.25,0.053770000000000005,0.004370000000000001,47280.35,60362.67
6,UTS,Ref/IMG,6512,23,j:OK,K:\NINJA\E71a\ManualCheck\ScanData\UTS\ECC6\Ref\IMG\Event06512\PL023,1.0001205970571647,0.0035380089754281532,-0.003839139067869468,1.0003237996585772,95983.27766871698,-188794.74179852376,200,0.5,0.14,210,70,144070.8543518589,-129388.6763605996,6603,144105.56634291107,-129346.33538353072,6603,-0.16456,-0.20219,47905.6,59613.020000000004
6,UTS,Ref/IMG,6517,21,j:OK,K:\NINJA\E71a\ManualCheck\ScanData\UTS\ECC6\Ref\IMG\Event06517\PL021,1.0001824505080315,-0.002443271090103322,0.0018739803746173512,1.00039487310221,-875.9957787609853,-187531.73679416985,200,0.5,0.14,210,70,24163.258645175138,-118617.29657079629,10741.5,24080.07988281375,-119054.58446080078,10741.5,0.4011,2.08075,25118.62,68403.07
6,UTS,Ref/IMG,6517,22,j:OK,K:\NINJA\E71a\ManualCheck\ScanData\UTS\ECC6\Ref\IMG\Event06517\PL022,1.0001610859149839,0.002507593203448269,-0.003023778573753849,1.0003606670650462,37267.496280001404,-188731.63767302467,200,0.5,0.14,210,70,88097.27779498507,-126942.50558976392,6601.25,88167.78287021059,-126921.40430104491,6601.25,-0.33543,-0.10146000000000001,50736.79,61941.31
6,UTS,Ref/IMG,6517,23,j:OK,K:\NINJA\E71a\ManualCheck\ScanData\UTS\ECC6\Ref\IMG\Event06517\PL023,1.0001205970571647,0.0035380089754281532,-0.003839139067869468,1.0003237996585772,95983.27766871698,-188794.74179852376,200,0.5,0.14,210,70,144070.8543518589,-129388.6763605996,6605.75,144105.56634291107,-129346.33538353072,6605.75,-0.16456,-0.20219,47905.6,59613.020000000004
6,UTS,Ref/IMG,6533,27,j:OK,K:\NINJA\E71a\ManualCheck\ScanData\UTS\ECC6\Ref\IMG\Event06533\PL027,1.0001790353228779,-0.003983769224545447,0.0036894181377502048,1.0002891144296944,623.5148518190134,56000.04823829437,200,0.5,0.14,210,70,127754.57120699243,67024.43877221085,-368.5,127862.43242223012,67536.7831331147,-368.5,-0.52324,-2.4371,127260.21,11064.02
6,UTS,Ref/IMG,6533,28,j:OK,K:\NINJA\E71a\ManualCheck\ScanData\UTS\ECC6\Ref\IMG\Event06533\PL028,1.000319084382992,-0.0036974786280431094,0.0033247115038997103,1.0002059765969098,-737.1244464229582,56622.63375737168,200,0.5,0.14,210,70,101978.40791478692,60660.61039901126,-370.25,102031.84387444051,60715.58055821826,-370.25,-0.25534,-0.26086000000000004,102750.05,3750.56
6,UTS,Ref/IMG,6568,69,j:OK,K:\NINJA\E71a\ManualCheck\ScanData\UTS\ECC6\Ref\IMG\Event06568\PL069,1.0002903896014856,-0.00039350434473141185,7.595121438198754e-05,1.000492086878189,-21489.38618342718,170537.05800710784,200,0.5,0.14,210,70,44856.040169164684,180590.69771309305,653.75,44918.77655458897,180399.51893826947,653.75,-0.2983,0.90995,66392.76,9852.57
6,UTS,Ref/IMG,6568,70,j:OK,K:\NINJA\E71a\ManualCheck\ScanData\UTS\ECC6\Ref\IMG\Event06568\PL070,1.000383019112453,-0.006514431815276666,0.006048024097415071,1.0003362933554294,-13630.785418282654,167712.95833602172,200,0.5,0.14,210,70,76871.57387069568,180732.92131445563,668,76872.61928134353,180772.08423944304,668,-0.00619,-0.18639000000000003,90550.2,12507.27
6,UTS,Ref/IMG,6568,71,j:OK,K:\NINJA\E71a\ManualCheck\ScanData\UTS\ECC6\Ref\IMG\Event06568\PL071,1.000184690879067,-0.010154233424827172,0.009811005702626297,1.0002622029649737,-93573.21411292805,-10564.391755644905,200,0.5,0.14,210,70,-4333.555734390511,-932.369351405974,10875,-4424.053984257887,-924.0599399100047,10875,0.43042,-0.043780000000000006,89221.66,8762.68
6,UTS,Ref/IMG,6568,72,j:OK,K:\NINJA\E71a\ManualCheck\ScanData\UTS\ECC6\Ref\IMG\Event06568\PL072,1.000321675058596,-0.004163828808060831,0.0038756293456425283,1.0004360973291175,-98301.26393944514,-14754.724653276018,200,0.5,0.14,210,70,-6909.550571411469,752.7501652496137,10881.75,-6922.384002941268,768.9491884617546,10881.75,0.060770000000000005,-0.07734,91412.61,15162.78
6,UTS,Ref/IMG,6597,19,j:OK,K:\NINJA\E71a\ManualCheck\ScanData\UTS\ECC6\Ref\IMG\Event06597\PL019,1.0001591402701357,0.008425564312854095,-0.00853416591916967,1.0001878675578066,6469.684512570299,-26889.202077783524,200,0.5,0.14,210,70,54306.21455456331,13831.774483549692,10718.25,54375.02355989545,14472.998523915025,10718.25,-0.30187,-3.0554500000000004,47545.92,41760.12
6,UTS,Ref/IMG,6597,20,j:OK,K:\NINJA\E71a\ManualCheck\ScanData\UTS\ECC6\Ref\IMG\Event06597\PL020,1.0000046993109577,-0.017123438068347416,0.01656788635023646,1.0001214458388046,1761.175480325427,-28459.355896847712,200,0.5,0.14,210,70,74629.00864290498,15191.121945824669,10729,74513.52182857573,15199.69392875284,10729,0.54908,-0.04991,73478.66,42436.51
6,UTS,Ref/IMG,6597,21,j:OK,K:\NINJA\E71a\ManualCheck\ScanData\UTS\ECC6\Ref\IMG\Event06597\PL021,1.0001222377077303,-0.0003444653679567591,-0.00028386276663514346,1.0002766551737954,-372.65834913685023,-26952.554787410634,200,0.5,0.14,210,70,75581.01602794658,15698.541103104737,10725.25,75580.92184553178,15697.58536558575,10725.25,0.00045000000000000004,0.00455,75958.99,42659.9
6,UTS,Ref/IMG,6597,22,j:OK,K:\NINJA\E71a\ManualCheck\ScanData\UTS\ECC6\Ref\IMG\Event06597\PL022,1.0001138356265,-0.003030266853803102,0.002715766034006466,1.0002622453085297,37212.51016110978,-28081.96437977004,200,0.5,0.14,210,70,114226.9889167438,13838.54060580833,6579.75,114214.65661844026,13855.044889809178,6579.75,0.058480000000000004,-0.07873000000000001,77119.78,41716.63
6,UTS,Ref/IMG,6611,19,j:OK,K:\NINJA\E71a\ManualCheck\ScanData\UTS\ECC6\Ref\IMG\Event06611\PL019,1.0001591402701357,0.008425564312854095,-0.00853416591916967,1.0001878675578066,6469.684512570299,-26889.202077783524,200,0.5,0.14,210,70,60855.92188780614,8218.071457997761,10719.75,60879.8737125817,8539.477401888824,10719.75,-0.10114000000000001,-1.5310800000000002,54099.24,35883.63
6,UTS,Ref/IMG,6611,20,j:OK,K:\NINJA\E71a\ManualCheck\ScanData\UTS\ECC6\Ref\IMG\Event06611\PL020,1.0000046993109577,-0.017123438068347416,0.01656788635023646,1.0001214458388046,1761.175480325427,-28459.355896847712,200,0.5,0.14,210,70,50924.60487019855,8827.5403505581,10731.75,50906.22672130668,8810.483680613801,10731.75,0.08888,0.07974,49768.81,36440.85
6,UTS,Ref/IMG,6611,21,j:OK,K:\NINJA\E71a\ManualCheck\ScanData\UTS\ECC6\Ref\IMG\Event06611\PL021,1.0001222377077303,-0.0003444653679567591,-0.00028386276663514346,1.0002766551737954,-372.65834913685023,-26952.554787410634,200,0.5,0.14,210,70,47279.27232652354,6380.246580686135,10732.75,47286.4969973111,6344.26788326454,10732.75,-0.03434,0.17127,47664.8,33301.14
6,UTS,Ref/IMG,6611,22,j:OK,K:\NINJA\E71a\ManualCheck\ScanData\UTS\ECC6\Ref\IMG\Event06611\PL022,1.0001138356265,-0.003030266853803102,0.002715766034006466,1.0002622453085297,37212.51016110978,-28081.96437977004,200,0.5,0.14,210,70,87696.2416327604,5121.819677342994,6585.25,87757.41512895537,5285.653647244377,6585.25,-0.29363,-0.7791600000000001,50639.81,33221.38
6,UTS,Ref/IMG,6956,22,j:OK,K:\NINJA\E71a\ManualCheck\ScanData\UTS\ECC6\Ref\IMG\Event06956\PL022,1.00010725016582,-0.0023362653917062023,0.0016514607377143902,1.0003893617483726,-83505.34332686484,-110177.62869179854,200,0.5,0.14,210,70,-10120.438652627914,-39780.24688223574,6570.75,-10102.689002870437,-39760.70930451168,6570.75,-0.08473000000000001,-0.09286000000000001,73558.93000000001,70268.08
6,UTS,Ref/IMG,6956,23,j:OK,K:\NINJA\E71a\ManualCheck\ScanData\UTS\ECC6\Ref\IMG\Event06956\PL023,1.0000518096084448,-0.0020187191009871115,0.001681911927312103,1.0002458129603207,-25228.840256397696,-110070.18630409229,200,0.5,0.14,210,70,52443.130362526914,-39782.76757488205,6593.5,52455.42715337456,-39766.42162645921,6593.5,-0.058710000000000005,-0.07772000000000001,77821.86,70155.63
6,UTS,Ref/IMG,6956,24,j:OK,K:\NINJA\E71a\ManualCheck\ScanData\UTS\ECC6\Ref\IMG\Event06956\PL024,1.0000158331818334,0.0012661376981683435,-0.0016205625503091558,1.0002390304530042,-129443.66296771212,-136842.236308945,200,0.5,0.14,210,70,-55298.57884128613,-66910.39422877687,-388.25,-55306.27595546657,-66894.18055043744,-388.25,0.036750000000000005,-0.07713,74047.52,70051.31
6,UTS,Ref/IMG,7169,91,j:OK,K:\NINJA\E71a\ManualCheck\ScanData\UTS\ECC6\Ref\IMG\Event07169\PL091,1.000369848009914,-0.0006856763553397464,-0.00033702932617053267,1.0005666701846103,40512.301909893125,-65743.90725040018,200,0.5,0.14,210,70,164722.1507915832,-43289.23403875394,13843.75,164835.80589586275,-43232.46456977118,13843.75,-0.5412,-0.27036000000000004,124292.99,22540.56
6,UTS,Ref/IMG,7169,93,j:OK,K:\NINJA\E71a\ManualCheck\ScanData\UTS\ECC6\Ref\IMG\Event07169\PL093,1.000347168173607,-0.004502779654833256,0.0034717554110893435,1.0005790233979368,41956.343620263055,-65112.73328417574,200,0.5,0.14,210,70,71498.14308511914,-3254.519548520103,13856.5,71525.86401795103,-3278.6339299044853,13856.5,-0.13144,0.11522,29836.96,61694.79
6,UTS,Ref/IMG,7169,94,j:OK,K:\NINJA\E71a\ManualCheck\ScanData\UTS\ECC6\Ref\IMG\Event07169\PL094,1.0004183660470145,0.004126736077795933,-0.004774776534025518,1.000570862258454,42078.376608950464,-66350.37123467185,200,0.5,0.14,210,70,81986.54765373413,567.8577614422907,13864,82006.04929499571,554.3230510209833,13864,-0.09309,0.06397,39634.37,67055.66
6,UTS,Ref/IMG,7265,61,j:OK,K:\NINJA\E71a\ManualCheck\ScanData\UTS\ECC6\Ref\IMG\Event07265\PL061,1.0002115960367168,-0.0038419665461027477,0.003277076950511975,1.0005710936756096,-47116.925958784836,-199566.14262821057,200,0.5,0.14,210,70,60446.24142463641,-150160.37569505878,8010.5,60721.429104367286,-150209.817341925,8010.5,-1.30922,0.23959000000000003,108003.66,48974.42
6,UTS,Ref/IMG,7265,62,j:OK,K:\NINJA\E71a\ManualCheck\ScanData\UTS\ECC6\Ref\IMG\Event07265\PL062,1.0003878082366298,0.0008871639502192771,-0.0015638919825474687,1.0004178925086145,-57943.98724437169,-127505.12576837964,200,0.5,0.14,210,70,-14049.660496996554,-77464.04148180183,13253.75,-14042.57487949953,-77549.82100451764,13253.75,-0.03409,0.40825000000000006,43840.05,50002.97
6,UTS,Ref/IMG,7265,63,j:OK,K:\NINJA\E71a\ManualCheck\ScanData\UTS\ECC6\Ref\IMG\Event07265\PL063,1.0002859816166876,-0.006368183050152834,0.005702116365621709,1.0004971982720174,-56883.58018439222,-125729.57613481785,200,0.5,0.14,210,70,-13644.00819372865,-77270.36728158387,13262,-13671.385053729522,-77358.02449997133,13262,0.13298000000000001,0.41645000000000004,43506.06,48099.56
6,UTS,Ref/IMG,7265,64,j:OK,K:\NINJA\E71a\ManualCheck\ScanData\UTS\ECC6\Ref\IMG\Event07265\PL064,1.0003013998111172,-0.014631704767059384,0.013832973649374419,1.0004084910419622,115705.82177542527,86503.47860647569,200,0.5,0.14,210,70,161751.33889857045,138457.14268859706,705.75,161892.80657393747,138466.10049168544,705.75,-0.6739400000000001,-0.03332,46923.340000000004,51292.58
6,UTS,Ref/IMG,7506,123,j:OK,K:\NINJA\E71a\ManualCheck\ScanData\UTS\ECC6\Ref\IMG\Event07506\PL123,1.0004041774938819,0.0037196632477291395,-0.003949603850524952,1.0005361295491253,-171492.31171909455,102809.15697881521,200,0.5,0.14,210,70,-102874.4766283545,140984.013442547,8284.25,-103247.0544225162,141070.6358595906,8284.25,1.7749700000000002,-0.40526,68074.5,38509.700000000004
6,UTS,Ref/IMG,7506,124,j:OK,K:\NINJA\E71a\ManualCheck\ScanData\UTS\ECC6\Ref\IMG\Event07506\PL124,1.0003796018223077,-0.006736190787551902,0.006515846251008254,1.0005458445267108,-176764.79005531827,100343.4520600393,200,0.5,0.14,210,70,-101658.10164218032,143390.63148876754,8284.25,-101745.25499332817,143299.5214632569,8284.25,0.41776,0.43090000000000006,75276.86,42442.41
6,UTS,Ref/IMG,7506,126,j:OK,K:\NINJA\E71a\ManualCheck\ScanData\UTS\ECC6\Ref\IMG\Event07506\PL126,1.000423222539313,-0.005790506809599499,0.004824369791979419,1.0003621097534092,-183619.30854998602,99896.46206112919,200,0.5,0.14,210,70,-107923.24434821606,144109.38015328706,8279.5,-107815.26832551853,144094.87369036904,8279.5,-0.51354,0.07153000000000001,76025.58,43815.770000000004
6,UTS,Ref/IMG,7535,77,j:OK,K:\NINJA\E71a\ManualCheck\ScanData\UTS\ECC6\Ref\IMG\Event07535\PL077,1.0000281815838736,0.009597137701784952,-0.010170465699265092,1.0004998840371833,33718.32325917334,-171622.5245532903,200,0.5,0.14,210,70,149136.69811168537,-114124.54799281002,10923.5,149178.12813074328,-113849.52216523566,10923.5,-0.1847,-1.3108700000000002,114891.18000000001,58912.05
6,UTS,Ref/IMG,7535,78,j:OK,K:\NINJA\E71a\ManualCheck\ScanData\UTS\ECC6\Ref\IMG\Event07535\PL078,1.0001099672199203,0.017851535021716537,-0.01809648079833995,1.000261402642401,-178651.83521037077,-56272.63103154461,200,0.5,0.14,210,70,-124223.03584571581,-1403.6862985854773,8293.5,-124098.92374665587,-1450.8415744118174,8279.75,-0.5947600000000001,0.21373000000000003,53551.33,55776.3
6,UTS,Ref/IMG,7535,80,j:OK,K:\NINJA\E71a\ManualCheck\ScanData\UTS\ECC6\Ref\IMG\Event07535\PL080,1.0003580496233733,-0.002894484738005186,0.0018403270497330119,1.0004577632731042,133389.30024794012,-133977.20901113117,200,0.5,0.14,210,70,188487.39094251944,-74652.53637758587,10383.75,188474.65785604107,-74653.13756967559,10383.75,0.06062000000000001,0.0027500000000000003,55236.92,59195.32
6,UTS,Ref/IMG,7667,47,j:OK,K:\NINJA\E71a\ManualCheck\ScanData\UTS\ECC6\Ref\IMG\Event07667\PL047,1.000286553407472,0.00012367600649733107,-0.0005083738091638043,1.0004177653670696,-288602.3117792522,-169414.11424352496,200,0.5,0.14,210,70,-170631.20360988216,-105932.53802739152,5335,-170648.9269087157,-105919.75778595838,5324.75,0.08438000000000001,-0.060790000000000004,117911.74,63527.76
6,UTS,Ref/IMG,7667,48,j:OK,K:\NINJA\E71a\ManualCheck\ScanData\UTS\ECC6\Ref\IMG\Event07667\PL048,1.0001316123263033,0.002372097374091303,-0.0025500461209206076,1.0004246270127162,-134983.1448878363,-213343.06976608737,200,0.5,0.14,210,70,-18657.272835625434,-149142.08902127313,-351.25,-18657.738238820253,-149129.32484029117,-351.25,0.00236,-0.060750000000000005,116157.16,64482.57
6,UTS,Ref/IMG,7667,49,j:OK,K:\NINJA\E71a\ManualCheck\ScanData\UTS\ECC6\Ref\IMG\Event07667\PL049,1.0002127065277113,-0.013642728567113663,0.013218424053249127,1.0002252353137684,-33721.14617002367,-210533.65020990238,200,0.5,0.14,210,70,82546.51637839037,-144008.58721594006,6493.25,82580.97790087802,-144002.5498230465,6493.25,-0.16443000000000002,-0.026570000000000003,117163.54000000001,64967.75
6,UTS,Ref/IMG,7667,50,j:OK,K:\NINJA\E71a\ManualCheck\ScanData\UTS\ECC6\Ref\IMG\Event07667\PL050,1.0003399915920064,-0.00401362068919658,0.003636164461481113,1.0003642179716985,-32874.06558279861,-209165.97887829045,200,0.5,0.14,210,70,78716.79768942829,-146054.35466682055,6490,78721.03743154275,-146082.21471108525,6490,-0.01965,0.13269,111808.56,62654.39
6,UTS,Ref/IMG,7766,25,j:OK,K:\NINJA\E71a\ManualCheck\ScanData\UTS\ECC6\Ref\IMG\Event07766\PL025,1.0001573990959087,-0.005361376673992702,0.00507132639999005,1.0003175362233572,-174505.03330666918,-21803.518982256614,200,0.5,0.14,210,70,-158983.93517186012,3997.6243018932796,13814,-159139.55885125286,3587.254965269811,13814,0.7514000000000001,1.94971,15498.7,25304.14
6,UTS,Ref/IMG,7766,26,j:OK,K:\NINJA\E71a\ManualCheck\ScanData\UTS\ECC6\Ref\IMG\Event07766\PL026,1.0001186117133387,-0.005613401782042315,0.005223887620839336,1.0003678809176428,-174094.04957456715,-21610.982358179976,200,0.5,0.14,210,70,-94206.74622318624,-2032.681094513333,13851,-94176.18863651776,-2021.1076522584044,13851,-0.1458,-0.05433,80015.95,19164.83
6,UTS,Ref/IMG,7766,27,j:OK,K:\NINJA\E71a\ManualCheck\ScanData\UTS\ECC6\Ref\IMG\Event07766\PL027,1.000130027248733,-0.0029389345612640836,0.0025624762294941834,1.0003755708285393,791.9273908984652,-24998.344818789454,200,0.5,0.14,210,70,79654.46127233776,97.49185143928452,-363.25,79650.95663904113,127.97815035886015,-363.25,0.01626,-0.14516,78921.99,24914.73
6,UTS,Ref/IMG,7766,28,j:OK,K:\NINJA\E71a\ManualCheck\ScanData\UTS\ECC6\Ref\IMG\Event07766\PL028,1.0001333171183582,-0.0008010204586089783,0.00033303159776285144,1.000369843741865,-21.543724202573852,-25129.910727042785,200,0.5,0.14,210,70,78142.68092206413,-5674.009901403418,-368.75,78171.73511427226,-5638.5517117165655,-368.75,-0.13847,-0.16874,78198.44,19458.12
6,UTS,Ref/IMG,7799,47,j:OK,K:\NINJA\E71a\ManualCheck\ScanData\UTS\ECC6\Ref\IMG\Event07799\PL047,1.000286553407472,0.00012367600649733107,-0.0005083738091638043,1.0004177653670696,-288602.3117792522,-169414.11424352496,200,0.5,0.14,210,70,-231459.28898741122,-120311.29283253223,5306.25,-231488.80902712152,-120398.52726966911,5306.25,0.14048000000000002,0.41530000000000006,57091.08,49024.130000000005
6,UTS,Ref/IMG,7799,48,j:OK,K:\NINJA\E71a\ManualCheck\ScanData\UTS\ECC6\Ref\IMG\Event07799\PL048,1.0001316123263033,0.002372097374091303,-0.0025500461209206076,1.0004246270127162,-134983.1448878363,-213343.06976608737,200,0.5,0.14,210,70,-77487.25569434144,-166318.37068027872,-369.5,-77492.59114838476,-166433.82698503003,-384,0.024100000000000003,0.54962,57371.43,47035.57
6,UTS,Ref/IMG,7799,49,j:OK,K:\NINJA\E71a\ManualCheck\ScanData\UTS\ECC6\Ref\IMG\Event07799\PL049,1.0002127065277113,-0.013642728567113663,0.013218424053249127,1.0002252353137684,-33721.14617002367,-210533.65020990238,200,0.5,0.14,210,70,22287.790334366582,-159365.91677150482,6475,22286.78930271767,-159347.51183461756,6475,0.0035700000000000003,-0.08767000000000001,56683.82,50425.51
6,UTS,Ref/IMG,7799,50,j:OK,K:\NINJA\E71a\ManualCheck\ScanData\UTS\ECC6\Ref\IMG\Event07799\PL050,1.0003399915920064,-0.00401362068919658,0.003636164461481113,1.0003642179716985,-32874.06558279861,-209165.97887829045,200,0.5,0.14,210,70,22408.39010956308,-159475.3296418853,6468.75,22383.917635995327,-159568.30527039617,6468.75,0.11827000000000001,0.44215000000000004,55437.32,49378.11
6,UTS,Ref/IMG,7803,25,j:OK,K:\NINJA\E71a\ManualCheck\ScanData\UTS\ECC6\Ref\IMG\Event07803\PL025,0.9999784486278599,-0.01509841031950949,0.014754538316329642,1.0001845616054827,-175240.93833988858,53979.30212012714,200,0.5,0.14,210,70,-100732.10729682865,82153.94987446646,13839.5,-100725.06768512823,82153.87727107138,13839.5,-0.033510000000000005,0.00084,74926.11,27064.08
6,UTS,Ref/IMG,7803,26,j:OK,K:\NINJA\E71a\ManualCheck\ScanData\UTS\ECC6\Ref\IMG\Event07803\PL026,1.000142755192872,-0.0014379242770616082,0.0011005512933449995,1.000280281361977,-173664.83564243562,57825.01143227994,200,0.5,0.14,210,70,-102077.4221806103,85634.9267052311,13838.25,-102059.33596163329,85650.64433057242,13838.25,-0.08622,-0.07473,71635.16,27739.02
6,UTS,Ref/IMG,7803,27,j:OK,K:\NINJA\E71a\ManualCheck\ScanData\UTS\ECC6\Ref\IMG\Event07803\PL027,1.0001790353228779,-0.003983769224545447,0.0036894181377502048,1.0002891144296944,623.5148518190134,56000.04823829437,200,0.5,0.14,210,70,73109.28648674527,87274.84367626799,-389.5,73087.67907985128,87272.33773488885,-389.5,0.10292000000000001,0.011550000000000001,72574.65000000001,30995.57
6,UTS,Ref/IMG,7982,53,j:OK,K:\NINJA\E71a\ManualCheck\ScanData\UTS\ECC6\Ref\IMG\Event07982\PL053,1.0002314865702682,-0.007004066864735625,0.006361423026905967,1.0004519992112848,-56825.860512821615,-200670.43244925997,200,0.5,0.14,210,70,40631.07640500437,-154424.43953564795,8004.250000000001,40686.55803353147,-154639.43095021817,8004.250000000001,-0.25696,1.0249400000000002,97807.68000000001,45388.29
6,UTS,Ref/IMG,7982,54,j:OK,K:\NINJA\E71a\ManualCheck\ScanData\UTS\ECC6\Ref\IMG\Event07982\PL054,1.0001401683164215,0.06195476075638727,-0.005136260716210434,0.9033041819868117,-54781.827400023954,-197200.1743679249,200,0.5,0.14,210,70,10048.58833941911,-160978.294282033,8002.499999999999,10051.418626059836,-160978.96538908756,8002.499999999999,-0.01369,0.0034600000000000004,62318.26,40452.92
6,UTS,Ref/IMG,7982,55,j:OK,K:\NINJA\E71a\ManualCheck\ScanData\UTS\ECC6\Ref\IMG\Event07982\PL055,1.0002464330374603,-0.003526068638120072,0.002780252138742288,1.0005855328703857,-56082.412221322134,-200374.45165436075,200,0.5,0.14,210,70,4726.40038158344,-156612.8840002933,8010,4742.304254286151,-156488.50461751677,8010,-0.07780000000000001,-0.59172,60963.75,43690.87
6,UTS,Ref/IMG,8047,57,j:OK,K:\NINJA\E71a\ManualCheck\ScanData\UTS\ECC6\Ref\IMG\Event08047\PL057,1.0002670469647876,-0.0003156588694374665,7.050675447476177e-05,1.0006112297200067,-174090.17076664258,-200683.68530194517,200,0.5,0.14,210,70,-85935.53853342192,-140063.6134574548,8007.249999999999,-86149.9509544959,-139678.13338019207,7990.749999999999,1.0201600000000002,-1.8345700000000003,87935.98,60962.090000000004
6,UTS,Ref/IMG,8047,59,j:OK,K:\NINJA\E71a\ManualCheck\ScanData\UTS\ECC6\Ref\IMG\Event08047\PL059,1.0002039326979544,0.005539246750375501,-0.005769950032413848,1.0005107684543664,-177981.440710436,-200188.65528760536,200,0.5,0.14,210,70,-128995.95955090152,-145529.7727067585,7978,-128972.25865668242,-145489.7545506901,7978,-0.11178,-0.19111,48694.86,54951.8
6,UTS,Ref/IMG,8047,60,j:OK,K:\NINJA\E71a\ManualCheck\ScanData\UTS\ECC6\Ref\IMG\Event08047\PL060,1.0002212794459802,-0.007191464314147272,0.0065693568284133875,1.000404919919829,-177464.3430798796,-201272.38163644815,200,0.5,0.14,210,70,-129011.31400671724,-147430.7371978027,7988.5,-129158.15571730885,-147412.6628354281,7975.750000000001,0.6984400000000001,-0.09062,48680.29,53518.25
6,UTS,Ref/IMG,8134,21,j:OK,K:\NINJA\E71a\ManualCheck\ScanData\UTS\ECC6\Ref\IMG\Event08134\PL021,1.0001716311504865,0.0007494150353227159,-0.0012517374655268633,1.0004045953224565,-644.5502697407468,-108873.21844405215,200,0.5,0.14,210,70,31542.953537541107,-69388.58746584407,10746.25,31540.417112873587,-69160.39399021298,10746.25,0.01289,-1.0861800000000001,32149.670000000002,39736.99
6,UTS,Ref/IMG,8134,22,j:OK,K:\NINJA\E71a\ManualCheck\ScanData\UTS\ECC6\Ref\IMG\Event08134\PL022,1.0001456835453726,0.00023345484880227035,-0.0008119705325878093,1.0003998850472828,37455.85465066183,-109982.63565990092,200,0.5,0.14,210,70,76303.57550690915,-68206.38422493801,6601.25,76292.85914292283,-68109.9574658459,6601.25,0.05113,-0.45895,38821.57,41887.450000000004
6,UTS,Ref/IMG,8189,35,j:OK,K:\NINJA\E71a\ManualCheck\ScanData\UTS\ECC6\Ref\IMG\Event08189\PL035,1.0001742556570157,0.00791569021026166,-0.008209176552781335,1.0003515522792876,559.4142133920253,-101106.27091126067,200,0.5,0.14,210,70,96668.41724946785,-31551.677019709645,-370.75,96710.84625066804,-31333.08891229103,-370.75,-0.19376000000000002,-1.0421200000000002,95576.46,70532.99
6,UTS,Ref/IMG,8189,36,j:OK,K:\NINJA\E71a\ManualCheck\ScanData\UTS\ECC6\Ref\IMG\Event08189\PL036,1.0002637853062193,0.004061407365542404,-0.004351830150632375,1.0003732946441808,-1225.713260942387,-103611.11847784204,200,0.5,0.14,210,70,95024.44910244358,-32788.52532016178,-372.25,95039.87680219175,-32812.60692632799,-372.25,-0.07391,0.11431000000000001,95951.15000000001,71189.5
6,UTS,Ref/IMG,8189,37,j:OK,K:\NINJA\E71a\ManualCheck\ScanData\UTS\ECC6\Ref\IMG\Event08189\PL037,1.000053371634043,-0.006129662546437024,0.005434092153264148,1.000433866896245,38.220692110249594,-102549.13762543145,200,0.5,0.14,210,70,95123.11778672725,-33752.87723647565,-358.25,95009.22013650958,-33685.598728662575,-358.25,0.5403600000000001,-0.32317,95384.66,68315.57
6,UTS,Ref/IMG,8189,38,j:OK,K:\NINJA\E71a\ManualCheck\ScanData\UTS\ECC6\Ref\IMG\Event08189\PL038,1.0002952325176024,-0.0017745596570578474,0.0011203426701947017,1.0004041575540479,-103.52694536214155,-104562.00643473449,200,0.5,0.14,210,70,97061.0359216178,-36885.96420588989,-363,97081.32152448983,-36943.92082423428,-363,-0.09608000000000001,0.27598,97275.88,67481.83
6,UTS,Ref/IMG,8219,21,j:OK,K:\NINJA\E71a\ManualCheck\ScanData\UTS\ECC6\Ref\IMG\Event08219\PL021,1.0001497282432548,1.6153007741146255e-05,-0.0007423980978294925,1.0003901407071265,-121478.69374481584,-108898.61668970236,200,0.5,0.14,210,70,-64648.89715857325,-66025.66157912138,10727,-64711.82323633836,-66066.33294998776,10727,0.29960000000000003,0.19382000000000002,56757.68,42857.700000000004
6,UTS,Ref/IMG,8219,22,j:OK,K:\NINJA\E71a\ManualCheck\ScanData\UTS\ECC6\Ref\IMG\Event08219\PL022,1.00010725016582,-0.0023362653917062023,0.0016514607377143902,1.0003893617483726,-83505.34332686484,-110177.62869179854,200,0.5,0.14,210,70,-16508.602215880746,-61797.59125388764,6575.75,-16553.828467248168,-61732.91428364698,6575.75,0.21462,-0.30822000000000005,67057.2,48315.16
6,UTS,Ref/IMG,8219,23,j:OK,K:\NINJA\E71a\ManualCheck\ScanData\UTS\ECC6\Ref\IMG\Event08219\PL023,1.0000518096084448,-0.0020187191009871115,0.001681911927312103,1.0002458129603207,-25228.840256397696,-110070.18630409229,200,0.5,0.14,210,70,40972.54428576572,-65193.50886915336,6601.5,40993.26806736719,-65163.251685611016,6601.5,-0.09897,-0.14388,66309.08,44784.4
6,UTS,Ref/IMG,8219,24,j:OK,K:\NINJA\E71a\ManualCheck\ScanData\UTS\ECC6\Ref\IMG\Event08219\PL024,1.0000158331818334,0.0012661376981683435,-0.0016205625503091558,1.0002390304530042,-129443.66296771212,-136842.236308945,200,0.5,0.14,210,70,-65193.90547997874,-91605.18019217167,-385.25,-65173.97326456957,-91606.23964062947,-385.25,-0.09492,0.00489,64211.28,45329.22
6,UTS,Ref/IMG,8346,49,j:OK,K:\NINJA\E71a\ManualCheck\ScanData\UTS\ECC6\Ref\IMG\Event08346\PL049,1.00030844242109,-0.003766523852105607,0.0034140428741604506,1.000266587415455,-35401.183605334314,-132361.68246786078,200,0.5,0.14,210,70,25884.574812582818,-89982.56649248891,6472,25756.02392580262,-89728.15153833601,6472,0.6073900000000001,-1.2132500000000002,61298.05,42412.950000000004
6,UTS,Ref/IMG,8346,50,j:OK,K:\NINJA\E71a\ManualCheck\ScanData\UTS\ECC6\Ref\IMG\Event08346\PL050,1.0003261186605124,0.0011120306721241835,-0.0015172369231528937,1.0004608060216993,-33158.18749881488,-130622.03080921729,200,0.5,0.14,210,70,44235.16420942051,-92012.19129982337,6482.5,44342.86746880129,-91943.28522857235,6482.5,-0.51234,-0.32875000000000004,77432.68000000001,38778.36
6,UTS,Ref/IMG,8346,51,j:OK,K:\NINJA\E71a\ManualCheck\ScanData\UTS\ECC6\Ref\IMG\Event08346\PL051,1.000320671197572,-0.0012043651742494046,0.0008489105878565078,1.0003673361186167,-36221.94004654312,-131892.06056684826,200,0.5,0.14,210,70,41577.02427445299,-92630.30252055552,6490.75,41562.940990394294,-92621.28324667102,6490.75,0.06699000000000001,-0.04299,77807.13,39190.33
6,UTS,Ref/IMG,8346,52,j:OK,K:\NINJA\E71a\ManualCheck\ScanData\UTS\ECC6\Ref\IMG\Event08346\PL052,1.000210044619986,-0.006304432444035197,0.00585911833398728,1.0003935567664506,-169404.331820715,-199644.60047095089,200,0.5,0.14,210,70,-93804.53659851501,-163221.2825722932,7983.5,-93705.56040001809,-163135.91659713586,7983.5,-0.47376,-0.40357000000000004,75910.1,36049.73
6,UTS,Ref/IMG,8371,57,j:OK,K:\NINJA\E71a\ManualCheck\ScanData\UTS\ECC6\Ref\IMG\Event08371\PL057,1.0003323619127744,-0.0016181715397742442,0.0013044900044595594,1.0004967736074897,-53639.218144863815,-279189.28281204484,200,0.5,0.14,210,70,72419.77100797079,-229266.43634645944,8010.75,72656.1861724669,-229094.99981717623,7997,-1.12673,-0.81449,126334.17,49904.69
6,UTS,Ref/IMG,8371,59,j:OK,K:\NINJA\E71a\ManualCheck\ScanData\UTS\ECC6\Ref\IMG\Event08371\PL059,1.0003435243169871,0.00679589391736547,-0.00708298115457189,1.0004598628500347,-57578.532285940164,-279233.71969900606,200,0.5,0.14,210,70,-19652.757701471608,-235527.87276584507,8023.5,-19631.10263588331,-235507.80122695104,8011.000000000001,-0.10243000000000001,-0.09626000000000001,37635.67,43972.270000000004
6,UTS,Ref/IMG,8371,60,j:OK,K:\NINJA\E71a\ManualCheck\ScanData\UTS\ECC6\Ref\IMG\Event08371\PL060,1.0002490933425672,-0.002066967648188209,0.00110657145938134,1.0004710340659493,-56363.45301782213,-278946.77996105835,200,0.5,0.14,210,70,-14861.457403318142,-234301.50335720726,8010.999999999999,-14950.098570313867,-234354.90994065703,8010.999999999999,0.42252000000000006,0.25373,41495.05,44524.98
6,UTS,Ref/IMG,8426,59,j:OK,K:\NINJA\E71a\ManualCheck\ScanData\UTS\ECC6\Ref\IMG\Event08426\PL059,1.000262866507342,0.00037265126771170837,-0.0006305074378889262,1.0003800807533054,-57051.95847149188,-119862.4526929979,200,0.5,0.14,210,70,-28220.97361068783,-69426.9156253438,8010.999999999999,-28169.44642581316,-69447.77542302295,8010.999999999999,-0.24534000000000003,0.09914,28856.14,50413.71
6,UTS,Ref/IMG,8426,60,j:OK,K:\NINJA\E71a\ManualCheck\ScanData\UTS\ECC6\Ref\IMG\Event08426\PL060,1.0002951582341113,-0.011295830150950557,0.01071218630910078,1.000316980290057,-57754.53940963539,-119494.85449424322,200,0.5,0.14,210,70,22035.735085697906,-73400.79641953045,8004.5,22021.3703653404,-73388.05270570942,8004.5,0.06769,-0.06139000000000001,80263.16,45232.67
6,UTS,Ref/IMG,8426,61,j:OK,K:\NINJA\E71a\ManualCheck\ScanData\UTS\ECC6\Ref\IMG\Event08426\PL061,1.0003541222410808,-0.003305106699467907,0.0027271107850010573,1.0005117669316848,-47229.32723080302,-123028.84931325607,200,0.5,0.14,210,70,32951.31505392592,-73639.23450468686,8002.25,32909.17410680946,-73613.90304205893,8002.25,0.20020000000000002,-0.12111000000000001,80272.59,49170.87
6,UTS,Ref/IMG,8426,62,j:OK,K:\NINJA\E71a\ManualCheck\ScanData\UTS\ECC6\Ref\IMG\Event08426\PL062,1.0003255599065382,-0.006132441002146777,0.0056987246170884485,1.0002046064609682,-58134.62054298721,-46031.52482396599,200,0.5,0.14,210,70,23922.32876033987,74.69373197101666,13232.75,23945.655939949116,92.44984437309176,13232.75,-0.11156,-0.0839,82333.39,45645.44
6,UTS,Ref/IMG,8431,20,j:OK,K:\NINJA\E71a\ManualCheck\ScanData\UTS\ECC6\Ref\IMG\Event08431\PL020,0.9999746562207952,-0.015415078542465054,0.014799526245964739,1.0000493772229901,-118250.35773982704,-29738.6540590379,200,0.5,0.14,210,70,-44295.72571966873,8358.88618460953,10725,-44184.62655069791,8200.323193149918,10725,-0.5173000000000001,0.76268,74635.40000000001,36832.590000000004
6,UTS,Ref/IMG,8431,21,j:OK,K:\NINJA\E71a\ManualCheck\ScanData\UTS\ECC6\Ref\IMG\Event08431\PL021,1.0002584558300809,-0.00042181405806822765,-1.2681360556280515e-05,1.0001789271015311,-121373.93429968532,-26855.433810292954,200,0.5,0.14,210,70,-43490.9023447783,11648.860482179944,10726.75,-43478.44322285329,11651.937374674926,10726.75,-0.059320000000000005,-0.014650000000000002,77891.6,38501.47
6,UTS,Ref/IMG,8431,22,j:OK,K:\NINJA\E71a\ManualCheck\ScanData\UTS\ECC6\Ref\IMG\Event08431\PL022,1.0001316354966339,-0.0032784420731208825,0.002735971606109176,1.0002456771183585,-83466.32977249734,-28402.884603042654,200,0.5,0.14,210,70,-6258.957405616855,8111.875261055634,6565,-6262.32375507291,8103.415600708391,6565,0.01616,0.04023,77312.79000000001,36285.86
6,UTS,Ref/IMG,8497,25,j:OK,K:\NINJA\E71a\ManualCheck\ScanData\UTS\ECC6\Ref\IMG\Event08497\PL025,1.0001025641725991,-0.0022747604582778152,0.0020631249862181574,1.0003411992232638,-53591.49248517289,-99779.63421629686,200,0.5,0.14,210,70,19653.607471920932,-56663.39246309184,13857,19703.902832326057,-56614.99931098479,13857,-0.24000000000000002,-0.22987000000000002,73385.68000000001,42998.56
6,UTS,Ref/IMG,8497,26,j:OK,K:\NINJA\E71a\ManualCheck\ScanData\UTS\ECC6\Ref\IMG\Event08497\PL026,1.0002198349096978,0.007870417559164556,-0.008155691147653304,1.0003407797446267,-53577.83036743973,-99807.57932625321,200,0.5,0.14,210,70,18776.607180520867,-57613.467389518075,13858,18744.025736840198,-57555.68254051513,13858,0.15727000000000002,-0.27379000000000003,71968.99,42824.26
6,UTS,Ref/IMG,8497,27,j:OK,K:\NINJA\E71a\ManualCheck\ScanData\UTS\ECC6\Ref\IMG\Event08497\PL027,1.0001147274980071,0.013531683898129499,-0.014140367857944827,1.0002064516216747,120342.11497683612,-102906.50517634428,200,0.5,0.14,210,70,194311.6892358534,-61642.80519501559,-355.75,194277.7163066666,-61568.83974165853,-355.75,0.16649000000000003,-0.34979000000000005,73353.90000000001,42366.17
6,UTS,Ref/IMG,8669,53,j:OK,K:\NINJA\E71a\ManualCheck\ScanData\UTS\ECC6\Ref\IMG\Event08669\PL053,1.0001499472172326,-0.0026218290268988746,0.0019838403090942642,1.0005136122654616,-177050.54955808874,-201070.88835142797,200,0.5,0.14,210,70,-136197.16928737273,-203152.0954365933,7973.5,-136166.46997601617,-203150.05321578783,7973.5,-0.14619000000000001,-0.009430000000000001,40872.29,-2159.14
6,UTS,Ref/IMG,8669,54,j:OK,K:\NINJA\E71a\ManualCheck\ScanData\UTS\ECC6\Ref\IMG\Event08669\PL054,1.0001440815416844,0.005015128187985587,-0.0056137060888063525,1.000611070681335,-174016.94020132866,-198841.37496287664,200,0.5,0.14,210,70,-117103.7100482978,-191732.28894812733,7977.25,-117107.72011771974,-191739.08949866917,7977.25,0.018930000000000002,0.032470000000000006,56863.83,7416.97
6,UTS,Ref/IMG,8669,55,j:OK,K:\NINJA\E71a\ManualCheck\ScanData\UTS\ECC6\Ref\IMG\Event08669\PL055,1.0002698983138731,-0.0063945903259001674,0.005791644108891507,1.0004925662323951,-176783.53901498747,-201278.47473040002,200,0.5,0.14,210,70,-118586.8387620977,-193779.91228630644,7991.25,-118447.40786366306,-193779.02302668465,7991.25,-0.66378,-0.00039000000000000005,58366.15,7157.89
6,UTS,Ref/IMG,8671,119,j:OK,K:\NINJA\E71a\ManualCheck\ScanData\UTS\ECC6\Ref\IMG\Event08671\PL119,1.0004192047603693,-0.00513568830239741,0.004805961508319916,1.0005399362309093,-283833.4743007898,-55418.98034170906,200,0.5,0.14,210,70,-225016.51325792712,12815.136695106188,8278.25,-225007.09735651454,12822.597012855855,8278.25,-0.045000000000000005,-0.03529,59150.4,67920.63
6,UTS,Ref/IMG,8671,120,j:OK,K:\NINJA\E71a\ManualCheck\ScanData\UTS\ECC6\Ref\IMG\Event08671\PL120,1.0003413721424148,-0.006884370646392823,0.006217735466589079,1.0003151056480373,-297919.7976024664,-55580.938160688296,200,0.5,0.14,210,70,-237317.2236172323,13439.311909327971,8266.5,-237309.0671454994,13443.114549130463,8266.5,-0.038950000000000005,-0.01786,61062.31,68622.76
6,UTS,Ref/IMG,8671,121,j:OK,K:\NINJA\E71a\ManualCheck\ScanData\UTS\ECC6\Ref\IMG\Event08671\PL121,1.0003964151982552,-0.0023933169232738757,0.0019078939801812256,1.0004824385630209,-297080.1347941423,-55360.65408453268,200,0.5,0.14,210,70,-236073.6469802735,12015.116197083156,8253.25,-236172.72566053612,11941.708700082745,8253.25,0.47245000000000004,0.34849,61043.93,67153.5
6,UTS,Ref/IMG,8671,122,j:OK,K:\NINJA\E71a\ManualCheck\ScanData\UTS\ECC6\Ref\IMG\Event08671\PL122,1.0003437795443868,-0.010844869568086998,0.010541946133547598,1.0004469873760895,-294570.10668190103,-57223.55232929792,200,0.5,0.14,210,70,-236877.5771622069,12043.265106854622,8254,-236823.87868341932,11943.644698349877,8254,-0.25045,0.47681,58469.22,68520.19
6,UTS,Ref/IMG,8711,81,j:OK,K:\NINJA\E71a\ManualCheck\ScanData\UTS\ECC6\Ref\IMG\Event08711\PL081,1.0004760087734763,-0.004753803116629167,0.0035844534506613663,1.0004405442329947,136807.6430799198,-132860.14932229143,200,0.5,0.14,210,70,159476.318097467,-90126.2832726817,10409.5,159664.5475798832,-90460.96427423494,10409.5,-0.8883200000000001,1.5962,23047.010000000002,42297.94
6,UTS,Ref/IMG,8711,82,j:OK,K:\NINJA\E71a\ManualCheck\ScanData\UTS\ECC6\Ref\IMG\Event08711\PL082,1.0003912043753451,0.004744952314564405,-0.005082837261263154,1.0007047801079985,135807.30725975198,-134635.75552308094,200,0.5,0.14,210,70,164815.36100229222,-89023.58856353773,10400.25,164843.62629926266,-88989.88071929541,10400.25,-0.13378,-0.16108,28807.920000000002,45760.05
6,UTS,Ref/IMG,8711,83,j:OK,K:\NINJA\E71a\ManualCheck\ScanData\UTS\ECC6\Ref\IMG\Event08711\PL083,1.00053203376763,0.0037953726177186644,-0.0043922320875913684,1.0006085644828877,135570.388188693,-130676.64699382518,200,0.5,0.14,210,70,160420.20939327765,-87880.78431752566,10413,160411.01694033472,-87870.79004405007,10413,0.043930000000000004,-0.04737,24664.73,42888.090000000004
6,UTS,Ref/IMG,8711,84,j:OK,K:\NINJA\E71a\ManualCheck\ScanData\UTS\ECC6\Ref\IMG\Event08711\PL084,1.0002940241495946,0.013264850543534136,-0.013774727504472284,1.000211149771872,44645.77068332404,-143757.2505065622,200,0.5,0.14,210,70,72178.81006524227,-101550.92611392958,13853.75,72330.20151634891,-101543.8260612431,13853.75,-0.7201200000000001,-0.04372,27111.670000000002,42577.89
6,UTS,Ref/IMG,8719,101,j:OK,K:\NINJA\E71a\ManualCheck\ScanData\UTS\ECC6\Ref\IMG\Event08719\PL101,1.00058494309958,0.00867224165474017,-0.009677478240626404,1.000470595166551,40509.43772228906,-145957.35872472214,200,0.5,0.14,210,70,165373.15416581795,-90020.08673259887,13837.75,165619.3278529119,-89837.72910486319,13837.75,-1.16395,-0.8792200000000001,124540.14,57297.9
6,UTS,Ref/IMG,8719,102,j:OK,K:\NINJA\E71a\ManualCheck\ScanData\UTS\ECC6\Ref\IMG\Event08719\PL102,1.0002588857105814,0.003971761323944216,-0.004904712270544957,1.0003414377476028,-172862.34120981238,-54097.405966843115,200,0.5,0.14,210,70,-133008.53098593673,-2138.6507153683415,8288.5,-133022.56993312633,-2258.404906286487,8288.5,0.06457,0.57038,39622.92,52015.58
6,UTS,Ref/IMG,8719,104,j:OK,K:\NINJA\E71a\ManualCheck\ScanData\UTS\ECC6\Ref\IMG\Event08719\PL104,1.0006240523282788,-0.002565269094290485,0.0016683339919185847,1.0004965655365392,-175336.72511428682,-55250.14909378603,200,0.5,0.14,210,70,-130124.38887508634,1708.1675759795228,8275.5,-130125.17260406537,1808.9474194982686,8275.5,0.0025,-0.47967000000000004,45329.37,56955.19
6,UTS,Ref/IMG,8742,44,j:OK,K:\NINJA\E71a\ManualCheck\ScanData\UTS\ECC6\Ref\IMG\Event08742\PL044,1.0003073220763203,-0.002561026471670646,0.0018832743493264502,1.0004651164560716,-168543.08961508362,-90556.06422394654,200,0.5,0.14,210,70,-98204.72026489393,-21402.855315056673,5327.75,-98191.0068301126,-21361.963201223072,5327.75,-0.06578,-0.19451000000000002,70507.2,69029.21
6,UTS,Ref/IMG,8742,45,j:OK,K:\NINJA\E71a\ManualCheck\ScanData\UTS\ECC6\Ref\IMG\Event08742\PL045,1.0000400446003093,-0.002018530122058903,0.0015641721829344195,1.0005155515825062,-178756.45584964348,24877.110157843712,200,0.5,0.14,210,70,-107971.69683048296,91172.03570848524,8276,-108007.84945767003,91199.92575044151,8276,0.17188,-0.13301000000000002,70879.35,66177.83
6,UTS,Ref/IMG,8742,46,j:OK,K:\NINJA\E71a\ManualCheck\ScanData\UTS\ECC6\Ref\IMG\Event08742\PL046,1.0002728944435464,0.0023137892103770783,-0.002916875234056319,1.0007011518576663,-166945.31374199482,-89779.81900345701,200,0.5,0.14,210,70,-102924.69709097335,-20803.302375048093,5331.5,-102916.0393689765,-20762.80885874995,5331.5,-0.04077,-0.19281,63851.840000000004,69154.77
6,UTS,Ref/IMG,9344,25,j:OK,K:\NINJA\E71a\ManualCheck\ScanData\UTS\ECC6\Ref\IMG\Event09344\PL025,1.0001573990959087,-0.005361376673992702,0.00507132639999005,1.0003175362233572,-174505.03330666918,-21803.518982256614,200,0.5,0.14,210,70,-75726.7563914845,4770.9806071971125,13860.25,-75657.24267561348,4662.168960239003,13860.25,-0.32818,0.5196500000000001,98971.37,25955.53
6,UTS,Ref/IMG,9344,26,j:OK,K:\NINJA\E71a\ManualCheck\ScanData\UTS\ECC6\Ref\IMG\Event09344\PL026,1.0001186117133387,-0.005613401782042315,0.005223887620839336,1.0003678809176428,-174094.04957456715,-21610.982358179976,200,0.5,0.14,210,70,-75212.08628702619,4933.716777157564,13861.25,-75212.57304958717,4924.642832924994,13861.25,0.00256,0.04318,99015.73,26008.81
6,UTS,Ref/IMG,9344,27,j:OK,K:\NINJA\E71a\ManualCheck\ScanData\UTS\ECC6\Ref\IMG\Event09344\PL027,1.000130027248733,-0.0029389345612640836,0.0025624762294941834,1.0003755708285393,791.9273908984652,-24998.344818789454,200,0.5,0.14,210,70,99851.70000807101,4142.5014026814,-351.75,99828.15712330646,4296.461565215817,-351.75,0.10994000000000001,-0.7331500000000001,99108.66,29029.940000000002
6,UTS,Ref/IMG,9456,26,j:OK,K:\NINJA\E71a\ManualCheck\ScanData\UTS\ECC6\Ref\IMG\Event09456\PL026,1.0001186117133387,-0.005613401782042315,0.005223887620839336,1.0003678809176428,-174094.04957456715,-21610.982358179976,200,0.5,0.14,210,70,-87279.9877335952,3688.4229841099745,13850.25,-86940.61763141824,3252.774629971005,13850.25,-1.60417,2.0821300000000003,87280.04000000001,24398.84
6,UTS,Ref/IMG,9456,27,j:OK,K:\NINJA\E71a\ManualCheck\ScanData\UTS\ECC6\Ref\IMG\Event09456\PL027,1.000130027248733,-0.0029389345612640836,0.0025624762294941834,1.0003755708285393,791.9273908984652,-24998.344818789454,200,0.5,0.14,210,70,51700.88022712234,-75.92220486582232,-378.5,51752.35244208718,-101.0924152250409,-378.5,-0.24472000000000002,0.12044,51026.55,24757.2
6,UTS,Ref/IMG,9456,28,j:OK,K:\NINJA\E71a\ManualCheck\ScanData\UTS\ECC6\Ref\IMG\Event09456\PL028,1.0001333171183582,-0.0008010204586089783,0.00033303159776285144,1.000369843741865,-21.543724202573852,-25129.910727042785,200,0.5,0.14,210,70,54124.13893105989,-6473.478191680526,-377.5,54144.24869605611,-6441.476658142881,-377.5,-0.09587000000000001,-0.15230000000000002,54173.520000000004,18663.49
6,UTS,Ref/IMG,9723,67,j:OK,K:\NINJA\E71a\ManualCheck\ScanData\UTS\ECC6\Ref\IMG\Event09723\PL067,1.0002424646907782,0.011127316494235323,-0.011654260614145826,1.0003951776558566,-24942.772955110497,90252.24813407914,200,0.5,0.14,210,70,95050.20996285841,116502.47029263117,692.5,94998.67566494124,116070.33404847136,692.5,0.22243000000000002,2.0595700000000003,119609.77,27201.3
6,UTS,Ref/IMG,9723,68,j:OK,K:\NINJA\E71a\ManualCheck\ScanData\UTS\ECC6\Ref\IMG\Event09723\PL068,1.0002779258020555,0.0016643639114957602,-0.0019388949996989953,1.0004958407290618,-17280.663540536876,87852.36459663376,200,0.5,0.14,210,70,94336.73001540142,111008.6806275137,701,94422.7556620413,111106.01091242819,701,-0.40876,-0.46404000000000006,111633.35,23458.46
6,UTS,Ref/IMG,9723,69,j:OK,K:\NINJA\E71a\ManualCheck\ScanData\UTS\ECC6\Ref\IMG\Event09723\PL069,1.0002223425272598,0.01249829012719938,-0.01290899460262296,1.0003702484316221,-22081.8289103208,89619.79349086704,200,0.5,0.14,210,70,88021.28111910631,111871.40214919511,682.25,88139.29774165523,111881.96883487643,682.25,-0.5611400000000001,-0.05754000000000001,109900.83,23672.12
6,UTS,Ref/IMG,9723,70,j:OK,K:\NINJA\E71a\ManualCheck\ScanData\UTS\ECC6\Ref\IMG\Event09723\PL070,1.000373379806054,0.0012302300685841008,-0.0018089208040052871,1.0004392635010615,-14306.347791291064,86860.25978421791,200,0.5,0.14,210,70,100755.26218504293,107750.34089622331,686.5,100781.29849174184,107771.84302570554,686.5,-0.12381,-0.10257000000000001,115018.73,21110.37
6,UTS,Ref/IMG,9960,119,j:OK,K:\NINJA\E71a\ManualCheck\ScanData\UTS\ECC6\Ref\IMG\Event09960\PL119,1.0004192047603693,-0.00513568830239741,0.004805961508319916,1.0005399362309093,-283833.4743007898,-55418.98034170906,200,0.5,0.14,210,70,-183101.83128698368,20001.353015247234,8290.25,-183102.38408465014,20111.914749928255,8290.25,-7.000000000000001e-05,-0.5262,101073.92,75004.64
6,UTS,Ref/IMG,9960,120,j:OK,K:\NINJA\E71a\ManualCheck\ScanData\UTS\ECC6\Ref\IMG\Event09960\PL120,1.0003413721424148,-0.006884370646392823,0.006217735466589079,1.0003151056480373,-297919.7976024664,-55580.938160688296,200,0.5,0.14,210,70,-198937.16449662598,22535.59954265898,8281,-198943.38867985975,22647.858632113348,8281,0.02595,-0.53456,99476.58,77585.83
6,UTS,Ref/IMG,10057,82,j:OK,K:\NINJA\E71a\ManualCheck\ScanData\UTS\ECC6\Ref\IMG\Event10057\PL082,1.000258407190447,-0.000849479044263381,0.00010324217126572826,1.0006985009901153,15357.137336194759,-55669.67952745538,200,0.5,0.14,210,70,75237.01911305769,11536.871148989054,10379.25,75166.24478025861,11493.205866303753,10379.25,0.33711,0.20775000000000002,59850.65,67109.83
6,UTS,Ref/IMG,10057,83,j:OK,K:\NINJA\E71a\ManualCheck\ScanData\UTS\ECC6\Ref\IMG\Event10057\PL083,1.0002585717071337,-0.0017382000040560223,0.0009637472067778097,1.0007071678547081,15929.284639898713,-54246.28357903817,200,0.5,0.14,210,70,72579.07765916182,11100.8628554932,10382,72508.60485967717,11057.018846695937,10382,0.33586000000000005,0.20831000000000002,56678,65202.57
6,UTS,Ref/IMG,10057,84,j:OK,K:\NINJA\E71a\ManualCheck\ScanData\UTS\ECC6\Ref\IMG\Event10057\PL084,1.0003145441859096,0.0012017237648633777,-0.001831270118673544,1.000514483433167,-74801.59072954465,-66792.89676795506,200,0.5,0.14,210,70,-16721.697855992184,-892.2751122470328,13817.25,-16792.95717207859,-936.4586427014729,13817.25,0.33897000000000005,0.21091000000000001,57911.19,65928.57
6,UTS,Ref/IMG,10234,49,j:OK,K:\NINJA\E71a\ManualCheck\ScanData\UTS\ECC6\Ref\IMG\Event10234\PL049,1.000283422702145,0.001528420620023347,-0.0016933677055200212,1.000296500712732,83642.05994691352,-130931.55907489883,200,0.5,0.14,210,70,168459.59397903376,-46440.42777899205,6486.25,168441.7116349325,-46190.174889943446,6486.25,0.08695000000000001,-1.1911800000000001,84645.96,84859.56
6,UTS,Ref/IMG,10234,50,j:OK,K:\NINJA\E71a\ManualCheck\ScanData\UTS\ECC6\Ref\IMG\Event10234\PL050,1.0003106828672426,0.00812095958358931,-0.008299074783191257,1.0004269260057046,86834.37619173457,-129672.00420501993,200,0.5,0.14,210,70,125407.88765632747,-46576.10698878983,6485.5,125319.65140774228,-46667.820610461014,6485.5,0.41647,0.44000000000000006,37797.200000000004,83282.31
6,UTS,Ref/IMG,10234,51,j:OK,K:\NINJA\E71a\ManualCheck\ScanData\UTS\ECC6\Ref\IMG\Event10234\PL051,1.0004129095022192,-0.005321271152813248,0.005086521005628741,1.0003893845077085,84387.52680670783,-131172.077654864,200,0.5,0.14,210,70,124621.44972150867,-44690.81110707236,6497.5,124646.02518749084,-44800.398024444905,6497.5,-0.11420000000000001,0.52222,40700.020000000004,86131.12
6,UTS,Ref/IMG,10234,52,j:OK,K:\NINJA\E71a\ManualCheck\ScanData\UTS\ECC6\Ref\IMG\Event10234\PL052,1.0002447681210347,0.0014888037581145593,-0.0018404198020325418,1.0004190088186744,-49452.43850983515,-199068.7895239084,200,0.5,0.14,210,70,-11410.820975845449,-114858.48525988686,8001.5,-11457.656304590084,-114837.33980634571,8001.5,0.22312,-0.10024000000000001,37860.06,84265.82
6,UTS,Ref/IMG,10810,25,j:OK,K:\NINJA\E71a\ManualCheck\ScanData\UTS\ECC6\Ref\IMG\Event10810\PL025,1.0001573990959087,-0.005361376673992702,0.00507132639999005,1.0003175362233572,-174505.03330666918,-21803.518982256614,200,0.5,0.14,210,70,-87958.91022042577,27699.371077826603,13839.5,-87942.71477422657,27711.639496723506,13839.5,-0.07742,-0.058010000000000006,86811.68000000001,49059.33
6,UTS,Ref/IMG,10810,26,j:OK,K:\NINJA\E71a\ManualCheck\ScanData\UTS\ECC6\Ref\IMG\Event10810\PL026,1.0001186117133387,-0.005613401782042315,0.005223887620839336,1.0003678809176428,-174094.04957456715,-21610.982358179976,200,0.5,0.14,210,70,-85758.41987553338,28141.502321952856,13854.25,-85783.08634407393,27988.48948077388,13854.25,0.12153000000000001,0.7277300000000001,88576.18000000001,49118.69
6,UTS,Ref/IMG,10810,27,j:OK,K:\NINJA\E71a\ManualCheck\ScanData\UTS\ECC6\Ref\IMG\Event10810\PL027,1.000130027248733,-0.0029389345612640836,0.0025624762294941834,1.0003755708285393,791.9273908984652,-24998.344818789454,200,0.5,0.14,210,70,89849.4216236028,25526.11489062162,-366,89856.79278140274,25680.112243266063,-366,-0.037250000000000005,-0.7329500000000001,89201.48,50430.94
6,UTS,Ref/IMG,11863,26,j:OK,K:\NINJA\E71a\ManualCheck\ScanData\UTS\ECC6\Ref\IMG\Event11863\PL026,1.0001408336189863,0.0027350488394464597,-0.0029859711372325123,1.0002971544539565,-54116.6725859725,56177.03316853282,200,0.5,0.14,210,70,25527.385436037825,104991.67601647814,13862.5,25551.30506214431,105060.50353302834,13852.75,-0.11299000000000001,-0.32799,79522.47,49106.33
6,UTS,Ref/IMG,11863,27,j:OK,K:\NINJA\E71a\ManualCheck\ScanData\UTS\ECC6\Ref\IMG\Event11863\PL027,1.0001803812155907,-0.003719534501366539,0.0032194924536352717,1.0002881718997358,120608.973517064,55655.4954806849,200,0.5,0.14,210,70,176380.69139809234,106620.00669642762,-357.75,176399.38343603976,106624.37945846363,-357.75,-0.08907000000000001,-0.020530000000000003,55969.17,50774.06
6,UTS,Ref/IMG,11863,28,j:OK,K:\NINJA\E71a\ManualCheck\ScanData\UTS\ECC6\Ref\IMG\Event11863\PL028,1.0001344069132672,-0.002556138892281319,0.0020084980735295584,1.0002484777651266,120760.13361242237,57353.96337989293,200,0.5,0.14,210,70,175659.5707652777,105450.69069152653,-354.25,175608.7120077895,105497.60057528377,-354.25,0.24158000000000002,-0.22381,54963.94,48021.31
6,UTS,Ref/IMG,12560,28,j:OK,K:\NINJA\E71a\ManualCheck\ScanData\UTS\ECC6\Ref\IMG\Event12560\PL028,1.000203038292742,-0.0018880341213631919,0.0013816022565486994,1.0003464037449605,120425.90703339856,-25033.302705789603,200,0.5,0.14,210,70,142504.61755411004,-6319.266302682252,-346,142462.26084459297,-6561.079256627407,-346,0.20383,1.15081,22066.68,18435.350000000002
6,UTS,Ref/IMG,12599,19,j:OK,K:\NINJA\E71a\ManualCheck\ScanData\UTS\ECC6\Ref\IMG\Event12599\PL019,1.0001360905572803,0.01470487940761762,-0.014871915247027056,1.0001606003731354,5037.897081698562,-187313.77765653926,200,0.5,0.14,210,70,83258.36106664153,-106246.08230961763,10727.25,83359.91020414958,-106282.00548087744,10727.25,-0.48591000000000006,0.16381,77103.29000000001,82165.25
6,UTS,Ref/IMG,12599,20,j:OK,K:\NINJA\E71a\ManualCheck\ScanData\UTS\ECC6\Ref\IMG\Event12599\PL020,1.0003793700294354,-0.0015081343239208653,0.0006795497695934266,1.0002839290701304,3500.812923030398,-187372.20370413963,200,0.5,0.14,210,70,85162.67604088264,-104391.5998705792,10730.25,85148.95008485318,-104400.40019882636,10730.25,0.0654,0.041850000000000005,81742.14,82892.72
6,UTS,Ref/IMG,12599,21,j:OK,K:\NINJA\E71a\ManualCheck\ScanData\UTS\ECC6\Ref\IMG\Event12599\PL021,1.0001824505080315,-0.002443271090103322,0.0018739803746173512,1.00039487310221,-875.9957787609853,-187531.73679416985,200,0.5,0.14,210,70,80977.84291088833,-109041.34878760506,10735.75,80899.6539578297,-108988.13818040621,10735.75,0.37164,-0.25398000000000004,81952.15000000001,78359.08
6,UTS,Ref/IMG,13423,25,j:OK,K:\NINJA\E71a\ManualCheck\ScanData\UTS\ECC6\Ref\IMG\Event13423\PL025,0.9999343815360164,-0.009846114435974069,0.009614009038722796,1.0002736860775139,-55496.31498216168,56417.32629785963,200,0.5,0.14,210,70,7661.559767332721,78732.32119330666,13858.25,7546.837587751819,78849.8803743284,13858.25,0.5407700000000001,-0.5648500000000001,63262.130000000005,21818.38
6,UTS,Ref/IMG,13423,26,j:OK,K:\NINJA\E71a\ManualCheck\ScanData\UTS\ECC6\Ref\IMG\Event13423\PL026,1.0001408336189863,0.0027350488394464597,-0.0029859711372325123,1.0002971544539565,-54116.6725859725,56177.03316853282,200,0.5,0.14,210,70,7295.706058514975,75614.19900918203,13856,7149.811717884055,75610.24634471998,13856,0.6945800000000001,0.020890000000000002,61204.23,19610.14
6,UTS,Ref/IMG,13423,27,j:OK,K:\NINJA\E71a\ManualCheck\ScanData\UTS\ECC6\Ref\IMG\Event13423\PL027,1.0001803812155907,-0.003719534501366539,0.0032194924536352717,1.0002881718997358,120608.973517064,55655.4954806849,200,0.5,0.14,210,70,185604.59460607948,74134.3429427294,-357,185601.64426584938,74142.0553628418,-357,0.01391,-0.03676,65048.9,18271.87
4,FTS,IMG,212,69,j:OK,K:\NINJA\E71a\ManualCheck\ScanData\FTS\ECC4\IMG\Event00212\PL069,1.000264807809173,0.00672223279477887,-0.00679722553744764,1.0002298899698865,138087.26351426318,-123463.90301967319,200,0.5,0.156,210,70,158375.1779267844,-43731.661267741234,4878,158384.00627523387,-43768.33434683387,4858.75,-0.0432,0.1743,19755,79811.5
4,FTS,IMG,450,38,j:OK,K:\NINJA\E71a\ManualCheck\ScanData\FTS\ECC4\IMG\Event00450\PL038,1.0003222648805719,-0.004341627151260192,0.004136121625958913,1.0002872168512378,63900.76011010286,-12682.99002001731,200,0.5,0.156,210,70,105739.06404573932,24883.48337779238,-347.75,105780.20596639212,24929.594506435267,-347.75,-0.1968,-0.2187,42028.4,37428
4,FTS,IMG,450,40,j:OK,K:\NINJA\E71a\ManualCheck\ScanData\FTS\ECC4\IMG\Event00450\PL040,1.000312406889977,-0.004481337586108871,0.003735506980188199,1.000316128114039,-177271.59702598007,-37855.04923230983,200,0.5,0.156,210,70,-131919.53207750738,957.3743777678357,4845.25,-131878.18766800602,1003.6391151821955,4833.250000000001,-0.1978,-0.2195,45552.5,38676.3
4,FTS,IMG,633,63,j:OK,K:\NINJA\E71a\ManualCheck\ScanData\FTS\ECC4\IMG\Event00633\PL063,1.0002902267204279,0.001230729425936403,-0.001458907569773898,1.000331613563519,-104242.2380205572,-108063.37204891311,200,0.5,0.156,210,70,-17589.022084237695,-80716.10290437283,4842.75,-17595.792888861062,-80745.55744967659,4842.75,0.032060000000000005,0.14026000000000002,86587.55,27435.04
4,FTS,IMG,633,66,j:OK,K:\NINJA\E71a\ManualCheck\ScanData\FTS\ECC4\IMG\Event00633\PL066,1.0003783577137582,0.00580331708720807,-0.005959793744026955,1.000424845190119,21582.42741847233,-48909.544475601804,200,0.5,0.156,210,70,113428.26695856926,-19723.97120008754,4847,113420.99626481214,-19753.23634331139,4830.75,0.0338,0.1395,91631.6,29689.8
4,FTS,IMG,833,79,j:OK,K:\NINJA\E71a\ManualCheck\ScanData\FTS\ECC4\IMG\Event00833\PL079,1.0001519401804597,-0.00992239753414213,0.00985732336643133,1.0002800244756085,-40702.1567123176,-183812.68439429803,200,0.5,0.156,210,70,10230.559231795294,-122072.78247160096,4858.000000000001,10241.395589193482,-122067.46360188034,4858.000000000001,-0.051840000000000004,-0.024810000000000002,51543.17,61220
4,FTS,IMG,833,81,j:OK,K:\NINJA\E71a\ManualCheck\ScanData\FTS\ECC4\IMG\Event00833\PL081,1.000257045791129,0.008274629684651043,-0.008821480994768718,1.000405657837229,-61677.32905594004,-180790.80110423453,200,0.5,0.156,210,70,-12588.943676504661,-120854.62222811644,4859.999999999999,-12578.10154870709,-120849.23422377171,4859.999999999999,-0.0514,-0.0261,48587.4,60345.7
4,FTS,IMG,1115,32,j:OK,K:\NINJA\E71a\ManualCheck\ScanData\FTS\ECC4\IMG\Event01115\PL032,1.0003628382195107,-0.012139959988610699,0.011977686127221445,1.0003349193020548,-139158.57067446382,-243688.88632208228,200,0.5,0.156,210,70,-28675.602014394808,-198860.92958867256,2198.25,-28758.957503861937,-198884.66054524682,2198.25,0.3981,0.1082,110887,43461.5
4,FTS,IMG,1115,34,j:OK,K:\NINJA\E71a\ManualCheck\ScanData\FTS\ECC4\IMG\Event01115\PL034,1.0002449242266276,0.012756840608049115,-0.013347697266313125,1.0002003418203593,-78575.05648559413,-190148.68734032902,200,0.5,0.156,210,70,30345.240511020183,-147548.93553868862,-364.25,30261.914212907723,-147572.44471741,-364.25,0.3952,0.1172,108249,44012.3
4,FTS,IMG,1238,79,j:OK,K:\NINJA\E71a\ManualCheck\ScanData\FTS\ECC4\IMG\Event01238\PL079,1.0001519401804597,-0.00992239753414213,0.00985732336643133,1.0002800244756085,-40702.1567123176,-183812.68439429803,200,0.5,0.156,210,70,-20695.28878655519,-157179.0403924231,4856.75,-20688.477674756952,-157121.77706170405,4856.75,-0.03513,-0.27226,20273.38,26483.65
4,FTS,IMG,1238,81,j:OK,K:\NINJA\E71a\ManualCheck\ScanData\FTS\ECC4\IMG\Event01238\PL081,1.000257045791129,0.008274629684651043,-0.008821480994768718,1.000405657837229,-61677.32905594004,-180790.80110423453,200,0.5,0.156,210,70,-43506.358999606986,-155171.613775881,4857.75,-43499.62118361569,-155113.85353693133,4857.75,-0.0298,-0.2752,17959.4,25824.9
4,FTS,IMG,1751,51,j:OK,K:\NINJA\E71a\ManualCheck\ScanData\FTS\ECC4\IMG\Event01751\PL051,1.0004202037044847,-0.0074686603556479445,0.006704652628828516,1.0004392549728158,-310166.1368476109,-115664.10022797761,200,0.5,0.156,210,70,-245945.95183179068,-73454.48560942445,4829.75,-245982.67812913633,-73409.31803260776,4829.75,0.17320000000000002,-0.21615,64468.590000000004,41804.18
4,FTS,IMG,1966,34,j:OK,K:\NINJA\E71a\ManualCheck\ScanData\FTS\ECC4\IMG\Event01966\PL034,1.0003607152389777,0.0038926479751902835,-0.004715207356271098,1.0002264710124804,41524.20628693182,-35437.23681159051,200,0.5,0.156,210,70,75016.22089807612,-10726.81692164638,-343.25,75019.60343836017,-10759.138772439339,-343.25,-0.0167,0.1538,33386.7,24829.9
4,FTS,IMG,1966,36,j:OK,K:\NINJA\E71a\ManualCheck\ScanData\FTS\ECC4\IMG\Event01966\PL036,1.0003878796006178,-0.004901943780557516,0.004609380210214201,1.0003720155694904,52224.472809284794,-13903.07729418479,200,0.5,0.156,210,70,83820.92395385205,9939.751579094915,-353.5,83824.6116452715,9907.457825629434,-353.5,-0.0168,0.1538,31703.8,23655.6
4,FTS,IMG,2069,40,j:OK,K:\NINJA\E71a\ManualCheck\ScanData\FTS\ECC4\IMG\Event02069\PL040,1.0002918911466072,-0.0012456259002987988,0.0006182877247876719,1.0002860970526517,-297788.9898684321,-114672.81066129102,200,0.5,0.156,210,70,-237152.47884724272,-75916.66286878641,4826.25,-237136.93195474104,-75884.80812644133,4826.25,-0.0742,-0.1516,60682.6,38739.4
4,FTS,IMG,2069,42,j:OK,K:\NINJA\E71a\ManualCheck\ScanData\FTS\ECC4\IMG\Event02069\PL042,1.0001927341643686,-0.006159980731389221,0.006007370559550846,1.0003247733281457,-302867.4934215912,-118225.14949850155,200,0.5,0.156,210,70,-240868.4336964355,-76508.73325822903,4834,-240852.87664065935,-76476.81330947927,4834,-0.075,-0.1515,62257.4,41360.9
4,FTS,IMG,2488,81,j:OK,K:\NINJA\E71a\ManualCheck\ScanData\FTS\ECC4\IMG\Event02488\PL081,1.000257045791129,0.008274629684651043,-0.008821480994768718,1.000405657837229,-61677.32905594004,-180790.80110423453,200,0.5,0.156,210,70,7390.424700337861,-108332.57165203677,4859.25,7301.212689866901,-108288.86133740438,4859.25,0.4264,-0.2043,68356.3,73075.3
4,FTS,IMG,2899,49,j:OK,K:\NINJA\E71a\ManualCheck\ScanData\FTS\ECC4\IMG\Event02899\PL049,1.0005205336275333,-0.0005860578744063367,-0.0005324502593994198,1.000361464270684,-177378.7101773204,-193002.65549707753,200,0.5,0.156,210,70,-118654.88318508428,-142889.15838920407,4897.5,-118646.397995882,-142919.5188639639,4882.5,-0.0403,0.1445,58731.1,50096.3
4,FTS,IMG,2899,51,j:OK,K:\NINJA\E71a\ManualCheck\ScanData\FTS\ECC4\IMG\Event02899\PL051,1.0006197084386856,-0.004463672241583519,0.0034082108688603466,1.0002645879995768,-189451.58928828745,-194270.24189442937,200,0.5,0.156,210,70,-125703.53035414295,-144196.66110645825,4887.25,-125695.010898946,-144226.94356686954,4887.25,-0.0399,0.1443,63939.3,49812.2
4,FTS,IMG,3284,42,j:OK,K:\NINJA\E71a\ManualCheck\ScanData\FTS\ECC4\IMG\Event03284\PL042,1.0002377359963215,-0.001049194599363067,0.0008802325403988362,1.0002849921977608,-181457.35214557988,-194576.149992843,200,0.5,0.156,210,70,-100375.17398110878,-142854.91850450693,4880.5,-100345.55942402377,-142832.5000425012,4880.5,-0.1411,-0.1066,81146.7,51657.5
4,FTS,IMG,3492,36,j:OK,K:\NINJA\E71a\ManualCheck\ScanData\FTS\ECC4\IMG\Event03492\PL036,1.0003533461490546,-0.003848437135357736,0.003676691551584007,1.000447669136533,-66669.94145546734,-170656.30907405895,200,0.5,0.156,210,70,-3758.5414627425407,-103479.06664906684,-362,-3749.8851226097613,-103468.44594578035,-362,-0.0414,-0.0504,63155.3,66925.7
4,FTS,IMG,3521,81,j:OK,K:\NINJA\E71a\ManualCheck\ScanData\FTS\ECC4\IMG\Event03521\PL081,1.0001938765699325,0.00027284392406532577,-0.0006617960940018085,1.000441967646372,-182093.6407812952,-181622.4804808876,200,0.5,0.156,210,70,-106646.87917475394,-141634.76042834693,4824.75,-106794.28149425918,-141465.03392898443,4824.75,0.702,-0.8074,75273.8,40189.5
4,FTS,IMG,3815,42,j:OK,K:\NINJA\E71a\ManualCheck\ScanData\FTS\ECC4\IMG\Event03815\PL042,1.0002377359963215,-0.001049194599363067,0.0008802325403988362,1.0002849921977608,-181457.35214557988,-194576.149992843,200,0.5,0.156,210,70,-160406.3939642701,-122476.8245303571,4871.75,-160467.30733362673,-122517.98688581293,4871.75,0.2902,0.1957,21060.6,72019.1
4,FTS,IMG,3852,30,j:OK,K:\NINJA\E71a\ManualCheck\ScanData\FTS\ECC4\IMG\Event03852\PL030,1.000402156510259,0.007224720512567838,-0.007373187231605038,1.0003565158145433,-32141.133776125916,-165042.45718181424,200,0.5,0.156,210,70,23597.094776960497,-119737.15624638254,2197.75,23560.193632916893,-119831.40199076965,2197.75,0.1724,0.4499,55349.6,45602.9
4,FTS,IMG,3933,66,j:OK,K:\NINJA\E71a\ManualCheck\ScanData\FTS\ECC4\IMG\Event03933\PL066,1.0003783577137582,0.00580331708720807,-0.005959793744026955,1.000424845190119,21582.42741847233,-48909.544475601804,200,0.5,0.156,210,70,145542.91261955985,4556.284062704885,4842.5,145557.85009937902,4596.176431825181,4842.5,-0.07,-0.1903,123614,54219.4
4,FTS,IMG,3933,67,j:OK,K:\NINJA\E71a\ManualCheck\ScanData\FTS\ECC4\IMG\Event03933\PL067,1.0002268612576855,0.00874677931997873,-0.009315473552702496,1.0003905568129154,24511.85818786259,-48036.493646917705,200,0.5,0.156,210,70,148488.03822131394,6407.702776467348,4853.25,148503.30060031015,6447.479465973513,4834.5,-0.071,-0.19,123477,55612.5
4,FTS,IMG,4026,62,j:OK,K:\NINJA\E71a\ManualCheck\ScanData\FTS\ECC4\IMG\Event04026\PL062,1.0002487981591914,0.00686892777610222,-0.006978540198268235,1.0002844041392012,8797.757252919315,-189755.66900626398,200,0.5,0.156,210,70,57397.59675672701,-173789.7187756916,4883.5,57335.924172592095,-173722.1712006358,4869.499999999999,0.2958,-0.3195,48413.7,16366.7
4,FTS,IMG,4026,63,j:OK,K:\NINJA\E71a\ManualCheck\ScanData\FTS\ECC4\IMG\Event04026\PL063,1.0002025192445738,0.015370310748167046,-0.015523763654531578,1.0002815421013596,14934.20446322863,-185986.03859056436,200,0.5,0.156,210,70,62081.64889698499,-174780.2617092593,4884.25,62019.50617733477,-174713.0918002334,4884.25,0.3007,-0.3151,46891.4,11997.5
4,FTS,IMG,4026,64,j:OK,K:\NINJA\E71a\ManualCheck\ScanData\FTS\ECC4\IMG\Event04026\PL064,1.0002706244141681,0.013642325776771895,-0.013794769266615754,1.000379302420382,16120.304712397363,-187083.83197860507,200,0.5,0.156,210,70,64748.385187718566,-174083.89975592293,4890,64687.5058106928,-174015.63292667732,4890,0.2942,-0.3209,48366.8,13730.2
4,FTS,IMG,4089,51,j:OK,K:\NINJA\E71a\ManualCheck\ScanData\FTS\ECC4\IMG\Event04089\PL051,1.0003221289188595,-0.005476833144151833,0.004654557679485036,1.000324598478065,-311161.68352156243,-38750.14304479343,200,0.5,0.156,210,70,-249505.00502293927,10007.582057552418,4814.75,-249517.7261319341,9968.279031712664,4814.75,0.06158,0.18681,61889.18,48414.64
4,FTS,IMG,4756,81,j:OK,K:\NINJA\E71a\ManualCheck\ScanData\FTS\ECC4\IMG\Event04756\PL081,1.0003181908360455,-0.0015108885460752616,0.0010745228875784034,1.0002354361359762,-61371.75650276932,-106834.44406351572,200,0.5,0.156,210,70,-28031.537467867103,-89271.30160242927,4849.5,-28051.91288158371,-89146.86899323444,4849.5,0.0961,-0.5925,33335.9,17647.6
4,FTS,IMG,5130,30,j:OK,K:\NINJA\E71a\ManualCheck\ScanData\FTS\ECC4\IMG\Event05130\PL030,1.000388112889384,0.004382899851431237,-0.004594253360342562,1.0003415206840995,-31898.971287303968,-87098.61169496982,200,0.5,0.156,210,70,-6254.661947593774,-64309.04902116741,2187.25,-6398.345800764994,-64329.64884300891,2187.25,0.6835,0.1012,25390.5,22877.8
4,FTS,IMG,5210,34,j:OK,K:\NINJA\E71a\ManualCheck\ScanData\FTS\ECC4\IMG\Event05210\PL034,1.00042418298029,0.012748314506426231,-0.013722556216717271,1.000182706915887,41195.944576708236,-111325.47688715087,200,0.5,0.156,210,70,61287.72863246586,-85380.09508053696,-338,61283.15374377544,-85420.8499180069,-338,0.0193,0.1943,19745.2,26170.8
4,FTS,IMG,5414,51,j:OK,K:\NINJA\E71a\ManualCheck\ScanData\FTS\ECC4\IMG\Event05414\PL051,1.0003221289188595,-0.005476833144151833,0.004654557679485036,1.000324598478065,-311161.68352156243,-38750.14304479343,200,0.5,0.156,210,70,-218274.66847261932,-28354.042338977644,4840.249999999999,-218301.48812144191,-28431.999370549747,4840.249999999999,0.1297,0.3705,92884.4,9882.6
4,FTS,IMG,5851,62,j:OK,K:\NINJA\E71a\ManualCheck\ScanData\FTS\ECC4\IMG\Event05851\PL062,1.0002394585750776,-0.003731908265573445,0.0035806865945978207,1.0002760991258137,-110028.29571682525,-268361.03923889087,200,0.5,0.156,210,70,-35280.65274643471,-197783.19640267527,4840.25,-35341.27379840707,-197755.118227779,4840.25,0.2881,-0.1347,74931.5,70318.2
4,FTS,IMG,6107,62,j:OK,K:\NINJA\E71a\ManualCheck\ScanData\FTS\ECC4\IMG\Event06107\PL062,1.0002332075721219,-0.0054800765850886455,0.005252955769417367,1.0002629031359864,-111436.36630509805,-111645.79892984091,200,0.5,0.156,210,70,11740.274358291867,-73340.86843640088,4840.25,11763.923147301379,-73310.72438559352,4840.25,-0.11337000000000001,-0.14291,123377.99,37677.07
4,FTS,IMG,6107,63,j:OK,K:\NINJA\E71a\ManualCheck\ScanData\FTS\ECC4\IMG\Event06107\PL063,1.0002902267204279,0.001230729425936403,-0.001458907569773898,1.000331613563519,-104242.2380205572,-108063.37204891311,200,0.5,0.156,210,70,16085.459138615686,-74758.99634799967,4850.75,16108.89732635465,-74728.633400942,4850.75,-0.1114,-0.1447,120275,33499.1
4,FTS,IMG,6328,34,j:OK,K:\NINJA\E71a\ManualCheck\ScanData\FTS\ECC4\IMG\Event06328\PL034,1.0003607152389777,0.0038926479751902835,-0.004715207356271098,1.0002264710124804,41524.20628693182,-35437.23681159051,200,0.5,0.156,210,70,108896.2951796187,-20996.130314580678,-333.25,108791.71072648125,-20987.088262547615,-333.25,0.498,-0.0407,67185.8,14763.6
4,FTS,IMG,6328,36,j:OK,K:\NINJA\E71a\ManualCheck\ScanData\FTS\ECC4\IMG\Event06328\PL036,1.0003878796006178,-0.004901943780557516,0.004609380210214201,1.0003720155694904,52224.472809284794,-13903.07729418479,200,0.5,0.156,210,70,116092.09729038987,617.4732247483503,-343.5,115987.3728339995,625.3309868688157,-343.5,0.4983,-0.0397,63807.9,14229
4,FTS,IMG,6364,79,j:OK,K:\NINJA\E71a\ManualCheck\ScanData\FTS\ECC4\IMG\Event06364\PL079,1.000134232061285,-0.006415866731289055,0.006258577365221173,1.000204350123396,-160943.6439622714,-107758.50461741435,200,0.5,0.156,210,70,-107836.30296148831,-58780.06881152272,4785.25,-107915.72609815415,-58716.56317590038,4785.25,0.3762,-0.3047,53333.2,48698.2
4,FTS,IMG,7224,38,j:OK,K:\NINJA\E71a\ManualCheck\ScanData\FTS\ECC4\IMG\Event07224\PL038,1.0003141329937724,-0.00033352445709194933,0.0001459267104630714,1.0003880092775372,-56989.15323974133,-90961.89010604714,200,0.5,0.156,210,70,18764.344360040857,-81408.1088231006,-347.5,18721.461466812245,-81376.53142736279,-347.5,0.20409000000000002,-0.15034,75690.03,9570.6
4,FTS,IMG,7224,40,j:OK,K:\NINJA\E71a\ManualCheck\ScanData\FTS\ECC4\IMG\Event07224\PL040,1.0002918911466072,-0.0012456259002987988,0.0006182877247876719,1.0002860970526517,-297788.9898684321,-114672.81066129102,200,0.5,0.156,210,70,-220912.0764645878,-105153.2960557645,4838.25,-220954.80068054554,-105121.39330712036,4838.25,0.2032,-0.152,76823.6,9501.2
4,FTS,IMG,7277,62,j:OK,K:\NINJA\E71a\ManualCheck\ScanData\FTS\ECC4\IMG\Event07277\PL062,1.0002332075721219,-0.0054800765850886455,0.005252955769417367,1.0002629031359864,-111436.36630509805,-111645.79892984091,200,0.5,0.156,210,70,-9030.276852190584,-71868.8156291095,4833,-9052.716146841398,-71814.14949935355,4833,0.1054,-0.2608,102575,39282.5
4,FTS,IMG,7277,63,j:OK,K:\NINJA\E71a\ManualCheck\ScanData\FTS\ECC4\IMG\Event07277\PL063,1.0002902267204279,0.001230729425936403,-0.001458907569773898,1.000331613563519,-104242.2380205572,-108063.37204891311,200,0.5,0.156,210,70,-4878.341557727439,-73326.91985753027,4844.75,-4901.045147539074,-73272.41558960498,4844.75,0.1084,-0.2593,99269.4,34924.2
4,FTS,IMG,7378,36,j:OK,K:\NINJA\E71a\ManualCheck\ScanData\FTS\ECC4\IMG\Event07378\PL036,1.0002848896161611,-0.013167222238392355,0.01291973994279636,1.0003573663540017,53138.5932873449,-91052.74716642842,200,0.5,0.156,210,70,113187.86065365507,-18298.444135148995,-334,113227.66073889182,-18217.64675293742,-334,-0.1945,-0.3821,61020,72021
4,FTS,IMG,7378,38,j:OK,K:\NINJA\E71a\ManualCheck\ScanData\FTS\ECC4\IMG\Event07378\PL038,1.0003313362864104,-0.0025344765833967783,0.0023708406371742694,1.0003978460649925,63285.498882447064,-90525.37452696273,200,0.5,0.156,210,70,123849.27702154651,-15953.529066300998,-323.5,123889.0698895049,-15872.76218830228,-336.75,-0.1904,-0.384,60772.2,74478.9
4,FTS,IMG,7399,66,j:OK,K:\NINJA\E71a\ManualCheck\ScanData\FTS\ECC4\IMG\Event07399\PL066,1.0003292219646198,0.007318696398570368,-0.007494760590451166,1.0002951081559917,142041.72809821102,-126175.7406367535,200,0.5,0.156,210,70,212185.35971726145,-73809.73184705558,4884.75,212123.60603018204,-73716.4797107104,4868.5,0.2972,-0.4417,69671.3,52965.8
4,FTS,IMG,7399,67,j:OK,K:\NINJA\E71a\ManualCheck\ScanData\FTS\ECC4\IMG\Event07399\PL067,1.0004425877515695,0.01062012551457521,-0.010908228573341401,1.00012630600852,144433.74593837408,-125601.99327370366,200,0.5,0.156,210,70,214271.27472863163,-72187.45606691392,4882.75,214210.26406828006,-72093.75932548546,4882.75,0.2951,-0.4429,69169.7,54255.9
4,FTS,IMG,7446,79,j:OK,K:\NINJA\E71a\ManualCheck\ScanData\FTS\ECC4\IMG\Event07446\PL079,1.000197343366263,-0.006498919517449111,0.006320211679136721,1.0002102653729175,-41660.50057326566,-107041.38565540353,200,0.5,0.156,210,70,29251.416021605168,-60383.10058551669,4834.499999999999,29253.718800378905,-60307.551054765565,4834.499999999999,-0.0133,-0.3596,71200.9,46274.1
4,FTS,IMG,7446,81,j:OK,K:\NINJA\E71a\ManualCheck\ScanData\FTS\ECC4\IMG\Event07446\PL081,1.0003181908360455,-0.0015108885460752616,0.0010745228875784034,1.0002354361359762,-61371.75650276932,-106834.44406351572,200,0.5,0.156,210,70,6119.599977869292,-57909.3779231211,4843.75,6121.628118973385,-57833.54777307961,4843.75,-0.0102,-0.361,67545.8,48916.8
4,FTS,IMG,7670,79,j:OK,K:\NINJA\E71a\ManualCheck\ScanData\FTS\ECC4\IMG\Event07670\PL079,1.0001510513736935,-0.004271513828969433,0.004175130943035432,1.0002370666836795,-159518.62208533855,-263354.84526874864,200,0.5,0.156,210,70,-74981.58822539166,-200517.5492925461,4828.5,-74959.22808770936,-200545.03597844875,4828.5,-0.1059,0.1313,84813.3,62440.9
4,FTS,IMG,7670,81,j:OK,K:\NINJA\E71a\ManualCheck\ScanData\FTS\ECC4\IMG\Event07670\PL081,1.0001842630330402,-0.0010711385188378628,0.0006817986756565781,1.0004791932277388,-182469.05756797185,-262510.6583073456,200,0.5,0.156,210,70,-97372.7539660929,-200172.28598299026,4826.5,-97350.31339278437,-200199.77287846993,4826.5,-0.1067,0.1309,85169.7,62223
4,FTS,IMG,7758,69,j:OK,K:\NINJA\E71a\ManualCheck\ScanData\FTS\ECC4\IMG\Event07758\PL069,1.0002776870866026,0.0009190363699592837,-0.000968559375293397,1.0002407394050112,139320.5064453168,-202277.33982944587,200,0.5,0.156,210,70,197645.7473710831,-124785.90238436087,4882.75,197669.3784170315,-124697.32376253052,4882.75,-0.11211000000000002,-0.42181,58261.36,77617.76
4,FTS,IMG,8322,36,j:OK,K:\NINJA\E71a\ManualCheck\ScanData\FTS\ECC4\IMG\Event08322\PL036,1.0002445747655757,-0.006482457341591194,0.0062031390674405825,1.0004680460731419,-67693.04167622904,-14980.043314094488,200,0.5,0.156,210,70,49960.97462014689,23865.82310311653,-364,49964.560510397045,24061.286623600165,-364,-0.0231,-0.9302,117877,38292.2
4,FTS,IMG,8782,46,j:OK,K:\NINJA\E71a\ManualCheck\ScanData\FTS\ECC4\IMG\Event08782\PL046,1.0003159425696881,-0.009637182022089703,0.009472707704043045,1.000281503881535,-185063.3094599212,-40611.56090107769,200,0.5,0.156,210,70,-139664.87338123747,-29402.64957298318,4867,-139623.21841453126,-29419.576066530113,4867,-0.1975,0.08245000000000001,45529.38,10757.67
4,FTS,IMG,8782,47,j:OK,K:\NINJA\E71a\ManualCheck\ScanData\FTS\ECC4\IMG\Event08782\PL047,1.0001998557566885,0.01543815511432452,-0.015588090093791748,1.000255069278645,-183324.17766988982,-113845.42555281229,200,0.5,0.156,210,70,-140248.3552158713,-30220.23340996105,4869.25,-140206.53182330052,-30236.95818948263,4869.25,-0.2003,0.0765,41808.8,84238.7
4,FTS,IMG,8782,49,j:OK,K:\NINJA\E71a\ManualCheck\ScanData\FTS\ECC4\IMG\Event08782\PL049,1.0004198148242778,0.0014910594394166535,-0.0025007800675069273,1.00041153248012,-177639.63049766247,-114103.46068601942,200,0.5,0.156,210,70,-137041.73172665713,-29712.36169467134,4872,-136999.82289768732,-29729.084353334678,4872,-0.1996,0.0791,40496.9,84440.9
4,FTS,IMG,9035,66,j:OK,K:\NINJA\E71a\ManualCheck\ScanData\FTS\ECC4\IMG\Event09035\PL066,1.0003783577137582,0.00580331708720807,-0.005959793744026955,1.000424845190119,21582.42741847233,-48909.544475601804,200,0.5,0.156,210,70,97083.23197986727,1847.0358510109938,4830.999999999999,97082.95641004117,1839.3689712849664,4815.749999999999,0.0011,0.0365,75175.1,51175.2
4,FTS,IMG,9035,67,j:OK,K:\NINJA\E71a\ManualCheck\ScanData\FTS\ECC4\IMG\Event09035\PL067,1.0002268612576855,0.00874677931997873,-0.009315473552702496,1.0003905568129154,24511.85818786259,-48036.493646917705,200,0.5,0.156,210,70,99951.83138457742,3864.3897849512314,4840.75,99951.49127858081,3856.72433445754,4821.25,0.0013,0.0365,74962.8,52571
4,FTS,IMG,9038,81,j:OK,K:\NINJA\E71a\ManualCheck\ScanData\FTS\ECC4\IMG\Event09038\PL081,1.0001938765699325,0.00027284392406532577,-0.0006617960940018085,1.000441967646372,-182093.6407812952,-181622.4804808876,200,0.5,0.156,210,70,-52656.78066856703,-157918.22737391567,4850,-52685.686440997946,-157979.70872820407,4850,0.13754000000000002,0.29273000000000005,129376.40000000001,23717.91
4,FTS,IMG,9177,62,j:OK,K:\NINJA\E71a\ManualCheck\ScanData\FTS\ECC4\IMG\Event09177\PL062,1.0002332075721219,-0.0054800765850886455,0.005252955769417367,1.0002629031359864,-111436.36630509805,-111645.79892984091,200,0.5,0.156,210,70,-23257.85473769988,-99061.82267894126,4838.75,-23304.620315363238,-99041.31422733705,4838.75,0.2221,-0.0988,88177.7,12138.1
4,FTS,IMG,9177,63,j:OK,K:\NINJA\E71a\ManualCheck\ScanData\FTS\ECC4\IMG\Event09177\PL063,1.0003202077832518,0.0001221781115314487,-0.00027821644050725645,1.0004129411739822,-103492.00382464749,-186657.1631983315,200,0.5,0.156,210,70,-19015.957280779916,-100748.66617174145,4846,-19062.883837331392,-100728.46378592952,4846,0.2234,-0.0961,84391.6,85916.7
4,FTS,IMG,9343,46,j:OK,K:\NINJA\E71a\ManualCheck\ScanData\FTS\ECC4\IMG\Event09343\PL046,1.0003380558637593,0.007043917219620384,-0.007153681253326103,1.0003635131586197,-185457.8906150293,-115645.019566558,200,0.5,0.156,210,70,-156403.87619760158,-108054.55523952072,4878,-156413.5224671273,-108031.18761751072,4878,0.0467,-0.1109,28979.5,7818.3
4,FTS,IMG,9343,47,j:OK,K:\NINJA\E71a\ManualCheck\ScanData\FTS\ECC4\IMG\Event09343\PL047,1.0001998557566885,0.01543815511432452,-0.015588090093791748,1.000255069278645,-183324.17766988982,-113845.42555281229,200,0.5,0.156,210,70,-156765.67337535668,-108799.35516411572,4877.25,-156775.4824611062,-108776.06982931122,4877.25,0.0484,-0.1101,26458.8,5480.4
4,FTS,IMG,9589,46,j:OK,K:\NINJA\E71a\ManualCheck\ScanData\FTS\ECC4\IMG\Event09589\PL046,1.0003380558637593,0.007043917219620384,-0.007153681253326103,1.0003635131586197,-185457.8906150293,-115645.019566558,200,0.5,0.156,210,70,-132397.87420838609,-61673.56696396943,4878.5,-132470.23375251022,-61550.211681957575,4878.5,0.34857000000000005,-0.5847,52586.33,54451.200000000004
4,FTS,IMG,9589,47,j:OK,K:\NINJA\E71a\ManualCheck\ScanData\FTS\ECC4\IMG\Event09589\PL047,1.0001998557566885,0.01543815511432452,-0.015588090093791748,1.000255069278645,-183324.17766988982,-113845.42555281229,200,0.5,0.156,210,70,-133257.03943629834,-61903.75878572373,4872,-133330.144700594,-61780.801089884175,4872,0.357,-0.5798,49168.8,52817.6
4,FTS,IMG,9589,49,j:OK,K:\NINJA\E71a\ManualCheck\ScanData\FTS\ECC4\IMG\Event09589\PL049,1.0004198148242778,0.0014910594394166535,-0.0025007800675069273,1.00041153248012,-177639.63049766247,-114103.46068601942,200,0.5,0.156,210,70,-130835.3816929345,-60432.620049163736,4880.25,-130908.60400864475,-60309.99819028989,4880.25,0.3494,-0.5828,46631.1,53887.9
4,FTS,IMG,9807,79,j:OK,K:\NINJA\E71a\ManualCheck\ScanData\FTS\ECC4\IMG\Event09807\PL079,1.0001519401804597,-0.00992239753414213,0.00985732336643133,1.0002800244756085,-40702.1567123176,-183812.68439429803,200,0.5,0.156,210,70,19093.392296244252,-135250.86985919345,4866.25,19132.42529500377,-135194.22590903152,4866.25,-0.1885,-0.2678,60301.8,48010.6
4,FTS,IMG,9870,69,j:OK,K:\NINJA\E71a\ManualCheck\ScanData\FTS\ECC4\IMG\Event09870\PL069,1.0002791286905817,-0.0010155783581161546,0.0008719738654840442,1.000289252459032,18025.865618385942,-125068.35983153147,200,0.5,0.156,210,70,127635.05271947065,-85356.1484997227,4869,127632.88024582324,-85316.37955785969,4853,0.010150000000000001,-0.18933000000000003,109616.68000000001,39644.93
4,FTS,IMG,9955,34,j:OK,K:\NINJA\E71a\ManualCheck\ScanData\FTS\ECC4\IMG\Event09955\PL034,1.0003418856727226,0.008551021636439782,-0.009285906257111691,1.0003659080761085,-78496.93071354007,-110958.20381364436,200,0.5,0.156,210,70,37111.25802410148,-76803.70835677678,-342.25,37135.44858205777,-76819.81598060176,-342.25,-0.1158,0.0756,115292,35196.1
4,FTS,IMG,10210,66,j:OK,K:\NINJA\E71a\ManualCheck\ScanData\FTS\ECC4\IMG\Event10210\PL066,1.0003292219646198,0.007318696398570368,-0.007494760590451166,1.0002951081559917,142041.72809821102,-126175.7406367535,200,0.5,0.156,210,70,185446.8483213735,-73209.94312205022,4880.25,185445.6096042457,-73215.29491662642,4880.25,0.005710000000000001,0.02552,42999.88,53267
4,FTS,IMG,10210,67,j:OK,K:\NINJA\E71a\ManualCheck\ScanData\FTS\ECC4\IMG\Event10210\PL067,1.0004425877515695,0.01062012551457521,-0.010908228573341401,1.00012630600852,144433.74593837408,-125601.99327370366,200,0.5,0.156,210,70,187773.56454659684,-71788.75028388014,4878,187772.28913675284,-71794.09267402641,4878,0.0058,0.0255,42743.3,54267.3
4,FTS,IMG,10210,69,j:OK,K:\NINJA\E71a\ManualCheck\ScanData\FTS\ECC4\IMG\Event10210\PL069,1.000264807809173,0.00672223279477887,-0.00679722553744764,1.0002298899698865,138087.26351426318,-123463.90301967319,200,0.5,0.156,210,70,180076.67542109796,-70086.17908621632,4877.25,180075.48397652144,-70091.5484713093,4862.5,0.0055,0.0256,41616.6,53642.9
4,FTS,IMG,10319,81,j:OK,K:\NINJA\E71a\ManualCheck\ScanData\FTS\ECC4\IMG\Event10319\PL081,1.0001938765699325,0.00027284392406532577,-0.0006617960940018085,1.000441967646372,-182093.6407812952,-181622.4804808876,200,0.5,0.156,210,70,-114673.56698783871,-153170.58906601305,4818.25,-114678.49530689964,-153142.580428049,4818.25,0.0235,-0.1333,67394.3,28511.9
4,FTS,IMG,10728,79,j:OK,K:\NINJA\E71a\ManualCheck\ScanData\FTS\ECC4\IMG\Event10728\PL079,1.0001519401804597,-0.00992239753414213,0.00985732336643133,1.0002800244756085,-40702.1567123176,-183812.68439429803,200,0.5,0.156,210,70,26038.77696868563,-147835.81423152282,4864.999999999999,26005.91798469098,-147866.8936995808,4864.999999999999,0.1579,0.1464,67047.9,35275
4,FTS,IMG,10781,34,j:OK,K:\NINJA\E71a\ManualCheck\ScanData\FTS\ECC4\IMG\Event10781\PL034,1.0004052408176898,0.004038066686544446,-0.0047826639507516375,1.0002341042392924,-78023.0248987699,-34783.09527411448,200,0.5,0.156,210,70,-5507.660383656528,3997.429471517064,-366.75,-5512.484982547307,3978.4595248220576,-382.25000000000006,0.022600000000000002,0.09042000000000001,72323.35,39098.3
4,FTS,IMG,10781,36,j:OK,K:\NINJA\E71a\ManualCheck\ScanData\FTS\ECC4\IMG\Event10781\PL036,1.0002445747655757,-0.006482457341591194,0.0062031390674405825,1.0004680460731419,-67693.04167622904,-14980.043314094488,200,0.5,0.156,210,70,3041.6155165796795,24081.767469431998,-382.25,3036.9910104032024,24062.808173434234,-382.25,0.0226,0.0901,70962.8,38584.6
4,FTS,IMG,10856,46,j:OK,K:\NINJA\E71a\ManualCheck\ScanData\FTS\ECC4\IMG\Event10856\PL046,1.0003159425696881,-0.009637182022089703,0.009472707704043045,1.000281503881535,-185063.3094599212,-40611.56090107769,200,0.5,0.156,210,70,-146808.0740171799,8268.524325128576,4856.25,-146811.52791820926,8221.434082789696,4839.25,0.0186,0.224,38706.5,48452.7
4,FTS,IMG,10856,47,j:OK,K:\NINJA\E71a\ManualCheck\ScanData\FTS\ECC4\IMG\Event10856\PL047,1.0003439622702044,0.0013649026249993974,-0.0015395933682541291,1.0003150128969105,-182185.95282889617,-36978.21379225654,200,0.5,0.156,210,70,-147763.6364625514,7288.0348330506295,4857.5,-147766.83065783995,7241.0478520774195,4857.5,0.0149,0.2237,34346.9,44258.2
4,FTS,IMG,11033,30,j:OK,K:\NINJA\E71a\ManualCheck\ScanData\FTS\ECC4\IMG\Event11033\PL030,1.0003209933955544,0.004538337494933762,-0.004737358768448067,1.0003782335743865,-151511.99438685417,-86424.02900493056,200,0.5,0.156,210,70,-74809.35439604204,-46961.01207756311,2152.75,-74760.71326883268,-47019.12056026202,2152.75,-0.2328,0.2755,76546.3,39752.5
4,FTS,IMG,11033,32,j:OK,K:\NINJA\E71a\ManualCheck\ScanData\FTS\ECC4\IMG\Event11033\PL032,1.0004193048551753,-0.005641259097165722,0.005373054602791603,1.000404002934451,-71763.68819830038,-13220.106558450643,200,0.5,0.156,210,70,6046.553925517087,26702.368319980116,-371.5,6095.308795607576,26644.182800028728,-371.5,-0.2305,0.2782,78048.7,39429
4,FTS,IMG,11357,51,j:OK,K:\NINJA\E71a\ManualCheck\ScanData\FTS\ECC4\IMG\Event11357\PL051,1.0003221289188595,-0.005476833144151833,0.004654557679485036,1.000324598478065,-311161.68352156243,-38750.14304479343,200,0.5,0.156,210,70,-225001.0398318003,-3469.119860051074,4829.75,-225038.33139379395,-3418.5816327990833,4829.75,0.1762,-0.2414,86286.8,34918.6
4,FTS,IMG,11647,79,j:OK,K:\NINJA\E71a\ManualCheck\ScanData\FTS\ECC4\IMG\Event11647\PL079,1.0001519401804597,-0.00992239753414213,0.00985732336643133,1.0002800244756085,-40702.1567123176,-183812.68439429803,200,0.5,0.156,210,70,-6347.985292533884,-132953.98597005176,4857.75,-6360.876214863296,-132915.65799722864,4857.75,0.05956,-0.18305000000000002,34837.46,50539.47
4,FTS,IMG,11647,81,j:OK,K:\NINJA\E71a\ManualCheck\ScanData\FTS\ECC4\IMG\Event11647\PL081,1.000257045791129,0.008274629684651043,-0.008821480994768718,1.000405657837229,-61677.32905594004,-180790.80110423453,200,0.5,0.156,210,70,-29556.13827650961,-131227.4368963611,4860.75,-29569.202632431832,-131189.1043956861,4860.75,0.0637,-0.1819,31687.4,49861
4,FTS,IMG,12037,62,j:OK,K:\NINJA\E71a\ManualCheck\ScanData\FTS\ECC4\IMG\Event12037\PL062,1.0003062561208453,-0.004224431514790135,0.004144002863126815,1.000262687739447,9777.646871335304,-268651.48462899186,200,0.5,0.156,210,70,23626.84076904635,-201739.51646349538,4874,23441.93264963219,-201692.76717916067,4862.249999999999,0.8792900000000001,-0.2262,13942.56,66883.37
4,FTS,IMG,12037,63,j:OK,K:\NINJA\E71a\ManualCheck\ScanData\FTS\ECC4\IMG\Event12037\PL063,1.000207406555312,0.01255292277609,-0.01268950263506272,1.000307561058061,15876.299591505693,-263779.2653158594,200,0.5,0.156,210,70,28005.306218112437,-203043.69341015068,4873.25,27820.044728465575,-202998.06282691276,4873.25,0.8846,-0.206,11176.9,60904.3
4,UTS,IMG,833,80,j:OK,K:\NINJA\E71a\ManualCheck\ScanData\UTS\ECC4\IMG\Event00833\PL080,1.000254530709614,0.00012731433585790253,-0.0001971116904611585,1.0001916447814663,141107.15289532894,-130127.63055865203,200,0.5,0.14,210,70,189871.16688600212,-69471.21144841613,3383.75,189881.98532586722,-69465.81554587217,3383.75,-0.0515,-0.0257,48754.7,60659.8
4,UTS,IMG,833,82,j:OK,K:\NINJA\E71a\ManualCheck\ScanData\UTS\ECC4\IMG\Event00833\PL082,1.0001660184804806,-0.007474781306883949,0.0069584451742084035,1.000316843695894,143110.66707861313,-129720.78013445991,200,0.5,0.14,210,70,191208.40930202484,-68524.46475809073,3378,191219.2280770336,-68519.03251355348,3378,-0.0517,-0.0255,48555.3,60844.6
4,UTS,IMG,1214,82,j:OK,K:\NINJA\E71a\ManualCheck\ScanData\UTS\ECC4\IMG\Event01214\PL082,0.9999723943794901,-0.002464550960090957,0.0018246506670935988,1.0004506415676062,22980.697987654592,-127130.06458648502,200,0.5,0.14,210,70,124713.39758109681,-74302.47933678588,3364.75,124750.7879520358,-74165.53384074465,3364.75,-0.17966000000000001,-0.6515000000000001,101902.92,52754.82
4,UTS,IMG,1238,80,j:OK,K:\NINJA\E71a\ManualCheck\ScanData\UTS\ECC4\IMG\Event01238\PL080,1.000254530709614,0.00012731433585790253,-0.0001971116904611585,1.0001916447814663,141107.15289532894,-130127.63055865203,200,0.5,0.14,210,70,159130.18674298958,-104116.22687774341,3386.25,159136.55866149935,-104058.88714496976,3386.25,-0.0303,-0.273,18021.5,26067.3
4,UTS,IMG,1238,82,j:OK,K:\NINJA\E71a\ManualCheck\ScanData\UTS\ECC4\IMG\Event01238\PL082,1.0001660184804806,-0.007474781306883949,0.0069584451742084035,1.000316843695894,143110.66707861313,-129720.78013445991,200,0.5,0.14,210,70,160450.55783428042,-102477.0868900329,3381.75,160456.78803813475,-102419.77642962916,3381.75,-0.0317,-0.2726,17546.3,27170.3
4,UTS,IMG,2488,80,j:OK,K:\NINJA\E71a\ManualCheck\ScanData\UTS\ECC4\IMG\Event02488\PL080,1.000254530709614,0.00012731433585790253,-0.0001971116904611585,1.0001916447814663,141107.15289532894,-130127.63055865203,200,0.5,0.14,210,70,210180.50708429472,-57012.58978637416,3377.25,210091.08864565223,-56969.23246011582,3377.25,0.42572000000000004,-0.20634000000000002,68957.07,73157.97
4,UTS,IMG,2488,82,j:OK,K:\NINJA\E71a\ManualCheck\ScanData\UTS\ECC4\IMG\Event02488\PL082,1.0001660184804806,-0.007474781306883949,0.0069584451742084035,1.000316843695894,143110.66707861313,-129720.78013445991,200,0.5,0.14,210,70,209935.6897667545,-55421.76255185818,3371.75,209846.11835585118,-55378.54256065397,3371.75,0.4249,-0.2087,67276.3,73850.7
4,UTS,IMG,3521,80,j:OK,K:\NINJA\E71a\ManualCheck\ScanData\UTS\ECC4\IMG\Event03521\PL080,1.0001340238617784,-0.0033427322944216205,0.0031081376342715233,1.0004148452452606,21050.67851217261,-130466.04843365125,200,0.5,0.14,210,70,96541.13185661733,-91294.56132636825,3366.75,96392.91569014848,-91125.51349084228,3366.75,0.7030000000000001,-0.8068400000000001,75462.79000000001,39089.770000000004
4,UTS,IMG,3521,82,j:OK,K:\NINJA\E71a\ManualCheck\ScanData\UTS\ECC4\IMG\Event03521\PL082,0.9999723943794901,-0.002464550960090957,0.0018246506670935988,1.0004506415676062,22980.697987654592,-127130.06458648502,200,0.5,0.14,210,70,95605.58959281305,-88171.25356482882,3360.75,95457.2319928312,-88002.37632235128,3360.75,0.7045,-0.8051,72574.6,38977.7
4,UTS,IMG,4756,80,j:OK,K:\NINJA\E71a\ManualCheck\ScanData\UTS\ECC4\IMG\Event04756\PL080,1.0001213942318254,-0.0011078698136437926,0.0009542585682985508,1.0002497393879644,141330.70218798282,-53726.83670496068,200,0.5,0.14,210,70,174417.16656846402,-38422.142810061094,3384.25,174396.26364553507,-38297.83678173819,3384.25,0.09887000000000001,-0.5918800000000001,33078.6,15393.59
4,UTS,IMG,4756,82,j:OK,K:\NINJA\E71a\ManualCheck\ScanData\UTS\ECC4\IMG\Event04756\PL082,1.0003069195404335,-0.006812639358890959,0.006168239760408005,1.0002262676960516,142377.2384108642,-53106.78895871699,200,0.5,0.14,210,70,175203.327020858,-35690.23698518199,3377.5,175182.24771925967,-35565.551491359016,3377.5,0.0963,-0.5942,32913,17334.3
4,UTS,IMG,6364,78,j:OK,K:\NINJA\E71a\ManualCheck\ScanData\UTS\ECC4\IMG\Event06364\PL078,0.9998769444840807,-0.013332229671572696,0.01271242523913757,1.00009137166332,19626.348782580022,-54364.81718897261,200,0.5,0.14,210,70,68808.10534122428,-6644.7640815547975,3326,68727.87250162505,-6582.641692903591,3326,0.3781,-0.3006,49736.2,47145.6
4,UTS,IMG,6364,80,j:OK,K:\NINJA\E71a\ManualCheck\ScanData\UTS\ECC4\IMG\Event06364\PL080,1.0000911750415171,-0.0010504985097091895,0.0007255198551634354,1.0002783814934701,20992.827206286813,-53750.00789436728,200,0.5,0.14,210,70,70079.36620305452,-6236.437413024145,3339,69999.4715454212,-6173.288734096313,3339,0.3801,-0.3009,49052.1,47527.9
4,UTS,IMG,7446,78,j:OK,K:\NINJA\E71a\ManualCheck\ScanData\UTS\ECC4\IMG\Event07446\PL078,0.9998500812882771,-0.012711533865358685,0.011991727357045437,1.0003187846499617,140546.60867965143,-52787.519676059885,200,0.5,0.14,210,70,205568.23800576833,-6274.990355761735,3358.5,205569.36301556302,-6199.421074732156,3358.5,-0.009930000000000001,-0.35962000000000005,65614.61,45786.67
4,UTS,IMG,7446,80,j:OK,K:\NINJA\E71a\ManualCheck\ScanData\UTS\ECC4\IMG\Event07446\PL080,1.0001213942318254,-0.0011078698136437926,0.0009542585682985508,1.0002497393879644,141330.70218798282,-53726.83670496068,200,0.5,0.14,210,70,208335.90993143167,-6728.99426556833,3371.5,208337.67444734083,-6653.41563228982,3371.5,-0.0088,-0.3598,67050.9,46997.7
4,UTS,IMG,7670,78,j:OK,K:\NINJA\E71a\ManualCheck\ScanData\UTS\ECC4\IMG\Event07670\PL078,0.9999598694935463,-0.013113547449351493,0.012426241709233073,1.0000781817774747,21978.830391898668,-210385.4429066384,200,0.5,0.14,210,70,103391.86426979513,-147498.18326730424,3357,103414.64679453058,-147525.33066779465,3357,-0.10678000000000001,0.13059,82249.97,61833.22
4,UTS,IMG,7670,80,j:OK,K:\NINJA\E71a\ManualCheck\ScanData\UTS\ECC4\IMG\Event07670\PL080,1.0003258438847207,0.003194323723101188,-0.0036427131280076974,1.000147981700261,20754.299951883324,-208367.93954300025,200,0.5,0.14,210,70,105413.93753088258,-149010.63392218572,3365.25,105436.49610478358,-149037.89440718023,3365.25,-0.1078,0.1294,84464.2,59628.9
4,UTS,IMG,8950,78,j:OK,K:\NINJA\E71a\ManualCheck\ScanData\UTS\ECC4\IMG\Event08950\PL078,0.9996465456918054,-0.012425374411160352,0.012098876326561227,1.0001531347798536,20663.594767218856,-130955.63959993573,200,0.5,0.14,210,70,143183.88095369138,-44691.13048249689,3367.25,143115.3224303886,-44653.35054157513,3367.25,0.3243,-0.1838,123549,84794.5
4,UTS,IMG,9038,82,j:OK,K:\NINJA\E71a\ManualCheck\ScanData\UTS\ECC4\IMG\Event09038\PL082,1.0001660184804806,-0.007474781306883949,0.0069584451742084035,1.000316843695894,143110.66707861313,-129720.78013445991,200,0.5,0.14,210,70,150953.1644279384,-106557.20903810704,3381,150924.68123304864,-106618.91788367867,3381,0.1378,0.2928,7984.9,23039
4,UTS,IMG,9807,78,j:OK,K:\NINJA\E71a\ManualCheck\ScanData\UTS\ECC4\IMG\Event09807\PL078,1.0000216650249334,-0.010647853869014835,0.010662410231085028,0.9999988772872895,141443.98092423988,-129305.3635080064,200,0.5,0.14,210,70,196397.42644266313,-81184.80241522155,3370.25,196435.6934334653,-81127.58302044915,3370.25,-0.1851,-0.2705,55497.2,47586.1
4,UTS,IMG,10319,80,j:OK,K:\NINJA\E71a\ManualCheck\ScanData\UTS\ECC4\IMG\Event10319\PL080,1.0001340238617784,-0.0033427322944216205,0.0031081376342715233,1.0004148452452606,21050.67851217261,-130466.04843365125,200,0.5,0.14,210,70,88010.57991026255,-102313.46825147254,3368.5,88005.54861758665,-102285.49158912298,3368.5,0.023510000000000003,-0.13324,67039.35,27960.59
4,UTS,IMG,10319,82,j:OK,K:\NINJA\E71a\ManualCheck\ScanData\UTS\ECC4\IMG\Event10319\PL082,0.9999723943794901,-0.002464550960090957,0.0018246506670935988,1.0004506415676062,22980.697987654592,-127130.06458648502,200,0.5,0.14,210,70,89165.23932688612,-101244.49036068845,3361.75,89160.13042408785,-101216.47293265493,3361.75,0.024,-0.1334,66244.8,25781.1
4,UTS,IMG,10728,78,j:OK,K:\NINJA\E71a\ManualCheck\ScanData\UTS\ECC4\IMG\Event10728\PL078,1.0000216650249334,-0.010647853869014835,0.010662410231085028,0.9999988772872895,141443.98092423988,-129305.3635080064,200,0.5,0.14,210,70,203803.43506290324,-93315.11547316024,3372.75,203771.17552814432,-93346.75294730482,3372.75,0.1552,0.149,62701.6,35290.1
4,UTS,IMG,10728,80,j:OK,K:\NINJA\E71a\ManualCheck\ScanData\UTS\ECC4\IMG\Event10728\PL080,1.000254530709614,0.00012731433585790253,-0.0001971116904611585,1.0001916447814663,141107.15289532894,-130127.63055865203,200,0.5,0.14,210,70,205323.0234375277,-95597.81255403321,3391,205290.37713948614,-95629.16513012914,3391,0.1554,0.1493,64162.5,34504.5
4,UTS,IMG,11647,80,j:OK,K:\NINJA\E71a\ManualCheck\ScanData\UTS\ECC4\IMG\Event11647\PL080,1.000254530709614,0.00012731433585790253,-0.0001971116904611585,1.0001916447814663,141107.15289532894,-130127.63055865203,200,0.5,0.14,210,70,173045.58477646974,-80041.50802794132,3383.5,173032.35628300317,-80003.2150834165,3383.5,0.063,-0.1823,31910.7,50121.1
4,UTS,IMG,11647,82,j:OK,K:\NINJA\E71a\ManualCheck\ScanData\UTS\ECC4\IMG\Event11647\PL082,1.0001660184804806,-0.007474781306883949,0.0069584451742084035,1.000316843695894,143110.66707861313,-129720.78013445991,200,0.5,0.14,210,70,174036.74328800323,-78641.72132437612,3378.75,174023.51992515783,-78603.642249018,3378.75,0.0616,-0.1817,31288,50883.3
4,UTS,Ref/IMG,833,80,j:OK,K:\NINJA\E71a\ManualCheck\ScanData\UTS\ECC4\Ref\IMG\Event00833\PL080,1.000254530709614,0.00012731433585790253,-0.0001971116904611585,1.0001916447814663,141107.15289532894,-130127.63055865203,200,0.5,0.14,210,70,189500.46983154913,-69663.06947864215,3385,189507.55508231663,-69661.90935228631,3385,-0.03373,-0.00553,48380.39,60463.67
4,UTS,Ref/IMG,833,82,j:OK,K:\NINJA\E71a\ManualCheck\ScanData\UTS\ECC4\Ref\IMG\Event00833\PL082,1.0001660184804806,-0.007474781306883949,0.0069584451742084035,1.000316843695894,143110.66707861313,-129720.78013445991,200,0.5,0.14,210,70,191226.95531487424,-67913.7753071937,3379.75,191224.3470484892,-67905.69076610221,3379.75,0.01213,-0.03857,48565,61457.68
4,UTS,Ref/IMG,1214,82,j:OK,K:\NINJA\E71a\ManualCheck\ScanData\UTS\ECC4\Ref\IMG\Event01214\PL082,0.9999723943794901,-0.002464550960090957,0.0018246506670935988,1.0004506415676062,22980.697987654592,-127130.06458648502,200,0.5,0.14,210,70,25960.23201806259,-81039.1727988017,3329,25998.87442983328,-81242.54414007586,3329,-0.18163,0.96833,3131.29,45861.14
4,UTS,Ref/IMG,1238,80,j:OK,K:\NINJA\E71a\ManualCheck\ScanData\UTS\ECC4\Ref\IMG\Event01238\PL080,1.000254530709614,0.00012731433585790253,-0.0001971116904611585,1.0001916447814663,141107.15289532894,-130127.63055865203,200,0.5,0.14,210,70,159837.21519875395,-103770.28768574077,3388,159828.1508089442,-103774.8689777679,3388,0.04315,0.021820000000000003,18712.88,26351.4
4,UTS,Ref/IMG,1238,82,j:OK,K:\NINJA\E71a\ManualCheck\ScanData\UTS\ECC4\Ref\IMG\Event01238\PL082,1.0001660184804806,-0.007474781306883949,0.0069584451742084035,1.000316843695894,143110.66707861313,-129720.78013445991,200,0.5,0.14,210,70,159970.08259433313,-103181.13445387653,3383.25,159948.54594841716,-103162.49496272157,3383.25,0.10187,-0.08944,17032.62,26431.39
4,UTS,Ref/IMG,2488,80,j:OK,K:\NINJA\E71a\ManualCheck\ScanData\UTS\ECC4\Ref\IMG\Event02488\PL080,1.000254530709614,0.00012731433585790253,-0.0001971116904611585,1.0001916447814663,141107.15289532894,-130127.63055865203,200,0.5,0.14,210,70,256569.3010102728,-57605.917282591356,3370.5,256682.49856579598,-57261.35805623393,3370.5,-0.53869,-1.6405500000000002,115536.66,72875.08
4,UTS,Ref/IMG,2488,82,j:OK,K:\NINJA\E71a\ManualCheck\ScanData\UTS\ECC4\Ref\IMG\Event02488\PL082,1.0001660184804806,-0.007474781306883949,0.0069584451742084035,1.000316843695894,143110.66707861313,-129720.78013445991,200,0.5,0.14,210,70,207676.5786806148,-55156.9076928366,3373.25,207684.22964514824,-55166.04955319593,3373.25,-0.0361,0.04377,65116.47,74078.15000000001
4,UTS,Ref/IMG,3521,80,j:OK,K:\NINJA\E71a\ManualCheck\ScanData\UTS\ECC4\Ref\IMG\Event03521\PL080,1.0001340238617784,-0.0033427322944216205,0.0031081376342715233,1.0004148452452606,21050.67851217261,-130466.04843365125,200,0.5,0.14,210,70,94656.36874251658,-89764.515004405,3368.5,94719.72605416764,-89973.7015065446,3375.5,-0.29833000000000004,0.9966400000000001,73793.69,40246.29
4,UTS,Ref/IMG,3521,82,j:OK,K:\NINJA\E71a\ManualCheck\ScanData\UTS\ECC4\Ref\IMG\Event03521\PL082,0.9999723943794901,-0.002464550960090957,0.0018246506670935988,1.0004506415676062,22980.697987654592,-127130.06458648502,200,0.5,0.14,210,70,95156.30879926142,-87081.55215542212,3362.25,95246.74650676931,-87157.90604451223,3362.25,-0.42977000000000004,0.36421000000000003,72366.19,39822.17
4,UTS,Ref/IMG,4756,80,j:OK,K:\NINJA\E71a\ManualCheck\ScanData\UTS\ECC4\Ref\IMG\Event04756\PL080,1.0001213942318254,-0.0011078698136437926,0.0009542585682985508,1.0002497393879644,141330.70218798282,-53726.83670496068,200,0.5,0.14,210,70,144520.99447235424,-41949.841485903096,3376.5,144745.52443981046,-41964.900181700665,3376.5,-1.06898,0.07271000000000001,3427.4300000000003,11755.73
4,UTS,Ref/IMG,4756,82,j:OK,K:\NINJA\E71a\ManualCheck\ScanData\UTS\ECC4\Ref\IMG\Event04756\PL082,1.0003069195404335,-0.006812639358890959,0.006168239760408005,1.0002262676960516,142377.2384108642,-53106.78895871699,200,0.5,0.14,210,70,174753.3801995621,-36078.06668716042,3379.25,174759.02503685592,-35989.26417120472,3379.25,-0.029750000000000002,-0.42259,32487.04,16913.31
4,UTS,Ref/IMG,6364,78,j:OK,K:\NINJA\E71a\ManualCheck\ScanData\UTS\ECC4\Ref\IMG\Event06364\PL078,0.9998769444840807,-0.013332229671572696,0.01271242523913757,1.00009137166332,19626.348782580022,-54364.81718897261,200,0.5,0.14,210,70,68004.883153842,-6167.455690255535,3327.25,67947.81759629745,-6144.642482044394,3333.25,0.27028,-0.11206,48962.020000000004,47593.4
4,UTS,Ref/IMG,6364,80,j:OK,K:\NINJA\E71a\ManualCheck\ScanData\UTS\ECC4\Ref\IMG\Event06364\PL080,1.0000911750415171,-0.0010504985097091895,0.0007255198551634354,1.0002783814934701,20992.827206286813,-53750.00789436728,200,0.5,0.14,210,70,70855.41151681062,-5961.011923378334,3340.25,70823.01298109845,-6112.0843795953115,3340.25,0.15502000000000002,0.71908,49875.630000000005,47588.49
4,UTS,Ref/IMG,7446,78,j:OK,K:\NINJA\E71a\ManualCheck\ScanData\UTS\ECC4\Ref\IMG\Event07446\PL078,0.9998500812882771,-0.012711533865358685,0.011991727357045437,1.0003187846499617,140546.60867965143,-52787.519676059885,200,0.5,0.14,210,70,200955.1499045376,-10248.515189844728,3360,200987.89454725294,-9970.659475857981,3360,-0.17274,-1.3206300000000002,60985.23,42072.13
4,UTS,Ref/IMG,7446,80,j:OK,K:\NINJA\E71a\ManualCheck\ScanData\UTS\ECC4\Ref\IMG\Event07446\PL080,1.0001213942318254,-0.0011078698136437926,0.0009542585682985508,1.0002497393879644,141330.70218798282,-53726.83670496068,200,0.5,0.14,210,70,208091.55283783472,-6387.784405889929,3369.25,208138.13673527894,-6325.383723400926,3369.25,-0.22213000000000002,-0.29686,66851.75,47325.840000000004
4,UTS,Ref/IMG,7670,78,j:OK,K:\NINJA\E71a\ManualCheck\ScanData\UTS\ECC4\Ref\IMG\Event07670\PL078,0.9999598694935463,-0.013113547449351493,0.012426241709233073,1.0000781817774747,21978.830391898668,-210385.4429066384,200,0.5,0.14,210,70,39475.47888183438,-159912.21251350435,3331.75,39581.08673168505,-159794.37035890025,3331.75,-0.51019,-0.5547700000000001,18263.39,50360.19
4,UTS,Ref/IMG,7670,80,j:OK,K:\NINJA\E71a\ManualCheck\ScanData\UTS\ECC4\Ref\IMG\Event07670\PL080,1.0003258438847207,0.003194323723101188,-0.0036427131280076974,1.000147981700261,20754.299951883324,-208367.93954300025,200,0.5,0.14,210,70,104849.22448532212,-149136.14596308378,3367,104999.86056408647,-149222.13404352765,3367,-0.71838,0.40679000000000004,84028.3,59443.1
4,UTS,Ref/IMG,8950,78,j:OK,K:\NINJA\E71a\ManualCheck\ScanData\UTS\ECC4\Ref\IMG\Event08950\PL078,0.9996465456918054,-0.012425374411160352,0.012098876326561227,1.0001531347798536,20663.594767218856,-130955.63959993573,200,0.5,0.14,210,70,144096.19793784016,-45646.70406840647,3368.75,144108.52740145038,-45630.8798867719,3368.75,-0.059660000000000005,-0.07462,124530.26000000001,83805.25
4,UTS,Ref/IMG,9038,82,j:OK,K:\NINJA\E71a\ManualCheck\ScanData\UTS\ECC4\Ref\IMG\Event09038\PL082,1.0001660184804806,-0.007474781306883949,0.0069584451742084035,1.000316843695894,143110.66707861313,-129720.78013445991,200,0.5,0.14,210,70,151509.72760154313,-106462.64882886909,3382.5,151537.9034338552,-106439.35688568946,3382.5,-0.13497,-0.10994000000000001,8599.33,23214.23
4,UTS,Ref/IMG,9807,78,j:OK,K:\NINJA\E71a\ManualCheck\ScanData\UTS\ECC4\Ref\IMG\Event09807\PL078,1.0000216650249334,-0.010647853869014835,0.010662410231085028,0.9999988772872895,141443.98092423988,-129305.3635080064,200,0.5,0.14,210,70,195974.45874893526,-78866.55810900907,3371.5,195979.75245643398,-78869.61001591066,3371.5,-0.025050000000000003,0.0148,55065.36,49848.68
4,UTS,Ref/IMG,10319,80,j:OK,K:\NINJA\E71a\ManualCheck\ScanData\UTS\ECC4\Ref\IMG\Event10319\PL080,1.0001340238617784,-0.0033427322944216205,0.0031081376342715233,1.0004148452452606,21050.67851217261,-130466.04843365125,200,0.5,0.14,210,70,111364.59525043402,-101389.63285521454,3370,111481.59034147557,-101522.83143807038,3370,-0.5549200000000001,0.6357400000000001,90514.55,28650
4,UTS,Ref/IMG,10319,82,j:OK,K:\NINJA\E71a\ManualCheck\ScanData\UTS\ECC4\Ref\IMG\Event10319\PL082,0.9999723943794901,-0.002464550960090957,0.0018246506670935988,1.0004506415676062,22980.697987654592,-127130.06458648502,200,0.5,0.14,210,70,90031.29071161743,-100251.87742377722,3363.25,89949.26028655488,-100221.1808718536,3363.25,0.39027,-0.14682,67036.4,26774.5
4,UTS,Ref/IMG,10728,78,j:OK,K:\NINJA\E71a\ManualCheck\ScanData\UTS\ECC4\Ref\IMG\Event10728\PL078,1.0000216650249334,-0.010647853869014835,0.010662410231085028,0.9999988772872895,141443.98092423988,-129305.3635080064,200,0.5,0.14,210,70,201531.78981891306,-92024.87352422209,3374,201468.45691300838,-91864.81562557613,3374,0.29343,-0.76531,60414.97,36796.42
4,UTS,Ref/IMG,10728,80,j:OK,K:\NINJA\E71a\ManualCheck\ScanData\UTS\ECC4\Ref\IMG\Event10728\PL080,1.000254530709614,0.00012731433585790253,-0.0001971116904611585,1.0001916447814663,141107.15289532894,-130127.63055865203,200,0.5,0.14,210,70,203444.56762806696,-96473.6688966913,3386.25,203292.83148638476,-96472.30313934045,3386.25,0.7223700000000001,-0.00636,62165.57,33661.13
4,UTS,Ref/IMG,11647,80,j:OK,K:\NINJA\E71a\ManualCheck\ScanData\UTS\ECC4\Ref\IMG\Event11647\PL080,1.000254530709614,0.00012731433585790253,-0.0001971116904611585,1.0001916447814663,141107.15289532894,-130127.63055865203,200,0.5,0.14,210,70,172429.54505028643,-79691.42746643558,3384.75,172405.55011404527,-79662.58631194179,3384.75,0.11425,-0.13729000000000002,31284.010000000002,50461.54
4,UTS,Ref/IMG,11647,82,j:OK,K:\NINJA\E71a\ManualCheck\ScanData\UTS\ECC4\Ref\IMG\Event11647\PL082,1.0001660184804806,-0.007474781306883949,0.0069584451742084035,1.000316843695894,143110.66707861313,-129720.78013445991,200,0.5,0.14,210,70,173673.7259518568,-78567.53765768069,3380.25,173679.8183136039,-78460.85995363972,3380.25,-0.0328,-0.5076,30945.440000000002,51028.42
4,FTS,Ref/IMG,212,69,j:OK,K:\NINJA\E71a\ManualCheck\ScanData\FTS\ECC4\Ref\IMG\Event00212\PL069,1.000264807809173,0.00672223279477887,-0.00679722553744764,1.0002298899698865,138087.26351426318,-123463.90301967319,200,0.5,0.156,210,70,158303.44049520066,-43815.468103950705,4861,158439.7056834865,-43832.02028889497,4861,-0.6492100000000001,0.07439000000000001,19811.11,79748.21
4,FTS,Ref/IMG,450,38,j:OK,K:\NINJA\E71a\ManualCheck\ScanData\FTS\ECC4\Ref\IMG\Event00450\PL038,1.0003222648805719,-0.004341627151260192,0.004136121625958913,1.0002872168512378,63900.76011010286,-12682.99002001731,200,0.5,0.156,210,70,104923.29607061826,25243.673663484355,-347.75,104927.06991137155,25253.616896196003,-347.75,-0.018170000000000002,-0.04726,41176.96,37755.450000000004
4,FTS,Ref/IMG,450,40,j:OK,K:\NINJA\E71a\ManualCheck\ScanData\FTS\ECC4\Ref\IMG\Event00450\PL040,1.000312406889977,-0.004481337586108871,0.003735506980188199,1.000316128114039,-177271.59702598007,-37855.04923230983,200,0.5,0.156,210,70,-132223.38114508695,654.946145844016,4847.25,-132221.21625780902,647.650099804494,4834.5,-0.010150000000000001,0.03477,45207.99,38321.71
4,FTS,Ref/IMG,633,63,j:OK,K:\NINJA\E71a\ManualCheck\ScanData\FTS\ECC4\Ref\IMG\Event00633\PL063,1.0002902267204279,0.001230729425936403,-0.001458907569773898,1.000331613563519,-104242.2380205572,-108063.37204891311,200,0.5,0.156,210,70,-72427.26972397738,-86012.8991483126,4818.5,-72292.65086172122,-86087.1598732768,4818.5,-0.64129,0.35257000000000005,31913.23,22015.47
4,FTS,Ref/IMG,633,66,j:OK,K:\NINJA\E71a\ManualCheck\ScanData\FTS\ECC4\Ref\IMG\Event00633\PL066,1.0003783577137582,0.00580331708720807,-0.005959793744026955,1.000424845190119,21582.42741847233,-48909.544475601804,200,0.5,0.156,210,70,114276.27735700288,-19815.689653549183,4844.5,114160.45572416052,-19731.80984017923,4844.5,0.55362,-0.39596000000000003,92370.63,29715.62
4,FTS,Ref/IMG,833,79,j:OK,K:\NINJA\E71a\ManualCheck\ScanData\FTS\ECC4\Ref\IMG\Event00833\PL079,1.0001519401804597,-0.00992239753414213,0.00985732336643133,1.0002800244756085,-40702.1567123176,-183812.68439429803,200,0.5,0.156,210,70,37609.92187735043,-122843.66459821809,4858.25,37634.33695274377,-122678.77638417654,4858.25,-0.12402,-0.7837400000000001,78923.21,60339.04
4,FTS,Ref/IMG,833,81,j:OK,K:\NINJA\E71a\ManualCheck\ScanData\FTS\ECC4\Ref\IMG\Event00833\PL081,1.000257045791129,0.008274629684651043,-0.008821480994768718,1.000405657837229,-61677.32905594004,-180790.80110423453,200,0.5,0.156,210,70,-13358.828020125495,-120668.76818812822,4861.25,-13352.08272892655,-120663.69281975622,4861.25,-0.03191,-0.024440000000000003,47812.14,60524.33
4,FTS,Ref/IMG,1115,32,j:OK,K:\NINJA\E71a\ManualCheck\ScanData\FTS\ECC4\Ref\IMG\Event01115\PL032,1.0003628382195107,-0.012139959988610699,0.011977686127221445,1.0003349193020548,-139158.57067446382,-243688.88632208228,200,0.5,0.156,210,70,-29401.96341333043,-201302.42221243746,2193.5,-29384.47557222941,-201282.04734420893,2193.5,-0.08441000000000001,-0.09598000000000001,110232.72,41072.75
4,FTS,Ref/IMG,1115,34,j:OK,K:\NINJA\E71a\ManualCheck\ScanData\FTS\ECC4\Ref\IMG\Event01115\PL034,1.0002449242266276,0.012756840608049115,-0.013347697266313125,1.0002003418203593,-78575.05648559413,-190148.68734032902,200,0.5,0.156,210,70,30399.947316123948,-147790.04461512333,-358.5,30309.946022010714,-147681.32577063987,-358.5,0.435,-0.5118,108298.4,43904.1
4,FTS,Ref/IMG,1238,79,j:OK,K:\NINJA\E71a\ManualCheck\ScanData\FTS\ECC4\Ref\IMG\Event01238\PL079,1.0001519401804597,-0.00992239753414213,0.00985732336643133,1.0002800244756085,-40702.1567123176,-183812.68439429803,200,0.5,0.156,210,70,73519.96482856083,-151359.0532911645,4863.750000000001,73356.39387984396,-151166.67815377266,4863.750000000001,0.76963,-0.9234000000000001,114353.83,31509.96
4,FTS,Ref/IMG,1238,81,j:OK,K:\NINJA\E71a\ManualCheck\ScanData\FTS\ECC4\Ref\IMG\Event01238\PL081,1.000257045791129,0.008274629684651043,-0.008821480994768718,1.000405657837229,-61677.32905594004,-180790.80110423453,200,0.5,0.156,210,70,-43718.57351908986,-155436.6433973606,4855.5,-43737.16116001331,-155421.23667675484,4855.5,0.08909,-0.07255,17724.48,25515.57
4,FTS,Ref/IMG,1751,51,j:OK,K:\NINJA\E71a\ManualCheck\ScanData\FTS\ECC4\Ref\IMG\Event01751\PL051,1.0004202037044847,-0.0074686603556479445,0.006704652628828516,1.0004392549728158,-310166.1368476109,-115664.10022797761,200,0.5,0.156,210,70,-223149.75240531017,-73721.60416600032,4842.75,-221964.2489719454,-74017.69671131548,4842.75,-5.63208,1.4470900000000002,88471.19,41035.21
4,FTS,Ref/IMG,1966,34,j:OK,K:\NINJA\E71a\ManualCheck\ScanData\FTS\ECC4\Ref\IMG\Event01966\PL034,1.0003607152389777,0.0038926479751902835,-0.004715207356271098,1.0002264710124804,41524.20628693182,-35437.23681159051,200,0.5,0.156,210,70,74988.69301963857,-10627.042279800482,-341.25,75120.62512244492,-10737.699574881706,-341.25,-0.6300600000000001,0.52385,33487.6,24851.81
4,FTS,Ref/IMG,1966,36,j:OK,K:\NINJA\E71a\ManualCheck\ScanData\FTS\ECC4\Ref\IMG\Event01966\PL036,1.0003878796006178,-0.004901943780557516,0.004609380210214201,1.0003720155694904,52224.472809284794,-13903.07729418479,200,0.5,0.156,210,70,82677.53005910646,12100.29147992508,-348.75,82692.68869985556,12077.380360020856,-348.75,-0.07162,0.10939000000000002,30582.97,25829.88
4,FTS,Ref/IMG,2069,40,j:OK,K:\NINJA\E71a\ManualCheck\ScanData\FTS\ECC4\Ref\IMG\Event02069\PL040,1.0002918911466072,-0.0012456259002987988,0.0006182877247876719,1.0002860970526517,-297788.9898684321,-114672.81066129102,200,0.5,0.156,210,70,-235715.08959694332,-77416.62072777373,4827.75,-235707.98303981198,-77411.70302609692,4827.75,-0.03386,-0.02339,62109.23,37212.06
4,FTS,Ref/IMG,2069,42,j:OK,K:\NINJA\E71a\ManualCheck\ScanData\FTS\ECC4\Ref\IMG\Event02069\PL042,1.0001927341643686,-0.006159980731389221,0.006007370559550846,1.0003247733281457,-302867.4934215912,-118225.14949850155,200,0.5,0.156,210,70,-241711.4450280814,-76300.40069118942,4834.75,-241712.15414284536,-76311.11252257715,4834.75,0.00369,0.05097,61399.340000000004,41531.700000000004
4,FTS,Ref/IMG,2488,81,j:OK,K:\NINJA\E71a\ManualCheck\ScanData\FTS\ECC4\Ref\IMG\Event02488\PL081,1.000257045791129,0.008274629684651043,-0.008821480994768718,1.000405657837229,-61677.32905594004,-180790.80110423453,200,0.5,0.156,210,70,6962.428104115648,-108367.34189846905,4864.25,7102.191054171482,-108399.63995970172,4864.25,-0.66659,0.14786000000000002,68158.26,72962.82
4,FTS,Ref/IMG,2899,49,j:OK,K:\NINJA\E71a\ManualCheck\ScanData\FTS\ECC4\Ref\IMG\Event02899\PL049,1.0005205336275333,-0.0005860578744063367,-0.0005324502593994198,1.000361464270684,-177378.7101773204,-193002.65549707753,200,0.5,0.156,210,70,-118621.49272185862,-143041.8406739642,4899,-118595.7231772287,-143156.00119733615,4883.25,-0.12233000000000001,0.5433600000000001,58781.61,49859.93
4,FTS,Ref/IMG,2899,51,j:OK,K:\NINJA\E71a\ManualCheck\ScanData\FTS\ECC4\Ref\IMG\Event02899\PL051,1.0006197084386856,-0.004463672241583519,0.0034082108688603466,1.0002645879995768,-189451.58928828745,-194270.24189442937,200,0.5,0.156,210,70,-124816.35024695835,-144606.82205500413,4883.5,-124741.09470366052,-144749.61153893,4883.5,-0.3551,0.68098,64890.28,49286.43
4,FTS,Ref/IMG,3284,42,j:OK,K:\NINJA\E71a\ManualCheck\ScanData\FTS\ECC4\Ref\IMG\Event03284\PL042,1.0002377359963215,-0.001049194599363067,0.0008802325403988362,1.0002849921977608,-181457.35214557988,-194576.149992843,200,0.5,0.156,210,70,-100534.33035964583,-143620.6650020214,4882.5,-100550.89853150301,-143757.3950603022,4882.5,0.07956,0.6508400000000001,80940.44,50733.05
4,FTS,Ref/IMG,3492,36,j:OK,K:\NINJA\E71a\ManualCheck\ScanData\FTS\ECC4\Ref\IMG\Event03492\PL036,1.0003533461490546,-0.003848437135357736,0.003676691551584007,1.000447669136533,-66669.94145546734,-170656.30907405895,200,0.5,0.156,210,70,-3270.9033148688372,-103712.39341835506,-363.5,-3434.291130870435,-103735.7999600415,-363.5,0.7781800000000001,0.10855000000000001,63469.75,66657.31
4,FTS,Ref/IMG,3521,81,j:OK,K:\NINJA\E71a\ManualCheck\ScanData\FTS\ECC4\Ref\IMG\Event03521\PL081,1.0001938765699325,0.00027284392406532577,-0.0006617960940018085,1.000441967646372,-182093.6407812952,-181622.4804808876,200,0.5,0.156,210,70,-106720.89589455166,-140944.76683092877,4827,-106743.78018387452,-140946.04796202248,4827,0.10895,0.00617,75324.15000000001,40708.29
4,FTS,Ref/IMG,3815,42,j:OK,K:\NINJA\E71a\ManualCheck\ScanData\FTS\ECC4\Ref\IMG\Event03815\PL042,1.0002377359963215,-0.001049194599363067,0.0008802325403988362,1.0002849921977608,-181457.35214557988,-194576.149992843,200,0.5,0.156,210,70,-159325.33475753144,-121121.13604339001,4869.25,-159256.18659618302,-121098.78572031102,4869.25,-0.32931000000000005,-0.10611000000000001,22272.920000000002,73436.83
4,FTS,Ref/IMG,3933,66,j:OK,K:\NINJA\E71a\ManualCheck\ScanData\FTS\ECC4\Ref\IMG\Event03933\PL066,1.0003783577137582,0.00580331708720807,-0.005959793744026955,1.000424845190119,21582.42741847233,-48909.544475601804,200,0.5,0.156,210,70,145081.93849351056,5040.437800366032,4844.75,144985.39694686583,4995.098466173957,4844.75,0.45828,0.21854,123039.47,54614.73
4,FTS,Ref/IMG,3933,67,j:OK,K:\NINJA\E71a\ManualCheck\ScanData\FTS\ECC4\Ref\IMG\Event03933\PL067,1.0002268612576855,0.00874677931997873,-0.009315473552702496,1.0003905568129154,24511.85818786259,-48036.493646917705,200,0.5,0.156,210,70,148516.69320541623,5478.649504531601,4861.5,148499.54939482707,5422.380748317941,4838.75,0.07927000000000001,0.26858000000000004,123482.21,54587.85
4,FTS,Ref/IMG,4026,62,j:OK,K:\NINJA\E71a\ManualCheck\ScanData\FTS\ECC4\Ref\IMG\Event04026\PL062,1.0002487981591914,0.00686892777610222,-0.006978540198268235,1.0002844041392012,8797.757252919315,-189755.66900626398,200,0.5,0.156,210,70,55654.95388452343,-173800.02466017232,4878.5,55659.75319330469,-173722.72095128844,4878.5,-0.02032,-0.36815000000000003,46738.03,16354.460000000001
4,FTS,Ref/IMG,4026,63,j:OK,K:\NINJA\E71a\ManualCheck\ScanData\FTS\ECC4\Ref\IMG\Event04026\PL063,1.0002025192445738,0.015370310748167046,-0.015523763654531578,1.0002815421013596,14934.20446322863,-185986.03859056436,200,0.5,0.156,210,70,62199.29670734142,-175056.23658668465,4882,62178.250430913184,-175075.46269950073,4882,0.09877000000000001,0.09306,47055.64,11637.78
4,FTS,Ref/IMG,4026,64,j:OK,K:\NINJA\E71a\ManualCheck\ScanData\FTS\ECC4\Ref\IMG\Event04026\PL064,1.0002706244141681,0.013642325776771895,-0.013794769266615754,1.000379302420382,16120.304712397363,-187083.83197860507,200,0.5,0.156,210,70,62598.718486411555,-173954.95030560714,4888.5,62596.60931398887,-173959.7119348551,4888.5,0.00973,0.0228,46276.1,13757.27
4,FTS,Ref/IMG,4089,51,j:OK,K:\NINJA\E71a\ManualCheck\ScanData\FTS\ECC4\Ref\IMG\Event04089\PL051,1.0003221289188595,-0.005476833144151833,0.004654557679485036,1.000324598478065,-311161.68352156243,-38750.14304479343,200,0.5,0.156,210,70,-288458.10166974925,47381.45750030459,4750,-288245.2082673157,47157.92573197545,4750,-1.0076,1.06878,23378.7,85771.41
4,FTS,Ref/IMG,4756,81,j:OK,K:\NINJA\E71a\ManualCheck\ScanData\FTS\ECC4\Ref\IMG\Event04756\PL081,1.0003181908360455,-0.0015108885460752616,0.0010745228875784034,1.0002354361359762,-61371.75650276932,-106834.44406351572,200,0.5,0.156,210,70,-27495.57060169807,-89161.51139280347,4849.25,-27469.670494763628,-89290.06764619952,4849.25,-0.12237,0.61216,33917.74,17503.81
4,FTS,Ref/IMG,5130,30,j:OK,K:\NINJA\E71a\ManualCheck\ScanData\FTS\ECC4\Ref\IMG\Event05130\PL030,1.000388112889384,0.004382899851431237,-0.004594253360342562,1.0003415206840995,-31898.971287303968,-87098.61169496982,200,0.5,0.156,210,70,-6408.781239024735,-64403.66899552562,2189.5,-6400.8045335711395,-64390.77965533825,2189.5,-0.037700000000000004,-0.06153000000000001,25388.31,22816.68
4,FTS,Ref/IMG,5210,34,j:OK,K:\NINJA\E71a\ManualCheck\ScanData\FTS\ECC4\Ref\IMG\Event05210\PL034,1.00042418298029,0.012748314506426231,-0.013722556216717271,1.000182706915887,41195.944576708236,-111325.47688715087,200,0.5,0.156,210,70,59525.684889065335,-86866.84535829643,-331,59525.578479147676,-86853.76252283505,-331,0.0013000000000000002,-0.062270000000000006,18006.93,24714.3
4,FTS,Ref/IMG,5414,51,j:OK,K:\NINJA\E71a\ManualCheck\ScanData\FTS\ECC4\Ref\IMG\Event05414\PL051,1.0003221289188595,-0.005476833144151833,0.004654557679485036,1.000324598478065,-311161.68352156243,-38750.14304479343,200,0.5,0.156,210,70,-218387.79773659963,-27455.13597061289,4838.500000000001,-218429.31436497957,-27503.499007448547,4838.500000000001,0.19889,0.22930000000000003,92761.7,10811.37
4,FTS,Ref/IMG,5851,62,j:OK,K:\NINJA\E71a\ManualCheck\ScanData\FTS\ECC4\Ref\IMG\Event05851\PL062,1.0002394585750776,-0.003731908265573445,0.0035806865945978207,1.0002760991258137,-110028.29571682525,-268361.03923889087,200,0.5,0.156,210,70,-33942.73679187392,-200069.88258752594,4842.5,-33949.339618914644,-200088.23192751966,4842.5,0.031760000000000004,0.08724000000000001,76314.38,67980.78
4,FTS,Ref/IMG,6107,62,j:OK,K:\NINJA\E71a\ManualCheck\ScanData\FTS\ECC4\Ref\IMG\Event06107\PL062,1.0002332075721219,-0.0054800765850886455,0.005252955769417367,1.0002629031359864,-111436.36630509805,-111645.79892984091,200,0.5,0.156,210,70,-41922.97721552812,-104943.50418449056,4829.25,-41658.07961243975,-104832.1921608322,4829.25,-1.2639900000000002,-0.5232800000000001,69797.33,6445.27
4,FTS,Ref/IMG,6107,63,j:OK,K:\NINJA\E71a\ManualCheck\ScanData\FTS\ECC4\Ref\IMG\Event06107\PL063,1.0002902267204279,0.001230729425936403,-0.001458907569773898,1.000331613563519,-104242.2380205572,-108063.37204891311,200,0.5,0.156,210,70,18208.733168346913,-76314.84183696522,4850.75,18199.074300394175,-76349.19100284242,4850.75,0.04578,0.16358,122366.56,31882.13
4,FTS,Ref/IMG,6328,34,j:OK,K:\NINJA\E71a\ManualCheck\ScanData\FTS\ECC4\Ref\IMG\Event06328\PL034,1.0003607152389777,0.0038926479751902835,-0.004715207356271098,1.0002264710124804,41524.20628693182,-35437.23681159051,200,0.5,0.156,210,70,109976.91959352784,-22049.94803025539,-340.5,109963.24799998241,-22148.09312678134,-340.5,0.06326000000000001,0.46755,68361.41,13608.4
4,FTS,Ref/IMG,6328,36,j:OK,K:\NINJA\E71a\ManualCheck\ScanData\FTS\ECC4\Ref\IMG\Event06328\PL036,1.0003878796006178,-0.004901943780557516,0.004609380210214201,1.0003720155694904,52224.472809284794,-13903.07729418479,200,0.5,0.156,210,70,118241.8457341261,-2326.806475977068,-340,118242.80180228123,-2298.9744943255882,-340,-0.005200000000000001,-0.13246000000000002,66048.08,11295.460000000001
4,FTS,Ref/IMG,6364,79,j:OK,K:\NINJA\E71a\ManualCheck\ScanData\FTS\ECC4\Ref\IMG\Event06364\PL079,1.000134232061285,-0.006415866731289055,0.006258577365221173,1.000204350123396,-160943.6439622714,-107758.50461741435,200,0.5,0.156,210,70,-107001.89227882448,-59069.586734471406,4791.5,-106990.11341098591,-59047.323201347775,4791.5,-0.056760000000000005,-0.10564000000000001,54256.53,48361.73
4,FTS,Ref/IMG,7224,38,j:OK,K:\NINJA\E71a\ManualCheck\ScanData\FTS\ECC4\Ref\IMG\Event07224\PL038,1.0003141329937724,-0.00033352445709194933,0.0001459267104630714,1.0003880092775372,-56989.15323974133,-90961.89010604714,200,0.5,0.156,210,70,14177.063389264653,-81904.42088324134,-348.25,14321.895748008894,-82024.94451517348,-348.25,-0.68927,0.5738000000000001,71291.63,8923.08
4,FTS,Ref/IMG,7224,40,j:OK,K:\NINJA\E71a\ManualCheck\ScanData\FTS\ECC4\Ref\IMG\Event07224\PL040,1.0002918911466072,-0.0012456259002987988,0.0006182877247876719,1.0002860970526517,-297788.9898684321,-114672.81066129102,200,0.5,0.156,210,70,-220177.11727143047,-104035.59026146351,4840.5,-220198.24550589774,-104032.01339144266,4840.5,0.10056000000000001,-0.01709,77581.29000000001,10589.800000000001
4,FTS,Ref/IMG,7277,62,j:OK,K:\NINJA\E71a\ManualCheck\ScanData\FTS\ECC4\Ref\IMG\Event07277\PL062,1.0002332075721219,-0.0054800765850886455,0.005252955769417367,1.0002629031359864,-111436.36630509805,-111645.79892984091,200,0.5,0.156,210,70,-9879.650914701886,-72453.14760251707,4833.5,-9852.11876203063,-72509.16918900017,4833.5,-0.12961,0.26738,101772,38591.88
4,FTS,Ref/IMG,7277,63,j:OK,K:\NINJA\E71a\ManualCheck\ScanData\FTS\ECC4\Ref\IMG\Event07277\PL063,1.0002902267204279,0.001230729425936403,-0.001458907569773898,1.000331613563519,-104242.2380205572,-108063.37204891311,200,0.5,0.156,210,70,-5759.078531794357,-73805.84096781364,4842.5,-5751.6861623869045,-73786.80680183593,4842.5,-0.03508,-0.09066,98419.64,34408.74
4,FTS,Ref/IMG,7378,36,j:OK,K:\NINJA\E71a\ManualCheck\ScanData\FTS\ECC4\Ref\IMG\Event07378\PL036,1.0002848896161611,-0.013167222238392355,0.01291973994279636,1.0003573663540017,53138.5932873449,-91052.74716642842,200,0.5,0.156,210,70,113353.85481743603,-17716.655580861763,-332.75,113325.81738750103,-17722.228460878643,-332.75,0.1338,0.024800000000000003,61124.630000000005,72514.89
4,FTS,Ref/IMG,7378,38,j:OK,K:\NINJA\E71a\ManualCheck\ScanData\FTS\ECC4\Ref\IMG\Event07378\PL038,1.0003313362864104,-0.0025344765833967783,0.0023708406371742694,1.0003978460649925,63285.498882447064,-90525.37452696273,200,0.5,0.156,210,70,123314.78406193834,-16323.93166059512,-321.25,123329.30879978885,-16262.745749926093,-335.75,-0.06988000000000001,-0.29108,60211.64,74090.40000000001
4,FTS,Ref/IMG,7399,66,j:OK,K:\NINJA\E71a\ManualCheck\ScanData\FTS\ECC4\Ref\IMG\Event07399\PL066,1.0003292219646198,0.007318696398570368,-0.007494760590451166,1.0002951081559917,142041.72809821102,-126175.7406367535,200,0.5,0.156,210,70,215007.68730321396,-73601.33395614689,4876.75,215016.58758445116,-73608.33936697282,4876.75,-0.04261,0.033030000000000004,72562.38,53095.57
4,FTS,Ref/IMG,7399,67,j:OK,K:\NINJA\E71a\ManualCheck\ScanData\FTS\ECC4\Ref\IMG\Event07399\PL067,1.0004425877515695,0.01062012551457521,-0.010908228573341401,1.00012630600852,144433.74593837408,-125601.99327370366,200,0.5,0.156,210,70,213582.89351534587,-73874.43070618637,4885.25,213562.81774172385,-73854.3578064174,4867.75,0.09656,-0.09452,68541.3,52488.67
4,FTS,Ref/IMG,7446,79,j:OK,K:\NINJA\E71a\ManualCheck\ScanData\FTS\ECC4\Ref\IMG\Event07446\PL079,1.000197343366263,-0.006498919517449111,0.006320211679136721,1.0002102653729175,-41660.50057326566,-107041.38565540353,200,0.5,0.156,210,70,27756.15624027202,-58060.33706745619,4837.000000000001,27729.46725266041,-58046.43217798744,4837.000000000001,0.12663000000000002,-0.067,69691.7,48544.28
4,FTS,Ref/IMG,7446,81,j:OK,K:\NINJA\E71a\ManualCheck\ScanData\FTS\ECC4\Ref\IMG\Event07446\PL081,1.0003181908360455,-0.0015108885460752616,0.0010745228875784034,1.0002354361359762,-61371.75650276932,-106834.44406351572,200,0.5,0.156,210,70,5584.49772220726,-57357.821863221616,4839.25,5557.258106128225,-57343.777788080595,4839.25,0.12957000000000002,-0.067,66982.35,49407.06
4,FTS,Ref/IMG,7670,79,j:OK,K:\NINJA\E71a\ManualCheck\ScanData\FTS\ECC4\Ref\IMG\Event07670\PL079,1.0001510513736935,-0.004271513828969433,0.004175130943035432,1.0002370666836795,-159518.62208533855,-263354.84526874864,200,0.5,0.156,210,70,-74424.91760136547,-200879.82288232681,4828.5,-74272.58421988098,-200966.11761938132,4828.5,-0.72352,0.41385000000000005,85498.03,62017.06
4,FTS,Ref/IMG,7670,81,j:OK,K:\NINJA\E71a\ManualCheck\ScanData\FTS\ECC4\Ref\IMG\Event07670\PL081,1.0001842630330402,-0.0010711385188378628,0.0006817986756565781,1.0004791932277388,-182469.05756797185,-262510.6583073456,200,0.5,0.156,210,70,-97422.8742914796,-200638.0296463352,4827.500000000001,-97301.68955363135,-200736.7973557862,4827.500000000001,-0.5764600000000001,0.47049,85217.74,61686.200000000004
4,FTS,Ref/IMG,8322,36,j:OK,K:\NINJA\E71a\ManualCheck\ScanData\FTS\ECC4\Ref\IMG\Event08322\PL036,1.0002445747655757,-0.006482457341591194,0.0062031390674405825,1.0004680460731419,-67693.04167622904,-14980.043314094488,200,0.5,0.156,210,70,48963.559629388306,24980.535716736493,-362.5,48978.575160009175,25008.3461174773,-362.5,-0.07234,-0.13192,116897.43000000001,39244.89
4,FTS,Ref/IMG,8782,46,j:OK,K:\NINJA\E71a\ManualCheck\ScanData\FTS\ECC4\Ref\IMG\Event08782\PL046,1.0003159425696881,-0.009637182022089703,0.009472707704043045,1.000281503881535,-185063.3094599212,-40611.56090107769,200,0.5,0.156,210,70,-90615.36657291495,-41278.60185462562,4870,-90547.65134132832,-41243.54348589824,4870,-0.32393000000000005,-0.16383,94471.1,-1526.45
4,FTS,Ref/IMG,8782,47,j:OK,K:\NINJA\E71a\ManualCheck\ScanData\FTS\ECC4\Ref\IMG\Event08782\PL047,1.0001998557566885,0.01543815511432452,-0.015588090093791748,1.000255069278645,-183324.17766988982,-113845.42555281229,200,0.5,0.156,210,70,-140258.65612205063,-30697.692996486825,4872.25,-140175.44084757662,-30826.3444993898,4872.25,-0.40554,0.6061500000000001,41848.97,83650.09
4,FTS,Ref/IMG,8782,49,j:OK,K:\NINJA\E71a\ManualCheck\ScanData\FTS\ECC4\Ref\IMG\Event08782\PL049,1.0004198148242778,0.0014910594394166535,-0.0025007800675069273,1.00041153248012,-177639.63049766247,-114103.46068601942,200,0.5,0.156,210,70,-137095.51657189385,-31444.908761237573,4874.5,-137095.5191626753,-31431.141740247636,4874.5,0.00011,-0.06553,40403.78,82739.31
4,FTS,Ref/IMG,9035,66,j:OK,K:\NINJA\E71a\ManualCheck\ScanData\FTS\ECC4\Ref\IMG\Event09035\PL066,1.0003783577137582,0.00580331708720807,-0.005959793744026955,1.000424845190119,21582.42741847233,-48909.544475601804,200,0.5,0.156,210,70,98091.18885311397,1219.8225442879682,4818,98010.08201439932,1125.8904852826454,4818,0.38347000000000003,0.44939,76105.98,50467.57
4,FTS,Ref/IMG,9035,67,j:OK,K:\NINJA\E71a\ManualCheck\ScanData\FTS\ECC4\Ref\IMG\Event09035\PL067,1.0002268612576855,0.00874677931997873,-0.009315473552702496,1.0003905568129154,24511.85818786259,-48036.493646917705,200,0.5,0.156,210,70,101079.16553887758,2112.2578199427326,4849,101060.96761229861,2107.9311825450277,4825.5,0.08645000000000001,0.021400000000000002,76087.22,50833.36
4,FTS,Ref/IMG,9038,81,j:OK,K:\NINJA\E71a\ManualCheck\ScanData\FTS\ECC4\Ref\IMG\Event09038\PL081,1.0001938765699325,0.00027284392406532577,-0.0006617960940018085,1.000441967646372,-182093.6407812952,-181622.4804808876,200,0.5,0.156,210,70,-128360.62675938607,-162350.22734813535,4814.25,-128226.59007603713,-162407.1545558357,4814.25,-0.63822,0.27054,53851.36,19242.46
4,FTS,Ref/IMG,9177,62,j:OK,K:\NINJA\E71a\ManualCheck\ScanData\FTS\ECC4\Ref\IMG\Event09177\PL062,1.0002332075721219,-0.0054800765850886455,0.005252955769417367,1.0002629031359864,-111436.36630509805,-111645.79892984091,200,0.5,0.156,210,70,-22760.13484509108,-99313.12452925374,4844.5,-22685.165058552608,-99279.21133388912,4829.25,-0.35779000000000005,-0.15957000000000002,88795.69,11897.02
4,FTS,Ref/IMG,9177,63,j:OK,K:\NINJA\E71a\ManualCheck\ScanData\FTS\ECC4\Ref\IMG\Event09177\PL063,1.0003202077832518,0.0001221781115314487,-0.00027821644050725645,1.0004129411739822,-103492.00382464749,-186657.1631983315,200,0.5,0.156,210,70,-20594.437337597272,-102984.93927844215,4851.5,-20541.221057270915,-103054.2028655697,4851.5,-0.25337000000000004,0.32962,82914.02,83591.51
4,FTS,Ref/IMG,9343,46,j:OK,K:\NINJA\E71a\ManualCheck\ScanData\FTS\ECC4\Ref\IMG\Event09343\PL046,1.0003380558637593,0.007043917219620384,-0.007153681253326103,1.0003635131586197,-185457.8906150293,-115645.019566558,200,0.5,0.156,210,70,-155561.99689485854,-108338.0594395642,4879.5,-155502.20808355985,-108239.95834235198,4879.5,-0.28131,-0.46899,29891.93,7616.13
4,FTS,Ref/IMG,9343,47,j:OK,K:\NINJA\E71a\ManualCheck\ScanData\FTS\ECC4\Ref\IMG\Event09343\PL047,1.0001998557566885,0.01543815511432452,-0.015588090093791748,1.000255069278645,-183324.17766988982,-113845.42555281229,200,0.5,0.156,210,70,-156558.18721826852,-109294.76446784625,4876.75,-156566.1013999854,-109279.79096835085,4876.75,0.038770000000000006,-0.07068,26675.86,4980.1900000000005
4,FTS,Ref/IMG,9589,46,j:OK,K:\NINJA\E71a\ManualCheck\ScanData\FTS\ECC4\Ref\IMG\Event09589\PL046,1.0003380558637593,0.007043917219620384,-0.007153681253326103,1.0003635131586197,-185457.8906150293,-115645.019566558,200,0.5,0.156,210,70,-112099.16332922906,-44462.57940241613,4877.5,-112266.17071966319,-44433.475041722355,4877.5,0.7959400000000001,-0.13285000000000002,72662.07,71705.28
4,FTS,Ref/IMG,9589,47,j:OK,K:\NINJA\E71a\ManualCheck\ScanData\FTS\ECC4\Ref\IMG\Event09589\PL047,1.0001998557566885,0.01543815511432452,-0.015588090093791748,1.000255069278645,-183324.17766988982,-113845.42555281229,200,0.5,0.156,210,70,-134293.8531516457,-61875.04084735339,4870.5,-134310.43460526943,-61988.763895302196,4870.5,0.07057000000000001,0.5425000000000001,48192.15,52594.47
4,FTS,Ref/IMG,9589,49,j:OK,K:\NINJA\E71a\ManualCheck\ScanData\FTS\ECC4\Ref\IMG\Event09589\PL049,1.0004198148242778,0.0014910594394166535,-0.0025007800675069273,1.00041153248012,-177639.63049766247,-114103.46068601942,200,0.5,0.156,210,70,-130743.7182979011,-60537.60746680046,4883,-130842.20356860846,-60576.924902510815,4883,0.4685,0.18832000000000002,46697.87,53621.25
4,FTS,Ref/IMG,9807,79,j:OK,K:\NINJA\E71a\ManualCheck\ScanData\FTS\ECC4\Ref\IMG\Event09807\PL079,1.0001519401804597,-0.00992239753414213,0.00985732336643133,1.0002800244756085,-40702.1567123176,-183812.68439429803,200,0.5,0.156,210,70,20577.31461801861,-132381.82263479035,4860.5,20639.178590711177,-132493.5612454269,4860.5,-0.28924,0.5347900000000001,61834.96,50695.4
4,FTS,Ref/IMG,9870,69,j:OK,K:\NINJA\E71a\ManualCheck\ScanData\FTS\ECC4\Ref\IMG\Event09870\PL069,1.0002791286905817,-0.0010155783581161546,0.0008719738654840442,1.000289252459032,18025.865618385942,-125068.35983153147,200,0.5,0.156,210,70,118211.21966611446,-84298.52639288621,4862.25,118191.32668627104,-84360.19031501786,4846,0.095,0.29347,100178.74,40609.07
4,FTS,Ref/IMG,9955,34,j:OK,K:\NINJA\E71a\ManualCheck\ScanData\FTS\ECC4\Ref\IMG\Event09955\PL034,1.0003418856727226,0.008551021636439782,-0.009285906257111691,1.0003659080761085,-78496.93071354007,-110958.20381364436,200,0.5,0.156,210,70,38022.55724193425,-75888.51459801277,-340,37961.383481571174,-75913.11594082984,-340,0.29018000000000005,0.1198,116109.84,36110.06
4,FTS,Ref/IMG,10210,66,j:OK,K:\NINJA\E71a\ManualCheck\ScanData\FTS\ECC4\Ref\IMG\Event10210\PL066,1.0003292219646198,0.007318696398570368,-0.007494760590451166,1.0002951081559917,142041.72809821102,-126175.7406367535,200,0.5,0.156,210,70,204067.25391871724,-71951.71571875764,4882.5,204268.43933731614,-71996.56542106098,4882.5,-0.9592200000000001,0.20632,61806.57,54626.28
4,FTS,Ref/IMG,10210,67,j:OK,K:\NINJA\E71a\ManualCheck\ScanData\FTS\ECC4\Ref\IMG\Event10210\PL067,1.0004425877515695,0.01062012551457521,-0.010908228573341401,1.00012630600852,144433.74593837408,-125601.99327370366,200,0.5,0.156,210,70,187762.73567196616,-71654.21827835693,4880.5,187747.8556364515,-71513.28836351729,4880.5,0.07794000000000001,-0.6701600000000001,42715.9,54547.770000000004
4,FTS,Ref/IMG,10210,69,j:OK,K:\NINJA\E71a\ManualCheck\ScanData\FTS\ECC4\Ref\IMG\Event10210\PL069,1.000264807809173,0.00672223279477887,-0.00679722553744764,1.0002298899698865,138087.26351426318,-123463.90301967319,200,0.5,0.156,210,70,179245.23328276462,-71342.38751768884,4875.75,179209.477422793,-71433.75497955708,4875.75,0.16729000000000002,0.43612000000000006,40759.88,52295.18
4,FTS,Ref/IMG,10319,81,j:OK,K:\NINJA\E71a\ManualCheck\ScanData\FTS\ECC4\Ref\IMG\Event10319\PL081,1.0001938765699325,0.00027284392406532577,-0.0006617960940018085,1.000441967646372,-182093.6407812952,-181622.4804808876,200,0.5,0.156,210,70,-113847.81272201831,-152214.29386224545,4820.25,-113837.35751569127,-152208.8740817746,4820.25,-0.04977,-0.025830000000000002,68235.02,29445.75
4,FTS,Ref/IMG,10728,79,j:OK,K:\NINJA\E71a\ManualCheck\ScanData\FTS\ECC4\Ref\IMG\Event10728\PL079,1.0001519401804597,-0.00992239753414213,0.00985732336643133,1.0002800244756085,-40702.1567123176,-183812.68439429803,200,0.5,0.156,210,70,25183.521046971517,-148396.13692142893,4866.25,25180.54599910456,-148379.54896704957,4866.25,0.013380000000000001,-0.0791,66217.65,34770.67
4,FTS,Ref/IMG,10781,34,j:OK,K:\NINJA\E71a\ManualCheck\ScanData\FTS\ECC4\Ref\IMG\Event10781\PL034,1.0004052408176898,0.004038066686544446,-0.0047826639507516375,1.0002341042392924,-78023.0248987699,-34783.09527411448,200,0.5,0.156,210,70,-3424.968869597226,5281.434511454621,-366,-3757.4744159951224,5288.313269543469,-381.75,1.5828200000000001,-0.02518,74072.33,40416.21
4,FTS,Ref/IMG,10781,36,j:OK,K:\NINJA\E71a\ManualCheck\ScanData\FTS\ECC4\Ref\IMG\Event10781\PL036,1.0002445747655757,-0.006482457341591194,0.0062031390674405825,1.0004680460731419,-67693.04167622904,-14980.043314094488,200,0.5,0.156,210,70,2197.6796489026315,24898.69454712351,-383.75,2190.6447346348577,24881.838178544152,-383.75,0.034010000000000006,0.08002000000000001,70122,39408.46
4,FTS,Ref/IMG,10856,46,j:OK,K:\NINJA\E71a\ManualCheck\ScanData\FTS\ECC4\Ref\IMG\Event10856\PL046,1.0003159425696881,-0.009637182022089703,0.009472707704043045,1.000281503881535,-185063.3094599212,-40611.56090107769,200,0.5,0.156,210,70,-144794.43809596892,7540.89304502351,4849.25,-144797.21693638156,7570.269286361814,4849.25,0.011880000000000002,-0.13996,40713.72,47782.71
4,FTS,Ref/IMG,10856,47,j:OK,K:\NINJA\E71a\ManualCheck\ScanData\FTS\ECC4\Ref\IMG\Event10856\PL047,1.0003439622702044,0.0013649026249993974,-0.0015395933682541291,1.0003150128969105,-182185.95282889617,-36978.21379225654,200,0.5,0.156,210,70,-148091.36166152183,8004.29202607456,4856.25,-148091.2521650488,8026.035850681852,4856.25,-0.00038,-0.10351,34021.520000000004,45042.44
4,FTS,Ref/IMG,11033,30,j:OK,K:\NINJA\E71a\ManualCheck\ScanData\FTS\ECC4\Ref\IMG\Event11033\PL030,1.0003209933955544,0.004538337494933762,-0.004737358768448067,1.0003782335743865,-151511.99438685417,-86424.02900493056,200,0.5,0.156,210,70,-74520.42884642335,-47390.01755190097,2141.75,-74542.60724203278,-47369.42303168257,2141.75,0.10602,-0.09753,76765.92,39403.37
4,FTS,Ref/IMG,11033,32,j:OK,K:\NINJA\E71a\ManualCheck\ScanData\FTS\ECC4\Ref\IMG\Event11033\PL032,1.0004193048551753,-0.005641259097165722,0.005373054602791603,1.000404002934451,-71763.68819830038,-13220.106558450643,200,0.5,0.156,210,70,5449.9559933557075,27157.765194713153,-381.75,5475.3398428046785,27156.977125063604,-381.75,-0.1208,0.0044,77431.9,39944.9
4,FTS,Ref/IMG,11357,51,j:OK,K:\NINJA\E71a\ManualCheck\ScanData\FTS\ECC4\Ref\IMG\Event11357\PL051,1.0003221289188595,-0.005476833144151833,0.004654557679485036,1.000324598478065,-311161.68352156243,-38750.14304479343,200,0.5,0.156,210,70,-225349.3013094059,-3806.9032847626045,4830.5,-225349.6814627523,-3763.560584808605,4830.5,0.00068,-0.20633,85973.67,34575.19
4,FTS,Ref/IMG,11647,79,j:OK,K:\NINJA\E71a\ManualCheck\ScanData\FTS\ECC4\Ref\IMG\Event11647\PL079,1.0001519401804597,-0.00992239753414213,0.00985732336643133,1.0002800244756085,-40702.1567123176,-183812.68439429803,200,0.5,0.156,210,70,-8453.085256119182,-136541.89349662926,4854.75,-8248.315833647624,-136482.37030663821,4854.75,-0.9776600000000001,-0.27373000000000003,32915.12,46992.700000000004
4,FTS,Ref/IMG,11647,81,j:OK,K:\NINJA\E71a\ManualCheck\ScanData\FTS\ECC4\Ref\IMG\Event11647\PL081,1.000257045791129,0.008274629684651043,-0.008821480994768718,1.000405657837229,-61677.32905594004,-180790.80110423453,200,0.5,0.156,210,70,-28718.606400706743,-133687.13516651068,4860.25,-28720.084808701904,-133671.07675193253,4860.25,0.007670000000000001,-0.07637000000000001,32556.760000000002,47387.700000000004
4,FTS,Ref/IMG,12037,63,j:OK,K:\NINJA\E71a\ManualCheck\ScanData\FTS\ECC4\Ref\IMG\Event12037\PL063,1.000207406555312,0.01255292277609,-0.01268950263506272,1.000307561058061,15876.299591505693,-263779.2653158594,200,0.5,0.156,210,70,28267.86257322601,-202966.76507977874,4873.5,28278.33781289614,-202970.55158257022,4873.5,-0.05009,0.017390000000000003,11634.68,60937.61
4,UTS,IMG,450,37,j:OK,K:\NINJA\E71a\ManualCheck\ScanData\UTS\ECC4\IMG\Event00450\PL037,1.0002615680633402,-0.0020714095049060846,0.0019132473344878212,1.0003605094115382,-3354.8303293575054,-20235.277666100308,200,0.5,0.14,210,70,37980.02740277278,16184.896833265433,10969,38021.29418092563,16230.9216060201,10955.25,-0.19691000000000003,-0.21871000000000002,41440.63,36373.8
4,UTS,IMG,1115,31,j:OK,K:\NINJA\E71a\ManualCheck\ScanData\UTS\ECC4\IMG\Event01115\PL031,1.0001999913369195,-0.020360746959785618,0.02003642995196382,1.0001860901181745,-120751.08025819506,-178664.05736747535,200,0.5,0.14,210,70,-10110.58443277921,-135002.257868582,10968.25,-10193.601256199894,-135027.1543884525,10968.25,0.39749,0.11057000000000002,111378.09,41397.58
4,UTS,IMG,1115,33,j:OK,K:\NINJA\E71a\ManualCheck\ScanData\UTS\ECC4\IMG\Event01115\PL033,1.0002711123560415,-0.011796592414122854,0.01152148330561075,1.000206421405293,-114939.81920833477,-175850.56237357334,200,0.5,0.14,210,70,-7995.284007685722,-132904.9419633962,10957.25,-8078.361849922921,-132929.0277982264,10957.25,0.3968,0.1101,107324,41676.4
4,UTS,IMG,1124,29,j:OK,K:\NINJA\E71a\ManualCheck\ScanData\UTS\ECC4\IMG\Event01124\PL029,1.0001107415898072,-0.010965638156788386,0.010715811824108653,1.000222410932459,-817.190139799742,-100651.52987144928,200,0.5,0.14,210,70,39652.37825025152,-48794.750630382834,10957.500000000002,39545.91089208141,-48856.60201698074,10957.500000000002,0.5101,0.289,40921.6,51345
4,UTS,IMG,1966,33,j:OK,K:\NINJA\E71a\ManualCheck\ScanData\UTS\ECC4\IMG\Event01966\PL033,1.0002717014339135,-0.005827220208741861,0.005530667626962366,1.000267797523217,4967.821618814325,-17978.06920959577,200,0.5,0.14,210,70,34638.82013279807,4260.140986523912,10963.25,34642.44298127501,4227.8176171864325,10963.25,-0.01635,0.15397000000000002,29794.93,22035.2
4,UTS,IMG,1966,35,j:OK,K:\NINJA\E71a\ManualCheck\ScanData\UTS\ECC4\IMG\Event01966\PL035,1.000175677433,-0.0030613707554175166,0.0020674357698621283,1.0001798578187018,-5063.653808335314,-19453.762960873886,200,0.5,0.14,210,70,25483.599926918643,3608.6387716599797,10977,25487.227358572498,3576.3632603025617,10977,-0.0168,0.1537,30615.8,22962.7
4,UTS,IMG,3492,35,j:OK,K:\NINJA\E71a\ManualCheck\ScanData\UTS\ECC4\IMG\Event03492\PL035,1.0002930859643078,0.0002580532806039009,-0.0012798819661312916,1.000445458932508,-122991.14708257237,-174434.50366264087,200,0.5,0.14,210,70,-62482.353465164255,-109991.02218553978,10961.5,-62473.6751757364,-109980.3815431548,10961.5,-0.0413,-0.0507,60483.1,64502.8
4,UTS,IMG,3492,37,j:OK,K:\NINJA\E71a\ManualCheck\ScanData\UTS\ECC4\IMG\Event03492\PL037,1.000270016647185,0.0014560033999564714,-0.0017453150817374162,1.0003656833521792,-123240.4073395612,-175424.4366004538,200,0.5,0.14,210,70,-61365.050555336515,-110293.87490369802,10949.75,-61356.359650261795,-110283.19713202637,10949.75,-0.0413,-0.0509,61772.4,65225.2
4,UTS,IMG,3852,29,j:OK,K:\NINJA\E71a\ManualCheck\ScanData\UTS\ECC4\IMG\Event03852\PL029,1.0001107415898072,-0.010965638156788386,0.010715811824108653,1.000222410932459,-817.190139799742,-100651.52987144928,200,0.5,0.14,210,70,54673.47376139149,-54750.77269384978,10960.25,54637.394529619516,-54845.29225457029,10960.25,0.1767,0.4481,55944,45196.7
4,UTS,IMG,4196,29,j:OK,K:\NINJA\E71a\ManualCheck\ScanData\UTS\ECC4\IMG\Event04196\PL029,1.0001475782986848,-0.003867604946894941,0.003495693503393076,1.0001448525338215,-121135.66757696324,-178263.0683980527,200,0.5,0.14,210,70,-22282.841993826707,-125205.05242303257,10949.5,-22259.70251077091,-125149.12370317725,10949.5,-0.1112,-0.2659,99065.4,52760
4,UTS,IMG,5210,33,j:OK,K:\NINJA\E71a\ManualCheck\ScanData\UTS\ECC4\IMG\Event05210\PL033,1.000283996319428,-0.0007706222582559757,0.0005357650106910371,1.000379093123143,3790.5588401478576,-94889.01096284411,200,0.5,0.14,210,70,21467.848722626877,-70314.28865668955,10964.75,21463.48979040249,-70354.94141261124,10964.75,0.0209,0.1935,17686.8,24515.3
4,UTS,IMG,5210,35,j:OK,K:\NINJA\E71a\ManualCheck\ScanData\UTS\ECC4\IMG\Event05210\PL035,1.0002365863529359,0.0010057305017579054,-0.0021735595519010212,1.0003488420110096,-5090.369684430503,-96041.24839443133,200,0.5,0.14,210,70,12209.941397330547,-71150.93444550651,10976.75,12205.636394181942,-71191.70039877134,10976.75,0.0203,0.1941,17266.9,24878.4
4,UTS,IMG,5488,29,j:OK,K:\NINJA\E71a\ManualCheck\ScanData\UTS\ECC4\IMG\Event05488\PL029,1.0001618362314117,-0.0023992106884224516,0.0020765907572122978,1.0001377027060616,-121176.86724539608,-100711.94763014813,200,0.5,0.14,210,70,-38032.41582585338,-43631.537892606466,10941.25,-38007.161832117665,-43564.73793643213,10941.25,-0.121,-0.3178,83292.9,56966.4
4,UTS,IMG,6328,33,j:OK,K:\NINJA\E71a\ManualCheck\ScanData\UTS\ECC4\IMG\Event06328\PL033,1.0002717014339135,-0.005827220208741861,0.005530667626962366,1.000267797523217,4967.821618814325,-17978.06920959577,200,0.5,0.14,210,70,70024.25916360831,-6380.583894477729,10957.5,69919.72379639337,-6372.066159751157,10957.5,0.49740000000000006,-0.043300000000000005,64999.76,11243.5
4,UTS,IMG,6328,35,j:OK,K:\NINJA\E71a\ManualCheck\ScanData\UTS\ECC4\IMG\Event06328\PL035,1.000175677433,-0.0030613707554175166,0.0020674357698621283,1.0001798578187018,-5063.653808335314,-19453.762960873886,200,0.5,0.14,210,70,58993.747720879546,-6294.062613352166,10960,58889.18561546636,-6285.541124298621,10960,0.4977,-0.0416,63981.5,13033.6
4,UTS,IMG,7378,35,j:OK,K:\NINJA\E71a\ManualCheck\ScanData\UTS\ECC4\IMG\Event07378\PL035,1.0002365863529359,0.0010057305017579054,-0.0021735595519010212,1.0003488420110096,-5090.369684430503,-96041.24839443133,200,0.5,0.14,210,70,54307.31199745415,-26039.15642579864,10972.25,54347.37192967392,-25958.50164519278,10972.25,-0.19033000000000003,-0.38435,59353.11,70187.27
4,UTS,IMG,7378,37,j:OK,K:\NINJA\E71a\ManualCheck\ScanData\UTS\ECC4\IMG\Event07378\PL037,1.0002308400362003,0.003906806457130117,-0.004176057172679345,1.0003977689449335,-3592.910911140678,-96386.49200815466,200,0.5,0.14,210,70,55895.53766305429,-25249.39576169377,10965,55935.553592869685,-25168.44825789913,10965,-0.189,-0.3861,59235.7,71437
4,UTS,IMG,8322,35,j:OK,K:\NINJA\E71a\ManualCheck\ScanData\UTS\ECC4\IMG\Event08322\PL035,1.0001865328524986,-0.0019750190949087976,0.001086583363604501,1.0003304378325935,-125713.93766914685,-19717.92826479481,200,0.5,0.14,210,70,-8329.436984055383,14952.34982218916,10969.25,-8325.368052333828,15147.859942941428,10969.25,-0.021210000000000003,-0.9306700000000001,117435.25,34726.71
4,UTS,IMG,8322,37,j:OK,K:\NINJA\E71a\ManualCheck\ScanData\UTS\ECC4\IMG\Event08322\PL037,1.000256085447639,-0.002269644503802152,0.0019027406044550218,1.0003357704362426,-123096.59699452596,-20421.966766059086,200,0.5,0.14,210,70,-7314.056984803571,17539.72801671967,10958.5,-7310.0052861773,17735.18617180686,10947.25,-0.0214,-0.9304,115843,37924
4,UTS,IMG,9955,33,j:OK,K:\NINJA\E71a\ManualCheck\ScanData\UTS\ECC4\IMG\Event09955\PL033,0.9994545890403201,-0.10173732872724668,0.006936811186280797,1.053851854390879,-114416.71593115064,-98452.01715172347,200,0.5,0.14,210,70,-4586.119615365036,-61417.27149071222,10956.75,-4560.283274730697,-61434.05579063271,10956.75,-0.1153,0.0766,113416,34379.8
4,UTS,IMG,10781,35,j:OK,K:\NINJA\E71a\ManualCheck\ScanData\UTS\ECC4\IMG\Event10781\PL035,1.0001865328524986,-0.0019750190949087976,0.001086583363604501,1.0003304378325935,-125713.93766914685,-19717.92826479481,200,0.5,0.14,210,70,-55137.16695939081,17865.29889004501,10950.75,-55141.876350913226,17846.303460088555,10950.75,0.0226,0.0904,70632.9,37475.1
4,UTS,IMG,10781,37,j:OK,K:\NINJA\E71a\ManualCheck\ScanData\UTS\ECC4\IMG\Event10781\PL037,1.000256085447639,-0.002269644503802152,0.0019027406044550218,1.0003357704362426,-123096.59699452596,-20421.966766059086,200,0.5,0.14,210,70,-54239.21022049278,17079.46435162957,10945,-54243.89343889033,17060.50700101661,10930.25,0.0225,0.0902,68919.8,37338.8
4,UTS,IMG,11033,29,j:OK,K:\NINJA\E71a\ManualCheck\ScanData\UTS\ECC4\IMG\Event11033\PL029,1.0000947850749362,-0.00653333599832374,0.006178656265332633,1.0000727800321287,-121590.11021559646,-18200.885129994604,200,0.5,0.14,210,70,-45274.05235158918,16998.31773819979,10948.25,-45225.02383175127,16940.525967572838,10933.25,-0.23164,0.27661,76584.31,34665.7
4,UTS,IMG,11033,31,j:OK,K:\NINJA\E71a\ManualCheck\ScanData\UTS\ECC4\IMG\Event11033\PL031,1.0002454034247164,-0.011457808244575188,0.011200321543219566,1.0002279025645742,-121657.68243237036,-21902.498670868095,200,0.5,0.14,210,70,-45952.66220061807,16816.891038484733,10939.250000000002,-45903.100033681374,16759.633428859328,10939.250000000002,-0.2328,0.2752,76169,37800.4
4,UTS,Ref/IMG,450,37,j:OK,K:\NINJA\E71a\ManualCheck\ScanData\UTS\ECC4\Ref\IMG\Event00450\PL037,1.0002615680633402,-0.0020714095049060846,0.0019132473344878212,1.0003605094115382,-3354.8303293575054,-20235.277666100308,200,0.5,0.14,210,70,59569.40576159641,13023.882327107025,10963.5,59719.12185594257,12922.993734166077,10953,-0.7117500000000001,0.48161000000000004,63125.85,33025.590000000004
4,UTS,Ref/IMG,1115,31,j:OK,K:\NINJA\E71a\ManualCheck\ScanData\UTS\ECC4\Ref\IMG\Event01115\PL031,1.0001999913369195,-0.020360746959785618,0.02003642995196382,1.0001860901181745,-120751.08025819506,-178664.05736747535,200,0.5,0.14,210,70,-96014.76077032293,-146662.85026703897,10919.25,-95985.19829697115,-146269.04114051515,10919.25,-0.17884000000000003,-1.87135,25409.9,31879.96
4,UTS,Ref/IMG,1115,33,j:OK,K:\NINJA\E71a\ManualCheck\ScanData\UTS\ECC4\Ref\IMG\Event01115\PL033,1.0002711123560415,-0.011796592414122854,0.01152148330561075,1.000206421405293,-114939.81920833477,-175850.56237357334,200,0.5,0.14,210,70,-10649.212948747174,-134734.27497790128,10957.5,-10562.84476921965,-134861.0962944111,10957.5,-0.40399,0.6084400000000001,104817.75,39773.6
4,UTS,Ref/IMG,1124,29,j:OK,K:\NINJA\E71a\ManualCheck\ScanData\UTS\ECC4\Ref\IMG\Event01124\PL029,1.0001107415898072,-0.010965638156788386,0.010715811824108653,1.000222410932459,-817.190139799742,-100651.52987144928,200,0.5,0.14,210,70,39042.10359145926,-48563.523304531525,10959,39053.47554770011,-48604.520830156755,10959,-0.052000000000000005,0.19574000000000003,40432.04,51602.270000000004
4,UTS,Ref/IMG,1966,33,j:OK,K:\NINJA\E71a\ManualCheck\ScanData\UTS\ECC4\Ref\IMG\Event01966\PL033,1.0002717014339135,-0.005827220208741861,0.005530667626962366,1.000267797523217,4967.821618814325,-17978.06920959577,200,0.5,0.14,210,70,42767.7387918838,1983.1820193593087,10961,42773.79382695812,2376.76853591147,10961,-0.039740000000000004,-1.8735000000000002,37913.03,20139.760000000002
4,UTS,Ref/IMG,1966,35,j:OK,K:\NINJA\E71a\ManualCheck\ScanData\UTS\ECC4\Ref\IMG\Event01966\PL035,1.000175677433,-0.0030613707554175166,0.0020674357698621283,1.0001798578187018,-5063.653808335314,-19453.762960873886,200,0.5,0.14,210,70,26187.84248043337,1038.8922596957977,10976.25,26035.30665310302,1011.3684921723872,10976.25,0.7266300000000001,0.12954000000000002,31155.93,20397.05
4,UTS,Ref/IMG,3492,35,j:OK,K:\NINJA\E71a\ManualCheck\ScanData\UTS\ECC4\Ref\IMG\Event03492\PL035,1.0002930859643078,0.0002580532806039009,-0.0012798819661312916,1.000445458932508,-122991.14708257237,-174434.50366264087,200,0.5,0.14,210,70,-63088.391721251035,-110369.46723240486,10959,-63253.55061363437,-110394.07847114904,10959,0.7862100000000001,0.11815,59703.56,64088.29
4,UTS,Ref/IMG,3492,37,j:OK,K:\NINJA\E71a\ManualCheck\ScanData\UTS\ECC4\Ref\IMG\Event03492\PL037,1.000270016647185,0.0014560033999564714,-0.0017453150817374162,1.0003656833521792,-123240.4073395612,-175424.4366004538,200,0.5,0.14,210,70,-60794.42509268062,-110810.22155075903,10946.75,-60959.1947268325,-110835.263076778,10946.75,0.7842300000000001,0.12057000000000001,62170.26,64674.03
4,UTS,Ref/IMG,3852,29,j:OK,K:\NINJA\E71a\ManualCheck\ScanData\UTS\ECC4\Ref\IMG\Event03852\PL029,1.0001107415898072,-0.010965638156788386,0.010715811824108653,1.000222410932459,-817.190139799742,-100651.52987144928,200,0.5,0.14,210,70,54526.28605176867,-54888.471407525896,10961.75,54561.90468963424,-54960.009804744426,10961.75,-0.16584000000000002,0.34236000000000005,55867.270000000004,45082.83
4,UTS,Ref/IMG,4196,29,j:OK,K:\NINJA\E71a\ManualCheck\ScanData\UTS\ECC4\Ref\IMG\Event04196\PL029,1.0001475782986848,-0.003867604946894941,0.003495693503393076,1.0001448525338215,-121135.66757696324,-178263.0683980527,200,0.5,0.14,210,70,-22847.439057480475,-124423.28988910104,10951,-22876.37206879558,-124569.71698516436,10951,0.14045000000000002,0.6966800000000001,98451.07,53341.47
4,UTS,Ref/IMG,5210,33,j:OK,K:\NINJA\E71a\ManualCheck\ScanData\UTS\ECC4\Ref\IMG\Event05210\PL033,1.000283996319428,-0.0007706222582559757,0.0005357650106910371,1.000379093123143,3790.5588401478576,-94889.01096284411,200,0.5,0.14,210,70,22015.975950270342,-68029.13768481751,10964.75,22019.62522675241,-68027.11056194626,10964.75,-0.017380000000000003,-0.009640000000000001,18244.57,26841.95
4,UTS,Ref/IMG,5210,35,j:OK,K:\NINJA\E71a\ManualCheck\ScanData\UTS\ECC4\Ref\IMG\Event05210\PL035,1.0002365863529359,0.0010057305017579054,-0.0021735595519010212,1.0003488420110096,-5090.369684430503,-96041.24839443133,200,0.5,0.14,210,70,10489.145019961754,-68416.68602933384,10975,10479.952049755339,-68428.30203570875,10975,0.043710000000000006,0.05539,15538.85,27637.08
4,UTS,Ref/IMG,5488,29,j:OK,K:\NINJA\E71a\ManualCheck\ScanData\UTS\ECC4\Ref\IMG\Event05488\PL029,1.0001618362314117,-0.0023992106884224516,0.0020765907572122978,1.0001377027060616,-121176.86724539608,-100711.94763014813,200,0.5,0.14,210,70,-37882.79431138558,-43181.77772008551,10943,-37779.69433160525,-43076.74610460097,10943,-0.49207000000000006,-0.49906000000000006,83521.5,57453.85
4,UTS,Ref/IMG,6328,33,j:OK,K:\NINJA\E71a\ManualCheck\ScanData\UTS\ECC4\Ref\IMG\Event06328\PL033,1.0002717014339135,-0.005827220208741861,0.005530667626962366,1.000267797523217,4967.821618814325,-17978.06920959577,200,0.5,0.14,210,70,108648.69370673942,-738.5516633064491,10955.25,108235.24827661521,-1466.9456509867196,10955.25,1.98839,3.4566200000000005,103332.21,15935.36
4,UTS,Ref/IMG,6328,35,j:OK,K:\NINJA\E71a\ManualCheck\ScanData\UTS\ECC4\Ref\IMG\Event06328\PL035,1.000175677433,-0.0030613707554175166,0.0020674357698621283,1.0001798578187018,-5063.653808335314,-19453.762960873886,200,0.5,0.14,210,70,60376.302093831706,-6267.295722346466,10962.75,60407.975375291215,-6100.387793443493,10962.75,-0.15323,-0.79434,65500.58,13215.58
4,UTS,Ref/IMG,7378,35,j:OK,K:\NINJA\E71a\ManualCheck\ScanData\UTS\ECC4\Ref\IMG\Event07378\PL035,1.0002365863529359,0.0010057305017579054,-0.0021735595519010212,1.0003488420110096,-5090.369684430503,-96041.24839443133,200,0.5,0.14,210,70,113689.66182012038,-98315.48336557754,10965.5,113641.55820368245,-98842.01053157722,10965.5,0.22649000000000002,2.5068900000000003,118706.40000000001,-2541.86
4,UTS,Ref/IMG,7378,37,j:OK,K:\NINJA\E71a\ManualCheck\ScanData\UTS\ECC4\Ref\IMG\Event07378\PL037,1.0002308400362003,0.003906806457130117,-0.004176057172679345,1.0003977689449335,-3592.910911140678,-96386.49200815466,200,0.5,0.14,210,70,55778.504404853156,-25320.12331391544,10965.25,55788.07298624728,-25259.160313976565,10965.25,-0.04442,-0.29037,59088.61,71345.71
4,UTS,Ref/IMG,8322,35,j:OK,K:\NINJA\E71a\ManualCheck\ScanData\UTS\ECC4\Ref\IMG\Event08322\PL035,1.0001865328524986,-0.0019750190949087976,0.001086583363604501,1.0003304378325935,-125713.93766914685,-19717.92826479481,200,0.5,0.14,210,70,-112729.2237695886,-988.2534030152339,10922.75,-112725.49738637068,-138.39290052120123,10922.75,-0.025730000000000003,-4.045590000000001,13024.64,19558.920000000002
4,UTS,Ref/IMG,8322,37,j:OK,K:\NINJA\E71a\ManualCheck\ScanData\UTS\ECC4\Ref\IMG\Event08322\PL037,1.000256085447639,-0.002269644503802152,0.0019027406044550218,1.0003357704362426,-123096.59699452596,-20421.966766059086,200,0.5,0.14,210,70,-6360.975265680197,18563.450340538453,10958.75,-6354.378590809632,18547.289490579326,10948,-0.031230000000000004,0.07699,116800.22,38734.01
4,UTS,Ref/IMG,9955,33,j:OK,K:\NINJA\E71a\ManualCheck\ScanData\UTS\ECC4\Ref\IMG\Event09955\PL033,0.9994545890403201,-0.10173732872724668,0.006936811186280797,1.053851854390879,-114416.71593115064,-98452.01715172347,200,0.5,0.14,210,70,-3983.3777843990833,-61918.608605120855,10957,-3989.3407108718093,-61908.967883734476,10957,0.023960000000000002,-0.04372,113941.03,33925.7
4,UTS,Ref/IMG,10781,35,j:OK,K:\NINJA\E71a\ManualCheck\ScanData\UTS\ECC4\Ref\IMG\Event10781\PL035,1.0001865328524986,-0.0019750190949087976,0.001086583363604501,1.0003304378325935,-125713.93766914685,-19717.92826479481,200,0.5,0.14,210,70,-55804.65784579294,18253.075707184402,10951,-55909.7649830507,18228.15647381175,10951,0.50065,0.11808,69865.91,37857.66
4,UTS,Ref/IMG,10781,37,j:OK,K:\NINJA\E71a\ManualCheck\ScanData\UTS\ECC4\Ref\IMG\Event10781\PL037,1.000256085447639,-0.002269644503802152,0.0019027406044550218,1.0003357704362426,-123096.59699452596,-20421.966766059086,200,0.5,0.14,210,70,-54774.450927665705,16735.44577751668,10945.25,-54656.434348574185,16775.495614473664,10930.5,-0.56227,-0.18958000000000003,68506.72,37054.67
4,UTS,Ref/IMG,11033,29,j:OK,K:\NINJA\E71a\ManualCheck\ScanData\UTS\ECC4\Ref\IMG\Event11033\PL029,1.0000947850749362,-0.00653333599832374,0.006178656265332633,1.0000727800321287,-121590.11021559646,-18200.885129994604,200,0.5,0.14,210,70,-61568.48285961893,7671.20750155586,10934.75,-61463.64365428576,8300.796558116126,10934.75,-0.51875,-2.9946200000000003,60291.450000000004,26127.260000000002
4,UTS,Ref/IMG,11033,31,j:OK,K:\NINJA\E71a\ManualCheck\ScanData\UTS\ECC4\Ref\IMG\Event11033\PL031,1.0002454034247164,-0.011457808244575188,0.011200321543219566,1.0002279025645742,-121657.68243237036,-21902.498670868095,200,0.5,0.14,210,70,-45309.40872068451,17301.534921670605,10933.5,-45332.72185703147,17321.58810450844,10933.5,0.10988,-0.09670000000000001,76745.6,38355.770000000004
4,UTS,IMG,212,68,j:OK,K:\NINJA\E71a\ManualCheck\ScanData\chk_UTS\ECC4_0918\IMG\Event00212\PL068,1.000171832612175,-0.006821875814656891,0.006256026858906661,1.0002881408072921,122671.51606262676,-115763.18030763343,200,0.5,0.14,210,70,145121.78596934525,-34176.40458185127,6441,145130.67725696738,-34213.06701000048,6421,-0.04114,0.17479,23010.39,81382.71
4,UTS,IMG,212,70,j:OK,K:\NINJA\E71a\ManualCheck\ScanData\chk_UTS\ECC4_0918\IMG\Event00212\PL070,1.0000270739509427,-0.003605030569197025,0.003404609467319617,1.0001884476784673,122826.23582952014,-115988.96087617723,200,0.5,0.14,210,70,139369.40097520893,-34592.27093523172,6437.25,139378.24831750366,-34628.89316972539,6419.75,-0.0415,0.1745,16844.6,81287.4
4,UTS,IMG,450,39,j:OK,K:\NINJA\E71a\ManualCheck\ScanData\chk_UTS\ECC4_0918\IMG\Event00450\PL039,1.000202015552314,-0.006614333132821192,0.005660796568496591,1.0000916993161484,160807.8587413807,-34692.16290397841,200,0.5,0.14,210,70,207384.0662540064,3889.078755788744,4859,207425.30831324667,3935.3291131338415,4859,-0.1978,-0.2191,46861.7,38358.7
4,UTS,IMG,633,65,j:OK,K:\NINJA\E71a\ManualCheck\ScanData\chk_UTS\ECC4_0918\IMG\Event00633\PL065,1.000126469782223,-0.008126817842732885,0.007839655905500236,1.000273269248274,9004.021940750536,-38616.05583982505,200,0.5,0.14,210,70,96842.98403997204,-8768.59323200389,6415.25,96836.20808135756,-8798.056253466311,6400.250000000001,0.0334,0.14,88057.7,29119.7
4,UTS,IMG,1751,52,j:OK,K:\NINJA\E71a\ManualCheck\ScanData\chk_UTS\ECC4_0918\IMG\Event01751\PL052,1.0002157341611,-0.004806169883841438,0.004475741414694722,1.0003096729406347,-309143.1000160365,-116445.12965372037,200,0.5,0.14,210,70,-247078.7923781262,-71227.2664518474,7314.25,-247115.41113627586,-71182.07629724324,7314.25,0.1733,-0.2159,62230.4,44970.6
4,UTS,IMG,1751,54,j:OK,K:\NINJA\E71a\ManualCheck\ScanData\chk_UTS\ECC4_0918\IMG\Event01751\PL054,1.000264725121749,0.004049904612915444,-0.004568587181335851,1.0003629500661562,-299522.94686922495,-113771.11494919698,200,0.5,0.14,210,70,-241610.86146126306,-71160.08580851463,7324.5,-241647.4170760148,-71114.68859881471,7324.5,0.1749,-0.2153,57686.5,42904.4
4,UTS,IMG,1936,58,j:OK,K:\NINJA\E71a\ManualCheck\ScanData\chk_UTS\ECC4_0918\IMG\Event01936\PL058,1.034976880523527,-0.023428944930927835,-0.12969267015295807,0.9822926682151103,-122044.12171207603,-44853.277227096194,200,0.5,0.14,210,70,-50177.444452980264,-41694.69494637921,8883.5,-50191.98043339967,-41723.85686784234,8863.5,0.07029,0.15065,69704.36,12388.94
4,UTS,IMG,1936,61,j:OK,K:\NINJA\E71a\ManualCheck\ScanData\chk_UTS\ECC4_0918\IMG\Event01936\PL061,1.0002076189494733,-0.00027898940840248744,-0.00011134129119593565,1.000335795216221,-103610.55982052507,-197179.90019862697,200,0.5,0.14,210,70,-39384.84154603699,-186720.63162015344,12974.75,-39399.64080237528,-186752.24558455343,12974.75,0.0705,0.1505,64200.5,10431.3
4,UTS,IMG,2069,39,j:OK,K:\NINJA\E71a\ManualCheck\ScanData\chk_UTS\ECC4_0918\IMG\Event02069\PL039,1.0003083004780329,4.38374362692688e-05,-0.0010892701769049337,1.000237448544653,41733.01661298774,-110947.76816306644,200,0.5,0.14,210,70,102649.87469319724,-73028.74869064878,4851.75,102665.40197700636,-72996.85272145305,4851.75,-0.07391,-0.15193,60911.94,38008.24
4,UTS,IMG,2115,56,j:OK,K:\NINJA\E71a\ManualCheck\ScanData\chk_UTS\ECC4_0918\IMG\Event02115\PL056,1.0002473172331,0.002858080568747916,-0.0035844073920110664,1.0003043002604515,-302770.06527022895,-36579.5908542286,200,0.5,0.14,210,70,-179920.4868064578,-11752.791963504655,7350,-180013.53530944895,-11761.909393992239,7350,0.44285,0.04499,122654.03,25249.64
4,UTS,IMG,2115,57,j:OK,K:\NINJA\E71a\ManualCheck\ScanData\chk_UTS\ECC4_0918\IMG\Event02115\PL057,1.0005283424868257,-0.007142806670397962,0.006658263935677835,1.000130894307439,-188305.96225760315,-39136.074524172174,200,0.5,0.14,210,70,-183388.36403512483,-12113.152202834985,7349.75,-183481.39789839005,-12123.054975913423,7349.75,0.4431,0.0442,5014.6,26976.1
4,UTS,IMG,2115,58,j:OK,K:\NINJA\E71a\ManualCheck\ScanData\chk_UTS\ECC4_0918\IMG\Event02115\PL058,1.0002131749197836,0.006878602609158828,-0.007095607944568956,1.000150888854014,-1887.8713264038822,21284.487998910572,200,0.5,0.14,210,70,7422.004192541434,48371.544871871054,8901.25,7328.824755696768,48362.52296254644,8877.749999999998,0.4433,0.0461,9028.1,27138
4,UTS,IMG,2115,59,j:OK,K:\NINJA\E71a\ManualCheck\ScanData\chk_UTS\ECC4_0918\IMG\Event02115\PL059,1.0001767741559886,-0.006230722416963212,0.006024867595492269,1.0002433536629274,8374.859503247719,-119585.34894059587,200,0.5,0.14,210,70,13867.044254835675,-95111.17886439362,12977.5,13774.058390850001,-95121.46472395369,12977.5,0.443,0.0463,5550.4,24424.5
4,UTS,IMG,2274,58,j:OK,K:\NINJA\E71a\ManualCheck\ScanData\chk_UTS\ECC4_0918\IMG\Event02274\PL058,1.0000748548187925,0.007226044724009622,-0.007690155606579765,1.0003192470907818,-2211.7017161657195,-55248.085565622634,200,0.5,0.14,210,70,73965.73166142826,20187.09087987463,8913.5,73879.03673041478,20117.04503349759,8888.5,0.41037,0.3366,75536.47,75921.78
4,UTS,IMG,2274,59,j:OK,K:\NINJA\E71a\ManualCheck\ScanData\chk_UTS\ECC4_0918\IMG\Event02274\PL059,1.0001661905562196,-0.006508627457558036,0.0061469713131296,1.000237309578983,8656.225918604227,-196091.25325881803,200,0.5,0.14,210,70,80745.66565116559,-122790.88362002779,12977.75,80659.75759226386,-122861.844132974,12977.75,0.4112,0.3353,72465.1,72766.7
4,UTS,IMG,2274,60,j:OK,K:\NINJA\E71a\ManualCheck\ScanData\chk_UTS\ECC4_0918\IMG\Event02274\PL060,1.0003582463464313,0.003496036782104692,-0.004003577609472846,1.000155546754814,4743.038018547496,-199718.0940249324,200,0.5,0.14,210,70,76539.77156417147,-123300.48865173296,12985.75,76453.39374513862,-123370.79893214573,12985.75,0.41,0.3364,71416.9,76621.3
4,UTS,IMG,2274,61,j:OK,K:\NINJA\E71a\ManualCheck\ScanData\chk_UTS\ECC4_0918\IMG\Event02274\PL061,1.0001651198512629,0.0041131402911644185,-0.004333014564923469,1.0003910453129368,15571.910754739994,-197084.1453642489,200,0.5,0.14,210,70,84829.20269287264,-123525.93398696076,12984,84743.15280691985,-123596.7592915968,12984,0.4083,0.3389,68856.5,73756.9
4,UTS,IMG,2395,70,j:OK,K:\NINJA\E71a\ManualCheck\ScanData\chk_UTS\ECC4_0918\IMG\Event02395\PL070,1.0000136591862505,-0.006377500342863668,0.006103268151922139,1.0002018082635906,123634.47723463584,-33283.84985869461,200,0.5,0.14,210,70,180027.3084847959,-9268.218699523084,6442.75,179985.69797378368,-9202.184902462555,6425.75,0.19613000000000003,-0.31558,56501.8,23732.03
4,UTS,IMG,2395,72,j:OK,K:\NINJA\E71a\ManualCheck\ScanData\chk_UTS\ECC4_0918\IMG\Event02395\PL072,1.0001118137817453,-0.007400829802883916,0.007076284850345129,1.000148521693383,19538.57969907723,-106059.61653053394,200,0.5,0.14,210,70,79365.37803834712,-82103.43491376354,13870.25,79323.76292296548,-82037.16699247385,13852.25,0.1958,-0.3169,59953.1,23594.7
4,UTS,IMG,2395,73,j:OK,K:\NINJA\E71a\ManualCheck\ScanData\chk_UTS\ECC4_0918\IMG\Event02395\PL073,1.0002709402419143,0.013801277246592934,-0.01406251288202884,1.000086208599889,23989.711104095346,-109647.08142083819,200,0.5,0.14,210,70,86409.29889725005,-83237.95133495987,13868.25,86369.10545586972,-83171.09169430679,13852,0.1957,-0.3156,61985.2,27345.3
4,UTS,IMG,2899,48,j:OK,K:\NINJA\E71a\ManualCheck\ScanData\chk_UTS\ECC4_0918\IMG\Event02899\PL048,1.0005023020410688,-0.0024489718021633946,0.001186224275511936,1.0003353903266086,141530.65619854917,-190097.89089677762,200,0.5,0.14,210,70,201791.78863283858,-137690.3452715207,4885.25,201800.38683892234,-137720.65463069177,4885.25,-0.04057,0.14433,60367.46,52288.090000000004
4,UTS,IMG,2899,50,j:OK,K:\NINJA\E71a\ManualCheck\ScanData\chk_UTS\ECC4_0918\IMG\Event02899\PL050,1.000625965451027,0.004559885183141688,-0.005534074880310564,1.000220168668991,153051.98297743386,-189655.14196358083,200,0.5,0.14,210,70,217686.15795851464,-138165.8231274612,4877.75,217694.59285631313,-138196.24322905656,4877.75,-0.0408,0.1446,64366.1,51803.7
4,UTS,IMG,3284,41,j:OK,K:\NINJA\E71a\ManualCheck\ScanData\chk_UTS\ECC4_0918\IMG\Event03284\PL041,1.0006040321663434,-0.00664405264137613,0.00548185887871905,1.0001506336818726,142131.00780278153,-189945.37077450397,200,0.5,0.14,210,70,221308.6230825745,-137800.64040799285,4859.75,221338.37651530612,-137778.25524682482,4859.75,-0.1423,-0.1058,79503,51723.5
4,UTS,IMG,3284,43,j:OK,K:\NINJA\E71a\ManualCheck\ScanData\chk_UTS\ECC4_0918\IMG\Event03284\PL043,1.0002359090240254,-0.003058613761493991,0.0028148660337529528,1.000356501364286,136387.99549309176,-189865.98594960402,200,0.5,0.14,210,70,219011.46247585537,-137984.59723160302,4881.75,219041.24236664333,-137962.22428997883,4881.75,-0.1421,-0.1061,82791.7,51652.3
4,UTS,IMG,3542,54,j:OK,K:\NINJA\E71a\ManualCheck\ScanData\chk_UTS\ECC4_0918\IMG\Event03542\PL054,1.000264725121749,0.004049904612915444,-0.004568587181335851,1.0003629500661562,-299522.94686922495,-113771.11494919698,200,0.5,0.14,210,70,-247957.86755587562,-46102.07751532026,7316.75,-247922.4645587975,-46110.484858274256,7316.75,-0.16870000000000002,0.03925,51312.03,67870.42
4,UTS,IMG,3542,55,j:OK,K:\NINJA\E71a\ManualCheck\ScanData\chk_UTS\ECC4_0918\IMG\Event03542\PL055,1.0002261037142879,-0.0033377651712178614,0.0026278118795962473,1.0004560457679623,-300754.41443456453,-113911.68941875694,200,0.5,0.14,210,70,-247800.77627334232,-45449.420819001025,7314.25,-247765.39689446596,-45457.83682291502,7314.25,-0.1683,0.0405,53204.9,68282.9
4,UTS,IMG,3542,56,j:OK,K:\NINJA\E71a\ManualCheck\ScanData\chk_UTS\ECC4_0918\IMG\Event03542\PL056,1.0331124537693979,0.025351600590048373,-0.0704596248260668,0.9532284270343477,-307067.4360261107,-105249.5976445476,200,0.5,0.14,210,70,-252292.96567810603,-44168.260763558945,7324.75,-252256.62088260712,-44178.721060576565,7324.75,-0.1685,0.0398,51388.7,67865.9
4,UTS,IMG,3542,57,j:OK,K:\NINJA\E71a\ManualCheck\ScanData\chk_UTS\ECC4_0918\IMG\Event03542\PL057,1.0003003692291998,-0.008908980744648399,0.00799969994492032,1.0003170644372905,-308709.7893048583,-116552.86368048372,200,0.5,0.14,210,70,-254362.34106033476,-46328.41523378454,7319.25,-254326.91148641528,-46336.66120368078,7319.25,-0.1683,0.0406,54987.8,69754.2
4,UTS,IMG,3679,54,j:OK,K:\NINJA\E71a\ManualCheck\ScanData\chk_UTS\ECC4_0918\IMG\Event03679\PL054,1.000264725121749,0.004049904612915444,-0.004568587181335851,1.0003629500661562,-299522.94686922495,-113771.11494919698,200,0.5,0.14,210,70,-178536.60658284242,-102038.80555035024,7353.25,-178530.74001417815,-102052.39301589911,7353.25,-0.028190000000000003,0.06455000000000001,120910.52,12266.66
4,UTS,IMG,3679,55,j:OK,K:\NINJA\E71a\ManualCheck\ScanData\chk_UTS\ECC4_0918\IMG\Event03679\PL055,1.0002261037142879,-0.0033377651712178614,0.0026278118795962473,1.0004560457679623,-300754.41443456453,-113911.68941875694,200,0.5,0.14,210,70,-178561.19869217195,-101421.620498144,7350.25,-178555.33502671125,-101435.19840845614,7350.25,-0.0277,0.0647,122212,12149.8
4,UTS,IMG,3679,57,j:OK,K:\NINJA\E71a\ManualCheck\ScanData\chk_UTS\ECC4_0918\IMG\Event03679\PL057,1.0003003692291998,-0.008908980744648399,0.00799969994492032,1.0003170644372905,-308709.7893048583,-116552.86368048372,200,0.5,0.14,210,70,-185269.3397234017,-101999.34171677563,7347.25,-185263.37911061337,-102012.86531582352,7347.25,-0.0278,0.0646,123530,13547.5
4,UTS,IMG,3815,41,j:OK,K:\NINJA\E71a\ManualCheck\ScanData\chk_UTS\ECC4_0918\IMG\Event03815\PL041,1.0006040321663434,-0.00664405264137613,0.00548185887871905,1.0001506336818726,142131.00780278153,-189945.37077450397,200,0.5,0.14,210,70,162279.89392421613,-116562.84232224157,4867.25,162218.76553829896,-116603.92483688229,4867.25,0.2922,0.194,20561.8,73217.7
4,UTS,IMG,3815,43,j:OK,K:\NINJA\E71a\ManualCheck\ScanData\chk_UTS\ECC4_0918\IMG\Event03815\PL043,1.0002359090240254,-0.003058613761493991,0.0028148660337529528,1.000356501364286,136387.99549309176,-189865.98594960402,200,0.5,0.14,210,70,158681.19252914173,-117616.1248433631,4886.5,158620.00348338645,-117656.9888932421,4870.249999999999,0.2919,0.1937,22447.3,72120.1
4,UTS,IMG,3933,65,j:OK,K:\NINJA\E71a\ManualCheck\ScanData\chk_UTS\ECC4_0918\IMG\Event03933\PL065,1.000126469782223,-0.008126817842732885,0.007839655905500236,1.000273269248274,9004.021940750536,-38616.05583982505,200,0.5,0.14,210,70,128250.3187041267,14887.505169845374,6424.75,128264.75948183134,14927.510804389858,6408.75,-0.0703,-0.1899,119673,52591
4,UTS,IMG,4026,61,j:OK,K:\NINJA\E71a\ManualCheck\ScanData\chk_UTS\ECC4_0918\IMG\Event04026\PL061,1.0001651198512629,0.0041131402911644185,-0.004333014564923469,1.0003910453129368,15571.910754739994,-197084.1453642489,200,0.5,0.14,210,70,64324.75669900472,-185092.2706087135,12992.75,64263.00957741433,-185024.84495433568,12992.75,0.2953,-0.31967,48632.62,12265.23
4,UTS,IMG,4089,52,j:OK,K:\NINJA\E71a\ManualCheck\ScanData\chk_UTS\ECC4_0918\IMG\Event04089\PL052,1.000210276427936,-0.0032925093283681767,0.002978163604481417,1.0003506660626398,-309345.2253161299,-39594.49873166787,200,0.5,0.14,210,70,-250077.14149542333,11123.114191669947,7298.5,-250089.95105700326,11083.833910217254,7298.5,0.0616,0.1868,59409,50483.7
4,UTS,IMG,4089,53,j:OK,K:\NINJA\E71a\ManualCheck\ScanData\chk_UTS\ECC4_0918\IMG\Event04089\PL053,1.000262686176,4.1167271533643275e-05,-0.00035893325378257295,1.000313047846207,-301701.46840777324,-38031.60230883654,200,0.5,0.14,210,70,-244239.60550204362,10665.774144351246,7289.25,-244252.37847179495,10626.517440396114,7289.25,0.0608,0.1869,57432,48663.5
4,UTS,IMG,4089,54,j:OK,K:\NINJA\E71a\ManualCheck\ScanData\chk_UTS\ECC4_0918\IMG\Event04089\PL054,1.0002525702985223,0.0003834092278698956,-0.0008955226334255998,1.0002433116784213,-299105.6702791842,-37859.05246194054,200,0.5,0.14,210,70,-244136.87434564275,9696.242415282537,7307.75,-244149.76566956376,9656.932378276695,7307.75,0.0613,0.1872,54923.8,47553.6
4,UTS,IMG,4606,56,j:OK,K:\NINJA\E71a\ManualCheck\ScanData\chk_UTS\ECC4_0918\IMG\Event04606\PL056,1.0003952287590905,0.003170961363777149,-0.003668117450916838,1.0002701039288426,-182950.94715328165,-37009.97663575912,200,0.5,0.14,210,70,-108306.55457147748,468.92371109771886,7347.25,-108333.89215986451,391.64865610301786,7347.25,0.12896000000000002,0.36835,74468.19,37664.61
4,UTS,IMG,4606,57,j:OK,K:\NINJA\E71a\ManualCheck\ScanData\chk_UTS\ECC4_0918\IMG\Event04606\PL057,1.0005283424868257,-0.007142806670397962,0.006658263935677835,1.000130894307439,-188305.96225760315,-39136.074524172174,200,0.5,0.14,210,70,-111606.06496649086,406.908215526293,7357.25,-111632.82724414232,329.41532665998966,7339.75,0.13,0.3681,76910.7,38948.3
4,UTS,IMG,4606,58,j:OK,K:\NINJA\E71a\ManualCheck\ScanData\chk_UTS\ECC4_0918\IMG\Event04606\PL058,1.0002131749197836,0.006878602609158828,-0.007095607944568956,1.000150888854014,-1887.8713264038822,21284.487998910572,200,0.5,0.14,210,70,80323.03636443087,59060.52424318243,8900.75,80295.2605352694,58983.21581387872,8880.25,0.1297,0.369,81902.4,38274.1
4,UTS,IMG,4606,59,j:OK,K:\NINJA\E71a\ManualCheck\ScanData\chk_UTS\ECC4_0918\IMG\Event04606\PL059,1.0001767741559886,-0.006230722416963212,0.006024867595492269,1.0002433536629274,8374.859503247719,-119585.34894059587,200,0.5,0.14,210,70,86910.45666877595,-83878.65013383304,12971.5,86883.48658877442,-83956.15631496586,12971.5,0.1307,0.3682,78713.7,35146.4
4,UTS,IMG,5414,50,j:OK,K:\NINJA\E71a\ManualCheck\ScanData\chk_UTS\ECC4_0918\IMG\Event05414\PL050,1.000202026486597,-0.0029926484338241065,0.0021663262036947534,1.0002392788316918,32274.863893649628,-33972.424668567124,200,0.5,0.14,210,70,125596.32113014127,-21861.011670150645,4867,125569.4163660788,-21938.852053952993,4867,0.1292,0.3703,93311.1,11828.6
4,UTS,IMG,5775,72,j:OK,K:\NINJA\E71a\ManualCheck\ScanData\chk_UTS\ECC4_0918\IMG\Event05775\PL072,1.0000811426676766,-0.003432970554882023,0.0030061005251413907,1.0001778203484097,19918.69986907103,-266538.0755630989,200,0.5,0.14,210,70,88521.65086715802,-182965.86385229908,13876.5,88469.87294570757,-182901.0668714615,13861,0.24548000000000003,-0.30924,68831.95,83415.26
4,UTS,IMG,5775,73,j:OK,K:\NINJA\E71a\ManualCheck\ScanData\chk_UTS\ECC4_0918\IMG\Event05775\PL073,1.0001663357641615,0.008972762208866211,-0.00924690857849279,1.0003030651867444,23478.643182549047,-190362.4485699103,200,0.5,0.14,210,70,93377.00785908508,-184327.56380313024,13875.75,93326.66171853218,-184261.61606657295,13875.75,0.2425,-0.3117,69775.9,6744
4,UTS,IMG,5775,74,j:OK,K:\NINJA\E71a\ManualCheck\ScanData\chk_UTS\ECC4_0918\IMG\Event05775\PL074,1.000209653307291,-0.0030488205703812165,0.0026766540535274287,1.0003340485994048,12874.222884834757,-188899.61127757592,200,0.5,0.14,210,70,78730.66519520467,-182556.33662876554,13862.75,78679.42518604925,-182491.0783806628,13862.75,0.243,-0.3113,65810.4,6230.3
4,UTS,IMG,5851,61,j:OK,K:\NINJA\E71a\ManualCheck\ScanData\chk_UTS\ECC4_0918\IMG\Event05851\PL061,1.0001895223166855,-0.010333136929746868,0.01000188781385561,1.000269903780521,-104388.67069289114,-276085.56886107876,200,0.5,0.14,210,70,-28468.673148775437,-208484.7331128721,12979.75,-28529.187107728023,-208456.72557674383,12979.75,0.2867,-0.1362,76535.7,66845.3
4,UTS,IMG,6107,65,j:OK,K:\NINJA\E71a\ManualCheck\ScanData\chk_UTS\ECC4_0918\IMG\Event06107\PL065,0.9998959588877453,-0.05815885024500968,0.006880703603585628,1.1075097474128086,129112.4676261596,-39993.509202762245,200,0.5,0.14,210,70,130245.64561398259,-436.1807393947754,6419,130267.55509201775,-402.596572134913,6419,-0.1127,-0.1437,3233.3,35727.6
4,UTS,IMG,6357,70,j:OK,K:\NINJA\E71a\ManualCheck\ScanData\chk_UTS\ECC4_0918\IMG\Event06357\PL070,1.0000006873637741,-0.009809769732293635,0.009460637586483245,1.0000841469868922,3520.091728251856,-117059.32536058713,200,0.5,0.14,210,70,82036.63338567791,-63259.45825090774,6416.499999999999,82038.74657426616,-63236.58831614585,6416.499999999999,-0.011130000000000001,-0.10879000000000001,79039.21,53070.51
4,UTS,IMG,6357,71,j:OK,K:\NINJA\E71a\ManualCheck\ScanData\chk_UTS\ECC4_0918\IMG\Event06357\PL071,1.0000145499663866,-0.01571606577452177,0.01539930753339114,1.0000955920327423,-104462.34918486104,-192511.86614900263,200,0.5,0.14,210,70,-23361.34972904458,-137609.5835426358,13837.25,-23359.25111389137,-137586.7375264653,13837.25,-0.0117,-0.1086,81945.2,53658.1
4,UTS,IMG,6357,73,j:OK,K:\NINJA\E71a\ManualCheck\ScanData\chk_UTS\ECC4_0918\IMG\Event06357\PL073,1.000169303337329,0.011080027282053852,-0.011508823862313385,1.0001433231247996,-97009.60057084059,-189449.28654027393,200,0.5,0.14,210,70,-11753.6572434477,-136158.94931201765,13850.25,-11751.051921463484,-136136.1461091344,13850.25,-0.0112,-0.1087,84642.8,54279.5
4,UTS,IMG,6364,77,j:OK,K:\NINJA\E71a\ManualCheck\ScanData\chk_UTS\ECC4_0918\IMG\Event06364\PL077,1.0031111742257182,-0.0007859306567186899,0.0006212135628709548,0.998197251576786,-98483.08454907166,-111749.37655686791,200,0.5,0.14,210,70,-47321.01541238537,-67073.47200200903,13813,-47400.78249837308,-67010.60140376024,13813,0.37843000000000004,-0.30016000000000004,50958.96,44787.86
4,UTS,IMG,6628,72,j:OK,K:\NINJA\E71a\ManualCheck\ScanData\chk_UTS\ECC4_0918\IMG\Event06628\PL072,1.0000292534372417,-0.007180696233887734,0.006727496935658284,1.0001802662124881,19600.944506496442,-189495.23452373885,200,0.5,0.14,210,70,86775.31338823697,-110292.37466040086,13871.25,86829.60645158564,-110187.01692171261,13853.5,-0.26212,-0.49985,67792.79000000001,78837.93000000001
4,UTS,IMG,6628,73,j:OK,K:\NINJA\E71a\ManualCheck\ScanData\chk_UTS\ECC4_0918\IMG\Event06628\PL073,1.0001663357641615,0.008972762208866211,-0.00924690857849279,1.0003030651867444,23478.643182549047,-190362.4485699103,200,0.5,0.14,210,70,93602.89855632243,-111439.47491358458,13867.75,93659.43430446839,-111335.25118874828,13867.75,-0.2647,-0.4986,69454.6,79645.3
4,UTS,IMG,6628,74,j:OK,K:\NINJA\E71a\ManualCheck\ScanData\chk_UTS\ECC4_0918\IMG\Event06628\PL074,1.000209653307291,-0.0030488205703812165,0.0026766540535274287,1.0003340485994048,12874.222884834757,-188899.61127757592,200,0.5,0.14,210,70,79367.86648245458,-109048.5346843516,13854.25,79422.97812752551,-108943.72939802804,13854.25,-0.2639,-0.4982,66777.9,79750.5
4,UTS,IMG,6628,75,j:OK,K:\NINJA\E71a\ManualCheck\ScanData\chk_UTS\ECC4_0918\IMG\Event06628\PL075,1.0002795654776517,0.007358330798508417,-0.007827845326898319,1.00035351162614,18115.14076007034,-186814.3916892256,200,0.5,0.14,210,70,84977.70595924574,-109172.62615543924,13867.25,85033.28151036803,-109068.20698334981,13853,-0.2609,-0.4991,66323.9,78237.7
4,UTS,IMG,7224,39,j:OK,K:\NINJA\E71a\ManualCheck\ScanData\chk_UTS\ECC4_0918\IMG\Event07224\PL039,1.0003083004780329,4.38374362692688e-05,-0.0010892701769049337,1.000237448544653,41733.01661298774,-110947.76816306644,200,0.5,0.14,210,70,119882.5654333981,-102229.582648567,4861.25,119839.77663071072,-102197.92354829538,4861.25,0.2037,-0.1505,78082.3,8832.8
4,UTS,IMG,7277,65,j:OK,K:\NINJA\E71a\ManualCheck\ScanData\chk_UTS\ECC4_0918\IMG\Event07277\PL065,1.000126469782223,-0.008126817842732885,0.007839655905500236,1.000273269248274,9004.021940750536,-38616.05583982505,200,0.5,0.14,210,70,109453.60285485837,573.4378285077446,6418.75,109436.15288166952,650.4600357326854,6403.750000000001,0.0801,-0.3673,100732,38466.3
4,UTS,IMG,7399,65,j:OK,K:\NINJA\E71a\ManualCheck\ScanData\chk_UTS\ECC4_0918\IMG\Event07399\PL065,1.0001781503399902,-0.007804875632206428,0.007474900631162924,1.0003124848467597,129040.81943167966,-118247.33865712983,200,0.5,0.14,210,70,197300.44358542198,-63410.39469951121,6435,197237.44081283885,-63317.994329803085,6435,0.29651000000000005,-0.44208000000000003,68608.98,54399.5
4,UTS,IMG,7399,68,j:OK,K:\NINJA\E71a\ManualCheck\ScanData\chk_UTS\ECC4_0918\IMG\Event07399\PL068,1.000171832612175,-0.006821875814656891,0.006256026858906661,1.0002881408072921,122671.51606262676,-115763.18030763343,200,0.5,0.14,210,70,192626.52151013794,-59290.42515807314,6450,192563.71747925025,-59197.946281422,6429.75,0.296,-0.4421,70262.9,56109.5
4,UTS,IMG,7440,72,j:OK,K:\NINJA\E71a\ManualCheck\ScanData\chk_UTS\ECC4_0918\IMG\Event07440\PL072,1.0000292534372417,-0.007180696233887734,0.006727496935658284,1.0001802662124881,19600.944506496442,-189495.23452373885,200,0.5,0.14,210,70,42176.59547825181,-145317.19675485336,13866.75,42194.855829834516,-145302.78434652643,13866.75,-0.08744,-0.06803000000000001,22909.41,44030.39
4,UTS,IMG,7440,73,j:OK,K:\NINJA\E71a\ManualCheck\ScanData\chk_UTS\ECC4_0918\IMG\Event07440\PL073,1.0001663357641615,0.008972762208866211,-0.00924690857849279,1.0003030651867444,23478.643182549047,-190362.4485699103,200,0.5,0.14,210,70,48095.82489104954,-145871.68394528967,13870,48114.39333528068,-145857.65413747664,13870,-0.0878,-0.0676,24230.5,44715.3
4,UTS,IMG,7440,74,j:OK,K:\NINJA\E71a\ManualCheck\ScanData\chk_UTS\ECC4_0918\IMG\Event07440\PL074,1.000209653307291,-0.0030488205703812165,0.0026766540535274287,1.0003340485994048,12874.222884834757,-188899.61127757592,200,0.5,0.14,210,70,33804.74143983032,-145336.33284252635,13853.5,33823.097951530515,-145322.06185362945,13853.5,-0.0876,-0.0677,21077.1,43506.6
4,UTS,IMG,7440,75,j:OK,K:\NINJA\E71a\ManualCheck\ScanData\chk_UTS\ECC4_0918\IMG\Event07440\PL075,1.0002795654776517,0.007358330798508417,-0.007827845326898319,1.00035351162614,18115.14076007034,-186814.3916892256,200,0.5,0.14,210,70,39084.00149382882,-145598.80480561522,13866.75,39102.48701685817,-145584.6215792796,13866.75,-0.0875,-0.0682,20677.1,41377
4,UTS,IMG,7758,70,j:OK,K:\NINJA\E71a\ManualCheck\ScanData\chk_UTS\ECC4_0918\IMG\Event07758\PL070,0.9999270872130206,-0.004291918968725403,0.004027859611697764,1.000167488033959,124094.56357157648,-193127.8656491405,200,0.5,0.14,210,70,179022.7653176261,-113753.90357042826,6445.75,179046.19723142197,-113665.17280818989,6429.75,-0.1134,-0.422,55295.7,79226.7
4,UTS,IMG,7758,71,j:OK,K:\NINJA\E71a\ManualCheck\ScanData\chk_UTS\ECC4_0918\IMG\Event07758\PL071,1.0001150919240254,-0.004935232205692729,0.004648879546790456,1.0001231457966056,16129.387143396703,-269027.4261595373,200,0.5,0.14,210,70,73712.39762516858,-187776.85170787678,13861.5,73735.7139984388,-187688.11037915817,13861.5,-0.1131,-0.422,57999.7,81059.7
4,UTS,IMG,7758,72,j:OK,K:\NINJA\E71a\ManualCheck\ScanData\chk_UTS\ECC4_0918\IMG\Event07758\PL072,1.0000811426676766,-0.003432970554882023,0.0030061005251413907,1.0001778203484097,19918.69986907103,-266538.0755630989,200,0.5,0.14,210,70,79609.34702997893,-186061.9799124078,13878.75,79632.85801153604,-185973.06252934836,13861,-0.1134,-0.423,59985.2,80370.4
4,UTS,IMG,8782,48,j:OK,K:\NINJA\E71a\ManualCheck\ScanData\chk_UTS\ECC4_0918\IMG\Event08782\PL048,1.000176508152888,-0.008217091386225193,0.00721547003501856,1.0002588433965778,139585.36298623754,-34458.758102889435,200,0.5,0.14,210,70,182839.02019697512,-24614.78134816071,4883.25,182880.95648318075,-24631.389189415568,4870.500000000001,-0.199,0.0805,43366.1,9512
4,UTS,IMG,8950,76,j:OK,K:\NINJA\E71a\ManualCheck\ScanData\chk_UTS\ECC4_0918\IMG\Event08950\PL076,1.0002503702929901,0.003324274368653373,-0.004284423222501517,1.0004741691291459,18111.17253775687,-189545.43073386996,200,0.5,0.14,210,70,24195.15205096757,-105367.15154240449,13850.25,24127.11753191866,-105328.474387937,13850.25,0.3245,-0.1827,5734.6,84201.6
4,UTS,IMG,8950,77,j:OK,K:\NINJA\E71a\ManualCheck\ScanData\chk_UTS\ECC4_0918\IMG\Event08950\PL077,1.0003566515925386,-0.002503658224672158,0.0019285135013205992,1.0004684147012464,22646.13382375311,-188338.85961356855,200,0.5,0.14,210,70,26801.764007406797,-105359.58442483493,13866,26733.43583336716,-105321.41503256382,13848.5,0.3248,-0.1823,4293.5,82970.3
4,UTS,IMG,9035,65,j:OK,K:\NINJA\E71a\ManualCheck\ScanData\chk_UTS\ECC4_0918\IMG\Event09035\PL065,1.000126469782223,-0.008126817842732885,0.007839655905500236,1.000273269248274,9004.021940750536,-38616.05583982505,200,0.5,0.14,210,70,80076.24069478977,12203.352255727299,6401,80076.07834376236,12195.672896678501,6384.749999999999,0.00107,0.036550000000000006,71471.29000000001,50237.69
4,UTS,IMG,9035,68,j:OK,K:\NINJA\E71a\ManualCheck\ScanData\chk_UTS\ECC4_0918\IMG\Event09035\PL068,1.0001559492153471,-0.006890458721912415,0.006212027492522503,1.0003213949548277,2731.9504533622394,-40032.90687672768,200,0.5,0.14,210,70,77758.95175718468,13320.38836483099,6405.25,77758.77339182688,13312.740473109603,6385.499999999999,0.0011,0.0364,75379.3,52860.4
4,UTS,IMG,9177,60,j:OK,K:\NINJA\E71a\ManualCheck\ScanData\chk_UTS\ECC4_0918\IMG\Event09177\PL060,1.0002915649835926,-0.0020373393300313993,0.0015730987874583056,1.0003186984785277,-117444.72066835397,-120297.94404079633,200,0.5,0.14,210,70,-25053.766827419462,-109238.94729081166,12970.75,-25100.54793543037,-109218.16114803312,12970.75,0.22250000000000003,-0.09930000000000001,92339.52,10931.04
4,UTS,IMG,9343,44,j:OK,K:\NINJA\E71a\ManualCheck\ScanData\chk_UTS\ECC4_0918\IMG\Event09343\PL044,1.0002020533583715,-0.003927748087981745,0.0036664619163633005,1.000369563303566,140338.30032810272,-188214.1259570137,200,0.5,0.14,210,70,165603.34031325465,-103777.55387456514,4874,165593.46313627326,-103754.33625639985,4874,0.046590000000000006,-0.11069000000000001,25581.24,84334.83
4,UTS,IMG,9343,45,j:OK,K:\NINJA\E71a\ManualCheck\ScanData\chk_UTS\ECC4_0918\IMG\Event09343\PL045,1.0002000497229915,-0.0035726272245520567,0.003217671210969129,1.0002501480181183,151345.12207428733,-187332.14870008742,200,0.5,0.14,210,70,175349.40836993302,-104069.37716877322,4878.25,175339.68416371316,-104046.09235295572,4878.25,0.0459,-0.111,24286.9,83187.1
4,UTS,IMG,9589,48,j:OK,K:\NINJA\E71a\ManualCheck\ScanData\chk_UTS\ECC4_0918\IMG\Event09589\PL048,1.0003269830419153,0.004854680852526856,-0.006130470815825031,1.0002844553938566,140297.30778849815,-109850.95333232764,200,0.5,0.14,210,70,189616.87891883656,-55872.47665610769,4881.5,189543.0449294111,-55749.765764549345,4881.5,0.3543,-0.582,48965.7,54385.9
4,UTS,IMG,9693,54,j:OK,K:\NINJA\E71a\ManualCheck\ScanData\chk_UTS\ECC4_0918\IMG\Event09693\PL054,1.0002090989893684,0.01296073906308341,-0.01310798946809484,0.9971003246283535,-180510.12097591654,-113228.29267614383,200,0.5,0.14,210,70,-105160.45596993895,-37805.56370573763,7349.25,-105279.88829969318,-37812.50752363948,7349.25,0.56808,0.040630000000000006,74221.78,76610.83
4,UTS,IMG,9693,55,j:OK,K:\NINJA\E71a\ManualCheck\ScanData\chk_UTS\ECC4_0918\IMG\Event09693\PL055,1.0003253725208043,0.0011254858433588635,-0.0015533692045316917,1.0001695940898119,-180538.68207911588,-113508.63689827324,200,0.5,0.14,210,70,-105682.4044182013,-37047.1037857147,7361,-105801.83620422782,-37053.97553338812,7361,0.5685,0.0336,74626.4,76557.6
4,UTS,IMG,9693,56,j:OK,K:\NINJA\E71a\ManualCheck\ScanData\chk_UTS\ECC4_0918\IMG\Event09693\PL056,1.0002827034626462,0.0046587479997032295,-0.005144390566728056,1.0003841147375232,-182510.7360850103,-113732.09186989817,200,0.5,0.14,210,70,-111559.07085932909,-37253.21760411346,7350.5,-111678.50274790931,-37259.935364254765,7350.5,0.5684,0.0349,70454.5,76805.1
4,UTS,IMG,9693,57,j:OK,K:\NINJA\E71a\ManualCheck\ScanData\chk_UTS\ECC4_0918\IMG\Event09693\PL057,1.0003454310934718,-0.008278575297217247,0.007510438446058595,1.000189746536848,-188019.16678178,-115813.98602140746,200,0.5,0.14,210,70,-114930.98647799416,-37068.17034579249,7356.75,-115050.58677425318,-37075.95802137181,7356.75,0.5696,0.0328,73590.3,78170.5
4,UTS,IMG,9807,76,j:OK,K:\NINJA\E71a\ManualCheck\ScanData\chk_UTS\ECC4_0918\IMG\Event09807\PL076,1.0002503702929901,0.003324274368653373,-0.004284423222501517,1.0004741691291459,18111.17253775687,-189545.43073386996,200,0.5,0.14,210,70,74748.80182670485,-143010.24977209212,13861.25,74787.78504232492,-142953.6533407009,13861.25,-0.18469000000000002,-0.27017,56506.85,46811.68
4,UTS,IMG,9807,77,j:OK,K:\NINJA\E71a\ManualCheck\ScanData\chk_UTS\ECC4_0918\IMG\Event09807\PL077,1.0003566515925386,-0.002503658224672158,0.0019285135013205992,1.0004684147012464,22646.13382375311,-188338.85961356855,200,0.5,0.14,210,70,78068.66710494584,-142481.27871908454,13880.25,78107.11564318885,-142424.3727145221,13864.75,-0.1837,-0.2705,55555.8,45785.9
4,UTS,IMG,9870,70,j:OK,K:\NINJA\E71a\ManualCheck\ScanData\chk_UTS\ECC4_0918\IMG\Event09870\PL070,1.0000006873637741,-0.009809769732293635,0.009460637586483245,1.0000841469868922,3520.091728251856,-117059.32536058713,200,0.5,0.14,210,70,108566.12103531299,-75189.62877349899,6432,108563.86124223148,-75149.80610326712,6415.75,0.0089,-0.1897,105445,40908.5
4,UTS,IMG,9870,71,j:OK,K:\NINJA\E71a\ManualCheck\ScanData\chk_UTS\ECC4_0918\IMG\Event09870\PL071,1.0000145499663866,-0.01571606577452177,0.01539930753339114,1.0000955920327423,-104462.34918486104,-192511.86614900263,200,0.5,0.14,210,70,3154.4476693726974,-149455.24717513713,13850.75,3152.184884777118,-149415.5155991328,13850.75,0.0078,-0.1893,108264,41425.2
4,UTS,IMG,10210,68,j:OK,K:\NINJA\E71a\ManualCheck\ScanData\chk_UTS\ECC4_0918\IMG\Event10210\PL068,1.000171832612175,-0.006821875814656891,0.006256026858906661,1.0002881408072921,122671.51606262676,-115763.18030763343,200,0.5,0.14,210,70,166911.5751539351,-60611.87973016252,6441.25,166910.39333252853,-60617.2228869463,6424.5,0.0058,0.0254,44605.4,54851.1
4,UTS,IMG,10490,71,j:OK,K:\NINJA\E71a\ManualCheck\ScanData\chk_UTS\ECC4_0918\IMG\Event10490\PL071,1.0000145499663866,-0.01571606577452177,0.01539930753339114,1.0000955920327423,-104462.34918486104,-192511.86614900263,200,0.5,0.14,210,70,-22312.140896686888,-179621.25350586395,13846.75,-22444.24262554037,-179698.85445450398,13846.75,0.6347,0.35972000000000004,82198.37,11546.11
4,UTS,IMG,10490,73,j:OK,K:\NINJA\E71a\ManualCheck\ScanData\chk_UTS\ECC4_0918\IMG\Event10490\PL073,1.000169303337329,0.011080027282053852,-0.011508823862313385,1.0001433231247996,-97009.60057084059,-189449.28654027393,200,0.5,0.14,210,70,-14337.834303892385,-180117.3781405092,13858,-14471.091862481146,-180192.68356616676,13858,0.6304,0.3658,82411.5,10203.6
4,UTS,IMG,11357,50,j:OK,K:\NINJA\E71a\ManualCheck\ScanData\chk_UTS\ECC4_0918\IMG\Event11357\PL050,1.000202026486597,-0.0029926484338241065,0.0021663262036947534,1.0002392788316918,32274.863893649628,-33972.424668567124,200,0.5,0.14,210,70,118983.07364600587,2533.2789734546514,4862.5,118946.08011816884,2584.031339145491,4862.5,0.1754,-0.242,86762.5,36359.8
4,UTS,IMG,11357,52,j:OK,K:\NINJA\E71a\ManualCheck\ScanData\chk_UTS\ECC4_0918\IMG\Event11357\PL052,1.000210276427936,-0.0032925093283681767,0.002978163604481417,1.0003506660626398,-309345.2253161299,-39594.49873166787,200,0.5,0.14,210,70,-225943.71692264444,-1258.24702154734,7319,-225980.60024336638,-1207.4344936716807,7319,0.1748,-0.2424,83472.6,38125.1
4,UTS,IMG,11369,52,j:OK,K:\NINJA\E71a\ManualCheck\ScanData\chk_UTS\ECC4_0918\IMG\Event11369\PL052,1.0001943639960058,-0.002831549287987142,0.002642754676702774,1.0002210040170243,-188409.24654693285,-195026.4346910718,200,0.5,0.14,210,70,-105929.00996695511,-119570.5574544384,7356.75,-105954.35414026162,-119672.78545685434,7356.75,0.12204000000000001,0.48637,82651.53,75118.62
4,UTS,IMG,11369,53,j:OK,K:\NINJA\E71a\ManualCheck\ScanData\chk_UTS\ECC4_0918\IMG\Event11369\PL053,1.0003195665165536,0.00274193883570333,-0.0030892872009264825,1.0003564263505866,-182902.75393461937,-193269.70489665493,200,0.5,0.14,210,70,-100126.63523838995,-120278.60784203354,7344.5,-100151.99807235054,-120380.9838853638,7344.5,0.1194,0.4877,82523.9,73117.6
4,UTS,IMG,11369,54,j:OK,K:\NINJA\E71a\ManualCheck\ScanData\chk_UTS\ECC4_0918\IMG\Event11369\PL054,1.000335266932276,0.008136952054927425,-0.008489616457248219,1.0002821281736831,-180283.516549889,-192693.42907466594,200,0.5,0.14,210,70,-100312.02806083925,-122091.30785364474,7350.75,-100337.54127824956,-122193.12414858598,7350.75,0.1175,0.4857,79340.4,71153.8
4,UTS,IMG,11369,55,j:OK,K:\NINJA\E71a\ManualCheck\ScanData\chk_UTS\ECC4_0918\IMG\Event11369\PL055,1.0003575494863646,0.005794334060006631,-0.006443759252891207,1.0001805485752973,-181230.55499761834,-193714.05937747806,200,0.5,0.14,210,70,-100503.486801758,-121844.40396301688,7357.5,-100528.99149476648,-121946.04885224676,7357.5,0.1186,0.4847,80254.1,72272.1
4,UTS,IMG,12037,65,j:OK,K:\NINJA\E71a\ManualCheck\ScanData\chk_UTS\ECC4_0918\IMG\Event12037\PL065,1.0000950735763685,-0.01178424780177632,0.011521440789210672,1.0003216379749609,131104.98364842875,-194230.66962701827,200,0.5,0.14,210,70,139460.0844784741,-129954.41068475782,6431.75,139275.4965479847,-129908.27813805493,6431.75,0.8762,-0.2297,8926.2,64198.9
4,UTS,Ref/IMG,212,68,j:OK,K:\NINJA\E71a\ManualCheck\ScanData\chk_UTS\ECC4_0918\Ref\IMG\Event00212\PL068,1.000171832612175,-0.006821875814656891,0.006256026858906661,1.0002881408072921,122671.51606262676,-115763.18030763343,200,0.5,0.14,210,70,214482.23299729388,-52742.9210675573,6444.5,214527.9997003873,-53023.804382343,6426.749999999999,-0.20877,1.3384600000000002,92264.57,62144.26
4,UTS,Ref/IMG,212,70,j:OK,K:\NINJA\E71a\ManualCheck\ScanData\chk_UTS\ECC4_0918\Ref\IMG\Event00212\PL070,1.0000270739509427,-0.003605030569197025,0.003404609467319617,1.0001884476784673,122826.23582952014,-115988.96087617723,200,0.5,0.14,210,70,138537.37904933744,-34552.264671323435,6434.75,138540.0825732807,-34544.88928887897,6418.5,-0.013000000000000001,-0.035070000000000004,16006.77,81374.24
4,UTS,Ref/IMG,450,39,j:OK,K:\NINJA\E71a\ManualCheck\ScanData\chk_UTS\ECC4_0918\Ref\IMG\Event00450\PL039,1.000202015552314,-0.006614333132821192,0.005660796568496591,1.0000916993161484,160807.8587413807,-34692.16290397841,200,0.5,0.14,210,70,206903.09541226452,4065.405645967563,4859.75,206988.73395439345,4048.733215135784,4859.75,-0.40718000000000004,0.08169000000000001,46425.98,38474.56
4,UTS,Ref/IMG,633,65,j:OK,K:\NINJA\E71a\ManualCheck\ScanData\chk_UTS\ECC4_0918\Ref\IMG\Event00633\PL065,1.000126469782223,-0.008126817842732885,0.007839655905500236,1.000273269248274,9004.021940750536,-38616.05583982505,200,0.5,0.14,210,70,97267.60264031705,-8753.508829130997,6412.5,97340.56749257915,-8883.432840885853,6399.5,-0.34236000000000005,0.6212000000000001,88561.27,29030.4
4,UTS,Ref/IMG,1751,52,j:OK,K:\NINJA\E71a\ManualCheck\ScanData\chk_UTS\ECC4_0918\Ref\IMG\Event01751\PL052,1.0002157341611,-0.004806169883841438,0.004475741414694722,1.0003096729406347,-309143.1000160365,-116445.12965372037,200,0.5,0.14,210,70,-247863.15607137603,-71373.9173934149,7316,-247901.08556579764,-71361.51025558804,7316,0.18029,-0.05987000000000001,61444.05,44794.74
4,UTS,Ref/IMG,1751,54,j:OK,K:\NINJA\E71a\ManualCheck\ScanData\chk_UTS\ECC4_0918\Ref\IMG\Event01751\PL054,1.000264725121749,0.004049904612915444,-0.004568587181335851,1.0003629500661562,-299522.94686922495,-113771.11494919698,200,0.5,0.14,210,70,-241371.7620826762,-70487.76419175122,7325.5,-241378.1958286388,-70480.92611023103,7325.5,0.030760000000000003,-0.03241,57953.08,43539.15
4,UTS,Ref/IMG,1936,61,j:OK,K:\NINJA\E71a\ManualCheck\ScanData\chk_UTS\ECC4_0918\Ref\IMG\Event01936\PL061,1.0002076189494733,-0.00027898940840248744,-0.00011134129119593565,1.000335795216221,-103610.55982052507,-197179.90019862697,200,0.5,0.14,210,70,-39386.505172154764,-187225.2946258984,12976.5,-39388.20437397148,-187233.00822589092,12976.5,0.008100000000000001,0.03672,64211.8,9950.7
4,UTS,Ref/IMG,2069,39,j:OK,K:\NINJA\E71a\ManualCheck\ScanData\chk_UTS\ECC4_0918\Ref\IMG\Event02069\PL039,1.0003083004780329,4.38374362692688e-05,-0.0010892701769049337,1.000237448544653,41733.01661298774,-110947.76816306644,200,0.5,0.14,210,70,102068.96118339994,-74819.0948637076,4854,101602.96754660035,-74068.02041263023,4854,2.21849,-3.5732800000000005,59849.880000000005,36936.17
4,UTS,Ref/IMG,2115,56,j:OK,K:\NINJA\E71a\ManualCheck\ScanData\chk_UTS\ECC4_0918\Ref\IMG\Event02115\PL056,1.0002473172331,0.002858080568747916,-0.0035844073920110664,1.0003043002604515,-302770.06527022895,-36579.5908542286,200,0.5,0.14,210,70,-206296.43604258363,-13054.757207319872,7338.75,-206330.6917737114,-12973.191842097132,7338.75,0.16419,-0.38770000000000004,96347.11,23944.46
4,UTS,Ref/IMG,2115,57,j:OK,K:\NINJA\E71a\ManualCheck\ScanData\chk_UTS\ECC4_0918\Ref\IMG\Event02115\PL057,1.0005283424868257,-0.007142806670397962,0.006658263935677835,1.000130894307439,-188305.96225760315,-39136.074524172174,200,0.5,0.14,210,70,-185858.09047712726,-11648.586701146569,7349.25,-185846.57863194612,-11648.19713688837,7349.25,-0.0548,-0.0014900000000000002,2654.17,27466.61
4,UTS,Ref/IMG,2115,58,j:OK,K:\NINJA\E71a\ManualCheck\ScanData\chk_UTS\ECC4_0918\Ref\IMG\Event02115\PL058,1.0002131749197836,0.006878602609158828,-0.007095607944568956,1.000150888854014,-1887.8713264038822,21284.487998910572,200,0.5,0.14,210,70,5116.469375326283,48023.862477503884,8895,5222.315926038335,48022.61589298317,8874.5,-0.50394,0.00236,6924.4800000000005,26783.22
4,UTS,Ref/IMG,2115,59,j:OK,K:\NINJA\E71a\ManualCheck\ScanData\chk_UTS\ECC4_0918\Ref\IMG\Event02115\PL059,1.0001767741559886,-0.006230722416963212,0.006024867595492269,1.0002433536629274,8374.859503247719,-119585.34894059587,200,0.5,0.14,210,70,14588.2142080912,-95714.6974712401,12979.25,14576.187723486222,-95708.73912291942,12964.25,0.057080000000000006,-0.028710000000000003,6348.7,23832.56
4,UTS,Ref/IMG,2274,58,j:OK,K:\NINJA\E71a\ManualCheck\ScanData\chk_UTS\ECC4_0918\Ref\IMG\Event02274\PL058,1.0000748548187925,0.007226044724009622,-0.007690155606579765,1.0003192470907818,-2211.7017161657195,-55248.085565622634,200,0.5,0.14,210,70,86578.2210957829,-55631.96189840465,8909.500000000002,87460.84948178871,-55316.086947608674,8890,-4.19158,-1.53591,89661.35,621.3100000000001
4,UTS,Ref/IMG,2274,59,j:OK,K:\NINJA\E71a\ManualCheck\ScanData\chk_UTS\ECC4_0918\Ref\IMG\Event02274\PL059,1.0001661905562196,-0.006508627457558036,0.0061469713131296,1.000237309578983,8656.225918604227,-196091.25325881803,200,0.5,0.14,210,70,80967.2365792051,-121881.44880711727,12976.75,80884.93383878907,-121879.60828514861,12976.75,0.39178,-0.011170000000000001,72696.62,73747.28
4,UTS,Ref/IMG,2274,60,j:OK,K:\NINJA\E71a\ManualCheck\ScanData\chk_UTS\ECC4_0918\Ref\IMG\Event02274\PL060,1.0003582463464313,0.003496036782104692,-0.004003577609472846,1.000155546754814,4743.038018547496,-199718.0940249324,200,0.5,0.14,210,70,77393.08603020907,-122519.75151760521,12987.25,77383.37449429483,-122528.05736515112,12973.25,0.046090000000000006,0.03973,72343.59,77467.62
4,UTS,Ref/IMG,2274,61,j:OK,K:\NINJA\E71a\ManualCheck\ScanData\chk_UTS\ECC4_0918\Ref\IMG\Event02274\PL061,1.0001651198512629,0.0041131402911644185,-0.004333014564923469,1.0003910453129368,15571.910754739994,-197084.1453642489,200,0.5,0.14,210,70,84089.00677745993,-123182.01688928697,12984.75,83996.05403727027,-123237.24702720853,12984.75,0.44147000000000003,0.26481000000000005,68108.06,74113.03
4,UTS,Ref/IMG,2395,70,j:OK,K:\NINJA\E71a\ManualCheck\ScanData\chk_UTS\ECC4_0918\Ref\IMG\Event02395\PL070,1.0000136591862505,-0.006377500342863668,0.006103268151922139,1.0002018082635906,123634.47723463584,-33283.84985869461,200,0.5,0.14,210,70,146827.75081364665,-12403.692794053502,6441.25,146970.65193578767,-12061.34145714602,6422.75,-0.69084,-1.6257000000000001,23470.260000000002,21075.010000000002
4,UTS,Ref/IMG,2395,72,j:OK,K:\NINJA\E71a\ManualCheck\ScanData\chk_UTS\ECC4_0918\Ref\IMG\Event02395\PL072,1.0001118137817453,-0.007400829802883916,0.007076284850345129,1.000148521693383,19538.57969907723,-106059.61653053394,200,0.5,0.14,210,70,79432.41755437432,-84095.87654503292,13871.25,79454.63952607618,-84111.24773243067,13853,-0.10526,0.07393000000000001,60068.61,21520.11
4,UTS,Ref/IMG,2395,73,j:OK,K:\NINJA\E71a\ManualCheck\ScanData\chk_UTS\ECC4_0918\Ref\IMG\Event02395\PL073,1.0002709402419143,0.013801277246592934,-0.01406251288202884,1.000086208599889,23989.711104095346,-109647.08142083819,200,0.5,0.14,210,70,84588.64983025125,-84833.06312347848,13868.5,84554.65151072602,-84869.01565747768,13868.5,0.15946000000000002,0.17343,60195.01,25622.350000000002
4,UTS,Ref/IMG,2899,48,j:OK,K:\NINJA\E71a\ManualCheck\ScanData\chk_UTS\ECC4_0918\Ref\IMG\Event02899\PL048,1.0005023020410688,-0.0024489718021633946,0.001186224275511936,1.0003353903266086,141530.65619854917,-190097.89089677762,200,0.5,0.14,210,70,158051.64834576217,-136708.92160337567,4879.5,157691.38685986935,-136618.41108649474,4879.5,1.71361,-0.43289000000000005,16283.43,53442.24
4,UTS,Ref/IMG,2899,50,j:OK,K:\NINJA\E71a\ManualCheck\ScanData\chk_UTS\ECC4_0918\Ref\IMG\Event02899\PL050,1.000625965451027,0.004559885183141688,-0.005534074880310564,1.000220168668991,153051.98297743386,-189655.14196358083,200,0.5,0.14,210,70,217453.47697233653,-138247.68685811834,4878.5,217459.15442336779,-138258.84678803597,4878.5,-0.027260000000000003,0.052980000000000006,64131.1,51739.81
4,UTS,Ref/IMG,3284,41,j:OK,K:\NINJA\E71a\ManualCheck\ScanData\chk_UTS\ECC4_0918\Ref\IMG\Event03284\PL041,1.0006040321663434,-0.00664405264137613,0.00548185887871905,1.0001506336818726,142131.00780278153,-189945.37077450397,200,0.5,0.14,210,70,221658.926347542,-136340.70150668474,4862.25,221656.88657011022,-136357.24487320136,4862.25,0.010230000000000001,0.07871,79830.74,53142.5
4,UTS,Ref/IMG,3284,43,j:OK,K:\NINJA\E71a\ManualCheck\ScanData\chk_UTS\ECC4_0918\Ref\IMG\Event03284\PL043,1.0002359090240254,-0.003058613761493991,0.0028148660337529528,1.000356501364286,136387.99549309176,-189865.98594960402,200,0.5,0.14,210,70,219398.2210095798,-138924.11261240777,4881.75,219378.8574521297,-138905.228693313,4881.75,0.09191,-0.09015000000000001,83126.35,50708.69
4,UTS,Ref/IMG,3542,54,j:OK,K:\NINJA\E71a\ManualCheck\ScanData\chk_UTS\ECC4_0918\Ref\IMG\Event03542\PL054,1.000264725121749,0.004049904612915444,-0.004568587181335851,1.0003629500661562,-299522.94686922495,-113771.11494919698,200,0.5,0.14,210,70,-191437.717230966,-47039.15468783787,7339.5,-191372.65700431928,-46914.47728943589,7339.5,-0.30732000000000004,-0.59489,107849.08,67324.92
4,UTS,Ref/IMG,3542,55,j:OK,K:\NINJA\E71a\ManualCheck\ScanData\chk_UTS\ECC4_0918\Ref\IMG\Event03542\PL055,1.0002261037142879,-0.0033377651712178614,0.0026278118795962473,1.0004560457679623,-300754.41443456453,-113911.68941875694,200,0.5,0.14,210,70,-247971.31869782967,-45864.51241401776,7314,-247961.6169208988,-45738.47247916917,7314,-0.048190000000000004,-0.59979,53007.79,68002.91
4,UTS,Ref/IMG,3542,56,j:OK,K:\NINJA\E71a\ManualCheck\ScanData\chk_UTS\ECC4_0918\Ref\IMG\Event03542\PL056,1.0331124537693979,0.025351600590048373,-0.0704596248260668,0.9532284270343477,-307067.4360261107,-105249.5976445476,200,0.5,0.14,210,70,-252553.8254030416,-44417.789114173655,7322.25,-252673.9438986168,-44472.767309795905,7322.25,0.54593,0.315,50993.04,67528.18000000001
4,UTS,Ref/IMG,3542,57,j:OK,K:\NINJA\E71a\ManualCheck\ScanData\chk_UTS\ECC4_0918\Ref\IMG\Event03542\PL057,1.0003003692291998,-0.008908980744648399,0.00799969994492032,1.0003170644372905,-308709.7893048583,-116552.86368048372,200,0.5,0.14,210,70,-254279.6683872512,-45849.41820423715,7320.25,-254305.21483237305,-45800.719724590206,7320.25,0.11954000000000001,-0.23278000000000001,55014.26,70289.76
4,UTS,Ref/IMG,3679,54,j:OK,K:\NINJA\E71a\ManualCheck\ScanData\chk_UTS\ECC4_0918\Ref\IMG\Event03679\PL054,1.000264725121749,0.004049904612915444,-0.004568587181335851,1.0003629500661562,-299522.94686922495,-113771.11494919698,200,0.5,0.14,210,70,-215468.06581737328,-102151.01411628668,7342.5,-215484.75582920833,-102040.68994892611,7342.5,0.08158,-0.5247900000000001,83966.92,12109.64
4,UTS,Ref/IMG,3679,55,j:OK,K:\NINJA\E71a\ManualCheck\ScanData\chk_UTS\ECC4_0918\Ref\IMG\Event03679\PL055,1.0002261037142879,-0.0033377651712178614,0.0026278118795962473,1.0004560457679623,-300754.41443456453,-113911.68941875694,200,0.5,0.14,210,70,-178866.46203644777,-100637.6016645978,7351.5,-178849.84875247825,-100633.33925785046,7351.5,-0.07916000000000001,-0.02008,121920.23,12952.06
4,UTS,Ref/IMG,3679,56,j:OK,K:\NINJA\E71a\ManualCheck\ScanData\chk_UTS\ECC4_0918\Ref\IMG\Event03679\PL056,1.0331124537693979,0.025351600590048373,-0.0704596248260668,0.9532284270343477,-307067.4360261107,-105249.5976445476,200,0.5,0.14,210,70,-181507.18697589365,-101957.85440148215,7353.75,-181580.76958015675,-102097.67274274328,7353.75,0.32144,0.72223,121163.76000000001,12262.62
4,UTS,Ref/IMG,3679,57,j:OK,K:\NINJA\E71a\ManualCheck\ScanData\chk_UTS\ECC4_0918\Ref\IMG\Event03679\PL057,1.0003003692291998,-0.008908980744648399,0.00799969994492032,1.0003170644372905,-308709.7893048583,-116552.86368048372,200,0.5,0.14,210,70,-184438.40700322104,-101724.14295821752,7346.5,-184413.0082757683,-101731.48806696237,7346.5,-0.12059000000000002,0.035930000000000004,124382.56,13821.970000000001
4,UTS,Ref/IMG,3815,41,j:OK,K:\NINJA\E71a\ManualCheck\ScanData\chk_UTS\ECC4_0918\Ref\IMG\Event03815\PL041,1.0006040321663434,-0.00664405264137613,0.00548185887871905,1.0001506336818726,142131.00780278153,-189945.37077450397,200,0.5,0.14,210,70,162635.10015715772,-116406.75798362328,4867,162673.65710169481,-116375.03035397029,4867,-0.18449000000000002,-0.15005000000000002,21017.920000000002,73444.06
4,UTS,Ref/IMG,3815,43,j:OK,K:\NINJA\E71a\ManualCheck\ScanData\chk_UTS\ECC4_0918\Ref\IMG\Event03815\PL043,1.0002359090240254,-0.003058613761493991,0.0028148660337529528,1.000356501364286,136387.99549309176,-189865.98594960402,200,0.5,0.14,210,70,161166.3978444034,-115690.95698642339,4888.5,161224.9819784393,-115750.30473948647,4871.499999999999,-0.27804,0.28329000000000004,25057.47,74018.76
4,UTS,Ref/IMG,3933,65,j:OK,K:\NINJA\E71a\ManualCheck\ScanData\chk_UTS\ECC4_0918\Ref\IMG\Event03933\PL065,1.000126469782223,-0.008126817842732885,0.007839655905500236,1.000273269248274,9004.021940750536,-38616.05583982505,200,0.5,0.14,210,70,127347.1928056685,15620.799570524405,6417.25,127339.75785157103,15653.316963826444,6417.25,0.034140000000000004,-0.15507,118754.07,53323.81
4,UTS,Ref/IMG,4026,61,j:OK,K:\NINJA\E71a\ManualCheck\ScanData\chk_UTS\ECC4_0918\Ref\IMG\Event04026\PL061,1.0001651198512629,0.0041131402911644185,-0.004333014564923469,1.0003910453129368,15571.910754739994,-197084.1453642489,200,0.5,0.14,210,70,40000.10077245128,-189988.98186411342,12989.5,39366.609170175754,-190057.17708182114,12989.5,3.01474,0.33767,23761.46,7127.14
4,UTS,Ref/IMG,4089,52,j:OK,K:\NINJA\E71a\ManualCheck\ScanData\chk_UTS\ECC4_0918\Ref\IMG\Event04089\PL052,1.000210276427936,-0.0032925093283681767,0.002978163604481417,1.0003506660626398,-309345.2253161299,-39594.49873166787,200,0.5,0.14,210,70,-249549.67777288568,11633.23988731496,7299,-249640.9717499981,11569.905432105124,7299,0.43563,0.30019,59859.48,50968.26
4,UTS,Ref/IMG,4089,53,j:OK,K:\NINJA\E71a\ManualCheck\ScanData\chk_UTS\ECC4_0918\Ref\IMG\Event04089\PL053,1.000262686176,4.1167271533643275e-05,-0.00035893325378257295,1.000313047846207,-301701.46840777324,-38031.60230883654,200,0.5,0.14,210,70,-244623.44004187576,11661.491660419448,7290.75,-244710.3484327073,11606.418400795703,7290.75,0.41373000000000004,0.26232,56974.11,49642.93
4,UTS,Ref/IMG,4089,54,j:OK,K:\NINJA\E71a\ManualCheck\ScanData\chk_UTS\ECC4_0918\Ref\IMG\Event04089\PL054,1.0002525702985223,0.0003834092278698956,-0.0008955226334255998,1.0002433116784213,-299105.6702791842,-37859.05246194054,200,0.5,0.14,210,70,-244074.31645543355,9246.297316423272,7308.5,-244093.59117692296,9240.170576363627,7308.5,0.09175000000000001,0.02925,54980.12,47136.99
4,UTS,Ref/IMG,4606,56,j:OK,K:\NINJA\E71a\ManualCheck\ScanData\chk_UTS\ECC4_0918\Ref\IMG\Event04606\PL056,1.0003952287590905,0.003170961363777149,-0.003668117450916838,1.0002701039288426,-182950.94715328165,-37009.97663575912,200,0.5,0.14,210,70,-110882.0619601524,607.2241350696439,7349,-110730.24522302276,818.1529386418333,7349,-0.7194600000000001,-1.00679,72071.46,38082.21
4,UTS,Ref/IMG,4606,57,j:OK,K:\NINJA\E71a\ManualCheck\ScanData\chk_UTS\ECC4_0918\Ref\IMG\Event04606\PL057,1.0005283424868257,-0.007142806670397962,0.006658263935677835,1.000130894307439,-188305.96225760315,-39136.074524172174,200,0.5,0.14,210,70,-111403.03779135302,604.7825691777987,7355.75,-111462.27159773848,576.3441801510418,7338.999999999999,0.28287,0.13352,77082.92,39194.05
4,UTS,Ref/IMG,4606,58,j:OK,K:\NINJA\E71a\ManualCheck\ScanData\chk_UTS\ECC4_0918\Ref\IMG\Event04606\PL058,1.0002131749197836,0.006878602609158828,-0.007095607944568956,1.000150888854014,-1887.8713264038822,21284.487998910572,200,0.5,0.14,210,70,79767.12148454356,59651.050365616844,8901,79698.34324745602,59605.55380437174,8879.999999999998,0.32594,0.21893,81301.36,38892.08
4,UTS,Ref/IMG,4606,59,j:OK,K:\NINJA\E71a\ManualCheck\ScanData\chk_UTS\ECC4_0918\Ref\IMG\Event04606\PL059,1.0001767741559886,-0.006230722416963212,0.006024867595492269,1.0002433536629274,8374.859503247719,-119585.34894059587,200,0.5,0.14,210,70,87059.82400847328,-83934.46960162294,12973.25,86990.56041483294,-84012.4973254516,12973.25,0.33207000000000003,0.36947,78820.40000000001,35089.43
4,UTS,Ref/IMG,5414,50,j:OK,K:\NINJA\E71a\ManualCheck\ScanData\chk_UTS\ECC4_0918\Ref\IMG\Event05414\PL050,1.000202026486597,-0.0029926484338241065,0.0021663262036947534,1.0002392788316918,32274.863893649628,-33972.424668567124,200,0.5,0.14,210,70,127415.88976636187,-23919.68267127705,4868.75,127421.37092822349,-23920.75886702921,4868.75,-0.026080000000000002,0.005180000000000001,95156.74,9843.17
4,UTS,Ref/IMG,5775,73,j:OK,K:\NINJA\E71a\ManualCheck\ScanData\chk_UTS\ECC4_0918\Ref\IMG\Event05775\PL073,1.0001663357641615,0.008972762208866211,-0.00924690857849279,1.0003030651867444,23478.643182549047,-190362.4485699103,200,0.5,0.14,210,70,93056.66440834438,-183386.1648918184,13874,93100.80035155293,-183413.5914706891,13874,-0.21129,0.12861,69542.49,7589.610000000001
4,UTS,Ref/IMG,5775,74,j:OK,K:\NINJA\E71a\ManualCheck\ScanData\chk_UTS\ECC4_0918\Ref\IMG\Event05775\PL074,1.000209653307291,-0.0030488205703812165,0.0026766540535274287,1.0003340485994048,12874.222884834757,-188899.61127757592,200,0.5,0.14,210,70,78918.39559928741,-181767.0135967259,13864,78906.07552942826,-181726.7505815066,13864,0.058070000000000004,-0.19182000000000002,66039.33,6993.76
4,UTS,Ref/IMG,5851,61,j:OK,K:\NINJA\E71a\ManualCheck\ScanData\chk_UTS\ECC4_0918\Ref\IMG\Event05851\PL061,1.0001895223166855,-0.010333136929746868,0.01000188781385561,1.000269903780521,-104388.67069289114,-276085.56886107876,200,0.5,0.14,210,70,-27765.315422037827,-207524.1853886699,12978.25,-27786.511329932633,-207535.70796753687,12978.25,0.10147,0.053840000000000006,77287.67,67758.55
4,UTS,Ref/IMG,6107,65,j:OK,K:\NINJA\E71a\ManualCheck\ScanData\chk_UTS\ECC4_0918\Ref\IMG\Event06107\PL065,0.9998959588877453,-0.05815885024500968,0.006880703603585628,1.1075097474128086,129112.4676261596,-39993.509202762245,200,0.5,0.14,210,70,130457.64454768824,192.6479737962395,6420.75,130496.1028968618,169.61626667017117,6420.75,-0.17733000000000002,0.10013000000000001,3491.83,36242.66
4,UTS,Ref/IMG,6357,70,j:OK,K:\NINJA\E71a\ManualCheck\ScanData\chk_UTS\ECC4_0918\Ref\IMG\Event06357\PL070,1.0000006873637741,-0.009809769732293635,0.009460637586483245,1.0000841469868922,3520.091728251856,-117059.32536058713,200,0.5,0.14,210,70,9534.74644115723,-66644.70062758781,6391.75,9527.892091624415,-66418.02825919224,6366.75,0.02205,-1.0795100000000002,6503.93,50575.51
4,UTS,Ref/IMG,6357,71,j:OK,K:\NINJA\E71a\ManualCheck\ScanData\chk_UTS\ECC4_0918\Ref\IMG\Event06357\PL071,1.0000145499663866,-0.01571606577452177,0.01539930753339114,1.0000955920327423,-104462.34918486104,-192511.86614900263,200,0.5,0.14,210,70,-20712.52556319042,-137199.30477883815,13837.75,-20729.282838237632,-137193.6094162928,13837.75,0.07935,-0.02834,84580.67,54010.61
4,UTS,Ref/IMG,6357,72,j:OK,K:\NINJA\E71a\ManualCheck\ScanData\chk_UTS\ECC4_0918\Ref\IMG\Event06357\PL072,0.999602432684947,-0.05487653307086505,0.008541661120012516,1.1256921062985055,-99503.95033119789,-191360.37749611426,200,0.5,0.14,210,70,-18691.94508260541,-134111.90662128848,13852,-18752.977609125897,-134200.19336791546,13835.5,0.31112,0.37111000000000005,83535.91,50143.950000000004
4,UTS,Ref/IMG,6357,73,j:OK,K:\NINJA\E71a\ManualCheck\ScanData\chk_UTS\ECC4_0918\Ref\IMG\Event06357\PL073,1.000169303337329,0.011080027282053852,-0.011508823862313385,1.0001433231247996,-97009.60057084059,-189449.28654027393,200,0.5,0.14,210,70,-12457.359379325768,-135932.1656905219,13849,-12570.985685598993,-136019.71226364526,13849,0.5363,0.42300000000000004,83821.82,54386.47
4,UTS,Ref/IMG,6364,77,j:OK,K:\NINJA\E71a\ManualCheck\ScanData\chk_UTS\ECC4_0918\Ref\IMG\Event06364\PL077,1.0031111742257182,-0.0007859306567186899,0.0006212135628709548,0.998197251576786,-98483.08454907166,-111749.37655686791,200,0.5,0.14,210,70,-9622.519415570105,-61953.95323873677,13850.75,-9468.406895896042,-62206.16245884993,13834.75,-0.73065,1.2036200000000001,88777.44,49577.44
4,UTS,Ref/IMG,6628,72,j:OK,K:\NINJA\E71a\ManualCheck\ScanData\chk_UTS\ECC4_0918\Ref\IMG\Event06628\PL072,1.0000292534372417,-0.007180696233887734,0.006727496935658284,1.0001802662124881,19600.944506496442,-189495.23452373885,200,0.5,0.14,210,70,59975.375550316705,-117072.88187177281,13867.25,59921.18045162338,-116922.17573568384,13867.25,0.2529,-0.7192200000000001,40838.1,72285.29000000001
4,UTS,Ref/IMG,6628,73,j:OK,K:\NINJA\E71a\ManualCheck\ScanData\chk_UTS\ECC4_0918\Ref\IMG\Event06628\PL073,1.0001663357641615,0.008972762208866211,-0.00924690857849279,1.0003030651867444,23478.643182549047,-190362.4485699103,200,0.5,0.14,210,70,92357.00594668982,-108938.96534077842,13866,92351.96694686117,-108913.42331536219,13866,0.02508,-0.12136000000000001,68125.74,82054.11
4,UTS,Ref/IMG,6628,74,j:OK,K:\NINJA\E71a\ManualCheck\ScanData\chk_UTS\ECC4_0918\Ref\IMG\Event06628\PL074,1.000209653307291,-0.0030488205703812165,0.0026766540535274287,1.0003340485994048,12874.222884834757,-188899.61127757592,200,0.5,0.14,210,70,77031.60610601044,-111137.3061444201,13856,77009.59809559971,-111170.57740153483,13856,0.10526,0.15810000000000002,64358.26,77530.87
4,UTS,Ref/IMG,6628,75,j:OK,K:\NINJA\E71a\ManualCheck\ScanData\chk_UTS\ECC4_0918\Ref\IMG\Event06628\PL075,1.0002795654776517,0.007358330798508417,-0.007827845326898319,1.00035351162614,18115.14076007034,-186814.3916892256,200,0.5,0.14,210,70,86152.32314179536,-106490.86012129771,13868.5,86177.35808768061,-106455.62287578717,13853.499999999998,-0.11794,-0.16866,67448.38,80858.16
4,UTS,Ref/IMG,7224,39,j:OK,K:\NINJA\E71a\ManualCheck\ScanData\chk_UTS\ECC4_0918\Ref\IMG\Event07224\PL039,1.0003083004780329,4.38374362692688e-05,-0.0010892701769049337,1.000237448544653,41733.01661298774,-110947.76816306644,200,0.5,0.14,210,70,120578.97991647644,-102569.40680604256,4861,120564.74430229398,-102558.58843936068,4861,0.06777000000000001,-0.051430000000000003,78807.06,8473.01
4,UTS,Ref/IMG,7277,65,j:OK,K:\NINJA\E71a\ManualCheck\ScanData\chk_UTS\ECC4_0918\Ref\IMG\Event07277\PL065,1.000126469782223,-0.008126817842732885,0.007839655905500236,1.000273269248274,9004.021940750536,-38616.05583982505,200,0.5,0.14,210,70,108852.75448220315,647.6629696407458,6420.5,108925.60431063072,564.4703984690059,6405.25,-0.34362000000000004,0.39874000000000004,100220.85,38384.340000000004
4,UTS,Ref/IMG,7399,65,j:OK,K:\NINJA\E71a\ManualCheck\ScanData\chk_UTS\ECC4_0918\Ref\IMG\Event07399\PL065,1.0001781503399902,-0.007804875632206428,0.007474900631162924,1.0003124848467597,129040.81943167966,-118247.33865712983,200,0.5,0.14,210,70,236720.36734868443,-65046.030368979445,6436.5,236721.045562764,-64848.66764422305,6423.249999999999,-0.010560000000000002,-0.9394500000000001,108071.31,52574.42
4,UTS,Ref/IMG,7399,68,j:OK,K:\NINJA\E71a\ManualCheck\ScanData\chk_UTS\ECC4_0918\Ref\IMG\Event07399\PL068,1.000171832612175,-0.006821875814656891,0.006256026858906661,1.0002881408072921,122671.51606262676,-115763.18030763343,200,0.5,0.14,210,70,192311.9715408901,-58909.01676991128,6442,192335.7497263975,-58903.324305177775,6425.75,-0.11339,-0.026390000000000004,70036.99,56405.450000000004
4,UTS,Ref/IMG,7440,72,j:OK,K:\NINJA\E71a\ManualCheck\ScanData\chk_UTS\ECC4_0918\Ref\IMG\Event07440\PL072,1.0000292534372417,-0.007180696233887734,0.006727496935658284,1.0001802662124881,19600.944506496442,-189495.23452373885,200,0.5,0.14,210,70,53956.50922594846,-142924.68841141477,13866.75,53281.656393986574,-142117.14917208126,13866.75,3.1857300000000004,-3.8661600000000003,34018.22,47140.73
4,UTS,Ref/IMG,7440,73,j:OK,K:\NINJA\E71a\ManualCheck\ScanData\chk_UTS\ECC4_0918\Ref\IMG\Event07440\PL073,1.0001663357641615,0.008972762208866211,-0.00924690857849279,1.0003030651867444,23478.643182549047,-190362.4485699103,200,0.5,0.14,210,70,49616.12874813818,-148199.725622182,13870.75,49625.62936423723,-148202.77560191037,13870.75,-0.045360000000000004,0.014100000000000001,25762.39,42385.05
4,UTS,Ref/IMG,7440,74,j:OK,K:\NINJA\E71a\ManualCheck\ScanData\chk_UTS\ECC4_0918\Ref\IMG\Event07440\PL074,1.000209653307291,-0.0030488205703812165,0.0026766540535274287,1.0003340485994048,12874.222884834757,-188899.61127757592,200,0.5,0.14,210,70,34774.82121650796,-146066.17437872724,13854.25,34661.72538313777,-146081.7282509914,13854.25,0.53866,0.07260000000000001,21913.23,42744.950000000004
4,UTS,Ref/IMG,7440,75,j:OK,K:\NINJA\E71a\ManualCheck\ScanData\chk_UTS\ECC4_0918\Ref\IMG\Event07440\PL075,1.0002795654776517,0.007358330798508417,-0.007827845326898319,1.00035351162614,18115.14076007034,-186814.3916892256,200,0.5,0.14,210,70,38813.52729092756,-146475.93307213683,13868,38813.99009714001,-146476.7014081411,13868,-0.00223,0.0036400000000000004,20395.260000000002,40483.03
4,UTS,Ref/IMG,7758,70,j:OK,K:\NINJA\E71a\ManualCheck\ScanData\chk_UTS\ECC4_0918\Ref\IMG\Event07758\PL070,0.9999270872130206,-0.004291918968725403,0.004027859611697764,1.000167488033959,124094.56357157648,-193127.8656491405,200,0.5,0.14,210,70,179827.41710793544,-114149.56440378365,6450.75,179945.52260459634,-114232.67569880691,6432.75,-0.56074,0.39796000000000004,56192.64,78655.68000000001
4,UTS,Ref/IMG,7758,71,j:OK,K:\NINJA\E71a\ManualCheck\ScanData\chk_UTS\ECC4_0918\Ref\IMG\Event07758\PL071,1.0001150919240254,-0.004935232205692729,0.004648879546790456,1.0001231457966056,16129.387143396703,-269027.4261595373,200,0.5,0.14,210,70,73322.36154746304,-186929.73063029716,13861.25,73356.49965100503,-186818.2157793778,13861.25,-0.16516,-0.53019,57624.83,81931.23
4,UTS,Ref/IMG,7758,72,j:OK,K:\NINJA\E71a\ManualCheck\ScanData\chk_UTS\ECC4_0918\Ref\IMG\Event07758\PL072,1.0000811426676766,-0.003432970554882023,0.0030061005251413907,1.0001778203484097,19918.69986907103,-266538.0755630989,200,0.5,0.14,210,70,79211.51844241588,-183815.1555665718,13875.5,79211.17418090891,-183745.45078943216,13860.750000000002,0.0005,-0.33187000000000005,59571.200000000004,82598.86
4,UTS,Ref/IMG,8782,48,j:OK,K:\NINJA\E71a\ManualCheck\ScanData\chk_UTS\ECC4_0918\Ref\IMG\Event08782\PL048,1.000176508152888,-0.008217091386225193,0.00721547003501856,1.0002588433965778,139585.36298623754,-34458.758102889435,200,0.5,0.14,210,70,183444.59260275777,-24558.4142931153,4881.25,183440.03573385224,-24593.335062379865,4881.25,0.02306,0.16608,43925.36,9546.01
4,UTS,Ref/IMG,8950,76,j:OK,K:\NINJA\E71a\ManualCheck\ScanData\chk_UTS\ECC4_0918\Ref\IMG\Event08950\PL076,1.0002503702929901,0.003324274368653373,-0.004284423222501517,1.0004741691291459,18111.17253775687,-189545.43073386996,200,0.5,0.14,210,70,23188.518295871192,-105379.9349222382,13851,23158.79942986574,-105473.55959278271,13851,0.14,0.44622000000000006,4767.02,84052.44
4,UTS,Ref/IMG,9035,65,j:OK,K:\NINJA\E71a\ManualCheck\ScanData\chk_UTS\ECC4_0918\Ref\IMG\Event09035\PL065,1.000126469782223,-0.008126817842732885,0.007839655905500236,1.000273269248274,9004.021940750536,-38616.05583982505,200,0.5,0.14,210,70,112753.80667693152,28814.979526251194,6405.5,112682.62501300374,28872.00615496329,6393,0.33669000000000004,-0.27412000000000003,104207.1,66652.9
4,UTS,Ref/IMG,9035,68,j:OK,K:\NINJA\E71a\ManualCheck\ScanData\chk_UTS\ECC4_0918\Ref\IMG\Event09035\PL068,1.0001559492153471,-0.006890458721912415,0.006212027492522503,1.0003213949548277,2731.9504533622394,-40032.90687672768,200,0.5,0.14,210,70,78943.35554181233,11823.505934173252,6398.5,78924.93198833987,11819.047122784788,6398.5,0.08786000000000001,0.02068,76534.94,51360.01
4,UTS,Ref/IMG,9177,60,j:OK,K:\NINJA\E71a\ManualCheck\ScanData\chk_UTS\ECC4_0918\Ref\IMG\Event09177\PL060,1.0002915649835926,-0.0020373393300313993,0.0015730987874583056,1.0003186984785277,-117444.72066835397,-120297.94404079633,200,0.5,0.14,210,70,-96873.9016512204,-50920.69193007502,12914.75,-96980.2762282413,-50936.540765321784,12914.75,0.5065500000000001,0.07465000000000001,20599.64,69306.91
4,UTS,Ref/IMG,9343,44,j:OK,K:\NINJA\E71a\ManualCheck\ScanData\chk_UTS\ECC4_0918\Ref\IMG\Event09343\PL044,1.0002020533583715,-0.003927748087981745,0.0036664619163633005,1.000369563303566,140338.30032810272,-188214.1259570137,200,0.5,0.14,210,70,169439.4878462625,-105060.0783751529,4874,169211.7591884802,-105214.81823584711,4874,1.08708,0.7326,29193.02,82861.65000000001
4,UTS,Ref/IMG,9343,45,j:OK,K:\NINJA\E71a\ManualCheck\ScanData\chk_UTS\ECC4_0918\Ref\IMG\Event09343\PL045,1.0002000497229915,-0.0035726272245520567,0.003217671210969129,1.0002501480181183,151345.12207428733,-187332.14870008742,200,0.5,0.14,210,70,175659.4280230041,-103613.92345354329,4877.25,175654.78515248813,-103604.85351342936,4877.25,0.02195,-0.043250000000000004,24603.510000000002,83627.21
4,UTS,Ref/IMG,9589,48,j:OK,K:\NINJA\E71a\ManualCheck\ScanData\chk_UTS\ECC4_0918\Ref\IMG\Event09589\PL048,1.0003269830419153,0.004854680852526856,-0.006130470815825031,1.0002844553938566,140297.30778849815,-109850.95333232764,200,0.5,0.14,210,70,190107.47296784265,-52974.8579345842,4882,190121.52076489507,-52971.377105643776,4882,-0.06679,-0.016980000000000002,49530.49,57166.96
4,UTS,Ref/IMG,9693,54,j:OK,K:\NINJA\E71a\ManualCheck\ScanData\chk_UTS\ECC4_0918\Ref\IMG\Event09693\PL054,1.0002090989893684,0.01296073906308341,-0.01310798946809484,0.9971003246283535,-180510.12097591654,-113228.29267614383,200,0.5,0.14,210,70,-61789.54307071237,-52228.66430100074,7342.75,-61832.820018770784,-51899.00187631338,7342.75,0.22640000000000002,-1.5714100000000002,117835.40000000001,63056.72
4,UTS,Ref/IMG,9693,55,j:OK,K:\NINJA\E71a\ManualCheck\ScanData\chk_UTS\ECC4_0918\Ref\IMG\Event09693\PL055,1.0003253725208043,0.0011254858433588635,-0.0015533692045316917,1.0001695940898119,-180538.68207911588,-113508.63689827324,200,0.5,0.14,210,70,-108498.15344907336,-37295.86907621989,7362.25,-108429.01823328911,-37189.89986156495,7362.25,-0.32854000000000005,-0.50504,72000.23,76417.62
4,UTS,Ref/IMG,9693,56,j:OK,K:\NINJA\E71a\ManualCheck\ScanData\chk_UTS\ECC4_0918\Ref\IMG\Event09693\PL056,1.0002827034626462,0.0046587479997032295,-0.005144390566728056,1.0003841147375232,-182510.7360850103,-113732.09186989817,200,0.5,0.14,210,70,-111130.48277557066,-38189.997226195264,7351.75,-111128.14757264138,-38212.25310944827,7351.75,-0.01161,0.10588,71009.12,75856
4,UTS,Ref/IMG,9693,57,j:OK,K:\NINJA\E71a\ManualCheck\ScanData\chk_UTS\ECC4_0918\Ref\IMG\Event09693\PL057,1.0003454310934718,-0.008278575297217247,0.007510438446058595,1.000189746536848,-188019.16678178,-115813.98602140746,200,0.5,0.14,210,70,-114503.62391186114,-37639.037647637815,7358.25,-114523.08724609554,-37661.50609692901,7342.25,0.09353,0.10627,74112.74,77581.14
4,UTS,Ref/IMG,9807,76,j:OK,K:\NINJA\E71a\ManualCheck\ScanData\chk_UTS\ECC4_0918\Ref\IMG\Event09807\PL076,1.0002503702929901,0.003324274368653373,-0.004284423222501517,1.0004741691291459,18111.17253775687,-189545.43073386996,200,0.5,0.14,210,70,46318.46473488234,-140890.94163080407,13856.75,46422.09361666192,-140737.3004900142,13856.75,-0.49091,-0.73338,28141.3,48905.51
4,UTS,Ref/IMG,9870,70,j:OK,K:\NINJA\E71a\ManualCheck\ScanData\chk_UTS\ECC4_0918\Ref\IMG\Event09870\PL070,1.0000006873637741,-0.009809769732293635,0.009460637586483245,1.0000841469868922,3520.091728251856,-117059.32536058713,200,0.5,0.14,210,70,108697.9226998793,-75229.08054708171,6433.25,108648.2297732229,-75223.28106429463,6415.5,0.23634000000000002,-0.02985,105528.64,40834.24
4,UTS,Ref/IMG,9870,71,j:OK,K:\NINJA\E71a\ManualCheck\ScanData\chk_UTS\ECC4_0918\Ref\IMG\Event09870\PL071,1.0000145499663866,-0.01571606577452177,0.01539930753339114,1.0000955920327423,-104462.34918486104,-192511.86614900263,200,0.5,0.14,210,70,2807.467738259062,-149388.51242240268,13853,2758.335252877223,-149383.7777643974,13853,0.23355,-0.026140000000000004,107870.75,41462.99
4,UTS,Ref/IMG,9870,72,j:OK,K:\NINJA\E71a\ManualCheck\ScanData\chk_UTS\ECC4_0918\Ref\IMG\Event09870\PL072,0.999602432684947,-0.05487653307086505,0.008541661120012516,1.1256921062985055,-99503.95033119789,-191360.37749611426,200,0.5,0.14,210,70,8616.856142493994,-145976.17637808528,13857.5,8657.980202105682,-145919.42119543476,13857.5,-0.20900000000000002,-0.23850000000000002,110375.06,39529.61
4,UTS,Ref/IMG,10210,68,j:OK,K:\NINJA\E71a\ManualCheck\ScanData\chk_UTS\ECC4_0918\Ref\IMG\Event10210\PL068,1.000171832612175,-0.006821875814656891,0.006256026858906661,1.0002881408072921,122671.51606262676,-115763.18030763343,200,0.5,0.14,210,70,164887.73924159867,-61002.18901643308,6442.75,164885.71946916135,-61010.32293573757,6425.5,0.009880000000000002,0.03866,42578.48,54470.79
4,UTS,Ref/IMG,10490,71,j:OK,K:\NINJA\E71a\ManualCheck\ScanData\chk_UTS\ECC4_0918\Ref\IMG\Event10490\PL071,1.0000145499663866,-0.01571606577452177,0.01539930753339114,1.0000955920327423,-104462.34918486104,-192511.86614900263,200,0.5,0.14,210,70,13384.176025328148,-174926.20071888337,13853,13693.5773481387,-175249.70140866528,13853,-1.44876,1.56264,118396.82,15437.460000000001
4,UTS,Ref/IMG,10490,73,j:OK,K:\NINJA\E71a\ManualCheck\ScanData\chk_UTS\ECC4_0918\Ref\IMG\Event10490\PL073,1.000169303337329,0.011080027282053852,-0.011508823862313385,1.0001433231247996,-97009.60057084059,-189449.28654027393,200,0.5,0.14,210,70,-15194.414005493496,-180435.7612540227,13857,-15239.485691249562,-180403.59125024558,13857,0.21626,-0.15068,81645.67,9983.91
4,UTS,Ref/IMG,10856,45,j:OK,K:\NINJA\E71a\ManualCheck\ScanData\chk_UTS\ECC4_0918\Ref\IMG\Event10856\PL045,0.9998045869959683,-0.0879541987799506,0.0018516269224760444,0.9278172243288287,151158.5895030178,-30069.922318291105,200,0.5,0.14,210,70,180527.95776675857,9594.891279882995,4870.5,180517.03121523035,9599.725400808744,4870.5,0.049850000000000005,-0.02491,33119.66,42689.79
4,UTS,Ref/IMG,11357,50,j:OK,K:\NINJA\E71a\ManualCheck\ScanData\chk_UTS\ECC4_0918\Ref\IMG\Event11357\PL050,1.000202026486597,-0.0029926484338241065,0.0021663262036947534,1.0002392788316918,32274.863893649628,-33972.424668567124,200,0.5,0.14,210,70,118802.56327220291,2827.2786399218194,4863,118881.42580201385,2888.526153937506,4863,-0.37633000000000005,-0.29077000000000003,86698.77,36664.36
4,UTS,Ref/IMG,11357,52,j:OK,K:\NINJA\E71a\ManualCheck\ScanData\chk_UTS\ECC4_0918\Ref\IMG\Event11357\PL052,1.000210276427936,-0.0032925093283681767,0.002978163604481417,1.0003506660626398,-309345.2253161299,-39594.49873166787,200,0.5,0.14,210,70,-226714.77366474844,-808.2462914777628,7318.75,-226690.567676651,-808.9641018673356,7318.75,-0.11523000000000001,0.0037600000000000003,82764.1,38525.54
4,UTS,Ref/IMG,11369,52,j:OK,K:\NINJA\E71a\ManualCheck\ScanData\chk_UTS\ECC4_0918\Ref\IMG\Event11369\PL052,1.0001943639960058,-0.002831549287987142,0.002642754676702774,1.0002210040170243,-188409.24654693285,-195026.4346910718,200,0.5,0.14,210,70,-101570.86405698786,-118425.58186184558,7355.75,-101553.09710348428,-118732.56415302087,7355.75,-0.08045000000000001,1.46171,87054.56,76047
4,UTS,Ref/IMG,11369,53,j:OK,K:\NINJA\E71a\ManualCheck\ScanData\chk_UTS\ECC4_0918\Ref\IMG\Event11369\PL053,1.0003195665165536,0.00274193883570333,-0.0030892872009264825,1.0003564263505866,-182902.75393461937,-193269.70489665493,200,0.5,0.14,210,70,-99245.68686078537,-120603.67655522455,7344.75,-99258.82960697504,-120645.36768859003,7344.75,0.062020000000000006,0.19865000000000002,83417.5,72856.07
4,UTS,Ref/IMG,11369,54,j:OK,K:\NINJA\E71a\ManualCheck\ScanData\chk_UTS\ECC4_0918\Ref\IMG\Event11369\PL054,1.000335266932276,0.008136952054927425,-0.008489616457248219,1.0002821281736831,-180283.516549889,-192693.42907466594,200,0.5,0.14,210,70,-100416.56387734429,-121939.96396255886,7351.25,-100415.4782609203,-121949.06726852128,7351.25,-0.005520000000000001,0.04329,79260.51,71397.11
4,UTS,Ref/IMG,11369,55,j:OK,K:\NINJA\E71a\ManualCheck\ScanData\chk_UTS\ECC4_0918\Ref\IMG\Event11369\PL055,1.0003575494863646,0.005794334060006631,-0.006443759252891207,1.0001805485752973,-181230.55499761834,-193714.05937747806,200,0.5,0.14,210,70,-102680.57634808045,-125042.20955315932,7353.5,-102726.96785751525,-124896.96655181337,7353.5,0.22483000000000003,-0.69006,78074.08,69307.67
4,UTS,Ref/IMG,12037,65,j:OK,K:\NINJA\E71a\ManualCheck\ScanData\chk_UTS\ECC4_0918\Ref\IMG\Event12037\PL065,1.0000950735763685,-0.01178424780177632,0.011521440789210672,1.0003216379749609,131104.98364842875,-194230.66962701827,200,0.5,0.14,210,70,138486.76908621035,-128884.18829569354,6433.5,138519.0031148467,-128920.9178105956,6433.5,-0.1514,0.17659000000000002,8181.51,65194.520000000004
4,UTS,IMG,623,25,j:OK,K:\NINJA\E71a\ManualCheck\ScanData\UTS\ECC4\IMG\Event00623\PL025,1.0004594611091235,0.001932922250486501,-0.002970968111793903,1.0002413838619706,-29588.72653567961,-199549.06877967922,200,0.5,0.14,210,70,-5441.046596225727,-127719.56080180735,7151.75,-5470.791331575088,-127751.71333725052,7151.75,0.14128000000000002,0.15349000000000002,23968.04,71851.22
4,UTS,IMG,623,27,j:OK,K:\NINJA\E71a\ManualCheck\ScanData\UTS\ECC4\IMG\Event00623\PL027,1.0003662960304867,0.00918943963720999,-0.00945649439956819,1.0003882667151178,-35565.2157316186,-197227.9963928765,200,0.5,0.14,210,70,-12382.001340085491,-128540.22052624916,7147.75,-12411.751889985788,-128572.35768914742,7147.75,0.1402,0.1543,22512.6,68841.8
4,UTS,IMG,1124,27,j:OK,K:\NINJA\E71a\ManualCheck\ScanData\UTS\ECC4\IMG\Event01124\PL027,1.0002623608587324,0.007724987288449723,-0.008041646216662136,1.0004690638140694,-34062.384635368486,-118526.7472723975,200,0.5,0.14,210,70,7307.63435935435,-68664.11806936827,7144.5,7200.912037867667,-68724.9698322393,7144.5,0.5058,0.2937,40865.5,50106.9
4,UTS,IMG,2394,21,j:OK,K:\NINJA\E71a\ManualCheck\ScanData\UTS\ECC4\IMG\Event02394\PL021,1.0002358782936687,-0.0026320247491670766,0.0021748785750191086,1.0002744825385552,-24371.70598679942,-198256.75368988083,200,0.5,0.14,210,70,-10378.82375070296,-153086.44304494394,7139.75,-10354.95846784332,-153075.0080643809,7139.75,-0.11376000000000001,-0.05419,14132.220000000001,45138.62
4,UTS,IMG,2394,22,j:OK,K:\NINJA\E71a\ManualCheck\ScanData\UTS\ECC4\IMG\Event02394\PL022,1.0006015694236168,0.00015141819261997404,-0.0009544824374939702,1.0003561460446238,-26411.7376288676,-200103.67672594782,200,0.5,0.14,210,70,-12614.222139053538,-153754.9338724319,7146.000000000001,-12590.41308339168,-153743.44448390385,7146.000000000001,-0.1133,-0.0548,13806,46356.9
4,UTS,IMG,2394,24,j:OK,K:\NINJA\E71a\ManualCheck\ScanData\UTS\ECC4\IMG\Event02394\PL024,1.0006477631249178,-0.010283789869259733,0.009369960258986742,1.0002689105287748,-42463.38215079745,-200933.4443103552,200,0.5,0.14,210,70,-26114.28609831799,-152082.70987656843,7137.5,-26090.488156454012,-152071.24793204837,7137.5,-0.1138,-0.0535,16862.7,48691.1
4,UTS,IMG,3063,21,j:OK,K:\NINJA\E71a\ManualCheck\ScanData\UTS\ECC4\IMG\Event03063\PL021,1.0001879260961792,-0.004112582126471145,0.0038417850317511125,1.0003717039703643,-25705.255384351494,-42986.272395575565,200,0.5,0.14,210,70,34821.91331883757,-29107.83795079901,7131.25,34492.69434808887,-29261.62158002124,7131.25,1.5704,0.726,60242.1,13488.2
4,UTS,IMG,3063,22,j:OK,K:\NINJA\E71a\ManualCheck\ScanData\UTS\ECC4\IMG\Event03063\PL022,1.000310977549187,-0.0035076646401830747,0.0027089154486426336,1.0004399788710976,-27742.89825327129,-44641.097037763604,200,0.5,0.14,210,70,27818.069495470238,-31756.79385656029,7135.5,27489.08064883582,-31911.873055553424,7135.5,1.5687,0.7339,55258.9,12574
4,UTS,IMG,3063,23,j:OK,K:\NINJA\E71a\ManualCheck\ScanData\UTS\ECC4\IMG\Event03063\PL023,0.9999628968995657,-0.009236766349073947,0.008327089252561119,1.0002880920341368,-24855.692153889486,-43872.70781945333,200,0.5,0.14,210,70,27293.00947188633,-32190.300624076954,7138,26966.446396831216,-32347.21630753084,7138,1.5619,0.734,51926.5,11089.9
4,UTS,IMG,3196,24,j:OK,K:\NINJA\E71a\ManualCheck\ScanData\UTS\ECC4\IMG\Event03196\PL024,1.0006477631249178,-0.010283789869259733,0.009369960258986742,1.0002689105287748,-42463.38215079745,-200933.4443103552,200,0.5,0.14,210,70,49234.346481609304,-152369.7290804827,7145.5,49225.114166244326,-152311.86587502612,7131.75,0.041100000000000005,-0.27585000000000004,92119.83,47745.58
4,UTS,IMG,3196,25,j:OK,K:\NINJA\E71a\ManualCheck\ScanData\UTS\ECC4\IMG\Event03196\PL025,1.0004594611091235,0.001932922250486501,-0.002970968111793903,1.0002413838619706,-29588.72653567961,-199549.06877967922,200,0.5,0.14,210,70,60783.269224678734,-154548.0504096562,7139.5,60774.72515982075,-154490.11372943863,7139.5,0.0412,-0.2757,90234.4,45316.1
4,UTS,IMG,3196,27,j:OK,K:\NINJA\E71a\ManualCheck\ScanData\UTS\ECC4\IMG\Event03196\PL027,1.0003662960304867,0.00918943963720999,-0.00945649439956819,1.0003882667151178,-35565.2157316186,-197227.9963928765,200,0.5,0.14,210,70,54170.37742185403,-153811.4980633601,7145,54161.89581203214,-153753.64044739926,7145,0.0429,-0.275,89287.3,44301.5
4,UTS,IMG,3310,21,j:OK,K:\NINJA\E71a\ManualCheck\ScanData\UTS\ECC4\IMG\Event03310\PL021,1.0001655178065043,-0.0007005840532140124,0.0003666359664297147,1.0004242593315098,-24904.09437421462,-119362.34128946465,200,0.5,0.14,210,70,29867.472049801825,-40504.729782013375,7143.25,29731.72816851449,-40477.04777477862,7143.25,0.6462,-0.132,54682,78831.8
4,UTS,IMG,3310,22,j:OK,K:\NINJA\E71a\ManualCheck\ScanData\UTS\ECC4\IMG\Event03310\PL022,1.0003982423833435,0.0014776124794607791,-0.0023791178935367615,1.0004082789931659,-27067.16458645977,-120825.31887819986,200,0.5,0.14,210,70,25314.152727377936,-40922.8966060607,7135,25178.227157488855,-40895.11504935603,7135,0.6472,-0.1307,52106.4,80021.5
4,UTS,IMG,3852,27,j:OK,K:\NINJA\E71a\ManualCheck\ScanData\UTS\ECC4\IMG\Event03852\PL027,1.0002623608587324,0.007724987288449723,-0.008041646216662136,1.0004690638140694,-34062.384635368486,-118526.7472723975,200,0.5,0.14,210,70,20965.309704283034,-74137.39915746952,7147,20928.4307196905,-74231.45745925588,7147,0.1721,0.44907,54631.07,44713.64
4,UTS,IMG,3858,22,j:OK,K:\NINJA\E71a\ManualCheck\ScanData\UTS\ECC4\IMG\Event03858\PL022,1.0002089464717938,-0.006687326072468858,0.005739602794909113,1.000348424515241,-146867.17468853493,-200803.72831113575,200,0.5,0.14,210,70,-93490.28094884085,-147061.62821450498,7115.75,-93540.32963536077,-147156.89313716927,7115.75,0.2413,0.4521,53672.2,53320.2
4,UTS,IMG,4196,27,j:OK,K:\NINJA\E71a\ManualCheck\ScanData\UTS\ECC4\IMG\Event04196\PL027,1.0003254427244304,0.008185091100157598,-0.00852098651912592,1.0004283302003563,-154894.64394059827,-196504.29066388757,200,0.5,0.14,210,70,-57585.4447269048,-146716.4170144281,7138,-57561.85846749398,-146660.66707464762,7138,-0.1101,-0.2663,96886.7,50647.5
4,UTS,IMG,5130,27,j:OK,K:\NINJA\E71a\ManualCheck\ScanData\UTS\ECC4\IMG\Event05130\PL027,1.0004374540264074,0.005181666686162155,-0.005527347495443925,1.0004728259425648,-33323.89782013866,-42351.67259379501,200,0.5,0.14,210,70,-5596.808706168512,-20876.505039707474,7147.75,-5740.903653060199,-20897.46743055454,7147.75,0.6853300000000001,0.10356000000000001,27459.08,21595.77
4,UTS,IMG,5488,27,j:OK,K:\NINJA\E71a\ManualCheck\ScanData\UTS\ECC4\IMG\Event05488\PL027,1.000408069836077,0.006047390663368427,-0.006443617962117955,1.0004326116032938,-154551.7119116387,-117789.47520605563,200,0.5,0.14,210,70,-72766.25913746888,-65268.54692197716,7133.5,-72740.51946592453,-65201.98525958217,7133.5,-0.1206,-0.3176,81456.9,53089.4
4,UTS,IMG,6295,23,j:OK,K:\NINJA\E71a\ManualCheck\ScanData\UTS\ECC4\IMG\Event06295\PL023,1.000106881039587,-0.010236419752684887,0.009460771570150045,1.0002880326606494,-24140.3515364947,-120601.06575955155,200,0.5,0.14,210,70,3635.0278528090716,-38497.42250212782,7134.5,3578.305925155175,-38531.301005240646,7134.5,0.2717,0.15871000000000002,28552.7,81776.08
4,UTS,IMG,6738,27,j:OK,K:\NINJA\E71a\ManualCheck\ScanData\UTS\ECC4\IMG\Event06738\PL027,1.000408069836077,0.006047390663368427,-0.006443617962117955,1.0004326116032938,-154551.7119116387,-117789.47520605563,200,0.5,0.14,210,70,-40209.7936358452,-64131.750120768374,7141.75,-40247.40053843924,-64291.645374382584,7141.75,0.1744,0.7622,113930,54208.5
4,UTS,IMG,8023,23,j:OK,K:\NINJA\E71a\ManualCheck\ScanData\UTS\ECC4\IMG\Event08023\PL023,1.000125091918629,-0.00704624758010638,0.006247046796757639,1.0002256657787225,-145181.7353437665,-43922.58549635511,200,0.5,0.14,210,70,-65973.81781967211,-378.22059352450555,7125.75,-65944.15082980861,-352.8032829366421,7125.75,-0.1421,-0.12012,79531.07,43063.23
4,UTS,IMG,8845,21,j:OK,K:\NINJA\E71a\ManualCheck\ScanData\UTS\ECC4\IMG\Event08845\PL021,1.0002358782936687,-0.0026320247491670766,0.0021748785750191086,1.0002744825385552,-24371.70598679942,-198256.75368988083,200,0.5,0.14,210,70,7238.87847871877,-127690.67850852179,7136.75,7247.618417221267,-127699.3559408062,7136.75,-0.0415,0.0414,31797.3,70468.9
4,UTS,IMG,9487,22,j:OK,K:\NINJA\E71a\ManualCheck\ScanData\UTS\ECC4\IMG\Event09487\PL022,1.0004047316810372,-0.003503929809767883,0.0028354811086638188,1.0003454514178414,-146818.5538880466,-44949.808155682724,200,0.5,0.14,210,70,-25704.779281614785,-26462.663144218935,7130.5,-25688.932161265868,-26454.93789970109,7130.5,-0.07556,-0.03656,121144.17,18145.100000000002
4,UTS,IMG,9487,23,j:OK,K:\NINJA\E71a\ManualCheck\ScanData\UTS\ECC4\IMG\Event09487\PL023,1.000125091918629,-0.00704624758010638,0.006247046796757639,1.0002256657787225,-145181.7353437665,-43922.58549635511,200,0.5,0.14,210,70,-24936.378933154483,-26723.715663934523,7137.25,-24920.597553821543,-26715.865999511425,7137.25,-0.0754,-0.0369,120362,16451.1
4,UTS,IMG,10478,27,j:OK,K:\NINJA\E71a\ManualCheck\ScanData\UTS\ECC4\IMG\Event10478\PL027,1.0003412014063735,0.005083983390383498,-0.005401784241726997,1.0004273079087578,-154514.5746999189,-41665.721913587746,200,0.5,0.14,210,70,-108401.69219629187,-21462.103963338534,7098.5,-108414.19522773143,-21293.287742228615,7098.5,0.0636,-0.8032,45979.9,20612
4,UTS,IMG,10544,27,j:OK,K:\NINJA\E71a\ManualCheck\ScanData\UTS\ECC4\IMG\Event10544\PL027,1.000408069836077,0.006047390663368427,-0.006443617962117955,1.0004326116032938,-154551.7119116387,-117789.47520605563,200,0.5,0.14,210,70,-63142.06989568153,-93172.21413554098,7135.5,-63115.65252428796,-93045.67356565698,7135.5,-0.1221,-0.6031,91245.7,25320.8
4,UTS,Ref/IMG,7890,112,j:OK,K:\NINJA\E71a\ManualCheck\ScanData\UTS\ECC4\Ref\IMG\Event07890\PL112,1.0002550497762384,0.013516674615069887,-0.013839256352984374,1.0003226767812734,60279.74745920263,-255182.99761240563,200,0.5,0.14,210,70,118724.6895140888,-192662.7128494306,2044.75,118732.86486048978,-192680.54638861615,2044.75,-0.040060000000000005,0.08434000000000001,57583.11,63278.94
