ecc,scan_type,category,event,pl,judgment,source_dir,AffineParam_a,AffineParam_b,AffineParam_c,AffineParam_d,AffineParam_e,AffineParam_f,NumOfPics,Gap,PxLen,ThickOfBase,ThickOfEmul,lens_StagePos_x,lens_StagePos_y,lens_SurfacePos,stage_StagePos_x,stage_StagePos_y,stage_SurfacePos,Track_ax,Track_ay,Track_x,Track_y,scale_x,scale_y,det,det_dev,scale_dev,rotation_deg,nonortho,translation_mag,outcome,n_dirs,n_events
4,FTS,IMG,11033,30,j:OK,K:\NINJA\E71a\ManualCheck\ScanData\FTS\ECC4\IMG\Event11033\PL030,1.0003209933955544,0.0045383374949337,-0.004737358768448,1.0003782335743865,-151511.99438685417,-86424.02900493056,200,0.5,0.156,210,70,-74809.35439604204,-46961.01207756311,2152.75,-74760.71326883268,-47019.12056026202,2152.75,-0.2328,0.2755,76546.3,39752.5,1.0003322110159054,1.0003885278813567,1.000720848113346,0.0007208481133460509,0.0003885278813566817,-0.2713415354270908,-0.00019921271922316628,174427.62749211263,OK,1,1
4,FTS,IMG,5130,30,j:OK,K:\NINJA\E71a\ManualCheck\ScanData\FTS\ECC4\IMG\Event05130\PL030,1.000388112889384,0.0043828998514312,-0.0045942533603425,1.0003415206840995,-31898.971287303968,-87098.61169496982,200,0.5,0.156,210,70,-6254.661947593774,-64309.04902116741,2187.25,-6398.345800764994,-64329.64884300891,2187.25,0.6835,0.1012,25390.5,22877.8,1.0003986623213377,1.00035112226442,1.0007499022744333,0.0007499022744332784,0.00039866232133767276,-0.26312735388173764,-0.00021106320005814612,92756.19940672093,OK,1,1
4,FTS,IMG,3852,30,j:OK,K:\NINJA\E71a\ManualCheck\ScanData\FTS\ECC4\IMG\Event03852\PL030,1.000402156510259,0.0072247205125678,-0.007373187231605,1.000356515814543,-32141.13377612592,-165042.45718181424,200,0.5,0.156,210,70,23597.094776960497,-119737.15624638254,2197.75,23560.193632916893,-119831.40199076963,2197.75,0.1724,0.4499,55349.6,45602.9,1.0004293271592597,1.0003826044664597,1.000812084916993,0.0008120849169930278,0.0004293271592596959,-0.4222750402897985,-0.0001480696617364583,168142.99019889534,OK,1,1
4,FTS,IMG,1115,32,j:OK,K:\NINJA\E71a\ManualCheck\ScanData\FTS\ECC4\IMG\Event01115\PL032,1.0003628382195109,-0.0121399599886106,0.0119776861272214,1.0003349193020548,-139158.57067446382,-243688.88632208228,200,0.5,0.156,210,70,-28675.602014394808,-198860.92958867256,2198.25,-28758.957503861937,-198884.6605452468,2198.25,0.3981,0.1082,110887.0,43461.5,1.0004345421143543,1.000408581232475,1.0008432876734294,0.0008432876734294492,0.00043454211435434154,0.6859891683486189,-0.00016253008281453236,280623.2013021313,OK,1,1
4,FTS,IMG,11033,32,j:OK,K:\NINJA\E71a\ManualCheck\ScanData\FTS\ECC4\IMG\Event11033\PL032,1.0004193048551753,-0.0056412590971657,0.0053730546027916,1.000404002934451,-71763.68819830038,-13220.106558450643,200,0.5,0.156,210,70,6046.553925517087,26702.36831998012,-371.5,6095.308795607576,26644.182800028728,-371.5,-0.2305,0.2782,78048.7,39429.0,1.0004337335589384,1.0004199082842535,1.0008537879831758,0.0008537879831758133,0.0004337335589383873,0.30772136275968653,-0.00026817020172967016,72971.21460712895,OK,1,1
4,FTS,IMG,1115,34,j:OK,K:\NINJA\E71a\ManualCheck\ScanData\FTS\ECC4\IMG\Event01115\PL034,1.0002449242266276,0.0127568406080491,-0.0133476972663131,1.000200341820359,-78575.05648559413,-190148.68734032905,200,0.5,0.156,210,70,30345.240511020183,-147548.93553868862,-364.25,30261.914212907723,-147572.44471741,-364.25,0.3952,0.1172,108249.0,44012.3,1.0003339789607495,1.0002816907051044,1.000615589562063,0.0006155895620629792,0.0003339789607494925,-0.7645340765427088,-0.0005900429738407365,205743.92530270372,OK,1,1
4,FTS,IMG,9955,34,j:OK,K:\NINJA\E71a\ManualCheck\ScanData\FTS\ECC4\IMG\Event09955\PL034,1.0003418856727226,0.0085510216364397,-0.0092859062571116,1.0003659080761085,-78496.93071354007,-110958.20381364436,200,0.5,0.156,210,70,37111.25802410148,-76803.70835677678,-342.25,37135.44858205777,-76819.81598060176,-342.25,-0.1158,0.0756,115292.0,35196.1,1.0003849840367829,1.0004024540213623,1.0007873228328783,0.0007873228328783011,0.00040245402136229735,-0.531846125806087,-0.0007347802292182113,135917.22159092478,OK,1,1
4,FTS,IMG,1966,34,j:OK,K:\NINJA\E71a\ManualCheck\ScanData\FTS\ECC4\IMG\Event01966\PL034,1.0003607152389775,0.0038926479751902,-0.004715207356271,1.0002264710124804,41524.20628693182,-35437.23681159051,200,0.5,0.156,210,70,75016.22089807612,-10726.81692164638,-343.25,75019.60343836017,-10759.13877243934,-343.25,-0.0167,0.1538,33386.7,24829.9,1.0003718277589846,1.0002340456224927,1.0006056225853712,0.0006056225853712238,0.00037182775898458864,-0.27006206482845546,-0.0008217251685033648,54589.902551666215,OK,2,2
4,FTS,IMG,10781,34,j:OK,K:\NINJA\E71a\ManualCheck\ScanData\FTS\ECC4\IMG\Event10781\PL034,1.0004052408176898,0.0040380666865444,-0.0047826639507516,1.0002341042392924,-78023.0248987699,-34783.09527411448,200,0.5,0.156,210,70,-5507.660383656528,3997.429471517064,-366.75,-5512.484982547307,3978.4595248220576,-382.25000000000006,0.0226,0.09042,72323.35,39098.3,1.0004166730567647,1.0002422552891599,1.000658752641548,0.0006587526415480216,0.0004166730567647381,-0.27391337070114724,-0.0007435904687706554,85425.14928990287,OK,1,1
4,FTS,IMG,5210,34,j:OK,K:\NINJA\E71a\ManualCheck\ScanData\FTS\ECC4\IMG\Event05210\PL034,1.00042418298029,0.0127483145064262,-0.0137225562167172,1.000182706915887,41195.94457670824,-111325.47688715089,200,0.5,0.156,210,70,61287.72863246586,-85380.09508053696,-338.0,61283.15374377544,-85420.8499180069,-338.0,0.0193,0.1943,19745.2,26170.8,1.0005182929066823,1.0002639485337588,1.000781906859824,0.0007819068598240442,0.0005182929066822606,-0.7858619013229737,-0.0009705819359845794,118703.2756654962,OK,1,1
4,FTS,IMG,8322,36,j:OK,K:\NINJA\E71a\ManualCheck\ScanData\FTS\ECC4\IMG\Event08322\PL036,1.0002445747655755,-0.0064824573415911,0.0062031390674405,1.000468046073142,-67693.04167622904,-14980.043314094488,200,0.5,0.156,210,70,49960.97462014689,23865.82310311653,-364.0,49964.560510397045,24061.286623600165,-364.0,-0.0231,-0.9302,117877.0,38292.2,1.0002638093434437,1.000489047149741,1.0007529468953649,0.0007529468953648699,0.0004890471497409621,0.3553222291336947,-0.00027779119201165907,69330.72615422276,OK,2,2
4,FTS,IMG,7378,36,j:OK,K:\NINJA\E71a\ManualCheck\ScanData\FTS\ECC4\IMG\Event07378\PL036,1.0002848896161611,-0.0131672222383923,0.0129197399427963,1.0003573663540015,53138.5932873449,-91052.74716642842,200,0.5,0.156,210,70,113187.86065365508,-18298.444135148995,-334.0,113227.66073889182,-18217.64675293742,-334.0,-0.1945,-0.3821,61020.0,72021.0,1.0003683222066786,1.000444019503435,1.0008124748672151,0.0008124748672151405,0.0004440195034349781,0.7399945946898702,-0.0002464162056660285,105424.44148825924,OK,1,1
4,FTS,IMG,3492,36,j:OK,K:\NINJA\E71a\ManualCheck\ScanData\FTS\ECC4\IMG\Event03492\PL036,1.0003533461490546,-0.0038484371353577,0.003676691551584,1.000447669136533,-66669.94145546734,-170656.30907405895,200,0.5,0.156,210,70,-3758.5414627425407,-103479.06664906684,-362.0,-3749.885122609761,-103468.44594578036,-362.0,-0.0414,-0.0504,63155.3,66925.7,1.0003601027691857,1.0004550710297322,1.0008153229840553,0.0008153229840552889,0.00045507102973219027,0.21058355103519696,-0.00017131978940502802,183216.9667919873,OK,1,1
4,FTS,IMG,1966,36,j:OK,K:\NINJA\E71a\ManualCheck\ScanData\FTS\ECC4\IMG\Event01966\PL036,1.0003878796006178,-0.0049019437805575,0.0046093802102142,1.0003720155694904,52224.4728092848,-13903.07729418479,200,0.5,0.156,210,70,83820.92395385205,9939.751579094916,-353.5,83824.6116452715,9907.457825629434,-353.5,-0.0168,0.1538,31703.8,23655.6,1.000398498618297,1.0003840255558825,1.0007826343900126,0.0007826343900125821,0.00039849861829699407,0.26399376551774906,-0.0002925212234408586,54043.41882649361,OK,2,2
4,FTS,IMG,7224,38,j:OK,K:\NINJA\E71a\ManualCheck\ScanData\FTS\ECC4\IMG\Event07224\PL038,1.0003141329937724,-0.0003335244570919,0.000145926710463,1.0003880092775372,-56989.15323974133,-90961.89010604714,200,0.5,0.156,210,70,18764.344360040857,-81408.1088231006,-347.5,18721.461466812245,-81376.53142736279,-347.5,0.20409,-0.15034,75690.03,9570.6,1.0003141436377312,1.000388064875245,1.0007023128279524,0.0007023128279524116,0.0003880648752450089,0.008358358932132392,-0.00018751419982068241,107339.78311254088,OK,1,1
4,FTS,IMG,450,38,j:OK,K:\NINJA\E71a\ManualCheck\ScanData\FTS\ECC4\IMG\Event00450\PL038,1.000322264880572,-0.0043416271512601,0.0041361216259589,1.0002872168512378,63900.76011010286,-12682.99002001731,200,0.5,0.156,210,70,105739.06404573932,24883.48337779238,-347.75,105780.20596639212,24929.594506435267,-347.75,-0.1968,-0.2187,42028.4,37428.0,1.0003308158393913,1.0002966389638204,1.0006275317896662,0.0006275317896662358,0.00033081583939131853,0.23690461617503422,-0.00020558769826317837,65147.259178700464,OK,1,1
4,FTS,IMG,7378,38,j:OK,K:\NINJA\E71a\ManualCheck\ScanData\FTS\ECC4\IMG\Event07378\PL038,1.0003313362864104,-0.0025344765833967,0.0023708406371742,1.0003978460649925,63285.49888244706,-90525.37452696273,200,0.5,0.156,210,70,123849.27702154651,-15953.529066300998,-323.5,123889.0698895049,-15872.76218830228,-336.75,-0.1904,-0.384,60772.2,74478.9,1.0003341457942354,1.0004010565683286,1.0007353230123186,0.0007353230123186005,0.0004010565683285616,0.13579391461411655,-0.00016341231764230185,110453.14754250817,OK,1,1
4,FTS,IMG,8322,38,k:Retake,K:\NINJA\E71a\ManualCheck\ScanData\PatternMatchFailed\FTS\ECC4\IMG\Event08322\PL038,1.0006712344961952,0.0782896187675291,0.0036485470110033,0.9229779583561752,-58769.19756879342,-9558.93561918314,200,0.5,0.156,210,70,61329.503117813794,26839.2487243112,-352.5,61348.75087389286,27018.861947637957,-352.5,-0.0191,-0.9266,116973.0,39167.8,1.00067788595703,0.9262923814963063,0.9233118496465049,0.07668815035349508,0.07370761850369367,0.20890519436306268,0.08815180522742634,59541.513526711446,FAIL,1,1
4,FTS,IMG,2069,40,j:OK,K:\NINJA\E71a\ManualCheck\ScanData\FTS\ECC4\IMG\Event02069\PL040,1.0002918911466072,-0.0012456259002987,0.0006182877247876,1.0002860970526517,-297788.9898684321,-114672.81066129102,200,0.5,0.156,210,70,-237152.47884724272,-75916.66286878641,4826.25,-237136.93195474104,-75884.80812644133,4826.25,-0.0742,-0.1516,60682.6,38739.4,1.0002920822306685,1.0002868726224046,1.0005788418636594,0.0005788418636594184,0.0002920822306684556,0.035414935337506545,-0.0006271617215151679,319105.21147706354,OK,2,2
4,FTS,IMG,450,40,j:OK,K:\NINJA\E71a\ManualCheck\ScanData\FTS\ECC4\IMG\Event00450\PL040,1.000312406889977,-0.0044813375861088,0.0037355069801881,1.000316128114039,-177271.59702598007,-37855.04923230983,200,0.5,0.156,210,70,-131919.53207750738,957.3743777678357,4845.25,-131878.18766800602,1003.6391151821956,4833.250000000001,-0.1978,-0.2195,45552.5,38676.3,1.0003193816928762,1.0003261660836544,1.0006453738324503,0.0006453738324503355,0.00032616608365443334,0.21396094654249592,-0.0007455683302374968,181268.37524654448,OK,1,1
4,FTS,IMG,2069,42,j:OK,K:\NINJA\E71a\ManualCheck\ScanData\FTS\ECC4\IMG\Event02069\PL042,1.0001927341643686,-0.0061599807313892,0.0060073705595508,1.0003247733281455,-302867.4934215912,-118225.14949850156,200,0.5,0.156,210,70,-240868.4336964355,-76508.73325822903,4834.0,-240852.87664065932,-76476.81330947927,4834.0,-0.075,-0.1515,62257.4,41360.9,1.0002107747751146,1.0003437396698283,1.0005545753743232,0.0005545753743232407,0.000343739669828258,0.34412651526453025,-0.0001517622115132583,325124.444706055,OK,1,1
4,FTS,IMG,3284,42,j:OK,K:\NINJA\E71a\ManualCheck\ScanData\FTS\ECC4\IMG\Event03284\PL042,1.0002377359963217,-0.001049194599363,0.0008802325403988,1.0002849921977608,-181457.35214557988,-194576.149992843,200,0.5,0.156,210,70,-100375.17398110878,-142854.91850450693,4880.5,-100345.55942402376,-142832.5000425012,4880.5,-0.1411,-0.1066,81146.7,51657.5,1.000238123308831,1.0002855424454467,1.0005237194822143,0.0005237194822143021,0.00028554244544665153,0.05042160950407848,-0.00016887218681795128,266057.60427719844,OK,2,2
4,FTS,IMG,8782,46,j:OK,K:\NINJA\E71a\ManualCheck\ScanData\FTS\ECC4\IMG\Event08782\PL046,1.000315942569688,-0.0096371820220897,0.009472707704043,1.000281503881535,-185063.3094599212,-40611.56090107769,200,0.5,0.156,210,70,-139664.87338123747,-29402.64957298318,4867.0,-139623.21841453126,-29419.576066530117,4867.0,-0.1975,0.08245,45529.38,10757.67,1.0003607934891938,1.0003279273742345,1.0006888255986683,0.0006888255986683411,0.0003607934891938225,0.542558531857515,-0.0001647390314130762,189466.9559239302,OK,2,2
4,FTS,IMG,9343,46,j:OK,K:\NINJA\E71a\ManualCheck\ScanData\FTS\ECC4\IMG\Event09343\PL046,1.0003380558637591,0.0070439172196203,-0.0071536812533261,1.0003635131586197,-185457.8906150293,-115645.019566558,200,0.5,0.156,210,70,-156403.87619760158,-108054.55523952072,4878.0,-156413.5224671273,-108031.18761751072,4878.0,0.0467,-0.1109,28979.5,7818.3,1.0003636344673668,1.0003883122212358,1.0007520818486977,0.0007520818486976832,0.0003883122212358092,-0.4097302452064273,-0.00010990059854450574,218559.8310347209,OK,2,2
4,FTS,IMG,8782,47,j:OK,K:\NINJA\E71a\ManualCheck\ScanData\FTS\ECC4\IMG\Event08782\PL047,1.0001998557566885,0.0154381551143245,-0.0155880900937917,1.000255069278645,-183324.17766988985,-113845.42555281227,200,0.5,0.156,210,70,-140248.3552158713,-30220.23340996105,4869.25,-140206.53182330052,-30236.95818948263,4869.25,-0.2003,0.0765,41808.8,84238.7,1.0003213183814852,1.0003742001126181,1.000695627365201,0.0006956273652010125,0.00037420011261812824,-0.8928810248084804,-0.000150720770984694,215797.43983106533,OK,3,3
4,FTS,IMG,10856,47,j:OK,K:\NINJA\E71a\ManualCheck\ScanData\FTS\ECC4\IMG\Event10856\PL047,1.0003439622702044,0.0013649026249993,-0.0015395933682541,1.0003150128969105,-182185.95282889617,-36978.21379225654,200,0.5,0.156,210,70,-147763.6364625514,7288.034833050629,4857.5,-147766.83065783995,7241.0478520774195,4857.5,0.0149,0.2237,34346.9,44258.2,1.0003451470358578,1.0003159440827294,1.0006611849146958,0.0006611849146958004,0.0003451470358577513,-0.0881818013048796,-0.00017459082053681782,185900.80608603777,OK,1,1
4,FTS,IMG,5414,49,k:Retake,K:\NINJA\E71a\ManualCheck\ScanData\PatternMatchFailed\FTS\ECC4\IMG\Event05414\PL049,0.902847358572314,0.0131290200886154,-0.0669405597230658,0.924586934701778,-291981.2762845203,-28408.12023174272,200,0.5,0.156,210,70,-213152.4387754268,-23459.155976303085,4843.5,-213177.8252690624,-23529.403569707203,4843.5,0.1285,0.3711,87114.8,11583.8,0.9053255720551816,0.9246801452338625,0.83563973571932,0.16436026428067996,0.0946744279448184,-4.240369603565374,-0.059773837295623744,293359.9955614919,FAIL,2,2
4,FTS,IMG,8782,49,j:OK,K:\NINJA\E71a\ManualCheck\ScanData\FTS\ECC4\IMG\Event08782\PL049,1.0004198148242778,0.0014910594394166,-0.0025007800675069,1.00041153248012,-177639.63049766247,-114103.46068601942,200,0.5,0.156,210,70,-137041.73172665713,-29712.36169467134,4872.0,-136999.82289768732,-29729.08435333468,4872.0,-0.1996,0.0791,40496.9,84440.9,1.0004229404576788,1.0004126436513454,1.0008352488835592,0.0008352488835592364,0.00042294045767876653,-0.14322371747560966,-0.0010092802967363388,211128.9607417041,OK,2,2
4,FTS,IMG,2899,49,j:OK,K:\NINJA\E71a\ManualCheck\ScanData\FTS\ECC4\IMG\Event02899\PL049,1.0005205336275331,-0.0005860578744063,-0.0005324502593994,1.000361464270684,-177378.7101773204,-193002.65549707756,200,0.5,0.156,210,70,-118654.88318508428,-142889.1583892041,4897.5,-118646.397995882,-142919.5188639639,4882.5,-0.0403,0.1445,58731.1,50096.3,1.0005206753054143,1.000361635940533,1.000881874005858,0.000881874005858041,0.0005206753054143309,-0.030491278048700936,-0.001118019007121251,262132.0885605069,OK,1,1
4,FTS,IMG,4089,51,j:OK,K:\NINJA\E71a\ManualCheck\ScanData\FTS\ECC4\IMG\Event04089\PL051,1.0003221289188595,-0.0054768331441518,0.004654557679485,1.000324598478065,-311161.68352156243,-38750.14304479343,200,0.5,0.156,210,70,-249505.00502293927,10007.582057552418,4814.75,-249517.7261319341,9968.279031712664,4814.75,0.06158,0.18681,61889.18,48414.64,1.0003329578255187,1.0003395913496531,1.0006723241952518,0.0006723241952517611,0.0003395913496531122,0.26659870673388114,-0.0008219759364888887,313565.2513879128,OK,3,3
4,FTS,IMG,1751,51,j:OK,K:\NINJA\E71a\ManualCheck\ScanData\FTS\ECC4\IMG\Event01751\PL051,1.0004202037044847,-0.0074686603556479,0.0067046526288285,1.0004392549728158,-310166.1368476109,-115664.1002279776,200,0.5,0.156,210,70,-245945.95183179068,-73454.48560942445,4829.75,-245982.67812913636,-73409.31803260776,4829.75,0.1732,-0.21615,64468.59,41804.18,1.0004426701950473,1.0004671327825172,1.0009097180271544,0.0009097180271544492,0.0004671327825171989,0.38398119727595953,-0.000763506235431565,331030.53715407965,OK,1,1
4,FTS,IMG,2899,51,j:OK,K:\NINJA\E71a\ManualCheck\ScanData\FTS\ECC4\IMG\Event02899\PL051,1.0006197084386856,-0.0044636722415835,0.0034082108688603,1.0002645879995768,-189451.58928828745,-194270.24189442935,200,0.5,0.156,210,70,-125703.53035414296,-144196.66110645825,4887.25,-125695.010898946,-144226.94356686954,4887.25,-0.0399,0.1443,63939.3,49812.2,1.0006255127755073,1.0002745474997567,1.0008996735419273,0.0008996735419273261,0.0006255127755072643,0.19515440448388727,-0.0010563747939806762,271353.7019640197,OK,1,1
4,FTS,IMG,6107,62,j:OK,K:\NINJA\E71a\ManualCheck\ScanData\FTS\ECC4\IMG\Event06107\PL062,1.000233207572122,-0.0054800765850886,0.0052529557694173,1.0002629031359864,-111436.36630509804,-111645.79892984092,200,0.5,0.156,210,70,11740.274358291868,-73340.86843640088,4840.25,11763.92314730138,-73310.72438559352,4840.25,-0.11337,-0.14291,123377.99,37677.07,1.0002470010324107,1.0002779146964158,1.000524958619025,0.0005249586190250177,0.00027791469641580413,0.30089925661139355,-0.00022689867422331575,157742.98131443586,OK,3,3
4,FTS,IMG,5851,62,j:OK,K:\NINJA\E71a\ManualCheck\ScanData\FTS\ECC4\IMG\Event05851\PL062,1.0002394585750776,-0.0037319082655734,0.0035806865945978,1.0002760991258135,-110028.29571682525,-268361.03923889087,200,0.5,0.156,210,70,-35280.65274643471,-197783.19640267527,4840.25,-35341.27379840707,-197755.118227779,4840.25,0.2881,-0.1347,74931.5,70318.2,1.000245867678069,1.0002830607491346,1.000528986609093,0.0005289866090929518,0.00028306074913464485,0.20510823833000924,-0.0001510467805243824,290041.15783751564,OK,1,1
4,FTS,IMG,4026,62,j:OK,K:\NINJA\E71a\ManualCheck\ScanData\FTS\ECC4\IMG\Event04026\PL062,1.0002487981591914,0.0068689277761022,-0.0069785401982682,1.0002844041392012,8797.757252919315,-189755.669006264,200,0.5,0.156,210,70,57397.59675672701,-173789.7187756916,4883.5,57335.924172592095,-173722.1712006358,4869.499999999999,0.2958,-0.3195,48413.7,16366.7,1.0002731418178765,1.0003079882380776,1.0005812081462233,0.000581208146223311,0.00030798823807764997,-0.39973495986528873,-0.00010982433983398865,189959.50740275183,OK,1,1
4,FTS,IMG,12037,62,j:OK,K:\NINJA\E71a\ManualCheck\ScanData\FTS\ECC4\IMG\Event12037\PL062,1.0003062561208451,-0.0042244315147901,0.0041440028631268,1.000262687739447,9777.646871335304,-268651.48462899186,200,0.5,0.156,210,70,23626.84076904635,-201739.51646349535,4874.0,23441.93264963219,-201692.76717916067,4862.249999999999,0.8792900000000001,-0.2262,13942.56,66883.37,1.0003148398350548,1.0002716082671574,1.0005865303663124,0.0005865303663123989,0.00031483983505475877,0.2373598231630725,-8.058656419857472e-05,268829.355859255,OK,1,1
4,FTS,IMG,4026,63,j:OK,K:\NINJA\E71a\ManualCheck\ScanData\FTS\ECC4\IMG\Event04026\PL063,1.0002025192445738,0.015370310748167,-0.0155237636545315,1.0002815421013596,14934.20446322863,-185986.0385905644,200,0.5,0.156,210,70,62081.64889698499,-174780.2617092593,4884.25,62019.50617733477,-174713.0918002334,4884.25,0.3007,-0.3151,46891.4,11997.5,1.0003229812121652,1.00039962511047,1.0007227234349783,0.0007227234349782563,0.0003996251104700921,-0.8891946513959584,-0.00015459898152738957,186584.66446511736,OK,1,1
4,FTS,IMG,12037,63,j:OK,K:\NINJA\E71a\ManualCheck\ScanData\FTS\ECC4\IMG\Event12037\PL063,1.000207406555312,0.01255292277609,-0.0126895026350627,1.000307561058061,15876.299591505693,-263779.2653158594,200,0.5,0.156,210,70,28005.30621811244,-203043.69341015068,4873.25,27820.04472846557,-202998.0628269128,4873.25,0.8846,-0.206,11176.9,60904.3,1.0002878983598813,1.0003863216678588,1.0006743217501974,0.0006743217501974375,0.0003863216678587911,-0.7268651841495983,-0.00013778618382787093,264256.6133501559,OK,1,1
4,FTS,IMG,633,63,j:OK,K:\NINJA\E71a\ManualCheck\ScanData\FTS\ECC4\IMG\Event00633\PL063,1.000290226720428,0.0012307294259364,-0.0014589075697738,1.000331613563519,-104242.2380205572,-108063.37204891312,200,0.5,0.156,210,70,-17589.022084237695,-80716.10290437283,4842.75,-17595.792888861062,-80745.55744967659,4842.75,0.03206,0.14026,86587.55,27435.04,1.0002912906167396,1.000332370659629,1.00062373204754,0.0006237320475399599,0.0003323706596289888,-0.08356493440125745,-0.00022816242864908548,150147.04980823406,OK,3,3
4,FTS,IMG,9177,63,j:OK,K:\NINJA\E71a\ManualCheck\ScanData\FTS\ECC4\IMG\Event09177\PL063,1.0003202077832518,0.0001221781115314,-0.0002782164405072,1.0004129411739822,-103492.00382464749,-186657.1631983315,200,0.5,0.156,210,70,-19015.95728077992,-100748.66617174144,4846.0,-19062.883837331392,-100728.46378592952,4846.0,0.2234,-0.0961,84391.6,85916.7,1.0003202464730563,1.000412948634647,1.0007333151761713,0.0007333151761712564,0.00041294863464691467,-0.01593552474213426,-0.0001559996947738642,213427.9537194915,OK,1,1
4,FTS,IMG,4026,64,j:OK,K:\NINJA\E71a\ManualCheck\ScanData\FTS\ECC4\IMG\Event04026\PL064,1.000270624414168,0.0136423257767718,-0.0137947692666157,1.000379302420382,16120.304712397365,-187083.83197860507,200,0.5,0.156,210,70,64748.385187718566,-174083.89975592293,4890.0,64687.5058106928,-174015.63292667732,4890.0,0.2942,-0.3209,48366.8,13730.2,1.0003657419789167,1.0004723193390657,1.0008382222193957,0.0008382222193956679,0.00047231933906566326,-0.790118130494845,-0.0001538549663202748,187777.06039828048,OK,1,1
4,FTS,IMG,12037,64,k:Retake,K:\NINJA\E71a\ManualCheck\ScanData\PatternMatchFailed\FTS\ECC4\IMG\Event12037\PL064,1.0144747247278352,-0.0017765576707148,0.0308080343487686,0.9737746802961926,17412.215795973603,-265535.1630382486,200,0.5,0.156,210,70,28079.92421216296,-203890.9427304621,4879.75,27893.004944760138,-203850.87163299188,4879.75,0.877,-0.2237,10441.6,63015.2,1.0149424131900548,0.9737763008736193,0.9879245329901577,0.0120754670098423,0.026223699126380673,1.7394499453596342,0.028530855364885116,266105.4453946308,FAIL,1,1
4,FTS,IMG,633,64,k:Retake,K:\NINJA\E71a\ManualCheck\ScanData\PatternMatchFailed\FTS\ECC4\IMG\Event00633\PL064,1.0509098723933736,0.0316164010071006,-0.0786805426698545,0.9429357629276256,-109981.91772331328,-99230.72712533695,200,0.5,0.156,210,70,-13141.552383122482,-79356.32177961202,4844.25,-13150.159962826276,-79383.4096886832,4832.999999999999,0.0348,0.1397,91278.5,28664.9,1.0538511221651186,0.9434656590573635,0.9934280978819259,0.006571902118074124,0.05653434094263654,-4.281687943730852,-0.04120069299820424,148130.88615113575,FAIL,4,4
4,FTS,IMG,7399,66,j:OK,K:\NINJA\E71a\ManualCheck\ScanData\FTS\ECC4\IMG\Event07399\PL066,1.0003292219646198,0.0073186963985703,-0.0074947605904511,1.0002951081559917,142041.72809821102,-126175.7406367535,200,0.5,0.156,210,70,212185.35971726145,-73809.73184705558,4884.75,212123.60603018204,-73716.4797107104,4868.5,0.2972,-0.4417,69671.3,52965.8,1.0003572980453783,1.000321881555023,1.00067927915404,0.0006792791540399801,0.0003572980453783181,-0.4292687907965274,-0.000175747097195947,189989.92090729286,OK,2,2
4,FTS,IMG,633,66,j:OK,K:\NINJA\E71a\ManualCheck\ScanData\FTS\ECC4\IMG\Event00633\PL066,1.0003783577137582,0.005803317087208,-0.0059597937440269,1.000424845190119,21582.42741847233,-48909.54447560181,200,0.5,0.156,210,70,113428.26695856926,-19723.97120008754,4847.0,113420.99626481214,-19753.23634331139,4830.75,0.0338,0.1395,91631.6,29689.8,1.0003961104100452,1.0004416771420952,1.000837950220203,0.0008379502202029432,0.00044167714209519815,-0.34133784072055634,-0.0001566816234141692,53459.74854116411,OK,3,3
4,FTS,IMG,3933,67,j:OK,K:\NINJA\E71a\ManualCheck\ScanData\FTS\ECC4\IMG\Event03933\PL067,1.0002268612576857,0.0087467793199787,-0.0093154735527024,1.0003905568129154,24511.85818786259,-48036.493646917705,200,0.5,0.156,210,70,148488.03822131394,6407.702776467348,4853.25,148503.30060031015,6447.479465973513,4834.5,-0.071,-0.19,123477.0,55612.5,1.0002702394997627,1.0004287942222212,1.0006989870642375,0.000698987064237544,0.000428794222221196,-0.5336008342907488,-0.0005699496689454521,53928.98954840755,OK,2,2
4,FTS,IMG,7399,67,j:OK,K:\NINJA\E71a\ManualCheck\ScanData\FTS\ECC4\IMG\Event07399\PL067,1.0004425877515697,0.0106201255145752,-0.0109082285733414,1.00012630600852,144433.74593837408,-125601.99327370366,200,0.5,0.156,210,70,214271.27472863163,-72187.45606691392,4882.75,214210.26406828008,-72093.75932548546,4882.75,0.2951,-0.4429,69169.7,54255.9,1.0005020543895276,1.0001826908301268,1.0006847964181724,0.0006847964181724286,0.0005020543895275509,-0.6246942116159916,-0.0002845856013719152,191407.85689233942,OK,2,2
4,FTS,IMG,212,69,j:OK,K:\NINJA\E71a\ManualCheck\ScanData\FTS\ECC4\IMG\Event00212\PL069,1.000264807809173,0.0067222327947788,-0.0067972255374476,1.0002298899698865,138087.26351426318,-123463.9030196732,200,0.5,0.156,210,70,158375.1779267844,-43731.661267741234,4878.0,158384.00627523387,-43768.33434683387,4858.75,-0.0432,0.1743,19755.0,79811.5,1.000287902564321,1.0002524787287048,1.00054045118814,0.0005404511881399454,0.0002879025643209854,-0.3893432400439597,-7.473486614775335e-05,185233.44107830213,OK,2,2
4,FTS,IMG,7758,69,j:OK,K:\NINJA\E71a\ManualCheck\ScanData\FTS\ECC4\IMG\Event07758\PL069,1.0002776870866026,0.0009190363699592,-0.0009685593752933,1.0002407394050112,139320.5064453168,-202277.33982944587,200,0.5,0.156,210,70,197645.7473710831,-124785.90238436087,4882.75,197669.3784170315,-124697.32376253052,4882.75,-0.11211,-0.42181,58261.36,77617.76,1.0002781560099103,1.0002411616172036,1.0005193834831303,0.0005193834831302979,0.0002781560099103242,-0.05547894128298217,-4.947527450878295e-05,245614.18062615336,OK,1,1
4,FTS,IMG,9870,69,j:OK,K:\NINJA\E71a\ManualCheck\ScanData\FTS\ECC4\IMG\Event09870\PL069,1.0002791286905817,-0.0010155783581161,0.000871973865484,1.000289252459032,18025.865618385946,-125068.35983153147,200,0.5,0.156,210,70,127635.05271947064,-85356.1484997227,4869.0,127632.88024582324,-85316.37955785969,4853.0,0.01015,-0.18933,109616.68,39644.93,1.000279508753634,1.0002897680094758,1.0005693474460606,0.0005693474460606307,0.0002897680094757771,0.04994646819047157,-0.00014355401551247214,126360.69983282597,OK,1,1
4,FTS,IMG,6364,79,j:OK,K:\NINJA\E71a\ManualCheck\ScanData\FTS\ECC4\IMG\Event06364\PL079,1.000134232061285,-0.006415866731289,0.0062585773652211,1.000204350123396,-160943.6439622714,-107758.50461741436,200,0.5,0.156,210,70,-107836.30296148833,-58780.06881152272,4785.25,-107915.72609815416,-58716.56317590038,4785.25,0.3762,-0.3047,53333.2,48698.2,1.000153814136332,1.0002249273796762,1.0003787638133217,0.00037876381332169196,0.00022492737967616527,0.3585372609883728,-0.00015681224329531485,193687.25267615236,OK,1,1
4,FTS,IMG,7670,79,j:OK,K:\NINJA\E71a\ManualCheck\ScanData\FTS\ECC4\IMG\Event07670\PL079,1.0001510513736935,-0.0042715138289694,0.0041751309430354,1.0002370666836795,-159518.62208533855,-263354.84526874864,200,0.5,0.156,210,70,-74981.58822539166,-200517.5492925461,4828.5,-74959.22808770936,-200545.03597844875,4828.5,-0.1059,0.1313,84813.3,62440.9,1.0001597658785801,1.0002461873950645,1.0004059879961822,0.00040598799618218884,0.00024618739506454546,0.2391798639477361,-9.599934449497892e-05,307899.277879198,OK,1,1
4,FTS,IMG,833,79,j:OK,K:\NINJA\E71a\ManualCheck\ScanData\FTS\ECC4\IMG\Event00833\PL079,1.0001519401804595,-0.0099223975341421,0.0098573233664313,1.0002800244756085,-40702.1567123176,-183812.68439429803,200,0.5,0.156,210,70,10230.559231795294,-122072.78247160096,4858.000000000001,10241.395589193482,-122067.46360188034,4858.000000000001,-0.05184,-0.02481,51543.17,61220.0,1.0002005150322049,1.0003292364705478,1.0005298154841016,0.0005298154841015812,0.00032923647054783345,0.5646789426707377,-6.378769093994487e-05,188265.15478248193,OK,5,5
4,FTS,IMG,7446,79,j:OK,K:\NINJA\E71a\ManualCheck\ScanData\FTS\ECC4\IMG\Event07446\PL079,1.000197343366263,-0.0064989195174491,0.0063202116791367,1.0002102653729177,-41660.50057326566,-107041.38565540352,200,0.5,0.156,210,70,29251.416021605168,-60383.10058551669,4834.499999999999,29253.718800378905,-60307.551054765565,4834.499999999999,-0.0133,-0.3596,71200.9,46274.1,1.0002173117640982,1.0002313786880799,1.0004487247806932,0.00044872478069324373,0.00023137868807987516,0.362045187989329,-0.0001785812985984917,114862.76834137288,OK,1,1
4,FTS,IMG,7670,81,j:OK,K:\NINJA\E71a\ManualCheck\ScanData\FTS\ECC4\IMG\Event07670\PL081,1.0001842630330402,-0.0010711385188378,0.0006817986756565,1.0004791932277388,-182469.05756797185,-262510.6583073456,200,0.5,0.156,210,70,-97372.7539660929,-200172.28598299023,4826.5,-97350.31339278436,-200199.77287846996,4826.5,-0.1067,0.1309,85169.7,62223.0,1.0001844954149108,1.0004797666216712,1.0006642748592,0.0006642748592000647,0.0004797666216711516,0.03905698378367638,-0.0003889521005630838,319697.9866916584,OK,1,1
4,FTS,IMG,3521,81,j:OK,K:\NINJA\E71a\ManualCheck\ScanData\FTS\ECC4\IMG\Event03521\PL081,1.0001938765699323,0.0002728439240653,-0.0006617960940018,1.000441967646372,-182093.6407812952,-181622.4804808876,200,0.5,0.156,210,70,-106646.87917475394,-141634.76042834693,4824.75,-106794.28149425918,-141465.03392898443,4824.75,0.702,-0.8074,75273.8,40189.5,1.0001940955144952,1.0004420048518312,1.000636110470519,0.0006361104705190357,0.0004420048518312125,-0.037910767541400894,-0.0003889443233598654,257186.3515605324,OK,3,3
4,FTS,IMG,833,81,j:OK,K:\NINJA\E71a\ManualCheck\ScanData\FTS\ECC4\IMG\Event00833\PL081,1.000257045791129,0.008274629684651,-0.0088214809947687,1.000405657837229,-61677.32905594004,-180790.80110423453,200,0.5,0.156,210,70,-12588.94367650466,-120854.62222811644,4859.999999999999,-12578.10154870709,-120849.23422377172,4859.999999999999,-0.0514,-0.0261,48587.4,60345.7,1.0002959442993549,1.0004398781181991,1.0007358023894994,0.0007358023894994403,0.0004398781181991218,-0.5052906438706168,-0.0005478996261328684,191022.00575689072,OK,4,4
4,FTS,IMG,4756,81,j:OK,K:\NINJA\E71a\ManualCheck\ScanData\FTS\ECC4\IMG\Event04756\PL081,1.0003181908360457,-0.0015108885460752,0.0010745228875784,1.0002354361359762,-61371.75650276932,-106834.44406351572,200,0.5,0.156,210,70,-28031.537467867103,-89271.30160242927,4849.5,-28051.91288158371,-89146.86899323444,4849.5,0.0961,-0.5925,33335.9,17647.6,1.000318767951964,1.000236577258763,1.0005553253699662,0.0005553253699661642,0.0003187679519640607,0.0615460193896298,-0.0004363510694864916,123207.51168088608,OK,2,2
4,FTS,IMG,2071,101,j:OK,K:\NINJA\E71a\ManualCheck\ScanData\FTS\ECC4\IMG\Event02071\PL101,1.0003171169654537,-0.0018610141335622,0.0016909340559348,1.000396011898868,-131720.00466515403,-101914.26536118102,200,0.5,0.156,210,70,-46125.02999024856,-60145.06967191395,2153.0,-46225.63183941401,-60133.43301821898,2153.0,0.4788,-0.0562,85544.7,41619.7,1.0003185461402075,1.000397742898676,1.0007164012985903,0.0007164012985902968,0.0003977428986758902,0.09685257896456197,-0.0001698789028561308,166543.31902870623,OK,1,1
4,FTS,IMG,2071,102,j:OK,K:\NINJA\E71a\ManualCheck\ScanData\FTS\ECC4\IMG\Event02071\PL102,1.0003485108877297,-0.0039209643490879,0.0037140659460458,1.0003928573345309,-127961.21597023457,-109995.02079409709,200,0.5,0.156,210,70,-44767.963467837566,-67809.14884856832,2164.25,-44868.48758385741,-67797.75728049189,2164.25,0.4783,-0.056,83227.9,41871.7,1.0003554056040032,1.0004005412670336,1.0007560678574836,0.000756067857483611,0.00040054126703359394,0.21272518871100526,-0.00020664955825583923,168739.37712364257,OK,1,1
4,FTS,IMG,2071,103,j:OK,K:\NINJA\E71a\ManualCheck\ScanData\FTS\ECC4\IMG\Event02071\PL103,1.0004124452761978,-0.0029933123723286,0.0028169923986953,1.00048518144454,-142409.98599871018,-108799.20898344745,200,0.5,0.156,210,70,-58201.24162033324,-64684.37158829651,2163.0,-58301.86679511085,-64672.72104400395,2149.7499999999995,0.4788,-0.0568,84204.7,43868.0,1.0004164113556293,1.0004896592214596,1.0009062589697322,0.0009062589697321766,0.0004896592214596041,0.16133480700892094,-0.00017602826881298305,179214.59758506477,OK,2,2
4,FTS,IMG,1452,108,j:OK,K:\NINJA\E71a\ManualCheck\ScanData\FTS\ECC4\IMG\Event01452\PL108,1.0004204802470331,-0.0049953952740943,0.0048146162509807,1.00051511252884,-153659.79211369832,-173394.92460119585,200,0.5,0.156,210,70,-52585.17803904156,-88237.60866600178,2173.0,-52590.93657694441,-88224.58834840037,2173.0,0.0271,-0.0621,101449.0,84638.3,1.0004320655733445,1.0005275830143525,1.0009598602817833,0.000959860281783298,0.0005275830143525173,0.2757391186192909,-0.00018022642388420052,231683.25703399323,OK,4,4
4,FTS,IMG,1081,108,j:OK,K:\NINJA\E71a\ManualCheck\ScanData\FTS\ECC4\IMG\Event01081\PL108,1.0004437173601826,-0.0006380318972435,0.0004314748790209,1.000501738427268,-33130.68106392484,-173362.59932807353,200,0.5,0.156,210,70,-3888.1186308600895,-104606.25251915243,2206.75,-3868.593819692167,-104650.40825830764,2192.75,-0.0928,0.2102,29292.9,68665.1,1.0004438104041786,1.0005019418675245,1.0009459537122367,0.0009459537122367134,0.0005019418675245024,0.0247107234240598,-0.00020642836044828232,176499.95148312554,OK,2,2
4,FTS,IMG,7890,111,j:OK,K:\NINJA\E71a\ManualCheck\ScanData\FTS\ECC4\IMG\Event07890\PL111,1.0003726134643542,0.0145460328176691,-0.0147223540891561,1.000340559862439,-13551.88169677667,-251671.72663404688,200,0.5,0.156,210,70,48106.15167835854,-188677.8268562737,2233.5,48069.96190080266,-188626.2569647874,2216.5,0.1758,-0.2429,60669.5,63916.9,1.0004809410875495,1.000446311791208,1.0009274520697176,0.0009274520697175603,0.0004809410875494802,-0.8431536923836289,-0.00017575206235868638,252036.32969174473,OK,1,1
4,FTS,IMG,4770,111,j:OK,K:\NINJA\E71a\ManualCheck\ScanData\FTS\ECC4\IMG\Event04770\PL111,1.0003873045389304,0.0091135282962587,-0.009262578837078,1.0004500780044248,-132963.51844356087,-251404.7376779993,200,0.5,0.156,210,70,-81475.98759015586,-173501.2356294378,2177.75,-81539.56841302366,-173495.31008424735,2164.5,0.30288,-0.0254,50690.33,78343.69,1.000430184695254,1.0004915866598112,1.0009219716349371,0.0009219716349371243,0.000491586659811194,-0.5304860502551522,-0.00014955182872530574,284400.4911455583,OK,1,1
4,FTS,IMG,2210,111,j:OK,K:\NINJA\E71a\ManualCheck\ScanData\FTS\ECC4\IMG\Event02210\PL111,1.000430532433617,-0.0010764990072529,0.0008957229704112,1.0005560278006769,-132245.4964791506,-171981.7815343897,200,0.5,0.156,210,70,-46749.50421263821,-107242.48920878604,2196.5,-46777.5480879987,-107343.11832191372,2179.75,0.134,0.4788,85500.6,64526.2,1.0004309334207184,1.0005566069035683,1.0009877638671842,0.0009877638671842437,0.0005566069035682908,0.051299046200776514,-0.0001805631010524989,216948.39137167987,OK,3,3
4,FTS,Ref/IMG,11033,30,j:OK,K:\NINJA\E71a\ManualCheck\ScanData\FTS\ECC4\Ref\IMG\Event11033\PL030,1.0003209933955544,0.0045383374949337,-0.004737358768448,1.0003782335743865,-151511.99438685417,-86424.02900493056,200,0.5,0.156,210,70,-74520.42884642335,-47390.01755190097,2141.75,-74542.60724203278,-47369.42303168257,2141.75,0.10602,-0.09753,76765.92,39403.37,1.0003322110159054,1.0003885278813567,1.000720848113346,0.0007208481133460509,0.0003885278813566817,-0.2713415354270908,-0.00019921271922316628,174427.62749211263,OK,1,1
4,FTS,Ref/IMG,5130,30,j:OK,K:\NINJA\E71a\ManualCheck\ScanData\FTS\ECC4\Ref\IMG\Event05130\PL030,1.000388112889384,0.0043828998514312,-0.0045942533603425,1.0003415206840995,-31898.971287303968,-87098.61169496982,200,0.5,0.156,210,70,-6408.781239024735,-64403.66899552562,2189.5,-6400.80453357114,-64390.77965533825,2189.5,-0.0377,-0.06153,25388.31,22816.68,1.0003986623213377,1.00035112226442,1.0007499022744333,0.0007499022744332784,0.00039866232133767276,-0.26312735388173764,-0.00021106320005814612,92756.19940672093,OK,1,1
4,FTS,Ref/IMG,1115,32,j:OK,K:\NINJA\E71a\ManualCheck\ScanData\FTS\ECC4\Ref\IMG\Event01115\PL032,1.0003628382195109,-0.0121399599886106,0.0119776861272214,1.0003349193020548,-139158.57067446382,-243688.88632208228,200,0.5,0.156,210,70,-29401.96341333043,-201302.42221243744,2193.5,-29384.47557222941,-201282.04734420893,2193.5,-0.08441,-0.09598,110232.72,41072.75,1.0004345421143543,1.000408581232475,1.0008432876734294,0.0008432876734294492,0.00043454211435434154,0.6859891683486189,-0.00016253008281453236,280623.2013021313,OK,1,1
4,FTS,Ref/IMG,11033,32,j:OK,K:\NINJA\E71a\ManualCheck\ScanData\FTS\ECC4\Ref\IMG\Event11033\PL032,1.0004193048551753,-0.0056412590971657,0.0053730546027916,1.000404002934451,-71763.68819830038,-13220.106558450643,200,0.5,0.156,210,70,5449.955993355708,27157.765194713156,-381.75,5475.339842804679,27156.977125063604,-381.75,-0.1208,0.0044,77431.9,39944.9,1.0004337335589384,1.0004199082842535,1.0008537879831758,0.0008537879831758133,0.0004337335589383873,0.30772136275968653,-0.00026817020172967016,72971.21460712895,OK,1,1
4,FTS,Ref/IMG,1115,34,j:OK,K:\NINJA\E71a\ManualCheck\ScanData\FTS\ECC4\Ref\IMG\Event01115\PL034,1.0002449242266276,0.0127568406080491,-0.0133476972663131,1.000200341820359,-78575.05648559413,-190148.68734032905,200,0.5,0.156,210,70,30399.947316123948,-147790.04461512333,-358.5,30309.946022010718,-147681.32577063987,-358.5,0.435,-0.5118,108298.4,43904.1,1.0003339789607495,1.0002816907051044,1.000615589562063,0.0006155895620629792,0.0003339789607494925,-0.7645340765427088,-0.0005900429738407365,205743.92530270372,OK,1,1
4,FTS,Ref/IMG,9955,34,j:OK,K:\NINJA\E71a\ManualCheck\ScanData\FTS\ECC4\Ref\IMG\Event09955\PL034,1.0003418856727226,0.0085510216364397,-0.0092859062571116,1.0003659080761085,-78496.93071354007,-110958.20381364436,200,0.5,0.156,210,70,38022.55724193425,-75888.51459801277,-340.0,37961.38348157117,-75913.11594082984,-340.0,0.29018,0.1198,116109.84,36110.06,1.0003849840367829,1.0004024540213623,1.0007873228328783,0.0007873228328783011,0.00040245402136229735,-0.531846125806087,-0.0007347802292182113,135917.22159092478,OK,1,1
4,FTS,Ref/IMG,1966,34,j:OK,K:\NINJA\E71a\ManualCheck\ScanData\FTS\ECC4\Ref\IMG\Event01966\PL034,1.0003607152389775,0.0038926479751902,-0.004715207356271,1.0002264710124804,41524.20628693182,-35437.23681159051,200,0.5,0.156,210,70,74988.69301963857,-10627.042279800482,-341.25,75120.62512244492,-10737.699574881706,-341.25,-0.6300600000000001,0.52385,33487.6,24851.81,1.0003718277589846,1.0002340456224927,1.0006056225853712,0.0006056225853712238,0.00037182775898458864,-0.27006206482845546,-0.0008217251685033648,54589.902551666215,OK,2,2
4,FTS,Ref/IMG,10781,34,j:OK,K:\NINJA\E71a\ManualCheck\ScanData\FTS\ECC4\Ref\IMG\Event10781\PL034,1.0004052408176898,0.0040380666865444,-0.0047826639507516,1.0002341042392924,-78023.0248987699,-34783.09527411448,200,0.5,0.156,210,70,-3424.968869597226,5281.434511454621,-366.0,-3757.4744159951215,5288.313269543469,-381.75,1.58282,-0.02518,74072.33,40416.21,1.0004166730567647,1.0002422552891599,1.000658752641548,0.0006587526415480216,0.0004166730567647381,-0.27391337070114724,-0.0007435904687706554,85425.14928990287,OK,1,1
4,FTS,Ref/IMG,5210,34,j:OK,K:\NINJA\E71a\ManualCheck\ScanData\FTS\ECC4\Ref\IMG\Event05210\PL034,1.00042418298029,0.0127483145064262,-0.0137225562167172,1.000182706915887,41195.94457670824,-111325.47688715089,200,0.5,0.156,210,70,59525.684889065335,-86866.84535829643,-331.0,59525.57847914768,-86853.76252283505,-331.0,0.0013,-0.06227,18006.93,24714.3,1.0005182929066823,1.0002639485337588,1.000781906859824,0.0007819068598240442,0.0005182929066822606,-0.7858619013229737,-0.0009705819359845794,118703.2756654962,OK,1,1
4,FTS,Ref/IMG,8322,36,j:OK,K:\NINJA\E71a\ManualCheck\ScanData\FTS\ECC4\Ref\IMG\Event08322\PL036,1.0002445747655755,-0.0064824573415911,0.0062031390674405,1.000468046073142,-67693.04167622904,-14980.043314094488,200,0.5,0.156,210,70,48963.55962938831,24980.535716736493,-362.5,48978.575160009175,25008.3461174773,-362.5,-0.07234,-0.13192,116897.43,39244.89,1.0002638093434437,1.000489047149741,1.0007529468953649,0.0007529468953648699,0.0004890471497409621,0.3553222291336947,-0.00027779119201165907,69330.72615422276,OK,2,2
4,FTS,Ref/IMG,7378,36,j:OK,K:\NINJA\E71a\ManualCheck\ScanData\FTS\ECC4\Ref\IMG\Event07378\PL036,1.0002848896161611,-0.0131672222383923,0.0129197399427963,1.0003573663540015,53138.5932873449,-91052.74716642842,200,0.5,0.156,210,70,113353.85481743603,-17716.655580861763,-332.75,113325.81738750104,-17722.228460878643,-332.75,0.1338,0.0248,61124.630000000005,72514.89,1.0003683222066786,1.000444019503435,1.0008124748672151,0.0008124748672151405,0.0004440195034349781,0.7399945946898702,-0.0002464162056660285,105424.44148825924,OK,1,1
4,FTS,Ref/IMG,3492,36,j:OK,K:\NINJA\E71a\ManualCheck\ScanData\FTS\ECC4\Ref\IMG\Event03492\PL036,1.0003533461490546,-0.0038484371353577,0.003676691551584,1.000447669136533,-66669.94145546734,-170656.30907405895,200,0.5,0.156,210,70,-3270.903314868837,-103712.39341835506,-363.5,-3434.291130870435,-103735.7999600415,-363.5,0.7781800000000001,0.10855,63469.75,66657.31,1.0003601027691857,1.0004550710297322,1.0008153229840553,0.0008153229840552889,0.00045507102973219027,0.21058355103519696,-0.00017131978940502802,183216.9667919873,OK,1,1
4,FTS,Ref/IMG,1966,36,j:OK,K:\NINJA\E71a\ManualCheck\ScanData\FTS\ECC4\Ref\IMG\Event01966\PL036,1.0003878796006178,-0.0049019437805575,0.0046093802102142,1.0003720155694904,52224.4728092848,-13903.07729418479,200,0.5,0.156,210,70,82677.53005910646,12100.29147992508,-348.75,82692.68869985556,12077.380360020856,-348.75,-0.07162,0.10939,30582.97,25829.88,1.000398498618297,1.0003840255558825,1.0007826343900126,0.0007826343900125821,0.00039849861829699407,0.26399376551774906,-0.0002925212234408586,54043.41882649361,OK,2,2
4,FTS,Ref/IMG,7224,38,j:OK,K:\NINJA\E71a\ManualCheck\ScanData\FTS\ECC4\Ref\IMG\Event07224\PL038,1.0003141329937724,-0.0003335244570919,0.000145926710463,1.0003880092775372,-56989.15323974133,-90961.89010604714,200,0.5,0.156,210,70,14177.063389264653,-81904.42088324134,-348.25,14321.895748008894,-82024.94451517348,-348.25,-0.68927,0.5738000000000001,71291.63,8923.08,1.0003141436377312,1.000388064875245,1.0007023128279524,0.0007023128279524116,0.0003880648752450089,0.008358358932132392,-0.00018751419982068241,107339.78311254088,OK,1,1
4,FTS,Ref/IMG,450,38,j:OK,K:\NINJA\E71a\ManualCheck\ScanData\FTS\ECC4\Ref\IMG\Event00450\PL038,1.000322264880572,-0.0043416271512601,0.0041361216259589,1.0002872168512378,63900.76011010286,-12682.99002001731,200,0.5,0.156,210,70,104923.29607061826,25243.673663484355,-347.75,104927.06991137155,25253.616896196003,-347.75,-0.01817,-0.04726,41176.96,37755.45,1.0003308158393913,1.0002966389638204,1.0006275317896662,0.0006275317896662358,0.00033081583939131853,0.23690461617503422,-0.00020558769826317837,65147.259178700464,OK,1,1
4,FTS,Ref/IMG,7378,38,j:OK,K:\NINJA\E71a\ManualCheck\ScanData\FTS\ECC4\Ref\IMG\Event07378\PL038,1.0003313362864104,-0.0025344765833967,0.0023708406371742,1.0003978460649925,63285.49888244706,-90525.37452696273,200,0.5,0.156,210,70,123314.78406193834,-16323.93166059512,-321.25,123329.30879978884,-16262.745749926093,-335.75,-0.06988,-0.29108,60211.64,74090.40000000001,1.0003341457942354,1.0004010565683286,1.0007353230123186,0.0007353230123186005,0.0004010565683285616,0.13579391461411655,-0.00016341231764230185,110453.14754250817,OK,1,1
4,FTS,Ref/IMG,8322,38,k:Retake,K:\NINJA\E71a\ManualCheck\ScanData\PatternMatchFailed\FTS\ECC4\Ref\IMG\Event08322\PL038,1.0006712344961952,0.0782896187675291,0.0036485470110033,0.9229779583561752,-58769.19756879342,-9558.93561918314,200,0.5,0.156,210,70,62015.19312953026,27152.644983696857,-353.75,62121.508810950734,27058.11662714695,-353.75,-0.54425,0.48985,117742.15,39207.29,1.00067788595703,0.9262923814963063,0.9233118496465049,0.07668815035349508,0.07370761850369367,0.20890519436306268,0.08815180522742634,59541.513526711446,FAIL,1,1
4,FTS,Ref/IMG,2069,40,j:OK,K:\NINJA\E71a\ManualCheck\ScanData\FTS\ECC4\Ref\IMG\Event02069\PL040,1.0002918911466072,-0.0012456259002987,0.0006182877247876,1.0002860970526517,-297788.9898684321,-114672.81066129102,200,0.5,0.156,210,70,-235715.0895969433,-77416.62072777373,4827.75,-235707.983039812,-77411.70302609692,4827.75,-0.03386,-0.02339,62109.23,37212.06,1.0002920822306685,1.0002868726224046,1.0005788418636594,0.0005788418636594184,0.0002920822306684556,0.035414935337506545,-0.0006271617215151679,319105.21147706354,OK,2,2
4,FTS,Ref/IMG,450,40,j:OK,K:\NINJA\E71a\ManualCheck\ScanData\FTS\ECC4\Ref\IMG\Event00450\PL040,1.000312406889977,-0.0044813375861088,0.0037355069801881,1.000316128114039,-177271.59702598007,-37855.04923230983,200,0.5,0.156,210,70,-132223.38114508695,654.946145844016,4847.25,-132221.21625780902,647.650099804494,4834.5,-0.01015,0.03477,45207.99,38321.71,1.0003193816928762,1.0003261660836544,1.0006453738324503,0.0006453738324503355,0.00032616608365443334,0.21396094654249592,-0.0007455683302374968,181268.37524654448,OK,1,1
4,FTS,Ref/IMG,2069,42,j:OK,K:\NINJA\E71a\ManualCheck\ScanData\FTS\ECC4\Ref\IMG\Event02069\PL042,1.0001927341643686,-0.0061599807313892,0.0060073705595508,1.0003247733281455,-302867.4934215912,-118225.14949850156,200,0.5,0.156,210,70,-241711.4450280814,-76300.40069118942,4834.75,-241712.15414284536,-76311.11252257715,4834.75,0.00369,0.05097,61399.34,41531.7,1.0002107747751146,1.0003437396698283,1.0005545753743232,0.0005545753743232407,0.000343739669828258,0.34412651526453025,-0.0001517622115132583,325124.444706055,OK,1,1
4,FTS,Ref/IMG,3284,42,j:OK,K:\NINJA\E71a\ManualCheck\ScanData\FTS\ECC4\Ref\IMG\Event03284\PL042,1.0002377359963217,-0.001049194599363,0.0008802325403988,1.0002849921977608,-181457.35214557988,-194576.149992843,200,0.5,0.156,210,70,-100534.33035964584,-143620.6650020214,4882.5,-100550.898531503,-143757.3950603022,4882.5,0.07956,0.6508400000000001,80940.44,50733.05,1.000238123308831,1.0002855424454467,1.0005237194822143,0.0005237194822143021,0.00028554244544665153,0.05042160950407848,-0.00016887218681795128,266057.60427719844,OK,2,2
4,FTS,Ref/IMG,8782,46,j:OK,K:\NINJA\E71a\ManualCheck\ScanData\FTS\ECC4\Ref\IMG\Event08782\PL046,1.000315942569688,-0.0096371820220897,0.009472707704043,1.000281503881535,-185063.3094599212,-40611.56090107769,200,0.5,0.156,210,70,-90615.36657291497,-41278.60185462562,4870.0,-90547.65134132832,-41243.54348589824,4870.0,-0.32393,-0.16383,94471.1,-1526.45,1.0003607934891938,1.0003279273742345,1.0006888255986683,0.0006888255986683411,0.0003607934891938225,0.542558531857515,-0.0001647390314130762,189466.9559239302,OK,2,2
4,FTS,Ref/IMG,9343,46,j:OK,K:\NINJA\E71a\ManualCheck\ScanData\FTS\ECC4\Ref\IMG\Event09343\PL046,1.0003380558637591,0.0070439172196203,-0.0071536812533261,1.0003635131586197,-185457.8906150293,-115645.019566558,200,0.5,0.156,210,70,-155561.99689485854,-108338.0594395642,4879.5,-155502.20808355985,-108239.95834235198,4879.5,-0.28131,-0.46899,29891.93,7616.13,1.0003636344673668,1.0003883122212358,1.0007520818486977,0.0007520818486976832,0.0003883122212358092,-0.4097302452064273,-0.00010990059854450574,218559.8310347209,OK,2,2
4,FTS,Ref/IMG,8782,47,j:OK,K:\NINJA\E71a\ManualCheck\ScanData\FTS\ECC4\Ref\IMG\Event08782\PL047,1.0001998557566885,0.0154381551143245,-0.0155880900937917,1.000255069278645,-183324.17766988985,-113845.42555281227,200,0.5,0.156,210,70,-140258.65612205063,-30697.692996486825,4872.25,-140175.44084757662,-30826.3444993898,4872.25,-0.40554,0.6061500000000001,41848.97,83650.09,1.0003213183814852,1.0003742001126181,1.000695627365201,0.0006956273652010125,0.00037420011261812824,-0.8928810248084804,-0.000150720770984694,215797.43983106533,OK,3,3
4,FTS,Ref/IMG,10856,47,j:OK,K:\NINJA\E71a\ManualCheck\ScanData\FTS\ECC4\Ref\IMG\Event10856\PL047,1.0003439622702044,0.0013649026249993,-0.0015395933682541,1.0003150128969105,-182185.95282889617,-36978.21379225654,200,0.5,0.156,210,70,-148091.36166152183,8004.29202607456,4856.25,-148091.2521650488,8026.035850681852,4856.25,-0.00038,-0.10351,34021.520000000004,45042.44,1.0003451470358578,1.0003159440827294,1.0006611849146958,0.0006611849146958004,0.0003451470358577513,-0.0881818013048796,-0.00017459082053681782,185900.80608603777,OK,1,1
4,FTS,Ref/IMG,5414,49,k:Retake,K:\NINJA\E71a\ManualCheck\ScanData\PatternMatchFailed\FTS\ECC4\Ref\IMG\Event05414\PL049,0.902847358572314,0.0131290200886154,-0.0669405597230658,0.924586934701778,-291981.2762845203,-28408.12023174272,200,0.5,0.156,210,70,-213380.9104192528,-24397.162015531405,4843.75,-213403.153212202,-24442.90357690865,4843.75,0.11377,0.24382,86879.84,10578.78,0.9053255720551816,0.9246801452338625,0.83563973571932,0.16436026428067996,0.0946744279448184,-4.240369603565374,-0.059773837295623744,293359.9955614919,FAIL,2,2
4,FTS,Ref/IMG,8782,49,j:OK,K:\NINJA\E71a\ManualCheck\ScanData\FTS\ECC4\Ref\IMG\Event08782\PL049,1.0004198148242778,0.0014910594394166,-0.0025007800675069,1.00041153248012,-177639.63049766247,-114103.46068601942,200,0.5,0.156,210,70,-137095.51657189385,-31444.908761237573,4874.5,-137095.5191626753,-31431.14174024764,4874.5,0.00011,-0.06553,40403.78,82739.31,1.0004229404576788,1.0004126436513454,1.0008352488835592,0.0008352488835592364,0.00042294045767876653,-0.14322371747560966,-0.0010092802967363388,211128.9607417041,OK,2,2
4,FTS,Ref/IMG,2899,49,j:OK,K:\NINJA\E71a\ManualCheck\ScanData\FTS\ECC4\Ref\IMG\Event02899\PL049,1.0005205336275331,-0.0005860578744063,-0.0005324502593994,1.000361464270684,-177378.7101773204,-193002.65549707756,200,0.5,0.156,210,70,-118621.49272185862,-143041.8406739642,4899.0,-118595.7231772287,-143156.00119733615,4883.25,-0.12233,0.5433600000000001,58781.61,49859.93,1.0005206753054143,1.000361635940533,1.000881874005858,0.000881874005858041,0.0005206753054143309,-0.030491278048700936,-0.001118019007121251,262132.0885605069,OK,1,1
4,FTS,Ref/IMG,4089,51,j:OK,K:\NINJA\E71a\ManualCheck\ScanData\FTS\ECC4\Ref\IMG\Event04089\PL051,1.0003221289188595,-0.0054768331441518,0.004654557679485,1.000324598478065,-311161.68352156243,-38750.14304479343,200,0.5,0.156,210,70,-288458.10166974925,47381.45750030459,4750.0,-288245.2082673157,47157.92573197545,4750.0,-1.0076,1.06878,23378.7,85771.41,1.0003329578255187,1.0003395913496531,1.0006723241952518,0.0006723241952517611,0.0003395913496531122,0.26659870673388114,-0.0008219759364888887,313565.2513879128,OK,3,3
4,FTS,Ref/IMG,1751,51,j:OK,K:\NINJA\E71a\ManualCheck\ScanData\FTS\ECC4\Ref\IMG\Event01751\PL051,1.0004202037044847,-0.0074686603556479,0.0067046526288285,1.0004392549728158,-310166.1368476109,-115664.1002279776,200,0.5,0.156,210,70,-223149.75240531017,-73721.60416600032,4842.75,-221964.2489719454,-74017.69671131548,4842.75,-5.63208,1.4470900000000002,88471.19,41035.21,1.0004426701950473,1.0004671327825172,1.0009097180271544,0.0009097180271544492,0.0004671327825171989,0.38398119727595953,-0.000763506235431565,331030.53715407965,OK,1,1
4,FTS,Ref/IMG,2899,51,j:OK,K:\NINJA\E71a\ManualCheck\ScanData\FTS\ECC4\Ref\IMG\Event02899\PL051,1.0006197084386856,-0.0044636722415835,0.0034082108688603,1.0002645879995768,-189451.58928828745,-194270.24189442935,200,0.5,0.156,210,70,-124816.35024695836,-144606.82205500413,4883.5,-124741.09470366052,-144749.61153893,4883.5,-0.3551,0.68098,64890.28,49286.43,1.0006255127755073,1.0002745474997567,1.0008996735419273,0.0008996735419273261,0.0006255127755072643,0.19515440448388727,-0.0010563747939806762,271353.7019640197,OK,1,1
4,FTS,Ref/IMG,6107,62,j:OK,K:\NINJA\E71a\ManualCheck\ScanData\FTS\ECC4\Ref\IMG\Event06107\PL062,1.000233207572122,-0.0054800765850886,0.0052529557694173,1.0002629031359864,-111436.36630509804,-111645.79892984092,200,0.5,0.156,210,70,-41922.97721552812,-104943.50418449056,4829.25,-41658.07961243975,-104832.1921608322,4829.25,-1.2639900000000002,-0.5232800000000001,69797.33,6445.27,1.0002470010324107,1.0002779146964158,1.000524958619025,0.0005249586190250177,0.00027791469641580413,0.30089925661139355,-0.00022689867422331575,157742.98131443586,OK,3,3
4,FTS,Ref/IMG,5851,62,j:OK,K:\NINJA\E71a\ManualCheck\ScanData\FTS\ECC4\Ref\IMG\Event05851\PL062,1.0002394585750776,-0.0037319082655734,0.0035806865945978,1.0002760991258135,-110028.29571682525,-268361.03923889087,200,0.5,0.156,210,70,-33942.73679187392,-200069.88258752596,4842.5,-33949.339618914644,-200088.2319275197,4842.5,0.03176,0.08724,76314.38,67980.78,1.000245867678069,1.0002830607491346,1.000528986609093,0.0005289866090929518,0.00028306074913464485,0.20510823833000924,-0.0001510467805243824,290041.15783751564,OK,1,1
4,FTS,Ref/IMG,4026,62,j:OK,K:\NINJA\E71a\ManualCheck\ScanData\FTS\ECC4\Ref\IMG\Event04026\PL062,1.0002487981591914,0.0068689277761022,-0.0069785401982682,1.0002844041392012,8797.757252919315,-189755.669006264,200,0.5,0.156,210,70,55654.95388452343,-173800.02466017232,4878.5,55659.75319330469,-173722.72095128844,4878.5,-0.02032,-0.36815,46738.03,16354.46,1.0002731418178765,1.0003079882380776,1.0005812081462233,0.000581208146223311,0.00030798823807764997,-0.39973495986528873,-0.00010982433983398865,189959.50740275183,OK,1,1
4,FTS,Ref/IMG,4026,63,j:OK,K:\NINJA\E71a\ManualCheck\ScanData\FTS\ECC4\Ref\IMG\Event04026\PL063,1.0002025192445738,0.015370310748167,-0.0155237636545315,1.0002815421013596,14934.20446322863,-185986.0385905644,200,0.5,0.156,210,70,62199.29670734142,-175056.23658668465,4882.0,62178.250430913184,-175075.46269950073,4882.0,0.09877,0.09306,47055.64,11637.78,1.0003229812121652,1.00039962511047,1.0007227234349783,0.0007227234349782563,0.0003996251104700921,-0.8891946513959584,-0.00015459898152738957,186584.66446511736,OK,1,1
4,FTS,Ref/IMG,12037,63,j:OK,K:\NINJA\E71a\ManualCheck\ScanData\FTS\ECC4\Ref\IMG\Event12037\PL063,1.000207406555312,0.01255292277609,-0.0126895026350627,1.000307561058061,15876.299591505693,-263779.2653158594,200,0.5,0.156,210,70,28267.86257322601,-202966.76507977876,4873.5,28278.33781289614,-202970.55158257025,4873.5,-0.05009,0.01739,11634.68,60937.61,1.0002878983598813,1.0003863216678588,1.0006743217501974,0.0006743217501974375,0.0003863216678587911,-0.7268651841495983,-0.00013778618382787093,264256.6133501559,OK,1,1
4,FTS,Ref/IMG,633,63,j:OK,K:\NINJA\E71a\ManualCheck\ScanData\FTS\ECC4\Ref\IMG\Event00633\PL063,1.000290226720428,0.0012307294259364,-0.0014589075697738,1.000331613563519,-104242.2380205572,-108063.37204891312,200,0.5,0.156,210,70,-72427.26972397738,-86012.8991483126,4818.5,-72292.65086172122,-86087.1598732768,4818.5,-0.64129,0.35257,31913.23,22015.47,1.0002912906167396,1.000332370659629,1.00062373204754,0.0006237320475399599,0.0003323706596289888,-0.08356493440125745,-0.00022816242864908548,150147.04980823406,OK,3,3
4,FTS,Ref/IMG,9177,63,j:OK,K:\NINJA\E71a\ManualCheck\ScanData\FTS\ECC4\Ref\IMG\Event09177\PL063,1.0003202077832518,0.0001221781115314,-0.0002782164405072,1.0004129411739822,-103492.00382464749,-186657.1631983315,200,0.5,0.156,210,70,-20594.437337597272,-102984.93927844217,4851.5,-20541.221057270915,-103054.2028655697,4851.5,-0.25337,0.32962,82914.02,83591.51,1.0003202464730563,1.000412948634647,1.0007333151761713,0.0007333151761712564,0.00041294863464691467,-0.01593552474213426,-0.0001559996947738642,213427.9537194915,OK,1,1
4,FTS,Ref/IMG,4026,64,j:OK,K:\NINJA\E71a\ManualCheck\ScanData\FTS\ECC4\Ref\IMG\Event04026\PL064,1.000270624414168,0.0136423257767718,-0.0137947692666157,1.000379302420382,16120.304712397365,-187083.83197860507,200,0.5,0.156,210,70,62598.71848641156,-173954.95030560714,4888.5,62596.60931398887,-173959.7119348551,4888.5,0.00973,0.0228,46276.1,13757.27,1.0003657419789167,1.0004723193390657,1.0008382222193957,0.0008382222193956679,0.00047231933906566326,-0.790118130494845,-0.0001538549663202748,187777.06039828048,OK,1,1
4,FTS,Ref/IMG,12037,64,k:Retake,K:\NINJA\E71a\ManualCheck\ScanData\PatternMatchFailed\FTS\ECC4\Ref\IMG\Event12037\PL064,1.0144747247278352,-0.0017765576707148,0.0308080343487686,0.9737746802961926,17412.215795973603,-265535.1630382486,200,0.5,0.156,210,70,28310.52823984512,-203209.528061452,4883.0,28295.658495067662,-203309.4749249197,4883.0,0.07065,0.48652,10839.46,63558.59,1.0149424131900548,0.9737763008736193,0.9879245329901577,0.0120754670098423,0.026223699126380673,1.7394499453596342,0.028530855364885116,266105.4453946308,FAIL,1,1
4,FTS,Ref/IMG,633,64,k:Retake,K:\NINJA\E71a\ManualCheck\ScanData\PatternMatchFailed\FTS\ECC4\Ref\IMG\Event00633\PL064,1.0509098723933736,0.0316164010071006,-0.0786805426698545,0.9429357629276256,-109981.91772331328,-99230.72712533695,200,0.5,0.156,210,70,-14165.074697298674,-79147.25393518092,4842.25,-14211.802262890007,-79151.29702195301,4831.75,0.21059,0.03799,90263.43,28826.36,1.0538511221651186,0.9434656590573635,0.9934280978819259,0.006571902118074124,0.05653434094263654,-4.281687943730852,-0.04120069299820424,148130.88615113575,FAIL,4,4
4,FTS,Ref/IMG,7399,66,j:OK,K:\NINJA\E71a\ManualCheck\ScanData\FTS\ECC4\Ref\IMG\Event07399\PL066,1.0003292219646198,0.0073186963985703,-0.0074947605904511,1.0002951081559917,142041.72809821102,-126175.7406367535,200,0.5,0.156,210,70,215007.687303214,-73601.33395614689,4876.75,215016.5875844512,-73608.33936697282,4876.75,-0.04261,0.03303,72562.38,53095.57,1.0003572980453783,1.000321881555023,1.00067927915404,0.0006792791540399801,0.0003572980453783181,-0.4292687907965274,-0.000175747097195947,189989.92090729286,OK,2,2
4,FTS,Ref/IMG,633,66,j:OK,K:\NINJA\E71a\ManualCheck\ScanData\FTS\ECC4\Ref\IMG\Event00633\PL066,1.0003783577137582,0.005803317087208,-0.0059597937440269,1.000424845190119,21582.42741847233,-48909.54447560181,200,0.5,0.156,210,70,114276.27735700288,-19815.689653549183,4844.5,114160.45572416052,-19731.80984017923,4844.5,0.55362,-0.39596,92370.63,29715.62,1.0003961104100452,1.0004416771420952,1.000837950220203,0.0008379502202029432,0.00044167714209519815,-0.34133784072055634,-0.0001566816234141692,53459.74854116411,OK,3,3
4,FTS,Ref/IMG,3933,67,j:OK,K:\NINJA\E71a\ManualCheck\ScanData\FTS\ECC4\Ref\IMG\Event03933\PL067,1.0002268612576857,0.0087467793199787,-0.0093154735527024,1.0003905568129154,24511.85818786259,-48036.493646917705,200,0.5,0.156,210,70,148516.69320541623,5478.649504531601,4861.5,148499.54939482707,5422.380748317941,4838.75,0.07927,0.26858,123482.21,54587.85,1.0002702394997627,1.0004287942222212,1.0006989870642375,0.000698987064237544,0.000428794222221196,-0.5336008342907488,-0.0005699496689454521,53928.98954840755,OK,2,2
4,FTS,Ref/IMG,7399,67,j:OK,K:\NINJA\E71a\ManualCheck\ScanData\FTS\ECC4\Ref\IMG\Event07399\PL067,1.0004425877515697,0.0106201255145752,-0.0109082285733414,1.00012630600852,144433.74593837408,-125601.99327370366,200,0.5,0.156,210,70,213582.89351534587,-73874.43070618637,4885.25,213562.81774172385,-73854.3578064174,4867.75,0.09656,-0.09452,68541.3,52488.67,1.0005020543895276,1.0001826908301268,1.0006847964181724,0.0006847964181724286,0.0005020543895275509,-0.6246942116159916,-0.0002845856013719152,191407.85689233942,OK,2,2
4,FTS,Ref/IMG,212,69,j:OK,K:\NINJA\E71a\ManualCheck\ScanData\FTS\ECC4\Ref\IMG\Event00212\PL069,1.000264807809173,0.0067222327947788,-0.0067972255374476,1.0002298899698865,138087.26351426318,-123463.9030196732,200,0.5,0.156,210,70,158303.44049520066,-43815.46810395071,4861.0,158439.7056834865,-43832.02028889497,4861.0,-0.6492100000000001,0.07439,19811.11,79748.21,1.000287902564321,1.0002524787287048,1.00054045118814,0.0005404511881399454,0.0002879025643209854,-0.3893432400439597,-7.473486614775335e-05,185233.44107830213,OK,2,2
4,FTS,Ref/IMG,9870,69,j:OK,K:\NINJA\E71a\ManualCheck\ScanData\FTS\ECC4\Ref\IMG\Event09870\PL069,1.0002791286905817,-0.0010155783581161,0.000871973865484,1.000289252459032,18025.865618385946,-125068.35983153147,200,0.5,0.156,210,70,118211.21966611446,-84298.52639288621,4862.25,118191.32668627104,-84360.19031501786,4846.0,0.095,0.29347,100178.74,40609.07,1.000279508753634,1.0002897680094758,1.0005693474460606,0.0005693474460606307,0.0002897680094757771,0.04994646819047157,-0.00014355401551247214,126360.69983282597,OK,1,1
4,FTS,Ref/IMG,6364,79,j:OK,K:\NINJA\E71a\ManualCheck\ScanData\FTS\ECC4\Ref\IMG\Event06364\PL079,1.000134232061285,-0.006415866731289,0.0062585773652211,1.000204350123396,-160943.6439622714,-107758.50461741436,200,0.5,0.156,210,70,-107001.89227882448,-59069.586734471406,4791.5,-106990.11341098593,-59047.323201347775,4791.5,-0.05676,-0.10564,54256.53,48361.73,1.000153814136332,1.0002249273796762,1.0003787638133217,0.00037876381332169196,0.00022492737967616527,0.3585372609883728,-0.00015681224329531485,193687.25267615236,OK,1,1
4,FTS,Ref/IMG,7670,79,j:OK,K:\NINJA\E71a\ManualCheck\ScanData\FTS\ECC4\Ref\IMG\Event07670\PL079,1.0001510513736935,-0.0042715138289694,0.0041751309430354,1.0002370666836795,-159518.62208533855,-263354.84526874864,200,0.5,0.156,210,70,-74424.91760136547,-200879.8228823268,4828.5,-74272.58421988098,-200966.1176193813,4828.5,-0.72352,0.41385,85498.03,62017.06,1.0001597658785801,1.0002461873950645,1.0004059879961822,0.00040598799618218884,0.00024618739506454546,0.2391798639477361,-9.599934449497892e-05,307899.277879198,OK,1,1
4,FTS,Ref/IMG,833,79,j:OK,K:\NINJA\E71a\ManualCheck\ScanData\FTS\ECC4\Ref\IMG\Event00833\PL079,1.0001519401804595,-0.0099223975341421,0.0098573233664313,1.0002800244756085,-40702.1567123176,-183812.68439429803,200,0.5,0.156,210,70,37609.92187735043,-122843.66459821808,4858.25,37634.33695274377,-122678.77638417654,4858.25,-0.12402,-0.7837400000000001,78923.21,60339.04,1.0002005150322049,1.0003292364705478,1.0005298154841016,0.0005298154841015812,0.00032923647054783345,0.5646789426707377,-6.378769093994487e-05,188265.15478248193,OK,5,5
4,FTS,Ref/IMG,7446,79,j:OK,K:\NINJA\E71a\ManualCheck\ScanData\FTS\ECC4\Ref\IMG\Event07446\PL079,1.000197343366263,-0.0064989195174491,0.0063202116791367,1.0002102653729177,-41660.50057326566,-107041.38565540352,200,0.5,0.156,210,70,27756.15624027202,-58060.33706745619,4837.000000000001,27729.46725266041,-58046.43217798744,4837.000000000001,0.12663,-0.067,69691.7,48544.28,1.0002173117640982,1.0002313786880799,1.0004487247806932,0.00044872478069324373,0.00023137868807987516,0.362045187989329,-0.0001785812985984917,114862.76834137288,OK,1,1
4,FTS,Ref/IMG,7670,81,j:OK,K:\NINJA\E71a\ManualCheck\ScanData\FTS\ECC4\Ref\IMG\Event07670\PL081,1.0001842630330402,-0.0010711385188378,0.0006817986756565,1.0004791932277388,-182469.05756797185,-262510.6583073456,200,0.5,0.156,210,70,-97422.8742914796,-200638.0296463352,4827.500000000001,-97301.68955363135,-200736.7973557862,4827.500000000001,-0.5764600000000001,0.47049,85217.74,61686.2,1.0001844954149108,1.0004797666216712,1.0006642748592,0.0006642748592000647,0.0004797666216711516,0.03905698378367638,-0.0003889521005630838,319697.9866916584,OK,1,1
4,FTS,Ref/IMG,3521,81,j:OK,K:\NINJA\E71a\ManualCheck\ScanData\FTS\ECC4\Ref\IMG\Event03521\PL081,1.0001938765699323,0.0002728439240653,-0.0006617960940018,1.000441967646372,-182093.6407812952,-181622.4804808876,200,0.5,0.156,210,70,-106720.89589455166,-140944.76683092877,4827.0,-106743.78018387452,-140946.04796202248,4827.0,0.10895,0.00617,75324.15000000001,40708.29,1.0001940955144952,1.0004420048518312,1.000636110470519,0.0006361104705190357,0.0004420048518312125,-0.037910767541400894,-0.0003889443233598654,257186.3515605324,OK,3,3
4,FTS,Ref/IMG,833,81,j:OK,K:\NINJA\E71a\ManualCheck\ScanData\FTS\ECC4\Ref\IMG\Event00833\PL081,1.000257045791129,0.008274629684651,-0.0088214809947687,1.000405657837229,-61677.32905594004,-180790.80110423453,200,0.5,0.156,210,70,-13358.828020125497,-120668.76818812822,4861.25,-13352.08272892655,-120663.69281975622,4861.25,-0.03191,-0.02444,47812.14,60524.33,1.0002959442993549,1.0004398781181991,1.0007358023894994,0.0007358023894994403,0.0004398781181991218,-0.5052906438706168,-0.0005478996261328684,191022.00575689072,OK,4,4
4,FTS,Ref/IMG,4756,81,j:OK,K:\NINJA\E71a\ManualCheck\ScanData\FTS\ECC4\Ref\IMG\Event04756\PL081,1.0003181908360457,-0.0015108885460752,0.0010745228875784,1.0002354361359762,-61371.75650276932,-106834.44406351572,200,0.5,0.156,210,70,-27495.57060169807,-89161.51139280347,4849.25,-27469.670494763628,-89290.06764619952,4849.25,-0.12237,0.61216,33917.74,17503.81,1.000318767951964,1.000236577258763,1.0005553253699662,0.0005553253699661642,0.0003187679519640607,0.0615460193896298,-0.0004363510694864916,123207.51168088608,OK,2,2
4,FTS,Ref/IMG,2071,101,j:OK,K:\NINJA\E71a\ManualCheck\ScanData\FTS\ECC4\Ref\IMG\Event02071\PL101,1.0003171169654537,-0.0018610141335622,0.0016909340559348,1.000396011898868,-131720.00466515403,-101914.26536118102,200,0.5,0.156,210,70,-46192.03040943648,-58063.22523131073,2156.75,-46277.56297442874,-57915.575845817,2156.75,0.40586,-0.7035,85496.91,43836.76,1.0003185461402075,1.000397742898676,1.0007164012985903,0.0007164012985902968,0.0003977428986758902,0.09685257896456197,-0.0001698789028561308,166543.31902870623,OK,1,1
4,FTS,Ref/IMG,2071,102,j:OK,K:\NINJA\E71a\ManualCheck\ScanData\FTS\ECC4\Ref\IMG\Event02071\PL102,1.0003485108877297,-0.0039209643490879,0.0037140659460458,1.0003928573345309,-127961.21597023457,-109995.02079409709,200,0.5,0.156,210,70,-44304.1586546673,-68180.45586275909,2165.25,-44329.413745949176,-68118.88741727703,2165.25,0.11907,-0.29351,83765.52,41548.7,1.0003554056040032,1.0004005412670336,1.0007560678574836,0.000756067857483611,0.00040054126703359394,0.21272518871100526,-0.00020664955825583923,168739.37712364257,OK,1,1
4,FTS,Ref/IMG,2071,103,j:OK,K:\NINJA\E71a\ManualCheck\ScanData\FTS\ECC4\Ref\IMG\Event02071\PL103,1.0004124452761978,-0.0029933123723286,0.0028169923986953,1.00048518144454,-142409.98599871018,-108799.20898344745,200,0.5,0.156,210,70,-59325.170520568936,-64322.95020752837,2163.25,-59266.7034698896,-64321.36317242778,2150.75,-0.27832,-0.00677,83241.32,44221.9,1.0004164113556293,1.0004896592214596,1.0009062589697322,0.0009062589697321766,0.0004896592214596041,0.16133480700892094,-0.00017602826881298305,179214.59758506477,OK,2,2
4,FTS,Ref/IMG,1452,108,j:OK,K:\NINJA\E71a\ManualCheck\ScanData\FTS\ECC4\Ref\IMG\Event01452\PL108,1.0004204802470331,-0.0049953952740943,0.0048146162509807,1.00051511252884,-153659.79211369832,-173394.92460119585,200,0.5,0.156,210,70,-49865.0449032738,-87876.23419619915,2175.25,-49773.04407639276,-87825.92946493565,2175.25,-0.4391,-0.23731,104267.63,85023.19,1.0004320655733445,1.0005275830143525,1.0009598602817833,0.000959860281783298,0.0005275830143525173,0.2757391186192909,-0.00018022642388420052,231683.25703399323,OK,4,4
4,FTS,Ref/IMG,1081,108,j:OK,K:\NINJA\E71a\ManualCheck\ScanData\FTS\ECC4\Ref\IMG\Event01081\PL108,1.0004437173601826,-0.0006380318972435,0.0004314748790209,1.000501738427268,-33130.68106392484,-173362.59932807353,200,0.5,0.156,210,70,-4436.620733504348,-104638.601391794,2195.0,-4571.720319554508,-104580.6663592011,2195.0,0.64287,-0.27602,28590.13,68735.11,1.0004438104041786,1.0005019418675245,1.0009459537122367,0.0009459537122367134,0.0005019418675245024,0.0247107234240598,-0.00020642836044828232,176499.95148312554,OK,2,2
4,FTS,Ref/IMG,7890,111,j:OK,K:\NINJA\E71a\ManualCheck\ScanData\FTS\ECC4\Ref\IMG\Event07890\PL111,1.0003726134643542,0.0145460328176691,-0.0147223540891561,1.000340559862439,-13551.88169677667,-251671.72663404688,200,0.5,0.156,210,70,50549.55795730684,-190947.21509415293,2218.75,50508.14001343488,-191050.57328350196,2218.75,0.18996,0.49481,63141.48,61529.79,1.0004809410875495,1.000446311791208,1.0009274520697176,0.0009274520697175603,0.0004809410875494802,-0.8431536923836289,-0.00017575206235868638,252036.32969174473,OK,1,1
4,FTS,Ref/IMG,4770,111,j:OK,K:\NINJA\E71a\ManualCheck\ScanData\FTS\ECC4\Ref\IMG\Event04770\PL111,1.0003873045389304,0.0091135282962587,-0.009262578837078,1.0004500780044248,-132963.51844356087,-251404.7376779993,200,0.5,0.156,210,70,-25956.940301824136,-185722.4910793987,2204.0,-25915.81185928294,-185572.8664582611,2204.0,-0.18927,-0.7139300000000001,106397.83,66787.33,1.000430184695254,1.0004915866598112,1.0009219716349371,0.0009219716349371243,0.000491586659811194,-0.5304860502551522,-0.00014955182872530574,284400.4911455583,OK,1,1
4,FTS,Ref/IMG,2210,111,j:OK,K:\NINJA\E71a\ManualCheck\ScanData\FTS\ECC4\Ref\IMG\Event02210\PL111,1.000430532433617,-0.0010764990072529,0.0008957229704112,1.0005560278006769,-132245.4964791506,-171981.7815343897,200,0.5,0.156,210,70,-46988.81148929271,-107733.20982540966,2181.75,-46979.52235509445,-107857.1852279503,2181.75,-0.04358,0.5900700000000001,85298.16,64012.6,1.0004309334207184,1.0005566069035683,1.0009877638671842,0.0009877638671842437,0.0005566069035682908,0.051299046200776514,-0.0001805631010524989,216948.39137167987,OK,3,3
4,UTS,IMG,4071,16,j:OK,K:\NINJA\E71a\ManualCheck\ScanData\UTS\ECC4\IMG\Event04071\PL016,1.0001608171391154,-0.0089179131568231,0.008112076165965,1.000142617708247,-39995.08858057506,-101523.17612143236,200,0.5,0.14,210,70,81719.18006467672,-48600.360758512965,2012.75,81609.68125357533,-48671.941670453845,2012.75,0.52434,0.33656,122047.57,51853.78,1.0001937141974575,1.0001823758352162,1.000375800573504,0.00037580057350394824,0.0001937141974575063,0.4647028036640477,-0.0008058111324234903,109117.195713377,OK,2,2
4,UTS,IMG,7728,16,j:OK,K:\NINJA\E71a\ManualCheck\ScanData\UTS\ECC4\IMG\Event07728\PL016,1.000210500152666,-0.0035668392157062,0.002784315301544,1.0003857978105783,80262.14793800586,-176605.92305172232,200,0.5,0.14,210,70,104433.02066000388,-153809.74580783915,2029.5,104447.91152602083,-153726.87278998413,2029.5,-0.0723,-0.39428,24261.99,22802.7,1.0002143755352373,1.0003921565081855,1.0006063103787488,0.0006063103787488089,0.00039215650818547054,0.15949552970806913,-0.0007817263438188663,193988.82557656048,OK,1,1
4,UTS,IMG,4071,17,j:OK,K:\NINJA\E71a\ManualCheck\ScanData\UTS\ECC4\IMG\Event04071\PL017,1.000167730273713,-0.0048471335190882,0.0039145525729703,1.0004079045705574,-42254.68323762362,-102313.63492781014,200,0.5,0.14,210,70,80325.9954702016,-48724.4714489437,2027.75,80215.92135628485,-48795.36633415463,2027.75,0.5257,0.3354,122707.0,53016.3,1.0001753908203888,1.0004196470634736,1.0005946776212045,0.0005946776212044647,0.0004196470634736382,0.22424858259294042,-0.000931242999858009,110695.700673753,OK,2,2
4,UTS,IMG,10208,17,j:OK,K:\NINJA\E71a\ManualCheck\ScanData\UTS\ECC4\IMG\Event10208\PL017,1.000295770127502,0.0040725576393276,-0.0050837286791727,1.0004471383225182,-42364.479917971774,-178080.7506196235,200,0.5,0.14,210,70,47615.51742867417,-106217.96964350472,2021.0,47583.36948076552,-106163.63242776728,2021.0,0.15409,-0.25785,89626.73,72340.41,1.0003086883718724,1.0004554274446422,1.0007637444782473,0.0007637444782473413,0.0004554274446422202,-0.291187565169265,-0.0010114666090355682,183050.54739051935,OK,1,1
4,UTS,IMG,7728,17,j:OK,K:\NINJA\E71a\ManualCheck\ScanData\UTS\ECC4\IMG\Event07728\PL017,1.0003755206634066,-0.0043075238266588,0.0029610462941427,1.0003316261280584,78136.52946446594,-178283.59309912616,200,0.5,0.14,210,70,102809.7803774242,-153496.0097141607,2043.25,102825.1592412993,-153413.2797289743,2043.25,-0.0749,-0.3936,24786.1,24788.7,1.00037990290576,1.0003409003902233,1.0007200261013924,0.0007200261013924347,0.0003799029057600656,0.16959127510911934,-0.0013461426580011926,194654.45488117178,OK,1,1
4,UTS,IMG,1587,18,k:Retake,K:\NINJA\E71a\ManualCheck\ScanData\PatternMatchFailed\UTS\ECC4\IMG\Event01587\PL018,0.943781114241183,-0.0497346970345384,-0.0105105053501172,0.9861870947842498,-32595.860217484744,-253834.28234774503,200,0.5,0.14,210,70,81550.03476940742,-181528.2391845404,2025.25,81518.2378325586,-181494.0537075718,2025.25,0.15182,-0.16345,124847.26,74684.04000000001,0.9438396380323534,0.9874403911164037,0.9302220183664865,0.06977798163351345,0.05616036196764662,-0.6380533514344339,-0.06148593493804028,255918.60619797176,FAIL,1,1
4,UTS,IMG,4071,18,j:OK,K:\NINJA\E71a\ManualCheck\ScanData\UTS\ECC4\IMG\Event04071\PL018,1.000284749250762,-0.0078326741249794,0.0070414878875342,1.00024064011557,-40097.06372795114,-100603.45494710408,200,0.5,0.14,210,70,82078.2661983542,-49111.828457500254,2023.75,81967.88037136215,-49182.4301631911,2023.75,0.5281,0.3324,122426.0,50546.8,1.0003095331622758,1.000271307657454,1.0005806115684026,0.0005806115684026114,0.0003095331622757769,0.4033260266720911,-0.0007912624570913065,108299.72145346162,OK,2,2
4,UTS,IMG,7728,18,j:OK,K:\NINJA\E71a\ManualCheck\ScanData\UTS\ECC4\IMG\Event07728\PL018,1.000411717199173,-0.0059890998310569,0.0049528681824131,1.0002888269024186,80718.40318202139,-176246.0881758581,200,0.5,0.14,210,70,105864.08760166523,-152253.14201568236,2035.5,105879.5159884041,-152170.19424806192,2035.5,-0.0758,-0.3945,25294.1,23943.7,1.0004239775278432,1.0003067562216117,1.0007303262385896,0.0007303262385895959,0.0004239775278431779,0.28365933740546173,-0.0010365093952737691,193850.829788133,OK,1,1
4,UTS,IMG,8845,18,j:OK,K:\NINJA\E71a\ManualCheck\ScanData\UTS\ECC4\IMG\Event08845\PL018,1.0006414205634786,0.0032811295874078,-0.0044427267503934,1.0002379226187446,80393.26493898065,-254650.29973187135,200,0.5,0.14,210,70,112398.93633601272,-184402.38321763428,2043.25,112407.67073685872,-184411.023668608,2043.25,-0.0417,0.04095,31763.16,70363.65000000001,1.0006512830993,1.0002433042295413,1.0008940729528728,0.0008940729528728042,0.0006512830992999596,-0.2543846521958476,-0.0011595121355792767,267039.0462106264,OK,1,1
4,UTS,IMG,10208,18,l:?,K:\NINJA\E71a\ManualCheck\ScanData\UTS\ECC4\IMG\Event10208\PL018,1.057836896269709,0.0338647907297645,-0.0306572394699285,0.97550090268896,-46200.77084325246,-172703.39524591065,200,0.5,0.14,210,70,51506.14338201124,-106049.68232683575,2032.5,51474.36451142933,-105995.30186264454,2032.5,0.1514,-0.2607,90055.0,71213.6,1.058281042748781,0.9760885386060767,1.03295904820779,0.03295904820778994,0.05828104274878099,-1.6600280400618024,0.0057283618998499345,178776.3238126793,FAIL,1,1
4,UTS,IMG,10208,19,k:Retake,K:\NINJA\E71a\ManualCheck\ScanData\PatternMatchFailed\UTS\ECC4\IMG\Event10208\PL019,0.99901873654365,0.0555453579133021,-0.0029591410285648,0.9228853470009964,-34972.85655107802,-170646.01711783768,200,0.5,0.14,210,70,60831.82535374477,-104585.1718522704,2031.5,60803.08834661389,-104534.45560014488,2031.5,0.1515,-0.2612,91870.7,71930.3,0.999023119092295,0.9245553798961241,0.922144119883131,0.07785588011686895,0.07544462010387587,-0.16971232857860608,0.05712096547040302,174192.89266076166,FAIL,1,1
4,UTS,IMG,4071,19,j:OK,K:\NINJA\E71a\ManualCheck\ScanData\UTS\ECC4\IMG\Event04071\PL019,1.0002535950420852,-0.0073516831699133,0.0065068403620463,1.000288278623751,-31050.713235753978,-100170.43226324196,200,0.5,0.14,210,70,92261.7393697231,-48593.36940044985,2036.75,92151.98508596528,-48665.33931426269,2036.75,0.525,0.3392,123544.0,50686.6,1.00027475893682,1.0003152940935662,1.000589783000645,0.0005897830006449389,0.00031529409356623184,0.3727147133809394,-0.0008443331008360627,104872.60029318323,OK,2,2
4,UTS,IMG,3310,19,j:OK,K:\NINJA\E71a\ManualCheck\ScanData\UTS\ECC4\IMG\Event03310\PL019,1.0004279529784612,-0.006986554470059,0.0056870087514821,1.0002846790033604,90118.55097266134,-176059.5726529258,200,0.5,0.14,210,70,148409.74998049182,-96825.353739879,2031.5,148273.61753352772,-96798.0792993574,2031.5,0.6470400000000001,-0.13352,58681.23,78905.31,1.0004441169646676,1.0003090777315873,1.0007524864074628,0.0007524864074628379,0.00044411696466761796,0.3256987060581782,-0.0012999373790106676,197783.53407739234,OK,2,2
4,UTS,IMG,1587,19,j:OK,K:\NINJA\E71a\ManualCheck\ScanData\UTS\ECC4\IMG\Event01587\PL019,1.000446755788559,-0.005445451497093,0.0044181486630171,1.000268654920892,90417.41922032776,-255516.12997091268,200,0.5,0.14,210,70,96097.63741624812,-179258.9582986932,2050.0,96065.2447795791,-179225.0713925127,2050.0,0.1533,-0.162,6060.3,76243.8,1.0004565114014008,1.000283477299939,1.0007395895468434,0.0007395895468433888,0.00045651140140079427,0.25302658494169916,-0.0010277879791753507,271042.0675352386,OK,2,2
4,UTS,IMG,3858,20,k:Retake,K:\NINJA\E71a\ManualCheck\ScanData\PatternMatchFailed\UTS\ECC4\IMG\Event03858\PL020,0.9258724351867856,-0.0553856948901168,-0.0436402169839088,0.9677818965258632,-41008.68911655362,-252243.76478718425,200,0.5,0.14,210,70,8200.761621985655,-201306.49355786707,2017.0,8159.472949994751,-201396.2202934897,2017.0,0.23941,0.45229,56399.78,55083.53,0.9269003370250284,0.9693654493748257,0.8936255375232776,0.10637446247672244,0.07309966297497161,-2.6985910432574287,-0.10407764378368177,255555.53106334928,FAIL,1,1
4,UTS,IMG,10208,20,k:Retake,K:\NINJA\E71a\ManualCheck\ScanData\PatternMatchFailed\UTS\ECC4\IMG\Event10208\PL020,0.98809994354399,0.0261077487502716,0.1418572303919814,0.9991328627497258,-51394.08417835109,-188054.3007642603,200,0.5,0.14,210,70,40422.49782777006,-102064.40834639916,2017.5,40392.11669894565,-102014.29661117036,2017.5,0.1533,-0.2606,90957.5,73200.5,0.9982309213033425,0.9994739075990277,0.983539552346466,0.01646044765353405,0.0017690786966575445,8.169882102818779,0.16791652664855022,194950.69100792208,FAIL,1,1
4,UTS,IMG,3310,20,j:OK,K:\NINJA\E71a\ManualCheck\ScanData\UTS\ECC4\IMG\Event03310\PL020,1.00014469478117,-0.0046072938006731,0.0040331688118195,1.000309580230217,69659.05454569538,-177745.34065137833,200,0.5,0.14,210,70,126756.06909738862,-97972.05982736609,2035.5,126619.86250267088,-97944.83798171509,2035.5,0.6479,-0.1322,57319.0,79544.7,1.0001528267967774,1.0003201904672918,1.0004729017996947,0.0004729017996947249,0.00032019046729181433,0.2310488668208382,-0.0005732718553557153,190907.8049831245,OK,1,1
4,UTS,IMG,1587,20,j:OK,K:\NINJA\E71a\ManualCheck\ScanData\UTS\ECC4\IMG\Event01587\PL020,1.000236070661907,-0.0057073259838161,0.0051900605959149,1.0003401793616344,70586.79263912396,-257423.42226538973,200,0.5,0.14,210,70,75916.25065787874,-180312.6942823649,2039.25,75883.87689978344,-180278.82968409243,2039.25,0.1532,-0.162,5735.7,77088.6,1.0002495357570331,1.0003564604755408,1.0006059516976051,0.0006059516976051338,0.0003564604755408318,0.29729571602441235,-0.0005165341049564357,266925.6706012066,OK,2,2
4,UTS,IMG,3063,20,j:OK,K:\NINJA\E71a\ManualCheck\ScanData\UTS\ECC4\IMG\Event03063\PL020,1.0002414292299031,-0.0063673592340683,0.0059894963092948,1.0003046333004764,68917.92115497998,-101391.9840126549,200,0.5,0.14,210,70,132427.44069099962,-85835.6544199418,2034.25,132098.9514014873,-85990.83532824642,2034.25,1.5685000000000002,0.7293400000000001,63261.380000000005,15017.67,1.0002593617726947,1.0003248985534732,1.0005842733523949,0.0005842733523948596,0.0003248985534731741,0.34308592736094395,-0.00037735508597708787,122596.95868310316,OK,1,1
4,UTS,IMG,1587,21,k:Retake,K:\NINJA\E71a\ManualCheck\ScanData\PatternMatchFailed\UTS\ECC4\IMG\Event01587\PL021,0.9495550856789906,0.0314341962964243,0.0327539442785066,0.9800794235973512,-144070.20779812537,-199782.54413023003,200,0.5,0.14,210,70,-23607.643911195628,-121102.74617613522,7134.75,-23637.055862666224,-121070.20859052653,7134.75,0.1529,-0.1632,124310.0,76157.8,0.9501198248666506,0.9805833902609805,0.9296098071322658,0.07039019286773418,0.049880175133349414,1.9755767960940527,0.06649334365494793,246311.36740747947,FAIL,2,2
4,UTS,IMG,3310,21,j:OK,K:\NINJA\E71a\ManualCheck\ScanData\UTS\ECC4\IMG\Event03310\PL021,1.0001655178065043,-0.000700584053214,0.0003666359664297,1.0004242593315098,-24904.09437421462,-119362.34128946465,200,0.5,0.14,210,70,29867.472049801825,-40504.729782013375,7143.25,29731.72816851449,-40477.04777477862,7143.25,0.6462,-0.132,54682.0,78831.8,1.0001655850063451,1.0004245046364146,1.0005901042197993,0.0005901042197993256,0.00042450463641463543,0.021003216146913917,-0.0003337115540012296,121932.69633163381,OK,1,1
4,UTS,IMG,3063,21,j:OK,K:\NINJA\E71a\ManualCheck\ScanData\UTS\ECC4\IMG\Event03063\PL021,1.0001879260961792,-0.0041125821264711,0.0038417850317511,1.0003717039703643,-25705.25538435149,-42986.272395575565,200,0.5,0.14,210,70,34821.91331883757,-29107.83795079901,7131.25,34492.69434808887,-29261.62158002124,7131.25,1.5704,0.726,60242.1,13488.2,1.0001953043385108,1.000380157458312,1.000575499575875,0.0005754995758751047,0.00038015745831199155,0.22007562764836097,-0.00026998656247676476,50085.724202025405,OK,1,1
4,UTS,IMG,2394,21,j:OK,K:\NINJA\E71a\ManualCheck\ScanData\UTS\ECC4\IMG\Event02394\PL021,1.000235878293669,-0.002632024749167,0.0021748785750191,1.0002744825385552,-24371.70598679942,-198256.75368988083,200,0.5,0.14,210,70,-10378.82375070296,-153086.44304494394,7139.75,-10354.95846784332,-153075.0080643809,7139.75,-0.11376,-0.05419,14132.22,45138.62,1.0002382427815502,1.0002779453592159,1.000516149910933,0.0005161499109329615,0.00027794535921588093,0.12458178078275597,-0.00045693415121485627,199749.14376877082,OK,2,2
4,UTS,IMG,3858,22,j:OK,K:\NINJA\E71a\ManualCheck\ScanData\UTS\ECC4\IMG\Event03858\PL022,1.0002089464717938,-0.0066873260724688,0.0057396027949091,1.000348424515241,-146867.17468853493,-200803.72831113572,200,0.5,0.14,210,70,-93490.28094884084,-147061.62821450498,7115.75,-93540.32963536076,-147156.89313716927,7115.75,0.2413,0.4521,53672.2,53320.2,1.0002254144154001,1.0003707766424028,1.0005958263845238,0.0005958263845238232,0.0003707766424028147,0.3287827086613989,-0.0009465563448865912,248781.23784691852,OK,1,1
4,UTS,IMG,3063,22,j:OK,K:\NINJA\E71a\ManualCheck\ScanData\UTS\ECC4\IMG\Event03063\PL022,1.000310977549187,-0.003507664640183,0.0027089154486426,1.0004399788710976,-27742.89825327129,-44641.0970377636,200,0.5,0.14,210,70,27818.06949547024,-31756.79385656029,7135.5,27489.08064883582,-31911.873055553424,7135.5,1.5687,0.7339,55258.9,12574.0,1.0003146455132594,1.0004461280023178,1.0007605952107679,0.0007605952107678782,0.0004461280023178027,0.1551607913263,-0.000798040890535979,52559.45155941402,OK,1,1
4,UTS,IMG,3310,22,j:OK,K:\NINJA\E71a\ManualCheck\ScanData\UTS\ECC4\IMG\Event03310\PL022,1.0003982423833435,0.0014776124794607,-0.0023791178935367,1.000408278993166,-27067.16458645977,-120825.31887819986,200,0.5,0.14,210,70,25314.152727377936,-40922.8966060607,7135.0,25178.22715748885,-40895.11504935603,7135.0,0.6472,-0.1307,52106.4,80021.5,1.0004010713537017,1.0004093702163668,1.0008101993847986,0.0008101993847986488,0.00040937021636677784,-0.13625889321576587,-0.0009011578262969945,123819.98659654742,OK,1,1
4,UTS,IMG,9487,22,j:OK,K:\NINJA\E71a\ManualCheck\ScanData\UTS\ECC4\IMG\Event09487\PL022,1.0004047316810372,-0.0035039298097678,0.0028354811086638,1.0003454514178414,-146818.5538880466,-44949.80815568272,200,0.5,0.14,210,70,-25704.779281614785,-26462.663144218932,7130.5,-25688.932161265868,-26454.93789970109,7130.5,-0.07556,-0.03656,121144.17,18145.1,1.000408750023172,1.000351588041163,1.0007602582407933,0.0007602582407932879,0.0004087500231719776,0.1623949389999656,-0.000668379041456435,153545.3451557875,OK,1,1
4,UTS,IMG,2394,22,j:OK,K:\NINJA\E71a\ManualCheck\ScanData\UTS\ECC4\IMG\Event02394\PL022,1.0006015694236168,0.0001514181926199,-0.0009544824374939,1.0003561460446238,-26411.7376288676,-200103.67672594785,200,0.5,0.14,210,70,-12614.222139053538,-153754.9338724319,7146.000000000001,-12590.41308339168,-153743.44448390385,7146.000000000001,-0.1133,-0.0548,13806.0,46356.9,1.0006020246680136,1.000356157504277,1.0009580742408168,0.0009580742408168419,0.0006020246680136232,-0.054654919971491,-0.0008025439360939295,201839.1966983093,OK,1,1
4,UTS,IMG,3063,23,j:OK,K:\NINJA\E71a\ManualCheck\ScanData\UTS\ECC4\IMG\Event03063\PL023,0.9999628968995656,-0.0092367663490739,0.0083270892525611,1.0002880920341368,-24855.69215388949,-43872.70781945333,200,0.5,0.14,210,70,27293.00947188633,-32190.300624076957,7138.0,26966.446396831216,-32347.21630753084,7138.0,1.5619,0.734,51926.5,11089.9,0.9999975677926379,1.000330737765206,1.0003278936223885,0.0003278936223884976,0.00033073776520597953,0.4771137442393412,-0.0009066377622750667,50424.398101118124,OK,1,1
4,UTS,IMG,6295,23,j:OK,K:\NINJA\E71a\ManualCheck\ScanData\UTS\ECC4\IMG\Event06295\PL023,1.000106881039587,-0.0102364197526848,0.00946077157015,1.0002880326606494,-24140.3515364947,-120601.06575955157,200,0.5,0.14,210,70,3635.027852809072,-38497.42250212782,7134.5,3578.305925155175,-38531.301005240646,7134.5,0.2717,0.15871,28552.7,81776.08,1.0001516283551375,1.0003404083478111,1.000491788914443,0.0004917889144429033,0.0003404083478111275,0.5419881853261379,-0.0007736365530019667,122993.388581034,OK,1,1
4,UTS,IMG,8023,23,j:OK,K:\NINJA\E71a\ManualCheck\ScanData\UTS\ECC4\IMG\Event08023\PL023,1.000125091918629,-0.0070462475801063,0.0062470467967576,1.0002256657787223,-145181.7353437665,-43922.58549635511,200,0.5,0.14,210,70,-65973.81781967211,-378.2205935245056,7125.75,-65944.15082980861,-352.8032829366421,7125.75,-0.1421,-0.12012,79531.07,43063.23,1.0001446020845821,1.0002504846724387,1.000394804164691,0.00039480416469106494,0.0002504846724387111,0.3578799931176081,-0.0007983570180953275,151680.35401498797,OK,2,2
4,UTS,IMG,2394,23,l:?,K:\NINJA\E71a\ManualCheck\ScanData\PatternMatchFailed\UTS\ECC4\IMG\Event02394\PL023_chk,1.000339132868618,0.0019773998069866,-0.0030076867288278,1.0002875288157018,-24547.95259457441,-198458.9236783051,200,0.5,0.14,210,70,-10718.460675583148,-153853.84455769724,7133.25,-10694.804450872793,-153842.17323899546,7133.25,-0.1125,-0.0559,13760.2,44645.3,1.0003436544147204,1.0002894833068177,1.000632706593949,0.000632706593949095,0.0003436544147203957,-0.17226881436130784,-0.0010298289911446963,199971.36386027074,FAIL,1,1
4,UTS,IMG,3858,23,k:Retake,K:\NINJA\E71a\ManualCheck\ScanData\PatternMatchFailed\UTS\ECC4\IMG\Event03858\PL023,1.0652219823943816,0.0326004464333798,0.1194474287741814,1.0740529388469704,-151103.16603671337,-212780.1413766677,200,0.5,0.14,210,70,-93626.14902680654,-151128.7531080683,7107.25,-93682.671113077,-151236.9854791341,7107.25,0.2388,0.4533,52329.2,51480.3,1.0718981108374896,1.0745475813352656,1.1402107612117236,0.1402107612117236,0.07454758133526562,6.398068531856989,0.1415339403341574,260974.24269569834,FAIL,1,1
4,UTS,IMG,6295,24,k:Retake,K:\NINJA\E71a\ManualCheck\ScanData\PatternMatchFailed\UTS\ECC4\IMG\Event06295\PL024,0.9663935451750708,-0.0314469430121366,-0.0504747070258217,0.9605290615754712,-39226.2508361772,-114222.05595401536,200,0.5,0.14,210,70,-11033.397755785352,-35903.529238542906,7133.75,-11087.760990090112,-35932.40502230072,7133.75,0.273,0.1575,31823.7,83179.1,0.9677107936803145,0.9610436974226843,0.9266618098242083,0.07333819017579168,0.03895630257731575,-2.989840157096667,-0.0848080618880704,120769.93343140051,FAIL,1,1
4,UTS,IMG,6983,24,l:?,K:\NINJA\E71a\ManualCheck\ScanData\PatternMatchFailed\UTS\ECC4\IMG\Event06983\PL024_chk,0.985903471419982,0.0628914633510119,-0.099101836030494,0.9021314398989494,-162607.62906547877,-30837.78920634239,200,0.5,0.14,210,70,-73148.64734998999,-29145.16470769745,7120.5,-73250.39340138876,-29100.941180290763,7120.5,0.5028,-0.1782,89882.2,11799.1,0.9908717519752929,0.9043209999865001,0.8956471777622108,0.10435282223778919,0.09567900001349994,-5.740022490926951,-0.030575834714518305,165505.922170269,FAIL,3,3
4,UTS,IMG,2394,24,j:OK,K:\NINJA\E71a\ManualCheck\ScanData\UTS\ECC4\IMG\Event02394\PL024,1.0006477631249178,-0.0102837898692597,0.0093699602589867,1.0002689105287748,-42463.38215079745,-200933.4443103552,200,0.5,0.14,210,70,-26114.28609831799,-152082.70987656843,7137.5,-26090.48815645401,-152071.24793204837,7137.5,-0.1138,-0.0535,16862.7,48691.1,1.0006916318237884,1.00032177308329,1.0010132065464037,0.0010132065464036888,0.0006916318237883967,0.5364959645124204,-0.0009170418503694142,205371.34139433203,OK,2,2
4,UTS,IMG,9487,24,k:Retake,K:\NINJA\E71a\ManualCheck\ScanData\PatternMatchFailed\UTS\ECC4\IMG\Event09487\PL024,1.0357875093416973,-0.0838190931445602,-0.0685356917434401,1.1398585255415676,-45860.79859125464,-36721.42207838478,200,0.5,0.14,210,70,-42451.31529008423,-14648.505709624518,7132.0,-42435.46657745757,-14640.907519225486,7132.0,-0.0758,-0.0363,4898.4,19665.8,1.0380524579957549,1.1429361743445576,1.1749066236426295,0.17490662364262954,0.14293617434455763,-3.7856125104745533,-0.13902217686812393,58750.96328475397,FAIL,1,1
4,UTS,IMG,10544,24,k:Retake,K:\NINJA\E71a\ManualCheck\ScanData\PatternMatchFailed\UTS\ECC4\IMG\Event10544\PL024,1.0509594958448178,0.0230220078104072,0.0271924103575218,1.0116553747147277,-169644.61882672788,-124333.49302002948,200,0.5,0.14,210,70,-69793.61415166258,-94564.18606982782,7131.25,-69762.74889917373,-94435.34211255566,7131.25,-0.12664,-0.60307,94446.96,27015.04,1.0513112237046867,1.0119172940674641,1.0625827986952558,0.06258279869525585,0.05131122370468666,1.4821340115952537,0.04860180608726894,210328.58622504814,FAIL,1,1
4,UTS,IMG,6738,25,k:Retake,K:\NINJA\E71a\ManualCheck\ScanData\PatternMatchFailed\UTS\ECC4\IMG\Event06738\PL025,0.985239668894988,-0.0095066175971154,0.0893185106078746,1.0643646812432133,-148447.88795642566,-131104.61068175934,200,0.5,0.14,210,70,-33726.19395110118,-57907.23795340138,7142.75,-33761.66640314741,-58080.22456251361,7142.75,0.17877,0.7589300000000001,116971.68,58792.49,0.9892800420010073,1.0644071356657212,1.0495034230562759,0.049503423056275864,0.0644071356657212,5.18008234524984,0.08138787935287692,198053.51393181388,FAIL,2,2
4,UTS,IMG,6983,25,k:Retake,K:\NINJA\E71a\ManualCheck\ScanData\PatternMatchFailed\UTS\ECC4\IMG\Event06983\PL025,0.9919266603964204,0.0803884040716119,0.000607513310761,0.9743409031278412,-144444.7980020381,-34510.253988835415,200,0.5,0.14,210,70,-56117.77264333025,-25043.490520145064,7131.0,-56219.47569391818,-25007.05194590796,7131.0,0.5027,-0.1784,88157.4,9698.5,0.9919268464345635,0.9776515181889495,0.9664258811017273,0.033574118898272665,0.022348481811050536,0.03509124791394052,0.08283639942341717,148510.12524479104,FAIL,4,4
4,UTS,IMG,623,25,j:OK,K:\NINJA\E71a\ManualCheck\ScanData\UTS\ECC4\IMG\Event00623\PL025,1.0004594611091235,0.0019329222504865,-0.0029709681117939,1.0002413838619706,-29588.72653567961,-199549.0687796792,200,0.5,0.14,210,70,-5441.046596225727,-127719.56080180735,7151.75,-5470.791331575088,-127751.71333725052,7151.75,0.14128,0.15349,23968.04,71851.22,1.0004638723983386,1.0002432515036213,1.0007066985279598,0.0007066985279597926,0.00046387239833856064,-0.17014525837139644,-0.0010371413979621406,201730.81963061658,OK,2,2
4,UTS,IMG,6295,25,k:Retake,K:\NINJA\E71a\ManualCheck\ScanData\PatternMatchFailed\UTS\ECC4\IMG\Event06295\PL025,1.0032999448379731,-0.0865656213677771,0.0005446123592555,1.00916265272707,-22184.79809603789,-116679.6262951618,200,0.5,0.14,210,70,1359.730547963551,-34887.69712174648,7148.25,1304.908856180351,-34920.89455501293,7148.25,0.2737,0.1565,30401.2,81000.0,1.0033000926514966,1.0128686323812808,1.0125399785208957,0.012539978520895723,0.012868632381280776,0.03110135383914679,-0.08492494602393681,118769.94762540134,FAIL,1,1
4,UTS,IMG,5488,26,k:Retake,K:\NINJA\E71a\ManualCheck\ScanData\PatternMatchFailed\UTS\ECC4\IMG\Event05488\PL026,0.9966451405190868,0.1124756471180154,0.0105372349499864,1.0164912433701327,-148897.21915611267,-119893.01158253144,200,0.5,0.14,210,70,-60354.64490219404,-61932.82671161224,7124.0,-60321.70301984157,-61864.83433241571,7124.0,-0.12159,-0.31726,82527.74,56231.24,0.9967008425002466,1.0226950762777607,1.0118958757652128,0.011895875765212782,0.022695076277760684,0.6057487982406016,0.12048148607163073,191166.7233039068,FAIL,3,3
4,UTS,IMG,6983,26,k:Retake,K:\NINJA\E71a\ManualCheck\ScanData\PatternMatchFailed\UTS\ECC4\IMG\Event06983\PL026,0.9985152637449716,-0.1167614313997539,-0.1179590747151896,1.0974012285633223,-138037.57454158258,-35405.01495024612,200,0.5,0.14,210,70,-54071.16197038146,-32784.27242361668,7128.25,-54180.72243515951,-32731.25666026728,7128.25,0.5019,-0.1761,85339.1,11609.5,1.0054586392484546,1.1035953462727217,1.0819988067626256,0.08199880676262561,0.10359534627272171,-6.737380784191645,-0.22173052158264636,142505.74398581314,FAIL,3,3
4,UTS,IMG,623,26,k:Retake,K:\NINJA\E71a\ManualCheck\ScanData\PatternMatchFailed\UTS\ECC4\IMG\Event00623\PL026,1.0051200002385807,0.1114479822219031,-0.0036922336928898,1.2220705939200651,-29773.115444219253,-210175.9070516039,200,0.5,0.14,210,70,1083.8222918876138,-120811.11113643044,7145.5,1050.4869300860046,-120850.42099600518,7145.5,0.1409,0.1536,22554.4,73161.7,1.0051267817888683,1.227141878213548,1.2287390876474626,0.22873908764746265,0.22714187821354792,-0.21047084525513365,0.08716031689849248,212274.23373603128,FAIL,2,2
4,UTS,IMG,4196,26,k:Retake,K:\NINJA\E71a\ManualCheck\ScanData\PatternMatchFailed\UTS\ECC4\IMG\Event04196\PL026,1.0374643333147755,0.0322221420175032,-0.0893000944409561,0.9413116329302176,-159741.51888375974,-190608.4928161568,200,0.5,0.14,210,70,-56557.88562439672,-148147.65339607227,7141.0,-56531.962931171365,-148097.13422533165,7141.0,-0.11072,-0.26607,97791.71,54439.11,1.041300508867366,0.9418629713105559,0.9794546860246438,0.020545313975356194,0.05813702868944415,-4.919627788820433,-0.05162299766134076,248694.49207599566,FAIL,1,1
4,UTS,IMG,1124,26,k:Retake,K:\NINJA\E71a\ManualCheck\ScanData\PatternMatchFailed\UTS\ECC4\IMG\Event01124\PL026,1.0579754201388014,-0.0471328610432037,-0.0048014229065113,1.012673384299708,-29584.74385941373,-120634.68855693776,200,0.5,0.14,210,70,13622.8157495947,-66210.27046935198,7142.0,13513.18053888652,-66272.1801029421,7142.0,0.50654,0.29352,43136.88,53886.7,1.0579863152611193,1.0137696433900267,1.0711572444192032,0.07115724441920324,0.0579863152611193,-0.2600243581276201,-0.051025552794572514,124209.44067363192,FAIL,2,2
4,UTS,IMG,1124,27,j:OK,K:\NINJA\E71a\ManualCheck\ScanData\UTS\ECC4\IMG\Event01124\PL027,1.0002623608587324,0.0077249872884497,-0.0080416462166621,1.0004690638140694,-34062.384635368486,-118526.7472723975,200,0.5,0.14,210,70,7307.63435935435,-68664.11806936827,7144.5,7200.912037867667,-68724.9698322393,7144.5,0.5058,0.2937,40865.5,50106.9,1.000294685892392,1.000498887094637,1.0007936693515889,0.000793669351588866,0.0004988870946369683,-0.460621613074722,-0.0003181517157789978,123324.10902180715,OK,2,2
4,UTS,IMG,4196,27,j:OK,K:\NINJA\E71a\ManualCheck\ScanData\UTS\ECC4\IMG\Event04196\PL027,1.0003254427244304,0.0081850911001575,-0.0085209865191259,1.0004283302003565,-154894.64394059827,-196504.2906638876,200,0.5,0.14,210,70,-57585.4447269048,-146716.4170144281,7138.0,-57561.85846749398,-146660.66707464762,7138.0,-0.1101,-0.2663,96886.7,50647.5,1.0003617338608504,1.0004618131562,1.0008236573726563,0.0008236573726563279,0.000461813156199975,-0.4880459260247303,-0.0003366041708922699,250212.48364300758,OK,1,1
4,UTS,IMG,10478,27,j:OK,K:\NINJA\E71a\ManualCheck\ScanData\UTS\ECC4\IMG\Event10478\PL027,1.0003412014063735,0.0050839833903834,-0.0054017842417269,1.0004273079087578,-154514.5746999189,-41665.72191358775,200,0.5,0.14,210,70,-108401.69219629189,-21462.103963338534,7098.5,-108414.19522773144,-21293.28774222861,7098.5,0.0636,-0.8032,45979.9,20612.0,1.0003557859602457,1.000440225748984,1.0007961176945541,0.0007961176945541215,0.00044022574898394673,-0.3093908660755623,-0.00031812113621314963,160033.70325427467,OK,1,1
4,UTS,IMG,623,27,j:OK,K:\NINJA\E71a\ManualCheck\ScanData\UTS\ECC4\IMG\Event00623\PL027,1.0003662960304869,0.0091894396372099,-0.0094564943995681,1.0003882667151178,-35565.2157316186,-197227.9963928765,200,0.5,0.14,210,70,-12382.001340085491,-128540.22052624916,7147.75,-12411.751889985788,-128572.35768914742,7147.75,0.1402,0.1543,22512.6,68841.8,1.0004109913031167,1.000430472337845,1.0008416048506257,0.0008416048506256768,0.0004304723378449893,-0.5416026931384363,-0.00026713551702723564,200408.99962622704,OK,2,2
4,UTS,IMG,5488,27,j:OK,K:\NINJA\E71a\ManualCheck\ScanData\UTS\ECC4\IMG\Event05488\PL027,1.000408069836077,0.0060473906633684,-0.0064436179621179,1.0004326116032938,-154551.7119116387,-117789.47520605563,200,0.5,0.14,210,70,-72766.25913746888,-65268.54692197716,7133.5,-72740.51946592453,-65201.98525958217,7133.5,-0.1206,-0.3176,81456.9,53089.4,1.0004288212589576,1.0004508889961676,1.0008798250502193,0.0008798250502193294,0.000450888996167631,-0.36903641604395404,-0.0003961985084341812,194320.84840319157,OK,3,3
4,UTS,IMG,5130,27,j:OK,K:\NINJA\E71a\ManualCheck\ScanData\UTS\ECC4\IMG\Event05130\PL027,1.0004374540264074,0.0051816666861621,-0.0055273474954439,1.0004728259425648,-33323.89782013866,-42351.67259379501,200,0.5,0.14,210,70,-5596.808706168512,-20876.505039707477,7147.75,-5740.903653060199,-20897.46743055454,7147.75,0.6853300000000001,0.10356,27459.08,21595.77,1.0004527230155233,1.0004862443427935,1.0009391276809645,0.0009391276809644911,0.00048624434279354034,-0.31655198416687247,-0.00034570286181197956,53890.132096878835,OK,1,1
4,UTS,IMG,4196,28,j:OK,K:\NINJA\E71a\ManualCheck\ScanData\UTS\ECC4\IMG\Event04196\PL028,1.000047180148717,-0.0055117523746916,0.0052464867793205,1.0001243138999445,-165994.68325651702,-183438.846941606,200,0.5,0.14,210,70,-67766.60059052434,-128427.1087192002,10108.25,-67743.3662505973,-128371.13927009104,10108.25,-0.1121,-0.2659,98547.3,54543.9,1.0000609422164861,1.0001395016036887,1.0002004172497745,0.00020041724977448716,0.00013950160368869646,0.3005846103237116,-0.0002648203455821754,247394.5137562621,OK,1,1
4,UTS,IMG,5130,28,j:OK,K:\NINJA\E71a\ManualCheck\ScanData\UTS\ECC4\IMG\Event05130\PL028,1.0000602338171982,-0.0071996310354377,0.0068957012833355,1.000146312023234,-47514.99474304504,-23313.78250402962,200,0.5,0.14,210,70,-19053.048136179703,-3326.909921695853,10127.75,-19196.98632009207,-3348.94853993005,10127.75,0.6861,0.1002,28458.6,19765.7,1.0000840074507231,1.0001722252395946,1.0002562011583345,0.0002562011583344681,0.00017222523959459224,0.3950645226660043,-0.0003032767755435243,52926.43177162802,OK,1,1
4,UTS,IMG,623,28,j:OK,K:\NINJA\E71a\ManualCheck\ScanData\UTS\ECC4\IMG\Event00623\PL028,1.0000639275842438,-0.0038944578324569,0.0037046704612141,1.0000904941661228,-45426.89304807065,-182712.735351301,200,0.5,0.14,210,70,-23431.785424592388,-111197.0897819585,10121.5,-23461.31402767573,-111229.37454422534,10121.5,0.1412,0.1532,22242.2,71394.5,1.0000707894136542,1.0000980768520897,1.0001688552183345,0.00016885521833454042,9.80768520897346e-05,0.21224744251115024,-0.00018966905343820455,188275.1876152442,OK,1,1
4,UTS,IMG,1124,28,j:OK,K:\NINJA\E71a\ManualCheck\ScanData\UTS\ECC4\IMG\Event01124\PL028,1.0000948901068392,-0.0088960909233221,0.0086728241670893,1.0001419969679568,-45842.99335680176,-106024.94429652423,200,0.5,0.14,210,70,-5286.841474233146,-51606.89458241686,10131.25,-5393.2453986250985,-51668.33157580927,10131.25,0.5092,0.2881,40926.2,53994.0,1.0001324947709898,1.000181560784225,1.0003140547812557,0.0003140547812556793,0.0001815607842250433,0.4968566183871126,-0.0002228094126219571,115511.33646959867,OK,2,2
4,UTS,IMG,5488,28,j:OK,K:\NINJA\E71a\ManualCheck\ScanData\UTS\ECC4\IMG\Event05488\PL028,1.0002038252006902,-0.006896646775975,0.006561302803981,1.000206188607115,-166227.6828412973,-106717.22776677732,200,0.5,0.14,210,70,-83482.16694367699,-46911.22919850794,10111.5,-83457.10817012619,-46844.14199161194,10111.5,-0.1215,-0.3186,83162.7,59315.2,1.000225345929895,1.0002299652903446,1.0004553068220687,0.0004553068220687351,0.00022996529034458035,0.37585295805490526,-0.00033524415872126807,197535.3366995717,OK,2,2
4,UTS,IMG,11033,29,j:OK,K:\NINJA\E71a\ManualCheck\ScanData\UTS\ECC4\IMG\Event11033\PL029,1.0000947850749362,-0.0065333359983237,0.0061786562653326,1.0000727800321287,-121590.11021559646,-18200.885129994604,200,0.5,0.14,210,70,-45274.05235158918,16998.31773819979,10948.25,-45225.02383175127,16940.525967572838,10933.25,-0.23164,0.27661,76584.31,34665.7,1.0001138709803639,1.0000941204908953,1.0002079392429253,0.00020793924292528132,0.00011387098036386156,0.3539728717948046,-0.0003547755188473099,122944.81331783034,OK,1,1
4,UTS,IMG,1124,29,j:OK,K:\NINJA\E71a\ManualCheck\ScanData\UTS\ECC4\IMG\Event01124\PL029,1.0001107415898072,-0.0109656381567883,0.0107158118241086,1.000222410932459,-817.190139799742,-100651.52987144928,200,0.5,0.14,210,70,39652.37825025152,-48794.750630382834,10957.500000000002,39545.91089208141,-48856.60201698074,10957.500000000002,0.5101,0.289,40921.6,51345.0,1.0001681478963242,1.000282518367549,1.0004506828674256,0.00045068286742555586,0.0002825183675490006,0.6138793159552399,-0.00024854534837191245,100654.84720165162,OK,2,2
4,UTS,IMG,4196,29,j:OK,K:\NINJA\E71a\ManualCheck\ScanData\UTS\ECC4\IMG\Event04196\PL029,1.0001475782986848,-0.0038676049468949,0.003495693503393,1.0001448525338217,-121135.66757696324,-178263.0683980527,200,0.5,0.14,210,70,-22282.841993826707,-125205.05242303255,10949.5,-22259.70251077091,-125149.12370317725,10949.5,-0.1112,-0.2659,99065.4,52760.0,1.0001536873150014,1.0001523306066558,1.0003059721710836,0.00030597217108363495,0.0001536873150014273,0.20025811487726672,-0.0003718620528401971,215526.26641318074,OK,1,1
4,UTS,IMG,5488,29,j:OK,K:\NINJA\E71a\ManualCheck\ScanData\UTS\ECC4\IMG\Event05488\PL029,1.0001618362314115,-0.0023992106884224,0.0020765907572122,1.0001377027060616,-121176.86724539608,-100711.94763014812,200,0.5,0.14,210,70,-38032.41582585338,-43631.53789260647,10941.25,-38007.16183211767,-43564.73793643213,10941.25,-0.121,-0.3178,83292.9,56966.4,1.0001639919947938,1.0001405804116168,1.0003045434015003,0.00030454340150032344,0.00016399199479377735,0.1189604630840412,-0.00032262398845740205,157565.0010340686,OK,1,1
4,UTS,IMG,5130,29,k:Retake,K:\NINJA\E71a\ManualCheck\ScanData\PatternMatchFailed\UTS\ECC4\IMG\Event05130\PL029,1.0164176993674203,-0.1019311790006107,-0.0031973151332163,1.0142720679006552,3749.966451658932,-19959.309222461117,200,0.5,0.14,210,70,20156.973936329552,-3203.134169116352,10954.25,20012.62544455444,-3224.398935874604,10954.25,0.6865,0.102,17660.2,16555.1,1.016422728204865,1.0193810832931547,1.0305981756870546,0.030598175687054585,0.01938108329315469,-0.18023304668830348,-0.10312259694478208,20308.527101352993,FAIL,1,1
4,UTS,IMG,1115,31,j:OK,K:\NINJA\E71a\ManualCheck\ScanData\UTS\ECC4\IMG\Event01115\PL031,1.0001999913369195,-0.0203607469597856,0.0200364299519638,1.0001860901181745,-120751.08025819506,-178664.05736747535,200,0.5,0.14,210,70,-10110.58443277921,-135002.257868582,10968.25,-10193.601256199894,-135027.1543884525,10968.25,0.39749,0.11057,111378.09,41397.58,1.0004006603334454,1.0003933100949054,1.0007940753517348,0.0007940753517348131,0.00040066033344543506,1.1476198319457707,-0.00032440278187311936,215642.4558813259,OK,1,1
4,UTS,IMG,11033,31,j:OK,K:\NINJA\E71a\ManualCheck\ScanData\UTS\ECC4\IMG\Event11033\PL031,1.0002454034247164,-0.0114578082445751,0.0112003215432195,1.0002279025645742,-121657.68243237036,-21902.49867086809,200,0.5,0.14,210,70,-45952.66220061807,16816.891038484733,10939.250000000002,-45903.100033681374,16759.633428859328,10939.250000000002,-0.2328,0.2752,76169.0,37800.4,1.0003081096716877,1.0002935261404506,1.0006016930538804,0.0006016930538803589,0.0003081096716877063,0.6415468965343545,-0.0002575909055250925,123613.55565973683,OK,1,1
4,UTS,IMG,9955,33,j:OK,K:\NINJA\E71a\ManualCheck\ScanData\UTS\ECC4\IMG\Event09955\PL033,0.99945458904032,-0.1017373287272466,0.0069368111862807,1.053851854390879,-114416.71593115064,-98452.01715172348,200,0.5,0.14,210,70,-4586.119615365036,-61417.27149071222,10956.75,-4560.283274730697,-61434.05579063271,10956.75,-0.1153,0.0766,113416.0,34379.8,0.9994786615547073,1.0587512526838636,1.0539828046795927,0.05398280467959271,0.05875125268386361,0.3976605108667582,-0.08918118740292293,150943.64698692315,OK,1,1
4,UTS,IMG,1115,33,j:OK,K:\NINJA\E71a\ManualCheck\ScanData\UTS\ECC4\IMG\Event01115\PL033,1.0002711123560415,-0.0117965924141228,0.0115214833056107,1.000206421405293,-114939.81920833475,-175850.56237357334,200,0.5,0.14,210,70,-7995.284007685722,-132904.9419633962,10957.25,-8078.361849922921,-132929.0277982264,10957.25,0.3968,0.1101,107324.0,41676.4,1.0003374644546479,1.000275984422783,1.0006135039672903,0.0006135039672903186,0.00033746445464788444,0.6599242620118527,-0.000275759839452922,210082.3227374133,OK,1,1
4,UTS,IMG,1966,33,j:OK,K:\NINJA\E71a\ManualCheck\ScanData\UTS\ECC4\IMG\Event01966\PL033,1.0002717014339135,-0.0058272202087418,0.0055306676269623,1.000267797523217,4967.821618814325,-17978.06920959577,200,0.5,0.14,210,70,34638.82013279807,4260.140986523912,10963.25,34642.44298127501,4227.8176171864325,10963.25,-0.01635,0.15397,29794.93,22035.2,1.0002869913049435,1.00028477108137,1.0005718001362653,0.0005718001362653435,0.0002869913049434736,0.31679461020054994,-0.000296485203455479,18651.815572253938,OK,2,2
4,UTS,IMG,5210,33,j:OK,K:\NINJA\E71a\ManualCheck\ScanData\UTS\ECC4\IMG\Event05210\PL033,1.000283996319428,-0.0007706222582559,0.000535765010691,1.000379093123143,3790.5588401478576,-94889.01096284411,200,0.5,0.14,210,70,21467.84872262688,-70314.28865668955,10964.75,21463.48979040249,-70354.94141261124,10964.75,0.0209,0.1935,17686.8,24515.3,1.000284139800743,1.0003793899399103,1.0006636099760653,0.0006636099760652936,0.0003793899399102685,0.030688355607863396,-0.00023471722945388792,94964.69205882454,OK,1,1
4,UTS,IMG,9955,35,l:?,K:\NINJA\E71a\ManualCheck\ScanData\PatternMatchFailed\UTS\ECC4\IMG\Event09955\PL035_chk,0.9346841527931392,0.0424440849746196,-0.0787328507389784,1.0583088601027182,-124502.6236907967,-95096.53462511754,200,0.5,0.14,210,70,-16741.592600668147,-68661.85987095328,10971.75,-16719.62243780869,-68680.7473902096,10971.75,-0.1154,0.0764,113797.0,33426.3,0.9379943108932562,1.0591596403381538,0.9925262641056413,0.007473735894358735,0.062005689106743755,-4.814926890235993,-0.043938085034557185,156666.05951385357,FAIL,1,1
4,UTS,IMG,1966,35,j:OK,K:\NINJA\E71a\ManualCheck\ScanData\UTS\ECC4\IMG\Event01966\PL035,1.000175677433,-0.0030613707554175,0.0020674357698621,1.0001798578187018,-5063.653808335314,-19453.762960873886,200,0.5,0.14,210,70,25483.599926918643,3608.63877165998,10977.0,25487.227358572494,3576.3632603025617,10977.0,-0.0168,0.1537,30615.8,22962.7,1.0001778142006665,1.0001845429605183,1.0003618960360663,0.0003618960360662893,0.00018454296051828578,0.11843436907039963,-0.0009937408331070928,20101.97709750306,OK,2,2
4,UTS,IMG,8322,35,j:OK,K:\NINJA\E71a\ManualCheck\ScanData\UTS\ECC4\IMG\Event08322\PL035,1.0001865328524986,-0.0019750190949087,0.0010865833636045,1.0003304378325937,-125713.93766914684,-19717.92826479481,200,0.5,0.14,210,70,-8329.436984055383,14952.34982218916,10969.25,-8325.368052333828,15147.859942941428,10969.25,-0.02121,-0.93067,117435.25,34726.71,1.0001871230739319,1.0003323875366497,1.0005191783454952,0.000519178345495197,0.0003323875366496587,0.06224500559299594,-0.0008879837168049484,127250.89712586599,OK,2,2
4,UTS,IMG,5210,35,j:OK,K:\NINJA\E71a\ManualCheck\ScanData\UTS\ECC4\IMG\Event05210\PL035,1.000236586352936,0.0010057305017579,-0.002173559551901,1.0003488420110096,-5090.369684430503,-96041.24839443131,200,0.5,0.14,210,70,12209.941397330547,-71150.93444550651,10976.75,12205.636394181942,-71191.70039877134,10976.75,0.0203,0.1941,17266.9,24878.4,1.0002389479719835,1.0003493475814387,1.0005876969103435,0.0005876969103435492,0.00034934758143867484,-0.12450613636752567,-0.0011676623089009039,96176.05344723303,OK,2,2
4,UTS,IMG,3492,35,j:OK,K:\NINJA\E71a\ManualCheck\ScanData\UTS\ECC4\IMG\Event03492\PL035,1.0002930859643078,0.0002580532806039,-0.0012798819661312,1.000445458932508,-122991.14708257237,-174434.50366264087,200,0.5,0.14,210,70,-62482.353465164255,-109991.02218553978,10961.5,-62473.6751757364,-109980.3815431548,10961.5,-0.0413,-0.0507,60483.1,64502.8,1.000293904772915,1.00044549221343,1.0007390057323167,0.0007390057323166666,0.0004454922134300432,-0.07331030869363296,-0.0010215677107442112,213434.3419619224,OK,1,1
4,UTS,IMG,7378,37,j:OK,K:\NINJA\E71a\ManualCheck\ScanData\UTS\ECC4\IMG\Event07378\PL037,1.0002308400362003,0.0039068064571301,-0.0041760571726793,1.0003977689449337,-3592.910911140678,-96386.49200815466,200,0.5,0.14,210,70,55895.53766305429,-25249.39576169377,10965.0,55935.553592869685,-25168.44825789913,10965.0,-0.189,-0.3861,59235.7,71437.0,1.0002395577125673,1.000405397449801,1.0006450158492592,0.000645015849259245,0.0004053974498010593,-0.23921384060940715,-0.00026983591578848043,96453.43358560884,OK,1,1
4,UTS,IMG,8322,37,j:OK,K:\NINJA\E71a\ManualCheck\ScanData\UTS\ECC4\IMG\Event08322\PL037,1.000256085447639,-0.0022696445038021,0.001902740604455,1.0003357704362426,-123096.59699452596,-20421.96676605909,200,0.5,0.14,210,70,-7314.056984803571,17539.72801671967,10958.5,-7310.0052861773,17735.18617180686,10947.25,-0.0214,-0.9304,115843.0,37924.0,1.0002578951934558,1.0003383452114814,1.000596260414559,0.0005962604145590689,0.0003383452114813501,0.10899096364644291,-0.0003666276080484929,124779.1205219317,OK,2,2
4,UTS,IMG,450,37,j:OK,K:\NINJA\E71a\ManualCheck\ScanData\UTS\ECC4\IMG\Event00450\PL037,1.0002615680633402,-0.002071409504906,0.0019132473344878,1.0003605094115382,-3354.830329357505,-20235.277666100308,200,0.5,0.14,210,70,37980.02740277278,16184.896833265431,10969.0,38021.29418092563,16230.9216060201,10955.25,-0.19691,-0.21871,41440.63,36373.8,1.0002633978407363,1.000362654004761,1.0006261348913408,0.0006261348913407794,0.0003626540047609872,0.1095921979256273,-0.0001579153630312056,20511.493089557254,OK,1,1
4,UTS,IMG,3492,37,j:OK,K:\NINJA\E71a\ManualCheck\ScanData\UTS\ECC4\IMG\Event03492\PL037,1.000270016647185,0.0014560033999564,-0.0017453150817374,1.0003656833521792,-123240.4073395612,-175424.4366004538,200,0.5,0.14,210,70,-61365.05055533652,-110293.87490369802,10949.75,-61356.3596502618,-110283.19713202635,10949.75,-0.0413,-0.0509,61772.4,65225.2,1.000271539297252,1.0003667429370957,1.0006383399246497,0.0006383399246496779,0.0003667429370957098,-0.09997209249318582,-0.0002893720394453084,214387.33861356555,OK,1,1
4,UTS,IMG,450,39,j:OK,K:\NINJA\E71a\ManualCheck\ScanData\chk_UTS\ECC4_0918\IMG\Event00450\PL039,1.000202015552314,-0.0066143331328211,0.0056607965684965,1.0000916993161484,160807.8587413807,-34692.16290397841,200,0.5,0.14,210,70,207384.0662540064,3889.078755788744,4859.0,207425.30831324667,3935.3291131338415,4859.0,-0.1978,-0.2191,46861.7,38358.7,1.0002180344968297,1.0001135717726528,1.0003311757874516,0.0003311757874515653,0.00021803449682966658,0.3242707813340772,-0.0009540372829426749,164507.4879753017,OK,1,1
4,UTS,IMG,2069,39,j:OK,K:\NINJA\E71a\ManualCheck\ScanData\chk_UTS\ECC4_0918\IMG\Event02069\PL039,1.0003083004780329,4.38374362692688e-05,-0.0010892701769049,1.000237448544653,41733.01661298774,-110947.76816306644,200,0.5,0.14,210,70,102649.87469319724,-73028.74869064878,4851.75,102665.40197700636,-72996.85272145305,4851.75,-0.07391,-0.15193,60911.94,38008.24,1.0003088935497717,1.0002374495052853,1.0005458699789977,0.0005458699789977484,0.0003088935497717049,-0.06239132394276917,-0.0010451068076501088,118537.13315238162,OK,2,2
4,UTS,IMG,3284,41,j:OK,K:\NINJA\E71a\ManualCheck\ScanData\chk_UTS\ECC4_0918\IMG\Event03284\PL041,1.0006040321663434,-0.0066440526413761,0.005481858878719,1.0001506336818726,142131.00780278153,-189945.370774504,200,0.5,0.14,210,70,221308.6230825745,-137800.64040799285,4859.75,221338.37651530607,-137778.25524682482,4859.75,-0.1423,-0.1058,79503.0,51723.5,1.0006190483717121,1.000172701831915,1.000791178594768,0.0007911785947680716,0.0006190483717121165,0.313894632845893,-0.0011644591463215016,237235.0464364364,OK,2,2
4,UTS,IMG,2069,41,k:Retake,K:\NINJA\E71a\ManualCheck\ScanData\PatternMatchFailed\UTS\ECC4\IMG\Event02069\PL041,1.042843396137893,0.0960184581313294,0.0799340464790629,1.1619490353663091,14440.595131175032,-122215.34010078503,200,0.5,0.14,210,70,81113.8276102696,-71382.90253313503,4847.75,81133.40865401035,-71344.7653739869,4847.75,-0.0755,-0.1511,60303.8,39631.9,1.04590238581568,1.1659095612827841,1.2040557342854328,0.20405573428543278,0.1659095612827841,4.383156382711202,0.15828041325963108,123065.51159318791,FAIL,2,2
4,UTS,IMG,3284,43,j:OK,K:\NINJA\E71a\ManualCheck\ScanData\chk_UTS\ECC4_0918\IMG\Event03284\PL043,1.0002359090240254,-0.0030586137614939,0.0028148660337529,1.000356501364286,136387.99549309176,-189865.985949604,200,0.5,0.14,210,70,219011.46247585537,-137984.59723160302,4881.75,219041.24236664333,-137962.22428997885,4881.75,-0.1421,-0.1061,82791.7,51652.3,1.0002398698171886,1.0003611772454672,1.0006011040781881,0.0006011040781881416,0.00036117724546724794,0.16124147954598825,-0.00024331951118942993,233775.0584113687,OK,2,2
4,UTS,IMG,10856,44,l:?,K:\NINJA\E71a\ManualCheck\ScanData\PatternMatchFailed\UTS\ECC4\IMG\Event10856\PL044_chk,0.9979646365006856,-0.0055571356682683,-0.0342409249575449,1.0296158797903368,139553.97466726048,-32375.27251359715,200,0.5,0.14,210,70,173908.9950378055,14381.88254329016,4869.75,173905.99508777162,14333.63697471838,4869.75,0.01556,0.22365,34681.12,46518.73,0.998551879797887,1.0296308764179836,1.027329955744901,0.027329955744900936,0.029630876417983565,-1.9650908516797785,-0.03968411988452654,143260.14838663285,FAIL,1,1
4,UTS,IMG,9343,44,j:OK,K:\NINJA\E71a\ManualCheck\ScanData\chk_UTS\ECC4_0918\IMG\Event09343\PL044,1.0002020533583715,-0.0039277480879817,0.0036664619163633,1.000369563303566,140338.30032810272,-188214.1259570137,200,0.5,0.14,210,70,165603.34031325465,-103777.55387456514,4874.0,165593.46313627326,-103754.33625639984,4874.0,0.04659,-0.11069,25581.24,84334.83,1.0002087734494667,1.0003772740267594,1.0005860922722258,0.0005860922722258355,0.0003772740267593555,0.21002941545998877,-0.0002605720684052327,234775.2025848202,OK,1,1
4,UTS,IMG,10856,45,k:Retake,K:\NINJA\E71a\ManualCheck\ScanData\PatternMatchFailed\UTS\ECC4\IMG\Event10856\PL045,0.9998045869959684,-0.0879541987799506,0.001851626922476,0.9278172243288288,151158.5895030178,-30069.922318291105,200,0.5,0.14,210,70,182492.7965807165,11549.06833856378,4872.25,182493.5690617003,11505.476047350025,4872.25,0.016,0.2237,35276.9,44739.5,0.9998063015906826,0.9319767930824648,0.9277987751402363,0.07220122485976366,0.06802320691753516,0.1061110220726647,-0.09252992606738421,154120.47044039902,FAIL,1,1
4,UTS,IMG,9343,45,j:OK,K:\NINJA\E71a\ManualCheck\ScanData\chk_UTS\ECC4_0918\IMG\Event09343\PL045,1.0002000497229917,-0.003572627224552,0.0032176712109691,1.0002501480181183,151345.12207428733,-187332.14870008745,200,0.5,0.14,210,70,175349.40836993302,-104069.37716877322,4878.25,175339.68416371316,-104046.09235295572,4878.25,0.0459,-0.111,24286.9,83187.1,1.0002052253782205,1.0002565282344091,1.0004617433229195,0.0004617433229194834,0.00025652823440913686,0.18432147080062333,-0.0003547020189807932,240829.1508772819,OK,1,1
4,UTS,IMG,8782,48,j:OK,K:\NINJA\E71a\ManualCheck\ScanData\chk_UTS\ECC4_0918\IMG\Event08782\PL048,1.000176508152888,-0.0082170913862251,0.0072154700350185,1.0002588433965778,139585.36298623754,-34458.758102889435,200,0.5,0.14,210,70,182839.02019697512,-24614.78134816071,4883.25,182880.95648318075,-24631.389189415568,4870.500000000001,-0.199,0.0805,43366.1,9512.0,1.0002025347242078,1.000292594386217,1.0004946874141079,0.0004946874141078528,0.0002925943862170932,0.4133358512582572,-0.0010007085188362878,143775.7961897382,OK,1,1
4,UTS,IMG,9589,48,j:OK,K:\NINJA\E71a\ManualCheck\ScanData\chk_UTS\ECC4_0918\IMG\Event09589\PL048,1.0003269830419153,0.0048546808525268,-0.006130470815825,1.0002844553938566,140297.30778849815,-109850.95333232764,200,0.5,0.14,210,70,189616.87891883656,-55872.47665610769,4881.5,189543.0449294111,-55749.76576454935,4881.5,0.3543,-0.582,48965.7,54385.9,1.0003457680593064,1.000296235936517,1.0006412929271484,0.0006412929271484291,0.0003457680593064172,-0.35113089299685746,-0.0012751276428241236,178186.88650044316,OK,1,1
4,UTS,IMG,2899,48,j:OK,K:\NINJA\E71a\ManualCheck\ScanData\chk_UTS\ECC4_0918\IMG\Event02899\PL048,1.0005023020410688,-0.0024489718021633,0.0011862242755119,1.0003353903266086,141530.65619854917,-190097.8908967776,200,0.5,0.14,210,70,201791.78863283855,-137690.3452715207,4885.25,201800.38683892236,-137720.65463069177,4885.25,-0.04057,0.14433,60367.46,52288.09,1.0005030052516133,1.0003383880481524,1.000840765864725,0.0008407658647249239,0.0005030052516132866,0.06793149056967007,-0.0012625173135362136,236998.1746077279,OK,1,1
4,UTS,IMG,5414,48,k:Retake,K:\NINJA\E71a\ManualCheck\ScanData\PatternMatchFailed\UTS\ECC4\IMG\Event05414\PL048,1.0010812948893322,0.0734600913561308,0.0073911032433726,0.985228374577622,18425.024770615822,-34956.22882511374,200,0.5,0.14,210,70,108869.69001470377,-20758.479555802776,4862.25,108836.71824324236,-20835.39645272462,4862.25,0.12963,0.37079,89311.47,13662.54,1.0011085792182866,0.9879632255782166,0.985750745864397,0.014249254135602962,0.012036774421783414,0.42301392456889486,0.08171554179330842,39514.800663441536,FAIL,1,1
4,UTS,IMG,5414,50,j:OK,K:\NINJA\E71a\ManualCheck\ScanData\chk_UTS\ECC4_0918\IMG\Event05414\PL050,1.000202026486597,-0.0029926484338241,0.0021663262036947,1.0002392788316918,32274.863893649628,-33972.424668567124,200,0.5,0.14,210,70,125596.32113014128,-21861.011670150645,4867.0,125569.4163660788,-21938.852053952996,4867.0,0.1292,0.3703,93311.1,11828.6,1.0002043724944998,1.0002437557227695,1.0004478367116711,0.0004478367116711457,0.00024375572276946755,0.12409608373759266,-0.0008260382561731676,46859.283788968394,OK,2,2
4,UTS,IMG,2899,50,j:OK,K:\NINJA\E71a\ManualCheck\ScanData\chk_UTS\ECC4_0918\IMG\Event02899\PL050,1.000625965451027,0.0045598851831416,-0.0055340748803105,1.000220168668991,153051.98297743386,-189655.14196358083,200,0.5,0.14,210,70,217686.15795851464,-138165.8231274612,4877.75,217694.59285631316,-138196.24322905656,4877.75,-0.0408,0.1446,64366.1,51803.7,1.0006412687469874,1.0002305626029973,1.0008715066840475,0.0008715066840474517,0.0006412687469874445,-0.31687754690897896,-0.0009717064886350012,243708.8065018388,OK,1,1
4,UTS,IMG,11369,52,j:OK,K:\NINJA\E71a\ManualCheck\ScanData\chk_UTS\ECC4_0918\IMG\Event11369\PL052,1.0001943639960058,-0.0028315492879871,0.0026427546767027,1.0002210040170243,-188409.24654693285,-195026.4346910718,200,0.5,0.14,210,70,-105929.00996695511,-119570.5574544384,7356.75,-105954.35414026162,-119672.78545685434,7356.75,0.12204,0.48637,82651.53,75118.62,1.0001978553874507,1.0002250119589065,1.000422894058377,0.0004228940583770324,0.00022501195890645143,0.15138891233764423,-0.00018868110763999339,271170.34205955087,OK,1,1
4,UTS,IMG,4089,52,j:OK,K:\NINJA\E71a\ManualCheck\ScanData\chk_UTS\ECC4_0918\IMG\Event04089\PL052,1.000210276427936,-0.0032925093283681,0.0029781636044814,1.0003506660626398,-309345.2253161299,-39594.49873166787,200,0.5,0.14,210,70,-250077.14149542333,11123.114191669947,7298.5,-250089.9510570033,11083.833910217254,7298.5,0.0616,0.1868,59409.0,50483.7,1.0002147102150132,1.000356084456752,1.000570821858832,0.0005708218588320602,0.00035608445675205935,0.17059982784504685,-0.00031381457240360025,311868.8710911995,OK,2,2
4,UTS,IMG,1751,52,j:OK,K:\NINJA\E71a\ManualCheck\ScanData\chk_UTS\ECC4_0918\IMG\Event01751\PL052,1.0002157341611,-0.0048061698838414,0.0044757414146947,1.0003096729406349,-309143.1000160365,-116445.12965372036,200,0.5,0.14,210,70,-247078.7923781262,-71227.2664518474,7314.25,-247115.41113627583,-71182.07629724324,7314.25,0.1733,-0.2159,62230.4,44970.6,1.0002257480812216,1.0003212189329747,1.000546985082362,0.0005469850823620614,0.000321218932974654,0.25638407084564263,-0.00032989884046306234,330346.67322011414,OK,1,1
4,UTS,IMG,4089,53,j:OK,K:\NINJA\E71a\ManualCheck\ScanData\chk_UTS\ECC4_0918\IMG\Event04089\PL053,1.000262686176,4.116727153364328e-05,-0.0003589332537825,1.000313047846207,-301701.46840777324,-38031.60230883654,200,0.5,0.14,210,70,-244239.6055020436,10665.774144351246,7289.25,-244252.37847179492,10626.517440396114,7289.25,0.0608,0.1869,57432.0,48663.5,1.0002627505756214,1.000313048693314,1.0005758310318513,0.000575831031851326,0.00031304869331405527,-0.02055995886895896,-0.000317684582776495,304089.0968344378,OK,1,1
4,UTS,IMG,11369,53,j:OK,K:\NINJA\E71a\ManualCheck\ScanData\chk_UTS\ECC4_0918\IMG\Event11369\PL053,1.0003195665165536,0.0027419388357033,-0.0030892872009264,1.0003564263505866,-182902.75393461937,-193269.70489665493,200,0.5,0.14,210,70,-100126.63523838996,-120278.60784203354,7344.5,-100151.99807235054,-120380.9838853638,7344.5,0.1194,0.4877,82523.9,73117.6,1.0003243368284487,1.0003601841184482,1.0006845774056183,0.0006845774056183362,0.0003601841184481813,-0.17694600957195591,-0.0003473354377848836,266095.0886952031,OK,1,1
4,UTS,IMG,1751,53,k:Retake,K:\NINJA\E71a\ManualCheck\ScanData\PatternMatchFailed\UTS\ECC4\IMG\Event01751\PL053,1.0006229302273146,0.078368488934797,0.0028770818930855,1.0888257423632992,-304457.39557236986,-116512.97169065075,200,0.5,0.14,210,70,-239513.8529270276,-69381.7593469648,7317.25,-239546.80279221025,-69332.54375462918,7317.25,0.1737,-0.2157,61489.2,43169.0,1.000627066442297,1.091642394418114,1.0892785322699927,0.08927853226999272,0.09164239441811395,0.16474157301080547,0.07465708833854624,325990.15060412005,FAIL,1,1
4,UTS,IMG,9693,54,j:OK,K:\NINJA\E71a\ManualCheck\ScanData\chk_UTS\ECC4_0918\IMG\Event09693\PL054,1.0002090989893684,0.0129607390630834,-0.0131079894680948,0.9971003246283536,-180510.1209759165,-113228.29267614384,200,0.5,0.14,210,70,-105160.45596993896,-37805.56370573763,7349.25,-105279.88829969318,-37812.50752363948,7349.25,0.56808,0.04063,74221.78,76610.83,1.0002949870358342,0.9971845557022178,0.9974787065296699,0.0025212934703301437,0.0028154442977822436,-0.750832484542897,-0.00010680068861065939,213083.43445020428,OK,1,1
4,UTS,IMG,4089,54,j:OK,K:\NINJA\E71a\ManualCheck\ScanData\chk_UTS\ECC4_0918\IMG\Event04089\PL054,1.0002525702985223,0.0003834092278698,-0.0008955226334255,1.0002433116784213,-299105.6702791842,-37859.05246194054,200,0.5,0.14,210,70,-244136.87434564275,9696.242415282535,7307.75,-244149.76566956376,9656.932378276697,7307.75,0.0613,0.1872,54923.8,47553.6,1.0002529711775852,1.0002433851618573,1.0004962867818883,0.0004962867818882888,0.0002529711775851595,-0.051296697622309415,-0.0005119803026963148,301492.1389464011,OK,1,1
4,UTS,IMG,1751,54,j:OK,K:\NINJA\E71a\ManualCheck\ScanData\chk_UTS\ECC4_0918\IMG\Event01751\PL054,1.000264725121749,0.0040499046129154,-0.0045685871813358,1.0003629500661562,-299522.9468692249,-113771.11494919698,200,0.5,0.14,210,70,-241610.86146126303,-71160.08580851463,7324.5,-241647.4170760148,-71114.68859881471,7324.5,0.1749,-0.2153,57686.5,42904.4,1.0002751582998157,1.0003711479208286,1.0006462736122057,0.0006462736122057056,0.00037114792082859616,-0.2616896678296313,-0.0005189331832082193,320402.6565089745,OK,3,3
4,UTS,IMG,11369,54,j:OK,K:\NINJA\E71a\ManualCheck\ScanData\chk_UTS\ECC4_0918\IMG\Event11369\PL054,1.000335266932276,0.0081369520549274,-0.0084896164572482,1.0002821281736831,-180283.516549889,-192693.42907466597,200,0.5,0.14,210,70,-100312.02806083923,-122091.30785364474,7350.75,-100337.54127824956,-122193.12414858598,7350.75,0.1175,0.4857,79340.4,71153.8,1.0003712909995264,1.0003152232833492,1.0006865692962836,0.0006865692962836345,0.0003712909995263747,-0.48624449332997866,-0.00035208975549918105,263880.47284357256,OK,1,1
4,UTS,IMG,3542,55,j:OK,K:\NINJA\E71a\ManualCheck\ScanData\chk_UTS\ECC4_0918\IMG\Event03542\PL055,1.000226103714288,-0.0033377651712178,0.0026278118795962,1.0004560457679623,-300754.41443456453,-113911.68941875694,200,0.5,0.14,210,70,-247800.77627334232,-45449.42081900103,7314.25,-247765.396894466,-45457.83682291502,7314.25,-0.1683,0.0405,53204.9,68282.9,1.0002295556254777,1.0004616135514672,1.0006910236148607,0.0006910236148607307,0.0004616135514672326,0.15052814867518796,-0.0007090194427209338,321603.93465894216,OK,2,2
4,UTS,IMG,9693,55,j:OK,K:\NINJA\E71a\ManualCheck\ScanData\chk_UTS\ECC4_0918\IMG\Event09693\PL055,1.0003253725208043,0.0011254858433588,-0.0015533692045316,1.000169594089812,-180538.68207911588,-113508.63689827324,200,0.5,0.14,210,70,-105682.4044182013,-37047.1037857147,7361.0,-105801.83620422782,-37053.97553338812,7361.0,0.5685,0.0336,74626.4,76557.6,1.000326578605593,1.0001702273414077,1.000496770086922,0.0004967700869220604,0.00032657860559304197,-0.08897247870667639,-0.00042756815906939846,213256.7147298488,OK,1,1
4,UTS,IMG,11369,55,j:OK,K:\NINJA\E71a\ManualCheck\ScanData\chk_UTS\ECC4_0918\IMG\Event11369\PL055,1.0003575494863646,0.0057943340600066,-0.0064437592528912,1.0001805485752973,-181230.55499761837,-193714.0593774781,200,0.5,0.14,210,70,-100503.486801758,-121844.40396301688,7357.5,-100528.99149476648,-121946.04885224676,7357.5,0.1186,0.4847,80254.1,72272.1,1.000378302867307,1.0001973325577216,1.0005754999104257,0.0005754999104257141,0.000378302867307001,-0.3690631448493344,-0.0006481437004109398,265272.7857607069,OK,1,1
4,UTS,IMG,2115,56,j:OK,K:\NINJA\E71a\ManualCheck\ScanData\chk_UTS\ECC4_0918\IMG\Event02115\PL056,1.0002473172331,0.0028580805687479,-0.003584407392011,1.0003043002604517,-302770.0652702289,-36579.5908542286,200,0.5,0.14,210,70,-179920.4868064578,-11752.791963504656,7350.0,-180013.53530944895,-11761.90939399224,7350.0,0.44285,0.04499,122654.03,25249.64,1.0002537396122873,1.000308383321908,1.0005619372773675,0.0005619372773675302,0.0003083833219079679,-0.20531975740938513,-0.0007263023787310872,304971.76736675383,OK,1,1
4,UTS,IMG,9693,56,j:OK,K:\NINJA\E71a\ManualCheck\ScanData\chk_UTS\ECC4_0918\IMG\Event09693\PL056,1.0002827034626462,0.0046587479997032,-0.005144390566728,1.0003841147375232,-182510.7360850103,-113732.09186989815,200,0.5,0.14,210,70,-111559.07085932908,-37253.21760411346,7350.5,-111678.50274790933,-37259.935364254765,7350.5,0.5684,0.0349,70454.5,76805.1,1.0002959320125437,1.0003949624783717,1.0006908932099983,0.0006908932099982668,0.0003949624783716743,-0.2946659658837391,-0.00048596575120499343,215046.87281473135,OK,1,1
4,UTS,IMG,4606,56,j:OK,K:\NINJA\E71a\ManualCheck\ScanData\chk_UTS\ECC4_0918\IMG\Event04606\PL056,1.0003952287590905,0.0031709613637771,-0.0036681174509168,1.0002701039288426,-182950.94715328165,-37009.97663575912,200,0.5,0.14,210,70,-108306.55457147748,468.92371109771886,7347.25,-108333.89215986452,391.64865610301786,7347.25,0.12896,0.36835,74468.19,37664.61,1.0004019536214364,1.0002751300566202,1.0006770708994883,0.000677070899488319,0.00040195362143635727,-0.2100836757296988,-0.0004965573391661115,186656.87084825538,OK,1,1
4,UTS,IMG,3679,56,l:?,K:\NINJA\E71a\ManualCheck\ScanData\PatternMatchFailed\UTS\ECC4\IMG\Event03679\PL056_chk,1.033112453769398,0.0253516005900483,-0.0704596248260668,0.9532284270343476,-307067.4360261107,-105249.5976445476,200,0.5,0.14,210,70,-182530.2930301269,-102361.75741175465,7352.5,-182524.56224871235,-102375.10321118977,7352.5,-0.028,0.0646,120259.0,11904.7,1.0355123856642454,0.9535654868748418,0.9865784235225137,0.013421576477486319,0.04643451312515823,-3.9016054881392237,-0.04149469820392388,324604.20217857434,FAIL,2,2
4,UTS,IMG,3542,57,j:OK,K:\NINJA\E71a\ManualCheck\ScanData\chk_UTS\ECC4_0918\IMG\Event03542\PL057,1.0003003692291998,-0.0089089807446483,0.0079996999449203,1.0003170644372903,-308709.7893048583,-116552.86368048372,200,0.5,0.14,210,70,-254362.3410603348,-46328.41523378454,7319.25,-254326.91148641528,-46336.66120368078,7319.25,-0.1683,0.0406,54987.8,69754.2,1.0003323567091502,1.0003567360408718,1.000688798075663,0.0006887980756629108,0.0003567360408718301,0.4582016434070161,-0.0009087940119309073,329979.24790018453,OK,2,2
4,UTS,IMG,9693,57,j:OK,K:\NINJA\E71a\ManualCheck\ScanData\chk_UTS\ECC4_0918\IMG\Event09693\PL057,1.0003454310934718,-0.0082785752972172,0.0075104384460585,1.000189746536848,-188019.16678178,-115813.98602140746,200,0.5,0.14,210,70,-114930.98647799416,-37068.17034579249,7356.75,-115050.58677425318,-37075.95802137181,7356.75,0.5696,0.0328,73590.3,78170.5,1.0003736243000594,1.0002240068536625,1.0005974189048643,0.0005974189048643108,0.0003736243000593831,0.43015974965172504,-0.0007691117392842204,220825.91884894663,OK,1,1
4,UTS,IMG,2115,57,j:OK,K:\NINJA\E71a\ManualCheck\ScanData\chk_UTS\ECC4_0918\IMG\Event02115\PL057,1.0005283424868257,-0.0071428066703979,0.0066582639356778,1.000130894307439,-188305.96225760315,-39136.074524172174,200,0.5,0.14,210,70,-183388.36403512483,-12113.152202834985,7349.75,-183481.39789839005,-12123.054975913425,7349.75,0.4431,0.0442,5014.6,26976.1,1.000550496775686,1.000156400487108,1.0007068646433415,0.0007068646433414649,0.0005504967756859713,0.38128334283890875,-0.00048710068203543336,192329.84103077563,OK,2,2
4,UTS,IMG,2274,58,j:OK,K:\NINJA\E71a\ManualCheck\ScanData\chk_UTS\ECC4_0918\IMG\Event02274\PL058,1.0000748548187923,0.0072260447240096,-0.0076901556065797,1.0003192470907818,-2211.7017161657195,-55248.08556562264,200,0.5,0.14,210,70,73965.73166142826,20187.09087987463,8913.5,73879.03673041478,20117.04503349759,8888.5,0.41037,0.3366,75536.47,75921.78,1.000104421415125,1.0003453462792848,1.000449695215105,0.0004496952151049616,0.00034534627928484163,-0.44057179700342747,-0.0004658155125396359,55292.33747227233,OK,1,1
4,UTS,IMG,2115,58,j:OK,K:\NINJA\E71a\ManualCheck\ScanData\chk_UTS\ECC4_0918\IMG\Event02115\PL058,1.0002131749197836,0.0068786026091588,-0.0070956079445689,1.000150888854014,-1887.8713264038824,21284.48799891057,200,0.5,0.14,210,70,7422.004192541434,48371.544871871054,8901.25,7328.824755696768,48362.52296254644,8877.749999999998,0.4433,0.0461,9028.1,27138.0,1.0002383430639001,1.0001745425921063,1.0004129038068381,0.00041290380683811634,0.00023834306390013715,-0.40645492250280385,-0.0002165202308969248,21368.04828525118,OK,2,2
4,UTS,IMG,1936,58,j:OK,K:\NINJA\E71a\ManualCheck\ScanData\chk_UTS\ECC4_0918\IMG\Event01936\PL058,1.034976880523527,-0.0234289449309278,-0.129692670152958,0.9822926682151104,-122044.12171207604,-44853.277227096194,200,0.5,0.14,210,70,-50177.44445298026,-41694.69494637921,8883.5,-50191.98043339967,-41723.85686784234,8863.5,0.07029,0.15065,69704.36,12388.94,1.0430711058741946,0.9825720337409046,1.0136116390834484,0.013611639083448424,0.043071105874194604,-7.142488705334189,-0.14796144539195097,130025.32108202147,OK,1,1
4,UTS,IMG,2274,59,j:OK,K:\NINJA\E71a\ManualCheck\ScanData\chk_UTS\ECC4_0918\IMG\Event02274\PL059,1.0001661905562196,-0.006508627457558,0.0061469713131296,1.000237309578983,8656.225918604227,-196091.25325881803,200,0.5,0.14,210,70,80745.66565116559,-122790.8836200278,12977.75,80659.75759226386,-122861.844132974,12977.75,0.4112,0.3353,72465.1,72766.7,1.0001850798667538,1.000258485445229,1.0004435479200828,0.00044354792008283184,0.0002584854452289953,0.3521325575666828,-0.0003611188845846643,196282.2199073768,OK,1,1
4,UTS,IMG,2115,59,j:OK,K:\NINJA\E71a\ManualCheck\ScanData\chk_UTS\ECC4_0918\IMG\Event02115\PL059,1.0001767741559886,-0.0062307224169632,0.0060248675954922,1.0002433536629274,8374.859503247719,-119585.34894059588,200,0.5,0.14,210,70,13867.044254835677,-95111.17886439362,12977.5,13774.05839085,-95121.46472395369,12977.5,0.443,0.0463,5550.4,24424.5,1.00019492029835,1.0002627597030178,1.0004577101151408,0.00045771011514084137,0.00026275970301781193,0.3451342992874822,-0.00020539606237951979,119878.24637082082,OK,2,2
4,UTS,IMG,5851,59,k:Retake,K:\NINJA\E71a\ManualCheck\ScanData\PatternMatchFailed\UTS\ECC4\IMG\Event05851\PL059,1.0159723342684386,0.0888025701932424,0.1095711077257148,0.9367970782045034,-113530.00789467416,-284529.5523375675,200,0.5,0.14,210,70,-27084.303150143343,-214294.74266811635,12968.5,-27143.250274675,-214275.05284603115,12968.5,0.28798,-0.13377,79284.21,65721.0,1.0218637930992076,0.9409966324091814,0.9420297182943181,0.05797028170568186,0.05900336759081859,6.155472933693089,0.20057486221575527,306343.1553764199,FAIL,1,1
4,UTS,IMG,1936,59,k:Retake,K:\NINJA\E71a\ManualCheck\ScanData\PatternMatchFailed\UTS\ECC4\IMG\Event01936\PL059,1.149147010653094,0.0125031176131462,0.005945050771759,1.1369561550737464,-122066.75198060772,-206358.0875378023,200,0.5,0.14,210,70,-45245.90694661954,-194789.1029593998,12965.25,-45263.31522914444,-194825.1244751576,12965.25,0.0705,0.1505,66728.6,9794.8,1.149162388751747,1.1370249014468088,1.3064554351776159,0.30645543517761586,0.14916238875174703,0.2964140150915725,0.01616926207229608,239758.11191981487,FAIL,1,1
4,UTS,IMG,1936,60,k:Retake,K:\NINJA\E71a\ManualCheck\ScanData\PatternMatchFailed\UTS\ECC4\IMG\Event01936\PL060,0.885147732234801,-0.0174293348985083,0.1162820059563535,0.9683314324358466,-107126.52933439174,-204265.0275338744,200,0.5,0.14,210,70,-47902.31340044739,-184029.5890813636,12973.75,-47915.24184866946,-184061.80091014577,12973.75,0.0725,0.1497,67146.3,12800.7,0.8927530525232857,0.9684882780696228,0.8591430894967497,0.14085691050325033,0.10724694747671426,7.484098701434365,0.11238681471897989,230651.89086726942,FAIL,1,1
4,UTS,IMG,9177,60,j:OK,K:\NINJA\E71a\ManualCheck\ScanData\chk_UTS\ECC4_0918\IMG\Event09177\PL060,1.0002915649835926,-0.0020373393300313,0.0015730987874583,1.0003186984785275,-117444.72066835396,-120297.94404079633,200,0.5,0.14,210,70,-25053.766827419466,-109238.94729081166,12970.75,-25100.54793543037,-109218.16114803312,12970.75,0.2225,-0.0993,92339.52,10931.04,1.0002928019420714,1.0003207731909405,1.0006135613194664,0.000613561319466438,0.00032077319094048207,0.09010557534334411,-0.0004640484430212178,168121.5564801559,OK,1,1
4,UTS,IMG,2274,60,j:OK,K:\NINJA\E71a\ManualCheck\ScanData\chk_UTS\ECC4_0918\IMG\Event02274\PL060,1.0003582463464311,0.0034960367821046,-0.0040035776094728,1.000155546754814,4743.038018547496,-199718.0940249324,200,0.5,0.14,210,70,76539.77156417147,-123300.48865173296,12985.75,76453.39374513862,-123370.79893214571,12985.75,0.41,0.3364,71416.9,76621.3,1.0003662577611172,1.000161656922321,1.0005278454798845,0.0005278454798844923,0.00036625776111720576,-0.22930472769177004,-0.0005066436338578298,199774.40649541953,OK,1,1
4,UTS,IMG,5851,60,k:Retake,K:\NINJA\E71a\ManualCheck\ScanData\PatternMatchFailed\UTS\ECC4\IMG\Event05851\PL060,1.0437200684411467,0.0689126680847157,0.0759663310595846,1.146575918139348,-121849.7060365088,-288164.0574503528,200,0.5,0.14,210,70,-34786.285378354136,-202650.0892472985,12978.25,-34847.219346746526,-202621.87337366084,12978.25,0.287,-0.1362,78776.7,69387.3,1.0464809910941748,1.1486449807837247,1.191469253195448,0.19146925319544805,0.14864498078372468,4.162886858298264,0.13229788000141757,312867.184069269,FAIL,1,1
4,UTS,IMG,2274,61,j:OK,K:\NINJA\E71a\ManualCheck\ScanData\chk_UTS\ECC4_0918\IMG\Event02274\PL061,1.0001651198512629,0.0041131402911644,-0.0043330145649234,1.0003910453129368,15571.910754739994,-197084.1453642489,200,0.5,0.14,210,70,84829.20269287264,-123525.93398696076,12984.0,84743.15280691985,-123596.7592915968,12984.0,0.4083,0.3389,68856.5,73756.9,1.0001745057650244,1.000399500932185,1.0005740520303328,0.0005740520303327834,0.00039950093218510396,-0.24822090775325345,-0.00022076278297595184,197698.36812303227,OK,2,2
4,UTS,IMG,5851,61,j:OK,K:\NINJA\E71a\ManualCheck\ScanData\chk_UTS\ECC4_0918\IMG\Event05851\PL061,1.0001895223166857,-0.0103331369297468,0.0100018878138556,1.000269903780521,-104388.67069289114,-276085.5688610788,200,0.5,0.14,210,70,-28468.67314877544,-208484.7331128721,12979.75,-28529.187107728023,-208456.72557674383,12979.75,0.2867,-0.1362,76535.7,66845.3,1.0002395304685376,1.0003232748106492,1.000562828126333,0.0005628281263330148,0.00032327481064919894,0.572938273284103,-0.00033032199606602427,295161.3726461753,OK,1,1
4,UTS,IMG,1936,61,j:OK,K:\NINJA\E71a\ManualCheck\ScanData\chk_UTS\ECC4_0918\IMG\Event01936\PL061,1.0002076189494733,-0.0002789894084024,-0.0001113412911959,1.000335795216221,-103610.55982052509,-197179.90019862697,200,0.5,0.14,210,70,-39384.84154603699,-186720.63162015344,12974.75,-39399.64080237528,-186752.24558455343,12974.75,0.0705,0.1505,64200.5,10431.3,1.000207625146628,1.0003358341207014,1.0005434528201034,0.0005434528201033739,0.00033583412070137264,-0.006378061838213097,-0.0003902139183802701,222744.38522365293,OK,1,1
4,UTS,IMG,7277,61,k:Retake,K:\NINJA\E71a\ManualCheck\ScanData\PatternMatchFailed\UTS\ECC4\IMG\Event07277\PL061,1.0035516188624107,-0.005556999011444,-0.005152299265098,1.0204277706845106,-104950.3758636488,-116427.90700030448,200,0.5,0.14,210,70,-3569.190332702355,-80513.75125204197,12975.25,-3591.8336791116017,-80457.76048820707,12975.25,0.106,-0.26075,101197.85,35761.03,1.0035648448949785,1.0204429015982097,1.0240233098806786,0.02402330988067858,0.020442901598209717,-0.2941576730468519,-0.010579523107229002,156748.3298870923,FAIL,2,2
4,UTS,IMG,6107,65,j:OK,K:\NINJA\E71a\ManualCheck\ScanData\chk_UTS\ECC4_0918\IMG\Event06107\PL065,0.9998959588877452,-0.0581588502450096,0.0068807036035856,1.1075097474128086,129112.4676261596,-39993.509202762245,200,0.5,0.14,210,70,130245.6456139826,-436.1807393947754,6419.0,130267.55509201776,-402.596572134913,6419.0,-0.1127,-0.1437,3233.3,35727.6,0.9999196331116436,1.1090357489622256,1.107794694677316,0.10779469467731606,0.10903574896222556,0.3942700741758603,-0.04556788590916264,135164.75159917818,OK,1,1
4,UTS,IMG,12037,65,j:OK,K:\NINJA\E71a\ManualCheck\ScanData\chk_UTS\ECC4_0918\IMG\Event12037\PL065,1.0000950735763685,-0.0117842478017763,0.0115214407892106,1.0003216379749609,131104.98364842875,-194230.66962701827,200,0.5,0.14,210,70,139460.0844784741,-129954.41068475782,6431.75,139275.4965479847,-129908.27813805491,6431.75,0.8762,-0.2297,8926.2,64198.9,1.00016143686386,1.0003910474895117,1.0005525136438955,0.0005525136438955247,0.00039104748951168666,0.6600379774984675,-0.0002600779448511816,234337.51249258983,OK,1,1
4,UTS,IMG,633,65,j:OK,K:\NINJA\E71a\ManualCheck\ScanData\chk_UTS\ECC4_0918\IMG\Event00633\PL065,1.000126469782223,-0.0081268178427328,0.0078396559055002,1.000273269248274,9004.021940750536,-38616.05583982505,200,0.5,0.14,210,70,96842.98403997204,-8768.59323200389,6415.25,96836.20808135756,-8798.056253466311,6400.250000000001,0.0334,0.14,88057.7,29119.7,1.0001571955266675,1.0003062822660265,1.0004634850462932,0.00046348504629323273,0.0003062822660264697,0.44911319742290196,-0.0002859148682815474,39651.88746748386,OK,4,4
4,UTS,IMG,7399,65,j:OK,K:\NINJA\E71a\ManualCheck\ScanData\chk_UTS\ECC4_0918\IMG\Event07399\PL065,1.0001781503399902,-0.0078048756322064,0.0074749006311629,1.0003124848467595,129040.81943167966,-118247.33865712985,200,0.5,0.14,210,70,197300.443585422,-63410.39469951121,6435.0,197237.44081283885,-63317.994329803085,6435.0,0.29651,-0.44208,68608.98,54399.5,1.0002060820435807,1.0003429329104758,1.0005490315258208,0.0005490315258207534,0.00034293291047582386,0.4281960016935823,-0.00032884908280807245,175025.6157797861,OK,1,1
4,UTS,IMG,9035,68,j:OK,K:\NINJA\E71a\ManualCheck\ScanData\chk_UTS\ECC4_0918\IMG\Event09035\PL068,1.0001559492153471,-0.0068904587219124,0.0062120274925225,1.0003213949548275,2731.9504533622394,-40032.90687672768,200,0.5,0.14,210,70,77758.95175718468,13320.38836483099,6405.25,77758.77339182688,13312.740473109605,6385.499999999999,0.0011,0.0364,75379.3,52860.4,1.000175240663565,1.0003451262568186,1.0005201980104823,0.000520198010482309,0.0003451262568185953,0.35586288426587537,-0.0006771568657382246,40126.0163270711,OK,1,1
4,UTS,IMG,212,68,j:OK,K:\NINJA\E71a\ManualCheck\ScanData\chk_UTS\ECC4_0918\IMG\Event00212\PL068,1.000171832612175,-0.0068218758146568,0.0062560268589066,1.000288140807292,122671.51606262676,-115763.18030763345,200,0.5,0.14,210,70,145121.78596934525,-34176.40458185127,6441.0,145130.67725696738,-34213.06701000048,6421.0,-0.04114,0.17479,23010.39,81382.71,1.0001913979948318,1.0003114028288087,1.000502700769779,0.0005027007697790964,0.0003114028288087045,0.3583776800350123,-0.0005649344766704723,168669.54309548877,OK,3,3
4,UTS,IMG,7758,70,j:OK,K:\NINJA\E71a\ManualCheck\ScanData\chk_UTS\ECC4_0918\IMG\Event07758\PL070,0.9999270872130206,-0.0042919189687254,0.0040278596116977,1.000167488033959,124094.56357157648,-193127.8656491405,200,0.5,0.14,210,70,179022.7653176261,-113753.90357042826,6445.75,179046.19723142195,-113665.17280818988,6429.75,-0.1134,-0.422,55295.7,79226.7,0.9999351995981376,1.0001766967334291,1.000111850282031,0.00011185028203097858,0.00017669673342912695,0.23079493592554856,-0.00026304237250208463,229560.08624805073,OK,1,1
4,UTS,IMG,6357,70,j:OK,K:\NINJA\E71a\ManualCheck\ScanData\chk_UTS\ECC4_0918\IMG\Event06357\PL070,1.000000687363774,-0.0098097697322936,0.0094606375864832,1.0000841469868922,3520.091728251856,-117059.32536058711,200,0.5,0.14,210,70,82036.63338567791,-63259.45825090774,6416.499999999999,82038.74657426616,-63236.58831614585,6416.499999999999,-0.01113,-0.10879,79039.21,53070.51,1.0000454381634682,1.0001322575723175,1.0001776410847496,0.00017764108474960238,0.00013225757231749569,0.542038061563968,-0.00034828091441740694,117112.23975166345,OK,2,2
4,UTS,IMG,2395,70,j:OK,K:\NINJA\E71a\ManualCheck\ScanData\chk_UTS\ECC4_0918\IMG\Event02395\PL070,1.0000136591862503,-0.0063775003428636,0.0061032681519221,1.0002018082635906,123634.47723463584,-33283.84985869461,200,0.5,0.14,210,70,180027.3084847959,-9268.218699523084,6442.75,179985.69797378368,-9202.184902462555,6425.75,0.19613,-0.31558,56501.8,23732.03,1.0000322836994855,1.0002221402090536,1.000254393801109,0.00025439380110903187,0.00022214020905364507,0.3496823881913947,-0.0002730181481562188,128036.31759191534,OK,1,1
4,UTS,IMG,212,70,j:OK,K:\NINJA\E71a\ManualCheck\ScanData\chk_UTS\ECC4_0918\IMG\Event00212\PL070,1.0000270739509427,-0.003605030569197,0.0034046094673196,1.0001884476784673,122826.23582952014,-115988.96087617724,200,0.5,0.14,210,70,139369.40097520893,-34592.27093523172,6437.25,139378.24831750366,-34628.89316972539,6419.75,-0.0415,0.1745,16844.6,81287.4,1.0000328694600538,1.0001949445557434,1.000227800452639,0.0002278004526390376,0.00019494455574342595,0.19506371855992294,-0.00019983158783100108,168937.0393169724,OK,1,1
4,UTS,IMG,212,71,l:?,K:\NINJA\E71a\ManualCheck\ScanData\PatternMatchFailed\UTS\ECC4\IMG\Event00212\PL071_chk,0.9463298584766878,-0.0294488921019594,0.005398619733566,0.9974214110003452,22273.365620142948,-191950.01722954123,200,0.5,0.14,210,70,38079.49283926394,-109103.6327583528,13853.5,38088.64163914186,-109140.17912902632,13853.5,-0.0406,0.1747,19292.6,82919.5,0.9463452573662192,0.9978560559359012,0.9440486460836083,0.05595135391639172,0.05365474263378078,0.3268572450378904,-0.023809464991924996,193237.9671039564,FAIL,1,1
4,UTS,IMG,6357,71,j:OK,K:\NINJA\E71a\ManualCheck\ScanData\chk_UTS\ECC4_0918\IMG\Event06357\PL071,1.0000145499663866,-0.0157160657745217,0.0153993075333911,1.0000955920327423,-104462.34918486104,-192511.86614900263,200,0.5,0.14,210,70,-23361.34972904458,-137609.5835426358,13837.25,-23359.25111389137,-137586.7375264653,13837.25,-0.0117,-0.1086,81945.2,53658.1,1.0001331105492821,1.00021906996755,1.0003521599200667,0.00035215992006665253,0.00021906996754994523,0.882232760885608,-0.0003154037699893437,219027.85440530468,OK,3,3
4,UTS,IMG,7758,71,j:OK,K:\NINJA\E71a\ManualCheck\ScanData\chk_UTS\ECC4_0918\IMG\Event07758\PL071,1.0001150919240254,-0.0049352322056927,0.0046488795467904,1.0001231457966056,16129.387143396703,-269027.4261595373,200,0.5,0.14,210,70,73712.39762516858,-187776.8517078768,13861.5,73735.7139984388,-187688.11037915817,13861.5,-0.1131,-0.422,57999.7,81059.7,1.0001258966626363,1.0001353224814242,1.0002611951937774,0.0002611951937774304,0.0001353224814242271,0.26632860681736925,-0.0002862733893303851,269510.50657747436,OK,1,1
4,UTS,IMG,2395,71,k:Retake,K:\NINJA\E71a\ManualCheck\ScanData\PatternMatchFailed\UTS\ECC4\IMG\Event02395\PL071,1.0665655823068514,0.0721195828544483,0.0125959207562147,1.0488990744908957,10947.073782764446,-110870.0504393808,200,0.5,0.14,210,70,76244.71657972288,-83123.99902527654,13862.0,76205.59502331715,-83055.02266519447,13844.25,0.196,-0.3155,59440.8,25804.5,1.0666399573338934,1.051375528866331,1.1178112396148938,0.11781123961489381,0.06663995733389338,0.6766199485312525,0.08037182808051929,111409.18502904565,FAIL,1,1
4,UTS,IMG,6357,72,l:?,K:\NINJA\E71a\ManualCheck\ScanData\PatternMatchFailed\UTS\ECC4\IMG\Event06357\PL072_chk,0.999602432684947,-0.054876533070865,0.0085416611200125,1.1256921062985057,-99503.95033119788,-191360.37749611423,200,0.5,0.14,210,70,-19157.47682472235,-133237.82823673537,13850.0,-19156.46239302543,-133212.11269053747,13834.249999999998,-0.0108,-0.1087,83180.6,51024.4,0.9996389265151459,1.1270289047156883,1.1257133046591608,0.12571330465916075,0.12702890471568828,0.48958386357074185,-0.04015493828854992,215684.5618188025,FAIL,3,3
4,UTS,IMG,6628,72,j:OK,K:\NINJA\E71a\ManualCheck\ScanData\chk_UTS\ECC4_0918\IMG\Event06628\PL072,1.0000292534372417,-0.0071806962338877,0.0067274969356582,1.000180266212488,19600.94450649644,-189495.23452373885,200,0.5,0.14,210,70,86775.31338823697,-110292.37466040086,13871.25,86829.60645158564,-110187.0169217126,13853.5,-0.26212,-0.49985,67792.79000000001,78837.93000000001,1.0000518821267557,1.0002060424329011,1.0002578330350453,0.0002578330350453406,0.00020604243290112123,0.3854400909878527,-0.0004520800105136746,190506.27531069296,OK,2,2
4,UTS,IMG,5775,72,j:OK,K:\NINJA\E71a\ManualCheck\ScanData\chk_UTS\ECC4_0918\IMG\Event05775\PL072,1.0000811426676766,-0.003432970554882,0.0030061005251413,1.0001778203484095,19918.69986907103,-266538.0755630989,200,0.5,0.14,210,70,88521.65086715802,-182965.86385229908,13876.5,88469.87294570757,-182901.0668714615,13861.0,0.24548,-0.30924,68831.95,83415.26,1.0000856606110564,1.000183711926827,1.0002692972994913,0.0002692972994913223,0.00018371192682709037,0.17222237957211653,-0.0004264991504165268,267281.31309418986,OK,2,2
4,UTS,IMG,2395,72,j:OK,K:\NINJA\E71a\ManualCheck\ScanData\chk_UTS\ECC4_0918\IMG\Event02395\PL072,1.0001118137817453,-0.0074008298028839,0.0070762848503451,1.000148521693383,19538.57969907723,-106059.61653053394,200,0.5,0.14,210,70,79365.37803834712,-82103.43491376354,13870.25,79323.76292296548,-82037.16699247385,13852.25,0.1958,-0.3169,59953.1,23594.7,1.0001368475729187,1.0001759033926134,1.0003127224617145,0.000312722461714543,0.00017590339261341903,0.40538916284897464,-0.00032422007755137093,107844.32463167036,OK,1,1
4,UTS,IMG,5775,73,j:OK,K:\NINJA\E71a\ManualCheck\ScanData\chk_UTS\ECC4_0918\IMG\Event05775\PL073,1.0001663357641617,0.0089727622088662,-0.0092469085784927,1.0003030651867444,23478.643182549047,-190362.4485699103,200,0.5,0.14,210,70,93377.00785908508,-184327.56380313024,13875.75,93326.66171853218,-184261.61606657293,13875.75,0.2425,-0.3117,69775.9,6744.0,1.0002090803997776,1.000343307411837,1.0005524216733275,0.0005524216733274745,0.00034330741183707936,-0.5297056314053376,-0.0002753041999974123,191804.8709267447,OK,3,3
4,UTS,IMG,6357,73,j:OK,K:\NINJA\E71a\ManualCheck\ScanData\chk_UTS\ECC4_0918\IMG\Event06357\PL073,1.000169303337329,0.0110800272820538,-0.0115088238623133,1.0001433231247996,-97009.6005708406,-189449.28654027396,200,0.5,0.14,210,70,-11753.6572434477,-136158.94931201765,13850.25,-11751.051921463484,-136136.1461091344,13850.25,-0.0112,-0.1087,84642.8,54279.5,1.000235516448487,1.0002046959476287,1.0004401688095905,0.0004401688095905243,0.00023551644848707198,-0.6592663171639072,-0.0004283815757298039,212842.41770270528,OK,2,2
4,UTS,IMG,2395,73,j:OK,K:\NINJA\E71a\ManualCheck\ScanData\chk_UTS\ECC4_0918\IMG\Event02395\PL073,1.0002709402419143,0.0138012772465929,-0.0140625128820288,1.000086208599889,23989.711104095342,-109647.0814208382,200,0.5,0.14,210,70,86409.29889725005,-83237.95133495987,13868.25,86369.10545586972,-83171.09169430679,13852.0,0.1957,-0.3156,61985.2,27345.3,1.0003697857097646,1.0001814334836143,1.0005512528382507,0.0005512528382507487,0.0003697857097646473,-0.805451331675627,-0.0002585660796530118,112240.7622166113,OK,1,1
4,UTS,IMG,10490,74,k:Retake,K:\NINJA\E71a\ManualCheck\ScanData\PatternMatchFailed\UTS\ECC4\IMG\Event10490\PL074,0.9611478278230648,-0.0277397228153538,-0.055780951569395,0.9613966942005108,-102532.52732699442,-182096.51326338403,200,0.5,0.14,210,70,-28693.395793376752,-179522.52807768865,13837.75,-28818.59262168156,-179588.7693752149,13837.75,0.6308,0.3647,76897.7,7070.1,0.9627651123129582,0.9617968059010921,0.9224969961721846,0.07750300382781539,0.03820319409890793,-3.3214787842847615,-0.08670728784633218,208978.6096775042,FAIL,1,1
4,UTS,IMG,5775,74,j:OK,K:\NINJA\E71a\ManualCheck\ScanData\chk_UTS\ECC4_0918\IMG\Event05775\PL074,1.000209653307291,-0.0030488205703812,0.0026766540535274,1.0003340485994048,12874.222884834757,-188899.61127757592,200,0.5,0.14,210,70,78730.66519520467,-182556.33662876557,13862.75,78679.42518604925,-182491.0783806628,13862.75,0.243,-0.3113,65810.4,6230.3,1.0002132347884694,1.0003386946900268,1.0005519325790277,0.0005519325790277474,0.0003386946900267862,0.153328468567861,-0.0003717063970689674,189337.81649661987,OK,3,3
4,UTS,IMG,8950,75,k:Retake,K:\NINJA\E71a\ManualCheck\ScanData\PatternMatchFailed\UTS\ECC4\IMG\Event08950\PL075,0.9990265970925536,0.0925514341471508,0.0012115749217984,1.1183798798063838,-108140.00047639944,-194789.1134834244,200,0.5,0.14,210,70,24473.82929988863,-103102.51023238926,13861.75,24409.53677535969,-103059.2750140522,13861.75,0.32354,-0.18444,125092.75,81884.77,0.9990273317643109,1.1222028887498177,1.1171791125831614,0.11717911258316138,0.12220288874981766,0.0694857331648268,0.08368155820352495,222793.75762057173,FAIL,1,1
4,UTS,IMG,6628,75,j:OK,K:\NINJA\E71a\ManualCheck\ScanData\chk_UTS\ECC4_0918\IMG\Event06628\PL075,1.0002795654776515,0.0073583307985084,-0.0078278453268983,1.00035351162614,18115.14076007034,-186814.3916892256,200,0.5,0.14,210,70,84977.70595924574,-109172.62615543924,13867.25,85033.28151036803,-109068.2069833498,13853.0,-0.2609,-0.4991,66323.9,78237.7,1.0003101940271433,1.0003805742090806,1.000690775808793,0.0006907758087930649,0.00038057420908055306,-0.4483679964678113,-0.00046989998000323283,187690.63713188402,OK,2,2
4,UTS,IMG,5775,75,k:Retake,K:\NINJA\E71a\ManualCheck\ScanData\PatternMatchFailed\UTS\ECC4\IMG\Event05775\PL075,1.04828191481861,-0.087633850896845,-0.0673497154115921,0.9439980866188602,18131.733848153523,-263232.3694769911,200,0.5,0.14,210,70,79035.86797852277,-188325.8965374764,13871.0,78976.18488247154,-188260.97429049152,13871.0,0.2452,-0.31,65069.4,84061.4,1.050443219361139,0.9480570021697426,0.9836740069075984,0.01632599309240157,0.051942997830257354,-3.6760703538776327,-0.15608605030539938,263856.0973576533,FAIL,1,1
4,UTS,IMG,8950,76,j:OK,K:\NINJA\E71a\ManualCheck\ScanData\chk_UTS\ECC4_0918\IMG\Event08950\PL076,1.00025037029299,0.0033242743686533,-0.0042844232225015,1.000474169129146,18111.17253775687,-189545.43073387,200,0.5,0.14,210,70,24195.15205096757,-105367.15154240448,13850.25,24127.11753191866,-105328.474387937,13850.25,0.3245,-0.1827,5734.6,84201.6,1.0002595460947188,1.0004796918952095,1.0007389007383027,0.0007389007383027391,0.0004796918952094664,-0.24541642205452047,-0.0009606378359444714,190408.73110963346,OK,2,2
4,UTS,IMG,8950,77,j:OK,K:\NINJA\E71a\ManualCheck\ScanData\chk_UTS\ECC4_0918\IMG\Event08950\PL077,1.0003566515925386,-0.0025036582246721,0.0019285135013205,1.0004684147012464,22646.13382375311,-188338.85961356852,200,0.5,0.14,210,70,26801.7640074068,-105359.58442483492,13866.0,26733.43583336716,-105321.41503256382,13848.5,0.3248,-0.1823,4293.5,82970.3,1.0003585105099873,1.0004715473811991,1.000830061693323,0.0008300616933230032,0.0004715473811991444,0.11045615311084402,-0.000574657217062782,189695.47548031507,OK,2,2
4,UTS,IMG,6364,77,j:OK,K:\NINJA\E71a\ManualCheck\ScanData\chk_UTS\ECC4_0918\IMG\Event06364\PL077,1.0031111742257182,-0.0007859306567186,0.0006212135628709,0.998197251576786,-98483.08454907166,-111749.37655686792,200,0.5,0.14,210,70,-47321.01541238537,-67073.47200200903,13813.0,-47400.78249837308,-67010.60140376024,13813.0,0.37843,-0.30016,50958.96,44787.86,1.0031113665803961,0.9981975609780093,1.0013033053688578,0.00130330536885781,0.0031113665803961243,0.0354825184816714,-0.00016806311288711424,148952.47934542163,OK,1,1
4,UTS,IMG,8950,78,j:OK,K:\NINJA\E71a\ManualCheck\ScanData\UTS\ECC4\IMG\Event08950\PL078,0.9996465456918054,-0.0124253744111603,0.0120988763265612,1.0001531347798536,20663.594767218856,-130955.63959993572,200,0.5,0.14,210,70,143183.88095369138,-44691.13048249689,3367.25,143115.3224303886,-44653.35054157513,3367.25,0.3243,-0.1838,123549.0,84794.5,0.9997197602938157,1.0002303149471252,0.9999499594138231,5.004058617685825e-05,0.00028023970618429317,0.6934257988520868,-0.00032026953377039126,132575.87899664135,OK,1,1
4,UTS,IMG,7446,78,j:OK,K:\NINJA\E71a\ManualCheck\ScanData\UTS\ECC4\IMG\Event07446\PL078,0.9998500812882772,-0.0127115338653586,0.0119917273570454,1.0003187846499615,140546.60867965143,-52787.519676059885,200,0.5,0.14,210,70,205568.23800576836,-6274.990355761735,3358.5,205569.36301556305,-6199.421074732156,3358.5,-0.00993,-0.35962,65614.61,45786.67,0.9999219902458293,1.000399547189415,1.000321251394858,0.00032125139485805754,0.0003995471894149283,0.6871454413936591,-0.0007138485261495264,150132.84598948187,OK,1,1
4,UTS,IMG,6364,78,j:OK,K:\NINJA\E71a\ManualCheck\ScanData\UTS\ECC4\IMG\Event06364\PL078,0.9998769444840808,-0.0133322296715726,0.0127124252391375,1.00009137166332,19626.348782580026,-54364.81718897261,200,0.5,0.14,210,70,68808.10534122428,-6644.7640815547975,3326.0,68727.87250162505,-6582.641692903591,3326.0,0.3781,-0.3006,49736.2,47145.6,0.9999577540407806,1.0001802337696124,1.0001377898765846,0.00013778987658463748,0.00018023376961240345,0.7284187074951691,-0.0006169171502461259,57799.02174367566,OK,1,1
4,UTS,IMG,7670,78,j:OK,K:\NINJA\E71a\ManualCheck\ScanData\UTS\ECC4\IMG\Event07670\PL078,0.9999598694935464,-0.0131135474493514,0.012426241709233,1.0000781817774749,21978.830391898668,-210385.4429066384,200,0.5,0.14,210,70,103391.86426979511,-147498.18326730424,3357.0,103414.64679453058,-147525.33066779465,3357.0,-0.10678,0.13059,82249.97,61833.22,1.0000370753529924,1.000164153923768,1.000201000243818,0.00020100024381797255,0.00016415392376800675,0.7119631315335222,-0.0006856700001024442,211530.38451347424,OK,1,1
4,UTS,IMG,9807,78,j:OK,K:\NINJA\E71a\ManualCheck\ScanData\UTS\ECC4\IMG\Event09807\PL078,1.0000216650249334,-0.0106478538690148,0.010662410231085,0.9999988772872896,141443.98092423988,-129305.3635080064,200,0.5,0.14,210,70,196397.42644266316,-81184.80241522155,3370.25,196435.6934334653,-81127.58302044915,3370.25,-0.1851,-0.2705,55497.2,47586.1,1.0000785056740176,1.000055564140241,1.0001340740739315,0.0001340740739315116,7.850567401757047e-05,0.6108747227622017,1.4311786386180938e-05,191641.01015084013,OK,2,2
4,UTS,IMG,6364,80,j:OK,K:\NINJA\E71a\ManualCheck\ScanData\UTS\ECC4\IMG\Event06364\PL080,1.0000911750415171,-0.0010504985097091,0.0007255198551634,1.00027838149347,20992.827206286813,-53750.00789436728,200,0.5,0.14,210,70,70079.36620305452,-6236.437413024145,3339.0,69999.4715454212,-6173.288734096313,3339.0,0.3801,-0.3009,49052.1,47527.9,1.0000914382070185,1.0002789331133164,1.000370344073958,0.0003703440739579733,0.00027893311331639303,0.04156542863173324,-0.0003247521753153097,57704.09121334085,OK,1,1
4,UTS,IMG,4756,80,j:OK,K:\NINJA\E71a\ManualCheck\ScanData\UTS\ECC4\IMG\Event04756\PL080,1.0001213942318254,-0.0011078698136437,0.0009542585682985,1.0002497393879644,141330.70218798282,-53726.83670496068,200,0.5,0.14,210,70,174417.16656846402,-38422.14281006109,3384.25,174396.26364553507,-38297.83678173819,3384.25,0.09887,-0.5918800000000001,33078.6,15393.59,1.0001218494811648,1.0002503529223143,1.0003722211309731,0.00037222113097312715,0.00025035292231434525,0.054668335515289906,-0.000153450299148167,151198.34775310807,OK,2,2
4,UTS,IMG,3521,80,j:OK,K:\NINJA\E71a\ManualCheck\ScanData\UTS\ECC4\IMG\Event03521\PL080,1.0001340238617784,-0.0033427322944216,0.0031081376342715,1.0004148452452606,21050.67851217261,-130466.04843365125,200,0.5,0.14,210,70,96541.13185661731,-91294.56132636825,3366.75,96392.91569014848,-91125.51349084228,3366.75,0.7030000000000001,-0.8068400000000001,75462.79000000001,39089.77,1.000138853462611,1.0004204298425192,1.0005593143782463,0.0005593143782463006,0.000420429842519221,0.17805873116911994,-0.00023362259506632286,132153.39897147813,OK,2,2
4,UTS,IMG,833,80,j:OK,K:\NINJA\E71a\ManualCheck\ScanData\UTS\ECC4\IMG\Event00833\PL080,1.000254530709614,0.0001273143358579,-0.0001971116904611,1.0001916447814665,141107.15289532894,-130127.63055865205,200,0.5,0.14,210,70,189871.1668860021,-69471.21144841613,3383.75,189881.9853258672,-69465.81554587217,3383.75,-0.0515,-0.0257,48754.7,60659.8,1.0002545501311797,1.0001916528843837,1.0004462493657067,0.0004462493657066968,0.00025455013117969827,-0.01129079395612243,-6.977158892458856e-05,191949.02665300175,OK,5,5
4,UTS,IMG,7670,80,j:OK,K:\NINJA\E71a\ManualCheck\ScanData\UTS\ECC4\IMG\Event07670\PL080,1.000325843884721,0.0031943237231011,-0.0036427131280076,1.000147981700261,20754.299951883324,-208367.93954300025,200,0.5,0.14,210,70,105413.93753088258,-149010.63392218572,3365.25,105436.49610478358,-149037.89440718025,3365.25,-0.1078,0.1294,84464.2,59628.9,1.000332476381034,1.0001530827844074,1.0004855098088754,0.0004855098088754062,0.0003324763810339526,-0.20864318055738054,-0.0004476702157765813,209398.99521222195,OK,1,1
4,UTS,IMG,1214,82,j:OK,K:\NINJA\E71a\ManualCheck\ScanData\UTS\ECC4\IMG\Event01214\PL082,0.99997239437949,-0.0024645509600909,0.0018246506670935,1.0004506415676062,22980.697987654592,-127130.06458648502,200,0.5,0.14,210,70,124713.3975810968,-74302.47933678588,3364.75,124750.7879520358,-74165.53384074465,3364.75,-0.17966,-0.6515000000000001,101902.92,52754.82,0.9999740590990885,1.0004536772007337,1.0004275204514095,0.0004275204514094799,0.0004536772007337486,0.10454755238201088,-0.0006387367907076604,129190.42457459317,OK,3,3
4,UTS,IMG,833,82,j:OK,K:\NINJA\E71a\ManualCheck\ScanData\UTS\ECC4\IMG\Event00833\PL082,1.0001660184804806,-0.0074747813068839,0.0069584451742084,1.000316843695894,143110.66707861313,-129720.78013445991,200,0.5,0.14,210,70,191208.40930202484,-68524.46475809073,3378.0,191219.2280770336,-68519.03251355348,3378.0,-0.0517,-0.0255,48555.3,60844.6,1.0001902241485565,1.0003447706352553,1.0005349276341968,0.0005349276341968245,0.00034477063525528706,0.3986169301573996,-0.000515096737173825,193153.16158525215,OK,5,5
4,UTS,IMG,4756,82,j:OK,K:\NINJA\E71a\ManualCheck\ScanData\UTS\ECC4\IMG\Event04756\PL082,1.0003069195404335,-0.0068126393588909,0.006168239760408,1.0002262676960516,142377.2384108642,-53106.78895871699,200,0.5,0.14,210,70,175203.327020858,-35690.23698518199,3377.5,175182.24771925967,-35565.551491359016,3377.5,0.0963,-0.5942,32913.0,17334.3,1.0003259371136055,1.0002494682049112,1.0005752786754292,0.0005752786754291694,0.00032593711360551225,0.35330119097233453,-0.0006447238272824907,151959.23483293067,OK,1,1
4,UTS,IMG,9179,106,j:OK,K:\NINJA\E71a\ManualCheck\ScanData\UTS\ECC4\IMG\Event09179\PL106,1.0002645318799634,-0.0078450366169308,0.0074830317003067,1.00036910042613,-63360.54973771291,-101363.3072943557,200,0.5,0.14,210,70,-7542.310619472552,-76525.67092615837,1996.5,-7656.681728062525,-76409.19136915337,1996.5,0.5401,-0.5585,55881.5,24526.9,1.0002925219656849,1.0003998608990834,1.0006924346026176,0.0006924346026175865,0.00039986089908339295,0.4286247513240172,-0.00036106814908653585,119536.93708940002,OK,1,1
4,UTS,IMG,1452,106,j:OK,K:\NINJA\E71a\ManualCheck\ScanData\UTS\ECC4\IMG\Event01452\PL106,1.0003644733348305,-0.0073005270890524,0.0068075270725092,1.0003698249193709,-63659.248271167016,-180122.66324204046,200,0.5,0.14,210,70,38741.86257281586,-94249.8804105688,2024.75,38736.01107015813,-94236.8464480966,2024.75,0.0274,-0.06223,102979.39,85153.29000000001,1.0003876358368868,1.0003964635608178,1.0007841315813253,0.0007841315813252869,0.00039646356081779466,0.3898944434318779,-0.0004927568247885444,191041.02623220906,OK,3,3
4,UTS,IMG,1081,106,j:OK,K:\NINJA\E71a\ManualCheck\ScanData\UTS\ECC4\IMG\Event01081\PL106,1.0003903530642804,-0.004022336947595,0.0035990576236077,1.0004033441924984,56418.655182129,-178925.75765801696,200,0.5,0.14,210,70,87134.85905663113,-109365.2672688717,2039.0,87154.70003000127,-109409.29330480372,2039.0,-0.0936,0.2099,31003.0,69376.9,1.0003968271240435,1.000411430495501,1.0008083313258762,0.0008083313258762104,0.000411430495500964,0.20612945912832928,-0.0004230557894131708,187609.94484849516,OK,2,2
4,UTS,IMG,1452,107,j:OK,K:\NINJA\E71a\ManualCheck\ScanData\UTS\ECC4\IMG\Event01452\PL107,1.0003541653461692,-0.0064110461328622,0.0058246927707908,1.0004192642807903,-61898.53543148217,-178268.6429427768,200,0.5,0.14,210,70,37131.71042483019,-95181.08964510247,2037.75,37125.78688539225,-95168.09819083792,2018.0,0.0278,-0.062,99517.9,82486.3,1.000371122719616,1.000439806213565,1.000810920489902,0.0008109204899020561,0.0004398062135650971,0.3336083887836177,-0.000585706784640677,188709.13529880237,OK,4,4
4,UTS,IMG,1081,107,j:OK,K:\NINJA\E71a\ManualCheck\ScanData\UTS\ECC4\IMG\Event01081\PL107,1.0003668469814375,0.0049226870811756,-0.0052883332302318,1.0004598721894196,58241.74651342053,-176392.7624390246,200,0.5,0.14,210,70,85686.02383507609,-110274.61433510174,2044.5,85706.01739613566,-110318.5893344854,2044.5,-0.0962,0.2088,27128.5,66187.2,1.0003808249901318,1.0004719829707223,1.000852920683255,0.0008529206832550429,0.00047198297072226225,-0.3028852397281231,-0.00036596007409760194,185759.27346381312,OK,2,2
4,UTS,IMG,7408,109,j:OK,K:\NINJA\E71a\ManualCheck\ScanData\UTS\ECC4\IMG\Event07408\PL109,1.0000291127980607,0.0207063814752217,-0.0210471994810474,1.0002426487571237,62317.995205513296,-174704.21285591842,200,0.5,0.14,210,70,79484.84110464095,-97094.20479812776,2049.0,79463.3140169397,-97013.6454153367,2031.0,0.1104,-0.3812,15529.8,77998.5,1.000250574131138,1.0004569509111645,1.0007075799608083,0.00070757996080828,0.0004569509111644887,-1.2057025897698768,-0.0003450780710299805,185486.10329628587,OK,1,1
4,UTS,IMG,1452,109,j:OK,K:\NINJA\E71a\ManualCheck\ScanData\UTS\ECC4\IMG\Event01452\PL109,1.0003496113083032,0.0015497917860907,-0.0019995457701956,1.0005406081611394,-56247.94921118095,-176930.27894495896,200,0.5,0.14,210,70,43347.17412861087,-94536.19736463366,2041.0,43341.564502015615,-94523.05401570797,2021.5,0.0268,-0.0625,99426.8,82561.4,1.00035160969929,1.0005418084388293,1.0008935073517797,0.0008935073517797321,0.0005418084388293387,-0.11452534164332086,-0.0004498911035542625,185656.01363275194,OK,4,4
4,UTS,IMG,7890,110,j:OK,K:\NINJA\E71a\ManualCheck\ScanData\UTS\ECC4\IMG\Event07890\PL110,1.0003322855293784,-0.0015731762878284,0.0013239669913934,1.0005179953646497,61679.66830628883,-256894.37324958591,200,0.5,0.14,210,70,123518.7118492502,-192113.9616150416,2043.75,123482.21115122236,-192062.5583798266,2043.75,0.17337,-0.24488,61883.79,64716.36,1.000333161682159,1.0005192321650442,1.0008525358498688,0.0008525358498687741,0.0005192321650442366,0.07583247849232536,-0.00024883408369882047,264195.19391857105,OK,1,1
4,UTS,IMG,2210,110,j:OK,K:\NINJA\E71a\ManualCheck\ScanData\UTS\ECC4\IMG\Event02210\PL110,1.0003592139161686,-0.0031256819405143,0.0027674362946618,1.0004638644684123,-59565.86934574319,-177631.18263427733,200,0.5,0.14,210,70,28107.48686997492,-110626.43432107856,2020.0,28080.11360255583,-110727.23161727184,2020.0,0.1318,0.4794,87822.7,66630.0,1.0003630418856047,1.0004687471353928,1.000831895136801,0.0008318951368009309,0.00046874713539279966,0.1585050780239566,-0.00035778705470704476,187352.42148145867,OK,3,3
4,UTS,IMG,7890,112,j:OK,K:\NINJA\E71a\ManualCheck\ScanData\UTS\ECC4\IMG\Event07890\PL112,1.0002550497762384,0.0135166746150698,-0.0138392563529843,1.0003226767812734,60279.74745920263,-255182.99761240563,200,0.5,0.14,210,70,119272.43676472068,-192062.80025688515,2043.25,119235.31602819424,-192011.29368712747,2043.25,0.18,-0.2427,58076.3,63954.8,1.0003507832851777,1.0004139933924863,1.0007648695811904,0.000764869581190375,0.0004139933924862671,-0.7926782178067522,-0.0003233525803036616,262206.04536165495,OK,1,1
4,UTS,IMG,6590,112,j:OK,K:\NINJA\E71a\ManualCheck\ScanData\UTS\ECC4\IMG\Event06590\PL112,1.0002856697161266,0.0102794973894272,-0.0106152786749676,1.000446319346618,-59788.84204260124,-177500.1612434967,200,0.5,0.14,210,70,35728.01088085091,-145808.90120495844,2030.5,35672.66103835911,-145824.57684635444,2021.0,0.2627,0.0774,95098.5,32670.5,1.000341994110408,1.0004991284157994,1.000841236292093,0.0008412362920930949,0.0004991284157993547,-0.6080141445600363,-0.00033729878150187426,187299.26020746172,OK,2,2
4,UTS,IMG,4770,112,j:OK,K:\NINJA\E71a\ManualCheck\ScanData\UTS\ECC4\IMG\Event04770\PL112,1.000341182109386,-0.001400003493499,0.0011132897786045,1.000395320758412,-58670.99132172691,-256585.7170648419,200,0.5,0.14,210,70,-10875.45443903506,-178892.92063894286,2003.75,-10939.13471143636,-178887.59236740443,2003.75,0.3031,-0.0257,47824.2,77614.2,1.0003418016048988,1.00039630037556,1.0007381963537476,0.0007381963537476111,0.0003963003755600436,0.06376502386897945,-0.0002865397301241091,263208.12188143673,OK,1,1
4,UTS,IMG,7890,113,j:OK,K:\NINJA\E71a\ManualCheck\ScanData\UTS\ECC4\IMG\Event07890\PL113,1.000164759703552,0.0132703651816816,-0.0135553634433313,1.0002690454290517,56921.995048717385,-257444.7423920596,200,0.5,0.14,210,70,115773.43512053104,-191476.0196439015,2048.5,115736.832280559,-191424.3866157411,2048.5,0.1775,-0.2434,57919.0,66787.5,1.0002566142900253,1.0003570691686052,1.0006137340835122,0.0006137340835121741,0.0003570691686052285,-0.7764896315901744,-0.0002862831353334117,263662.4905170247,OK,1,1
4,UTS,IMG,31,113,j:OK,K:\NINJA\E71a\ManualCheck\ScanData\UTS\ECC4\IMG\Event00031\PL113,1.0002331629437018,-0.004360883393932,0.0040648111610065,1.0004208318845067,57676.13018182987,-181233.0902347452,200,0.5,0.14,210,70,68192.87748831158,-125761.30233711796,2039.25,68163.61193890807,-125799.13910237234,2039.25,0.14011,0.17953,10726.43,55367.05,1.000241422328698,1.0004303364914842,1.000671819118101,0.0006718191181009914,0.0004303364914841623,0.23284095207985217,-0.00029518010668641245,190189.29777668006,OK,1,1
4,UTS,IMG,4770,113,j:OK,K:\NINJA\E71a\ManualCheck\ScanData\UTS\ECC4\IMG\Event04770\PL113,1.000242580848474,-0.0041640953420361,0.0038974303906699,1.0003737159927244,-62656.39278509958,-258269.1670829641,200,0.5,0.14,210,70,-14377.691101138746,-178148.3469224432,2008.25,-14441.360496762734,-178142.83876557712,1991.5,0.303,-0.0274,48536.0,79907.3,1.000250173959528,1.0003823825613432,1.0006326167692767,0.0006326167692767282,0.00038238256134315307,0.22325102579521355,-0.0002660502318199181,265760.76878006035,OK,1,1
4,UTS,IMG,11838,113,j:OK,K:\NINJA\E71a\ManualCheck\ScanData\UTS\ECC4\IMG\Event11838\PL113,1.0002714087658733,0.0005192279544114,-0.0008754345341447,1.000280548784395,56663.74809976607,-100856.01200040652,200,0.5,0.14,210,70,94328.11965400964,-57496.611877156814,2030.25,94354.6510839788,-57461.88923642904,2030.25,-0.12622,-0.16541,37658.14,43414.91,1.000271791854638,1.0002806835454132,1.0005524882437502,0.0005524882437502043,0.0002806835454132184,-0.050145081425150416,-0.0003561144871485222,115683.68729142363,OK,1,1
4,UTS,IMG,6590,113,j:OK,K:\NINJA\E71a\ManualCheck\ScanData\UTS\ECC4\IMG\Event06590\PL113,1.000305792191104,0.0018080715768748,-0.0021347126176672,1.0003972499201566,-63846.04993898662,-180030.1213522955,200,0.5,0.14,210,70,32305.896853677237,-145295.93551804766,2026.5,32250.72648178586,-145311.5951070431,2026.5,0.2625,0.0751,96004.3,34909.6,1.0003080699909566,1.0003988838311642,1.000707023300393,0.0007070233003929616,0.00039888383116415405,-0.12227244783115909,-0.0003267051554349371,191016.13200704756,OK,2,2
4,UTS,Ref/IMG,4071,16,j:OK,K:\NINJA\E71a\ManualCheck\ScanData\UTS\ECC4\Ref\IMG\Event04071\PL016,1.0001608171391154,-0.0089179131568231,0.008112076165965,1.000142617708247,-39995.08858057506,-101523.17612143236,200,0.5,0.14,210,70,70483.97612643815,-54466.02509764085,2014.25,70491.6281107349,-54161.65803818499,2014.25,-0.04935,-1.44876,110883.17,46455.4,1.0001937141974575,1.0001823758352162,1.000375800573504,0.00037580057350394824,0.0001937141974575063,0.4647028036640477,-0.0008058111324234903,109117.195713377,OK,2,2
4,UTS,Ref/IMG,7728,16,j:OK,K:\NINJA\E71a\ManualCheck\ScanData\UTS\ECC4\Ref\IMG\Event07728\PL016,1.000210500152666,-0.0035668392157062,0.002784315301544,1.0003857978105783,80262.14793800586,-176605.92305172232,200,0.5,0.14,210,70,176374.00604605887,-136252.3411062872,2020.25,176269.5873063415,-136260.44056872078,2020.25,0.49726,0.03717,96130.1,40062.37,1.0002143755352373,1.0003921565081855,1.0006063103787488,0.0006063103787488089,0.00039215650818547054,0.15949552970806913,-0.0007817263438188663,193988.82557656048,OK,1,1
4,UTS,Ref/IMG,4071,17,j:OK,K:\NINJA\E71a\ManualCheck\ScanData\UTS\ECC4\Ref\IMG\Event04071\PL017,1.000167730273713,-0.0048471335190882,0.0039145525729703,1.0004079045705574,-42254.68323762362,-102313.63492781014,200,0.5,0.14,210,70,80271.34171143419,-48739.5910182265,2029.5,80239.22071319642,-48769.56417218591,2029.5,0.15362,0.14207,122730.42,53042.0,1.0001753908203888,1.0004196470634736,1.0005946776212045,0.0005946776212044647,0.0004196470634736382,0.22424858259294042,-0.000931242999858009,110695.700673753,OK,2,2
4,UTS,Ref/IMG,10208,17,j:OK,K:\NINJA\E71a\ManualCheck\ScanData\UTS\ECC4\Ref\IMG\Event10208\PL017,1.000295770127502,0.0040725576393276,-0.0050837286791727,1.0004471383225182,-42364.479917971774,-178080.7506196235,200,0.5,0.14,210,70,86234.75641358503,-92870.58057613805,2022.75,86501.30388507686,-92972.13108380236,2022.75,-1.2708400000000002,0.4769,128478.67,85723.44,1.0003086883718724,1.0004554274446422,1.0007637444782473,0.0007637444782473413,0.0004554274446422202,-0.291187565169265,-0.0010114666090355682,183050.54739051935,OK,1,1
4,UTS,Ref/IMG,7728,17,j:OK,K:\NINJA\E71a\ManualCheck\ScanData\UTS\ECC4\Ref\IMG\Event07728\PL017,1.0003755206634066,-0.0043075238266588,0.0029610462941427,1.0003316261280584,78136.52946446594,-178283.59309912616,200,0.5,0.14,210,70,103148.56855774768,-153318.84077671517,2044.75,103107.70659745726,-153315.16992009484,2044.75,0.19443,-0.01805,25068.96,24885.94,1.00037990290576,1.0003409003902233,1.0007200261013924,0.0007200261013924347,0.0003799029057600656,0.16959127510911934,-0.0013461426580011926,194654.45488117178,OK,1,1
4,UTS,Ref/IMG,1587,18,k:Retake,K:\NINJA\E71a\ManualCheck\ScanData\PatternMatchFailed\UTS\ECC4\Ref\IMG\Event01587\PL018,0.943781114241183,-0.0497346970345384,-0.0105105053501172,0.9861870947842498,-32595.860217484744,-253834.28234774503,200,0.5,0.14,210,70,-20721.103600797844,-179294.38414644974,2011.5,-20980.44145983227,-179239.66953908664,2011.5,1.2953100000000002,-0.25039,16302.47,75813.16,0.9438396380323534,0.9874403911164037,0.9302220183664865,0.06977798163351345,0.05616036196764662,-0.6380533514344339,-0.06148593493804028,255918.60619797176,FAIL,1,1
4,UTS,Ref/IMG,4071,18,j:OK,K:\NINJA\E71a\ManualCheck\ScanData\UTS\ECC4\Ref\IMG\Event04071\PL018,1.000284749250762,-0.0078326741249794,0.0070414878875342,1.00024064011557,-40097.06372795114,-100603.45494710408,200,0.5,0.14,210,70,80668.81608301522,-46279.06720342911,2025.5,80655.91608563275,-46254.71728585245,2025.5,0.0605,-0.11635,121137.4,53482.880000000005,1.0003095331622758,1.000271307657454,1.0005806115684026,0.0005806115684026114,0.0003095331622757769,0.4033260266720911,-0.0007912624570913065,108299.72145346162,OK,2,2
4,UTS,Ref/IMG,7728,18,j:OK,K:\NINJA\E71a\ManualCheck\ScanData\UTS\ECC4\Ref\IMG\Event07728\PL018,1.000411717199173,-0.0059890998310569,0.0049528681824131,1.0002888269024186,80718.40318202139,-176246.0881758581,200,0.5,0.14,210,70,105082.42271896204,-152823.58889031815,2037.0,105097.99483440533,-152820.78932865482,2037.0,-0.0742,-0.01296,24509.03,23297.18,1.0004239775278432,1.0003067562216117,1.0007303262385896,0.0007303262385895959,0.0004239775278431779,0.28365933740546173,-0.0010365093952737691,193850.829788133,OK,1,1
4,UTS,Ref/IMG,8845,18,j:OK,K:\NINJA\E71a\ManualCheck\ScanData\UTS\ECC4\Ref\IMG\Event08845\PL018,1.0006414205634786,0.0032811295874078,-0.0044427267503934,1.0002379226187446,80393.26493898065,-254650.29973187135,200,0.5,0.14,210,70,183242.0850784641,-184475.2252106465,2045.0,183214.5669210776,-184329.3577433568,2030.75,0.13323,-0.6938500000000001,102523.37,70759.59,1.0006512830993,1.0002433042295413,1.0008940729528728,0.0008940729528728042,0.0006512830992999596,-0.2543846521958476,-0.0011595121355792767,267039.0462106264,OK,1,1
4,UTS,Ref/IMG,10208,18,l:?,K:\NINJA\E71a\ManualCheck\ScanData\PatternMatchFailed\UTS\ECC4\Ref\IMG\Event10208\PL018_chk,1.057836896269709,0.0338647907297645,-0.0306572394699285,0.97550090268896,-46200.77084325246,-172703.39524591065,200,0.5,0.14,210,70,51433.457845886085,-106405.83860025504,2034.0,51516.46359669962,-106423.33260511197,2034.0,-0.37601,0.07358,90108.79,70776.51,1.058281042748781,0.9760885386060767,1.03295904820779,0.03295904820778994,0.05828104274878099,-1.6600280400618024,0.0057283618998499345,178776.3238126793,FAIL,1,1
4,UTS,Ref/IMG,10208,19,k:Retake,K:\NINJA\E71a\ManualCheck\ScanData\PatternMatchFailed\UTS\ECC4\Ref\IMG\Event10208\PL019,0.99901873654365,0.0555453579133021,-0.0029591410285648,0.9228853470009964,-34972.85655107802,-170646.01711783768,200,0.5,0.14,210,70,58734.17188282812,-103099.14700419006,2031.25,58714.8954000174,-102958.98395031002,2031.25,0.13207,-0.72279,89685.93000000001,73630.41,0.999023119092295,0.9245553798961241,0.922144119883131,0.07785588011686895,0.07544462010387587,-0.16971232857860608,0.05712096547040302,174192.89266076166,FAIL,1,1
4,UTS,Ref/IMG,4071,19,j:OK,K:\NINJA\E71a\ManualCheck\ScanData\UTS\ECC4\Ref\IMG\Event04071\PL019,1.0002535950420852,-0.0073516831699133,0.0065068403620463,1.000288278623751,-31050.713235753978,-100170.43226324196,200,0.5,0.14,210,70,94614.99333078926,-49110.81623503136,2036.75,94620.4396172057,-49088.71919342302,2036.75,-0.0267,-0.10502,126008.6,50247.31,1.00027475893682,1.0003152940935662,1.000589783000645,0.0005897830006449389,0.00031529409356623184,0.3727147133809394,-0.0008443331008360627,104872.60029318323,OK,2,2
4,UTS,Ref/IMG,3310,19,j:OK,K:\NINJA\E71a\ManualCheck\ScanData\UTS\ECC4\Ref\IMG\Event03310\PL019,1.0004279529784612,-0.006986554470059,0.0056870087514821,1.0002846790033604,90118.55097266134,-176059.5726529258,200,0.5,0.14,210,70,220328.66029354004,-100687.9449030594,2022.5,220174.64988272515,-100463.84372940104,2022.5,0.7255900000000001,-1.07097,130523.06,74832.14,1.0004441169646676,1.0003090777315873,1.0007524864074628,0.0007524864074628379,0.00044411696466761796,0.3256987060581782,-0.0012999373790106676,197783.53407739234,OK,2,2
4,UTS,Ref/IMG,1587,19,j:OK,K:\NINJA\E71a\ManualCheck\ScanData\UTS\ECC4\Ref\IMG\Event01587\PL019,1.000446755788559,-0.005445451497093,0.0044181486630171,1.000268654920892,90417.41922032776,-255516.12997091268,200,0.5,0.14,210,70,96497.53688802094,-178255.689215197,2049.0,96501.20845048723,-178248.9510339679,2049.0,-0.01765,-0.032,6501.37,77217.71,1.0004565114014008,1.000283477299939,1.0007395895468434,0.0007395895468433888,0.00045651140140079427,0.25302658494169916,-0.0010277879791753507,271042.0675352386,OK,2,2
4,UTS,Ref/IMG,3858,20,k:Retake,K:\NINJA\E71a\ManualCheck\ScanData\PatternMatchFailed\UTS\ECC4\Ref\IMG\Event03858\PL020,0.9258724351867856,-0.0553856948901168,-0.0436402169839088,0.9677818965258632,-41008.68911655362,-252243.76478718425,200,0.5,0.14,210,70,54444.38032393188,-206362.86572734328,2034.0,54485.327645291785,-206377.86899060817,2034.0,-0.20674,0.0645,106261.17,52184.44,0.9269003370250284,0.9693654493748257,0.8936255375232776,0.10637446247672244,0.07309966297497161,-2.6985910432574287,-0.10407764378368177,255555.53106334928,FAIL,1,1
4,UTS,Ref/IMG,10208,20,k:Retake,K:\NINJA\E71a\ManualCheck\ScanData\PatternMatchFailed\UTS\ECC4\Ref\IMG\Event10208\PL020,0.98809994354399,0.0261077487502716,0.1418572303919814,0.9991328627497258,-51394.08417835109,-188054.3007642603,200,0.5,0.14,210,70,40069.440818800336,-101765.71478938108,2019.0,40155.846315515126,-101770.79326114037,2019.0,-0.41862,0.08364,90711.02,73479.21,0.9982309213033425,0.9994739075990277,0.983539552346466,0.01646044765353405,0.0017690786966575445,8.169882102818779,0.16791652664855022,194950.69100792208,FAIL,1,1
4,UTS,Ref/IMG,3310,20,j:OK,K:\NINJA\E71a\ManualCheck\ScanData\UTS\ECC4\Ref\IMG\Event03310\PL020,1.00014469478117,-0.0046072938006731,0.0040331688118195,1.000309580230217,69659.05454569538,-177745.34065137833,200,0.5,0.14,210,70,124463.18519396764,-98442.73134875912,2033.75,124394.65017954777,-98355.45309959332,2033.75,0.32439,-0.41679,55092.26,79143.19,1.0001528267967774,1.0003201904672918,1.0004729017996947,0.0004729017996947249,0.00032019046729181433,0.2310488668208382,-0.0005732718553557153,190907.8049831245,OK,1,1
4,UTS,Ref/IMG,1587,20,j:OK,K:\NINJA\E71a\ManualCheck\ScanData\UTS\ECC4\Ref\IMG\Event01587\PL020,1.000236070661907,-0.0057073259838161,0.0051900605959149,1.0003401793616344,70586.79263912396,-257423.42226538973,200,0.5,0.14,210,70,76375.26325651014,-179729.61288170464,2040.5,76424.9887031103,-179824.4150041839,2040.5,-0.23415,0.4525,6279.26,77540.04000000001,1.0002495357570331,1.0003564604755408,1.0006059516976051,0.0006059516976051338,0.0003564604755408318,0.29729571602441235,-0.0005165341049564357,266925.6706012066,OK,2,2
4,UTS,Ref/IMG,3063,20,j:OK,K:\NINJA\E71a\ManualCheck\ScanData\UTS\ECC4\Ref\IMG\Event03063\PL020,1.0002414292299031,-0.0063673592340683,0.0059894963092948,1.0003046333004764,68917.92115497998,-101391.9840126549,200,0.5,0.14,210,70,126638.8533347584,-43903.6888639458,2026.75,126374.03653021762,-44532.669273349245,2026.75,1.27974,2.9865700000000004,57801.89,56495.9,1.0002593617726947,1.0003248985534732,1.0005842733523949,0.0005842733523948596,0.0003248985534731741,0.34308592736094395,-0.00037735508597708787,122596.95868310316,OK,1,1
4,UTS,Ref/IMG,1587,21,k:Retake,K:\NINJA\E71a\ManualCheck\ScanData\PatternMatchFailed\UTS\ECC4\Ref\IMG\Event01587\PL021,0.9495550856789906,0.0314341962964243,0.0327539442785066,0.9800794235973512,-144070.20779812537,-199782.54413023003,200,0.5,0.14,210,70,-23498.40205218648,-120564.03693653844,7136.25,-23500.11959013125,-120565.66893695704,7136.25,0.00836,0.00765,124437.31,76668.34,0.9501198248666506,0.9805833902609805,0.9296098071322658,0.07039019286773418,0.049880175133349414,1.9755767960940527,0.06649334365494793,246311.36740747947,FAIL,2,2
4,UTS,Ref/IMG,3310,21,j:OK,K:\NINJA\E71a\ManualCheck\ScanData\UTS\ECC4\Ref\IMG\Event03310\PL021,1.0001655178065043,-0.000700584053214,0.0003666359664297,1.0004242593315098,-24904.09437421462,-119362.34128946465,200,0.5,0.14,210,70,28365.681072462838,-37803.87499792882,7145.0,28239.25311484602,-37852.43092765777,7129.499999999999,0.6021000000000001,0.2309,53191.61,81455.85,1.0001655850063451,1.0004245046364146,1.0005901042197993,0.0005901042197993256,0.00042450463641463543,0.021003216146913917,-0.0003337115540012296,121932.69633163381,OK,1,1
4,UTS,Ref/IMG,3063,21,j:OK,K:\NINJA\E71a\ManualCheck\ScanData\UTS\ECC4\Ref\IMG\Event03063\PL021,1.0001879260961792,-0.0041125821264711,0.0038417850317511,1.0003717039703643,-25705.25538435149,-42986.272395575565,200,0.5,0.14,210,70,34820.42637146358,-29124.85785271404,7133.0,34854.512383761146,-29136.163756249232,7133.0,-0.16206,0.05444,60604.36,13612.22,1.0001953043385108,1.000380157458312,1.000575499575875,0.0005754995758751047,0.00038015745831199155,0.22007562764836097,-0.00026998656247676476,50085.724202025405,OK,1,1
4,UTS,Ref/IMG,2394,21,j:OK,K:\NINJA\E71a\ManualCheck\ScanData\UTS\ECC4\Ref\IMG\Event02394\PL021,1.000235878293669,-0.002632024749167,0.0021748785750191,1.0002744825385552,-24371.70598679942,-198256.75368988083,200,0.5,0.14,210,70,-12980.524215981615,-135872.2746546172,7141.5,-12596.548843549468,-136041.70924883027,7141.5,-1.82589,0.8105800000000001,11935.98,62172.02,1.0002382427815502,1.0002779453592159,1.000516149910933,0.0005161499109329615,0.00027794535921588093,0.12458178078275597,-0.00045693415121485627,199749.14376877082,OK,2,2
4,UTS,Ref/IMG,3858,22,j:OK,K:\NINJA\E71a\ManualCheck\ScanData\UTS\ECC4\Ref\IMG\Event03858\PL022,1.0002089464717938,-0.0066873260724688,0.0057396027949091,1.000348424515241,-146867.17468853493,-200803.72831113572,200,0.5,0.14,210,70,-93264.13062965288,-147809.45782240218,7117.25,-93275.78585389975,-147798.54375900744,7117.25,0.05514,-0.05227,53932.39,52677.28,1.0002254144154001,1.0003707766424028,1.0005958263845238,0.0005958263845238232,0.0003707766424028147,0.3287827086613989,-0.0009465563448865912,248781.23784691852,OK,1,1
4,UTS,Ref/IMG,3063,22,j:OK,K:\NINJA\E71a\ManualCheck\ScanData\UTS\ECC4\Ref\IMG\Event03063\PL022,1.000310977549187,-0.003507664640183,0.0027089154486426,1.0004399788710976,-27742.89825327129,-44641.0970377636,200,0.5,0.14,210,70,27886.992776837356,-33600.760340903194,7136.75,27950.38981692968,-33666.90285044356,7136.75,-0.30069,0.31564,55713.91,10818.51,1.0003146455132594,1.0004461280023178,1.0007605952107679,0.0007605952107678782,0.0004461280023178027,0.1551607913263,-0.000798040890535979,52559.45155941402,OK,1,1
4,UTS,Ref/IMG,3310,22,j:OK,K:\NINJA\E71a\ManualCheck\ScanData\UTS\ECC4\Ref\IMG\Event03310\PL022,1.0003982423833435,0.0014776124794607,-0.0023791178935367,1.000408278993166,-27067.16458645977,-120825.31887819986,200,0.5,0.14,210,70,27491.131507015863,-41910.88638218325,7136.25,27488.177382943064,-41902.58094094863,7136.25,0.01412,-0.0395,54416.91,79019.94,1.0004010713537017,1.0004093702163668,1.0008101993847986,0.0008101993847986488,0.00040937021636677784,-0.13625889321576587,-0.0009011578262969945,123819.98659654742,OK,1,1
4,UTS,Ref/IMG,9487,22,j:OK,K:\NINJA\E71a\ManualCheck\ScanData\UTS\ECC4\Ref\IMG\Event09487\PL022,1.0004047316810372,-0.0035039298097678,0.0028354811086638,1.0003454514178414,-146818.5538880466,-44949.80815568272,200,0.5,0.14,210,70,-98508.09165605172,-23203.727880536644,7115.75,-97988.66576113064,-23414.336497173263,7115.75,-2.46892,1.0095500000000002,48885.05,21389.47,1.000408750023172,1.000351588041163,1.0007602582407933,0.0007602582407932879,0.0004087500231719776,0.1623949389999656,-0.000668379041456435,153545.3451557875,OK,1,1
4,UTS,Ref/IMG,2394,22,j:OK,K:\NINJA\E71a\ManualCheck\ScanData\UTS\ECC4\Ref\IMG\Event02394\PL022,1.0006015694236168,0.0001514181926199,-0.0009544824374939,1.0003561460446238,-26411.7376288676,-200103.67672594785,200,0.5,0.14,210,70,-11109.710899430867,-152444.73078084955,7139.0,-11087.628318795802,-152414.31410479808,7139.0,-0.10507,-0.14489,15307.68,47686.99,1.0006020246680136,1.000356157504277,1.0009580742408168,0.0009580742408168419,0.0006020246680136232,-0.054654919971491,-0.0008025439360939295,201839.1966983093,OK,1,1
4,UTS,Ref/IMG,3063,23,j:OK,K:\NINJA\E71a\ManualCheck\ScanData\UTS\ECC4\Ref\IMG\Event03063\PL023,0.9999628968995656,-0.0092367663490739,0.0083270892525611,1.0002880920341368,-24855.69215388949,-43872.70781945333,200,0.5,0.14,210,70,26442.923922698545,-29972.66957926056,7139.25,26462.652279444625,-29990.20004978869,7139.25,-0.09317,0.08423,51444.49,13450.25,0.9999975677926379,1.000330737765206,1.0003278936223885,0.0003278936223884976,0.00033073776520597953,0.4771137442393412,-0.0009066377622750667,50424.398101118124,OK,1,1
4,UTS,Ref/IMG,6295,23,j:OK,K:\NINJA\E71a\ManualCheck\ScanData\UTS\ECC4\Ref\IMG\Event06295\PL023,1.000106881039587,-0.0102364197526848,0.00946077157015,1.0002880326606494,-24140.3515364947,-120601.06575955157,200,0.5,0.14,210,70,52236.82669350167,-122121.58788201826,7135.75,51931.03393242694,-122917.76680031329,7135.75,1.49465,3.776100000000001,76032.19,-3035.15,1.0001516283551375,1.0003404083478111,1.000491788914443,0.0004917889144429033,0.0003404083478111275,0.5419881853261379,-0.0007736365530019667,122993.388581034,OK,1,1
4,UTS,Ref/IMG,8023,23,j:OK,K:\NINJA\E71a\ManualCheck\ScanData\UTS\ECC4\Ref\IMG\Event08023\PL023,1.000125091918629,-0.0070462475801063,0.0062470467967576,1.0002256657787223,-145181.7353437665,-43922.58549635511,200,0.5,0.14,210,70,-120895.89783240108,-746.9812133746948,7089.75,-120687.77857444718,-383.7326618074076,7089.75,-1.00306,-1.7231,24796.48,43374.16,1.0001446020845821,1.0002504846724387,1.000394804164691,0.00039480416469106494,0.0002504846724387111,0.3578799931176081,-0.0007983570180953275,151680.35401498797,OK,2,2
4,UTS,Ref/IMG,2394,23,j:OK,K:\NINJA\E71a\ManualCheck\ScanData\UTS\ECC4\Ref\IMG\Event02394\PL023,1.000339132868618,0.0019773998069866,-0.0030076867288278,1.0002875288157018,-24547.95259457441,-198458.9236783051,200,0.5,0.14,210,70,-13623.008501544977,-154908.6607820832,7133.0,-13578.030259128778,-154773.89023693354,7133.0,-0.21284,-0.64222,10879.81,43705.19,1.0003436544147204,1.0002894833068177,1.000632706593949,0.000632706593949095,0.0003436544147203957,-0.17226881436130784,-0.0010298289911446963,199971.36386027074,OK,1,1
4,UTS,Ref/IMG,3858,23,k:Retake,K:\NINJA\E71a\ManualCheck\ScanData\PatternMatchFailed\UTS\ECC4\Ref\IMG\Event03858\PL023,1.0652219823943816,0.0326004464333798,0.1194474287741814,1.0740529388469704,-151103.16603671337,-212780.1413766677,200,0.5,0.14,210,70,-94154.01635630488,-151961.62626479176,7106.0,-94259.5856262124,-151861.31295124092,7106.0,0.4872,-0.49893,51803.61,50957.47,1.0718981108374896,1.0745475813352656,1.1402107612117236,0.1402107612117236,0.07454758133526562,6.398068531856989,0.1415339403341574,260974.24269569834,FAIL,1,1
4,UTS,Ref/IMG,6295,24,k:Retake,K:\NINJA\E71a\ManualCheck\ScanData\PatternMatchFailed\UTS\ECC4\Ref\IMG\Event06295\PL024,0.9663935451750708,-0.0314469430121366,-0.0504747070258217,0.9605290615754712,-39226.2508361772,-114222.05595401536,200,0.5,0.14,210,70,-10838.380647883489,-36820.48061337208,7133.0,-10839.87136113764,-36784.29175575389,7133.0,0.00151,-0.17933,32051.74,82304.19,0.9677107936803145,0.9610436974226843,0.9266618098242083,0.07333819017579168,0.03895630257731575,-2.989840157096667,-0.0848080618880704,120769.93343140051,FAIL,1,1
4,UTS,Ref/IMG,6983,24,l:?,K:\NINJA\E71a\ManualCheck\ScanData\PatternMatchFailed\UTS\ECC4\Ref\IMG\Event06983\PL024_chk,0.985903471419982,0.0628914633510119,-0.099101836030494,0.9021314398989494,-162607.62906547877,-30837.78920634239,200,0.5,0.14,210,70,-74169.98878764226,-29437.52703480696,7119.75,-74171.19296534936,-29440.53470517682,7119.75,0.00477,0.0164,88978.58,11323.4,0.9908717519752929,0.9043209999865001,0.8956471777622108,0.10435282223778919,0.09567900001349994,-5.740022490926951,-0.030575834714518305,165505.922170269,FAIL,3,3
4,UTS,Ref/IMG,2394,24,j:OK,K:\NINJA\E71a\ManualCheck\ScanData\UTS\ECC4\Ref\IMG\Event02394\PL024,1.0006477631249178,-0.0102837898692597,0.0093699602589867,1.0002689105287748,-42463.38215079745,-200933.4443103552,200,0.5,0.14,210,70,-25977.68203962159,-152217.7469960106,7137.5,-25961.50480621136,-152305.5861371479,7137.5,-0.07268,0.41885,16989.18,48455.64,1.0006916318237884,1.00032177308329,1.0010132065464037,0.0010132065464036888,0.0006916318237883967,0.5364959645124204,-0.0009170418503694142,205371.34139433203,OK,2,2
4,UTS,Ref/IMG,9487,24,k:Retake,K:\NINJA\E71a\ManualCheck\ScanData\PatternMatchFailed\UTS\ECC4\Ref\IMG\Event09487\PL024,1.0357875093416973,-0.0838190931445602,-0.0685356917434401,1.1398585255415676,-45860.79859125464,-36721.42207838478,200,0.5,0.14,210,70,-42277.09527156297,-14227.891616230329,7131.5,-42291.5648058794,-14217.155860110077,7131.5,0.0632,-0.04105,5068.24,20047.77,1.0380524579957549,1.1429361743445576,1.1749066236426295,0.17490662364262954,0.14293617434455763,-3.7856125104745533,-0.13902217686812393,58750.96328475397,FAIL,1,1
4,UTS,Ref/IMG,10544,24,k:Retake,K:\NINJA\E71a\ManualCheck\ScanData\PatternMatchFailed\UTS\ECC4\Ref\IMG\Event10544\PL024,1.0509594958448178,0.0230220078104072,0.0271924103575218,1.0116553747147277,-169644.61882672788,-124333.49302002948,200,0.5,0.14,210,70,-95634.5265363269,-95104.94441478384,7120.25,-95722.38937051783,-95009.87637721494,7120.25,0.40815,-0.45846,69743.96,27111.12,1.0513112237046867,1.0119172940674641,1.0625827986952558,0.06258279869525585,0.05131122370468666,1.4821340115952537,0.04860180608726894,210328.58622504814,FAIL,1,1
4,UTS,Ref/IMG,6738,25,k:Retake,K:\NINJA\E71a\ManualCheck\ScanData\PatternMatchFailed\UTS\ECC4\Ref\IMG\Event06738\PL025,0.985239668894988,-0.0095066175971154,0.0893185106078746,1.0643646812432133,-148447.88795642566,-131104.61068175934,200,0.5,0.14,210,70,-35545.64079222064,-63105.44081551842,7141.75,-35341.98465669666,-62938.14085852681,7141.75,-0.99074,-0.6653500000000001,115324.98,54366.53,0.9892800420010073,1.0644071356657212,1.0495034230562759,0.049503423056275864,0.0644071356657212,5.18008234524984,0.08138787935287692,198053.51393181388,FAIL,2,2
4,UTS,Ref/IMG,6983,25,k:Retake,K:\NINJA\E71a\ManualCheck\ScanData\PatternMatchFailed\UTS\ECC4\Ref\IMG\Event06983\PL025,0.9919266603964204,0.0803884040716119,0.000607513310761,0.9743409031278412,-144444.7980020381,-34510.253988835415,200,0.5,0.14,210,70,-56751.440759851845,-25622.229354027782,7130.0,-56755.67173740642,-25627.234445895883,7130.0,0.01833,0.02445,87668.40000000001,9062.29,0.9919268464345635,0.9776515181889495,0.9664258811017273,0.033574118898272665,0.022348481811050536,0.03509124791394052,0.08283639942341717,148510.12524479104,FAIL,4,4
4,UTS,Ref/IMG,623,25,j:OK,K:\NINJA\E71a\ManualCheck\ScanData\UTS\ECC4\Ref\IMG\Event00623\PL025,1.0004594611091235,0.0019329222504865,-0.0029709681117939,1.0002413838619706,-29588.72653567961,-199549.0687796792,200,0.5,0.14,210,70,87514.17174850364,-122281.68726598604,7140.75,87410.7415514435,-122784.59934605195,7140.75,0.48767,2.39569,116796.79,77092.86,1.0004638723983386,1.0002432515036213,1.0007066985279598,0.0007066985279597926,0.00046387239833856064,-0.17014525837139644,-0.0010371413979621406,201730.81963061658,OK,2,2
4,UTS,Ref/IMG,6295,25,k:Retake,K:\NINJA\E71a\ManualCheck\ScanData\PatternMatchFailed\UTS\ECC4\Ref\IMG\Event06295\PL025,1.0032999448379731,-0.0865656213677771,0.0005446123592555,1.00916265272707,-22184.79809603789,-116679.6262951618,200,0.5,0.14,210,70,548.6558766392616,-36578.47372148868,7148.5,540.463606745212,-36547.62057440032,7148.5,0.02632,-0.1456,29500.23,79388.53,1.0033000926514966,1.0128686323812808,1.0125399785208957,0.012539978520895723,0.012868632381280776,0.03110135383914679,-0.08492494602393681,118769.94762540134,FAIL,1,1
4,UTS,Ref/IMG,5488,26,k:Retake,K:\NINJA\E71a\ManualCheck\ScanData\PatternMatchFailed\UTS\ECC4\Ref\IMG\Event05488\PL026,0.9966451405190868,0.1124756471180154,0.0105372349499864,1.0164912433701327,-148897.21915611267,-119893.01158253144,200,0.5,0.14,210,70,-130985.60201558216,-71127.65468344693,7097.5,-130962.41008586642,-71066.99119093531,7097.5,-0.07883,-0.28337,12589.08,47903.38,0.9967008425002466,1.0226950762777607,1.0118958757652128,0.011895875765212782,0.022695076277760684,0.6057487982406016,0.12048148607163073,191166.7233039068,FAIL,3,3
4,UTS,Ref/IMG,6983,26,k:Retake,K:\NINJA\E71a\ManualCheck\ScanData\PatternMatchFailed\UTS\ECC4\Ref\IMG\Event06983\PL026,0.9985152637449716,-0.1167614313997539,-0.1179590747151896,1.0974012285633223,-138037.57454158258,-35405.01495024612,200,0.5,0.14,210,70,-54470.80767818331,-32779.54798698212,7129.0,-54346.465595176574,-32847.16014739024,7129.0,-0.56579,0.23257,85158.49,11484.47,1.0054586392484546,1.1035953462727217,1.0819988067626256,0.08199880676262561,0.10359534627272171,-6.737380784191645,-0.22173052158264636,142505.74398581314,FAIL,3,3
4,UTS,Ref/IMG,623,26,k:Retake,K:\NINJA\E71a\ManualCheck\ScanData\PatternMatchFailed\UTS\ECC4\Ref\IMG\Event00623\PL026,1.0051200002385807,0.1114479822219031,-0.0036922336928898,1.2220705939200651,-29773.115444219253,-210175.9070516039,200,0.5,0.14,210,70,3156.6058703182102,-122190.69679735976,7146.0,3168.1039899297284,-122153.2218574492,7146.0,-0.03827,-0.14614,24778.69,72102.36,1.0051267817888683,1.227141878213548,1.2287390876474626,0.22873908764746265,0.22714187821354792,-0.21047084525513365,0.08716031689849248,212274.23373603128,FAIL,2,2
4,UTS,Ref/IMG,4196,26,k:Retake,K:\NINJA\E71a\ManualCheck\ScanData\PatternMatchFailed\UTS\ECC4\Ref\IMG\Event04196\PL026,1.0374643333147755,0.0322221420175032,-0.0893000944409561,0.9413116329302176,-159741.51888375974,-190608.4928161568,200,0.5,0.14,210,70,-108994.3473795769,-149470.05226573092,7111.25,-109065.73709878318,-149817.70451422725,7111.25,0.27225,1.7845300000000002,47360.37,47826.96,1.041300508867366,0.9418629713105559,0.9794546860246438,0.020545313975356194,0.05813702868944415,-4.919627788820433,-0.05162299766134076,248694.49207599566,FAIL,1,1
4,UTS,Ref/IMG,1124,26,k:Retake,K:\NINJA\E71a\ManualCheck\ScanData\PatternMatchFailed\UTS\ECC4\Ref\IMG\Event01124\PL026,1.0579754201388014,-0.0471328610432037,-0.0048014229065113,1.012673384299708,-29584.74385941373,-120634.68855693776,200,0.5,0.14,210,70,90252.50524825689,-60881.33716561431,7135.5,90106.38267500402,-61097.5768551315,7135.5,0.7031400000000001,1.0201600000000002,115775.88,59340.95,1.0579863152611193,1.0137696433900267,1.0711572444192032,0.07115724441920324,0.0579863152611193,-0.2600243581276201,-0.051025552794572514,124209.44067363192,FAIL,2,2
4,UTS,Ref/IMG,1124,27,j:OK,K:\NINJA\E71a\ManualCheck\ScanData\UTS\ECC4\Ref\IMG\Event01124\PL027,1.0002623608587324,0.0077249872884497,-0.0080416462166621,1.0004690638140694,-34062.384635368486,-118526.7472723975,200,0.5,0.14,210,70,7992.786890215025,-68374.28218402535,7145.75,7934.928455720088,-68415.55358640471,7145.75,0.27391,0.19864,41596.89,50422.05,1.000294685892392,1.000498887094637,1.0007936693515889,0.000793669351588866,0.0004988870946369683,-0.460621613074722,-0.0003181517157789978,123324.10902180715,OK,2,2
4,UTS,Ref/IMG,4196,27,j:OK,K:\NINJA\E71a\ManualCheck\ScanData\UTS\ECC4\Ref\IMG\Event04196\PL027,1.0003254427244304,0.0081850911001575,-0.0085209865191259,1.0004283302003565,-154894.64394059827,-196504.2906638876,200,0.5,0.14,210,70,-57256.19865709114,-147609.6263506215,7139.25,-57251.81431661271,-147587.2980636574,7139.25,-0.02,-0.10645,97204.2,49723.97,1.0003617338608504,1.0004618131562,1.0008236573726563,0.0008236573726563279,0.000461813156199975,-0.4880459260247303,-0.0003366041708922699,250212.48364300758,OK,1,1
4,UTS,Ref/IMG,10478,27,j:OK,K:\NINJA\E71a\ManualCheck\ScanData\UTS\ECC4\Ref\IMG\Event10478\PL027,1.0003412014063735,0.0050839833903834,-0.0054017842417269,1.0004273079087578,-154514.5746999189,-41665.72191358775,200,0.5,0.14,210,70,-107459.97551231226,-21855.800423554552,7104.5,-107463.1747214511,-21974.390461488805,7104.5,0.01236,0.56454,46934.03,19936.34,1.0003557859602457,1.000440225748984,1.0007961176945541,0.0007961176945541215,0.00044022574898394673,-0.3093908660755623,-0.00031812113621314963,160033.70325427467,OK,1,1
4,UTS,Ref/IMG,623,27,j:OK,K:\NINJA\E71a\ManualCheck\ScanData\UTS\ECC4\Ref\IMG\Event00623\PL027,1.0003662960304869,0.0091894396372099,-0.0094564943995681,1.0003882667151178,-35565.2157316186,-197227.9963928765,200,0.5,0.14,210,70,-12147.7497726173,-129534.99558989512,7142.0,-12147.345731500793,-129520.286121834,7142.0,-0.00128,-0.07003,22785.59,67896.82,1.0004109913031167,1.000430472337845,1.0008416048506257,0.0008416048506256768,0.0004304723378449893,-0.5416026931384363,-0.00026713551702723564,200408.99962622704,OK,2,2
4,UTS,Ref/IMG,5488,27,j:OK,K:\NINJA\E71a\ManualCheck\ScanData\UTS\ECC4\Ref\IMG\Event05488\PL027,1.000408069836077,0.0060473906633684,-0.0064436179621179,1.0004326116032938,-154551.7119116387,-117789.47520605563,200,0.5,0.14,210,70,-73482.72466429223,-67825.74726222588,7125.0,-73329.04933802021,-67874.3959469558,7125.0,-0.7328600000000001,0.22684,80884.78,50414.46,1.0004288212589576,1.0004508889961676,1.0008798250502193,0.0008798250502193294,0.000450888996167631,-0.36903641604395404,-0.0003961985084341812,194320.84840319157,OK,3,3
4,UTS,Ref/IMG,5130,27,j:OK,K:\NINJA\E71a\ManualCheck\ScanData\UTS\ECC4\Ref\IMG\Event05130\PL027,1.0004374540264074,0.0051816666861621,-0.0055273474954439,1.0004728259425648,-33323.89782013866,-42351.67259379501,200,0.5,0.14,210,70,38034.70368179341,-17143.077391770887,7146.25,37674.14122604196,-16800.468891271426,7146.25,1.7246100000000002,-1.6211700000000002,70832.69,25930.46,1.0004527230155233,1.0004862443427935,1.0009391276809645,0.0009391276809644911,0.00048624434279354034,-0.31655198416687247,-0.00034570286181197956,53890.132096878835,OK,1,1
4,UTS,Ref/IMG,4196,28,j:OK,K:\NINJA\E71a\ManualCheck\ScanData\UTS\ECC4\Ref\IMG\Event04196\PL028,1.000047180148717,-0.0055117523746916,0.0052464867793205,1.0001243138999445,-165994.68325651702,-183438.846941606,200,0.5,0.14,210,70,-69996.0711234979,-127430.81992527263,10106.75,-70011.90696585756,-127386.1178425174,10106.75,0.07423,-0.21323,96284.36,55540.67,1.0000609422164861,1.0001395016036887,1.0002004172497745,0.00020041724977448716,0.00013950160368869646,0.3005846103237116,-0.0002648203455821754,247394.5137562621,OK,1,1
4,UTS,Ref/IMG,5130,28,j:OK,K:\NINJA\E71a\ManualCheck\ScanData\UTS\ECC4\Ref\IMG\Event05130\PL028,1.0000602338171982,-0.0071996310354377,0.0068957012833355,1.000146312023234,-47514.99474304504,-23313.78250402962,200,0.5,0.14,210,70,-18140.86028571585,-4544.761555919664,10129.25,-18124.622178568377,-4457.112839577228,10129.25,-0.08032,-0.41676,29522.87,18650.36,1.0000840074507231,1.0001722252395946,1.0002562011583345,0.0002562011583344681,0.00017222523959459224,0.3950645226660043,-0.0003032767755435243,52926.43177162802,OK,1,1
4,UTS,Ref/IMG,623,28,j:OK,K:\NINJA\E71a\ManualCheck\ScanData\UTS\ECC4\Ref\IMG\Event00623\PL028,1.0000639275842438,-0.0038944578324569,0.0037046704612141,1.0000904941661228,-45426.89304807065,-182712.735351301,200,0.5,0.14,210,70,-22492.963933489504,-111478.64928328009,10122.75,-22485.09368945556,-111458.93266307286,10122.75,-0.03784,-0.09374,23217.45,71161.35,1.0000707894136542,1.0000980768520897,1.0001688552183345,0.00016885521833454042,9.80768520897346e-05,0.21224744251115024,-0.00018966905343820455,188275.1876152442,OK,1,1
4,UTS,Ref/IMG,1124,28,j:OK,K:\NINJA\E71a\ManualCheck\ScanData\UTS\ECC4\Ref\IMG\Event01124\PL028,1.0000948901068392,-0.0088960909233221,0.0086728241670893,1.0001419969679568,-45842.99335680176,-106024.94429652423,200,0.5,0.14,210,70,-7685.386939450309,-51391.06842790747,10132.5,-7603.216067566063,-51392.781873534805,10132.5,-0.39115,0.01155,38719.06,54288.65,1.0001324947709898,1.000181560784225,1.0003140547812557,0.0003140547812556793,0.0001815607842250433,0.4968566183871126,-0.0002228094126219571,115511.33646959867,OK,2,2
4,UTS,Ref/IMG,5488,28,j:OK,K:\NINJA\E71a\ManualCheck\ScanData\UTS\ECC4\Ref\IMG\Event05488\PL028,1.0002038252006902,-0.006896646775975,0.006561302803981,1.000206188607115,-166227.6828412973,-106717.22776677732,200,0.5,0.14,210,70,-82923.7939155013,-46339.39997222465,10112.5,-82908.56108951718,-46272.66079448835,10112.5,-0.07471,-0.31725,83715.05,59882.94,1.000225345929895,1.0002299652903446,1.0004553068220687,0.0004553068220687351,0.00022996529034458035,0.37585295805490526,-0.00033524415872126807,197535.3366995717,OK,2,2
4,UTS,Ref/IMG,11033,29,j:OK,K:\NINJA\E71a\ManualCheck\ScanData\UTS\ECC4\Ref\IMG\Event11033\PL029,1.0000947850749362,-0.0065333359983237,0.0061786562653326,1.0000727800321287,-121590.11021559646,-18200.885129994604,200,0.5,0.14,210,70,-61568.48285961893,7671.20750155586,10934.75,-61463.64365428576,8300.796558116126,10934.75,-0.51875,-2.9946200000000003,60291.45,26127.26,1.0001138709803639,1.0000941204908953,1.0002079392429253,0.00020793924292528132,0.00011387098036386156,0.3539728717948046,-0.0003547755188473099,122944.81331783034,OK,1,1
4,UTS,Ref/IMG,1124,29,j:OK,K:\NINJA\E71a\ManualCheck\ScanData\UTS\ECC4\Ref\IMG\Event01124\PL029,1.0001107415898072,-0.0109656381567883,0.0107158118241086,1.000222410932459,-817.190139799742,-100651.52987144928,200,0.5,0.14,210,70,39042.10359145926,-48563.523304531525,10959.0,39053.47554770011,-48604.52083015676,10959.0,-0.052,0.19574,40432.04,51602.27,1.0001681478963242,1.000282518367549,1.0004506828674256,0.00045068286742555586,0.0002825183675490006,0.6138793159552399,-0.00024854534837191245,100654.84720165162,OK,2,2
4,UTS,Ref/IMG,4196,29,j:OK,K:\NINJA\E71a\ManualCheck\ScanData\UTS\ECC4\Ref\IMG\Event04196\PL029,1.0001475782986848,-0.0038676049468949,0.003495693503393,1.0001448525338217,-121135.66757696324,-178263.0683980527,200,0.5,0.14,210,70,-22847.439057480475,-124423.28988910104,10951.0,-22876.37206879558,-124569.71698516436,10951.0,0.14045,0.6966800000000001,98451.07,53341.47,1.0001536873150014,1.0001523306066558,1.0003059721710836,0.00030597217108363495,0.0001536873150014273,0.20025811487726672,-0.0003718620528401971,215526.26641318074,OK,1,1
4,UTS,Ref/IMG,5488,29,j:OK,K:\NINJA\E71a\ManualCheck\ScanData\UTS\ECC4\Ref\IMG\Event05488\PL029,1.0001618362314115,-0.0023992106884224,0.0020765907572122,1.0001377027060616,-121176.86724539608,-100711.94763014812,200,0.5,0.14,210,70,-37882.79431138558,-43181.77772008551,10943.0,-37779.69433160525,-43076.74610460097,10943.0,-0.49207,-0.49906,83521.5,57453.85,1.0001639919947938,1.0001405804116168,1.0003045434015003,0.00030454340150032344,0.00016399199479377735,0.1189604630840412,-0.00032262398845740205,157565.0010340686,OK,1,1
4,UTS,Ref/IMG,5130,29,k:Retake,K:\NINJA\E71a\ManualCheck\ScanData\PatternMatchFailed\UTS\ECC4\Ref\IMG\Event05130\PL029,1.0164176993674203,-0.1019311790006107,-0.0031973151332163,1.0142720679006552,3749.966451658932,-19959.309222461117,200,0.5,0.14,210,70,20505.249565022372,-2412.048339835239,10955.75,20500.9093991232,-2413.8105216310723,10955.75,0.02117,0.00834,18220.92,17356.05,1.016422728204865,1.0193810832931547,1.0305981756870546,0.030598175687054585,0.01938108329315469,-0.18023304668830348,-0.10312259694478208,20308.527101352993,FAIL,1,1
4,UTS,Ref/IMG,1115,31,j:OK,K:\NINJA\E71a\ManualCheck\ScanData\UTS\ECC4\Ref\IMG\Event01115\PL031,1.0001999913369195,-0.0203607469597856,0.0200364299519638,1.0001860901181745,-120751.08025819506,-178664.05736747535,200,0.5,0.14,210,70,-96014.76077032292,-146662.85026703897,10919.25,-95985.19829697115,-146269.04114051515,10919.25,-0.17884,-1.87135,25409.9,31879.96,1.0004006603334454,1.0003933100949054,1.0007940753517348,0.0007940753517348131,0.00040066033344543506,1.1476198319457707,-0.00032440278187311936,215642.4558813259,OK,1,1
4,UTS,Ref/IMG,11033,31,j:OK,K:\NINJA\E71a\ManualCheck\ScanData\UTS\ECC4\Ref\IMG\Event11033\PL031,1.0002454034247164,-0.0114578082445751,0.0112003215432195,1.0002279025645742,-121657.68243237036,-21902.49867086809,200,0.5,0.14,210,70,-45309.40872068451,17301.534921670605,10933.5,-45332.72185703147,17321.58810450844,10933.5,0.10988,-0.0967,76745.6,38355.77,1.0003081096716877,1.0002935261404506,1.0006016930538804,0.0006016930538803589,0.0003081096716877063,0.6415468965343545,-0.0002575909055250925,123613.55565973683,OK,1,1
4,UTS,Ref/IMG,9955,33,j:OK,K:\NINJA\E71a\ManualCheck\ScanData\UTS\ECC4\Ref\IMG\Event09955\PL033,0.99945458904032,-0.1017373287272466,0.0069368111862807,1.053851854390879,-114416.71593115064,-98452.01715172348,200,0.5,0.14,210,70,-3983.3777843990833,-61918.608605120855,10957.0,-3989.340710871809,-61908.96788373448,10957.0,0.02396,-0.04372,113941.03,33925.7,0.9994786615547073,1.0587512526838636,1.0539828046795927,0.05398280467959271,0.05875125268386361,0.3976605108667582,-0.08918118740292293,150943.64698692315,OK,1,1
4,UTS,Ref/IMG,1115,33,j:OK,K:\NINJA\E71a\ManualCheck\ScanData\UTS\ECC4\Ref\IMG\Event01115\PL033,1.0002711123560415,-0.0117965924141228,0.0115214833056107,1.000206421405293,-114939.81920833475,-175850.56237357334,200,0.5,0.14,210,70,-10649.212948747174,-134734.27497790128,10957.5,-10562.84476921965,-134861.0962944111,10957.5,-0.40399,0.6084400000000001,104817.75,39773.6,1.0003374644546479,1.000275984422783,1.0006135039672903,0.0006135039672903186,0.00033746445464788444,0.6599242620118527,-0.000275759839452922,210082.3227374133,OK,1,1
4,UTS,Ref/IMG,1966,33,j:OK,K:\NINJA\E71a\ManualCheck\ScanData\UTS\ECC4\Ref\IMG\Event01966\PL033,1.0002717014339135,-0.0058272202087418,0.0055306676269623,1.000267797523217,4967.821618814325,-17978.06920959577,200,0.5,0.14,210,70,42767.7387918838,1983.1820193593087,10961.0,42773.79382695812,2376.76853591147,10961.0,-0.03974,-1.8735,37913.03,20139.76,1.0002869913049435,1.00028477108137,1.0005718001362653,0.0005718001362653435,0.0002869913049434736,0.31679461020054994,-0.000296485203455479,18651.815572253938,OK,2,2
4,UTS,Ref/IMG,5210,33,j:OK,K:\NINJA\E71a\ManualCheck\ScanData\UTS\ECC4\Ref\IMG\Event05210\PL033,1.000283996319428,-0.0007706222582559,0.000535765010691,1.000379093123143,3790.5588401478576,-94889.01096284411,200,0.5,0.14,210,70,22015.975950270345,-68029.13768481751,10964.75,22019.62522675241,-68027.11056194626,10964.75,-0.01738,-0.00964,18244.57,26841.95,1.000284139800743,1.0003793899399103,1.0006636099760653,0.0006636099760652936,0.0003793899399102685,0.030688355607863396,-0.00023471722945388792,94964.69205882454,OK,1,1
4,UTS,Ref/IMG,9955,35,l:?,K:\NINJA\E71a\ManualCheck\ScanData\PatternMatchFailed\UTS\ECC4\Ref\IMG\Event09955\PL035_chk,0.9346841527931392,0.0424440849746196,-0.0787328507389784,1.0583088601027182,-124502.6236907967,-95096.53462511754,200,0.5,0.14,210,70,-16625.03101896641,-69346.40456638667,10973.5,-16644.465944921467,-69333.69127624278,10973.5,0.10127,-0.04967,113905.06,32817.37,0.9379943108932562,1.0591596403381538,0.9925262641056413,0.007473735894358735,0.062005689106743755,-4.814926890235993,-0.043938085034557185,156666.05951385357,FAIL,1,1
4,UTS,Ref/IMG,1966,35,j:OK,K:\NINJA\E71a\ManualCheck\ScanData\UTS\ECC4\Ref\IMG\Event01966\PL035,1.000175677433,-0.0030613707554175,0.0020674357698621,1.0001798578187018,-5063.653808335314,-19453.762960873886,200,0.5,0.14,210,70,26187.84248043337,1038.8922596957975,10976.25,26035.30665310302,1011.3684921723872,10976.25,0.7266300000000001,0.12954,31155.93,20397.05,1.0001778142006665,1.0001845429605183,1.0003618960360663,0.0003618960360662893,0.00018454296051828578,0.11843436907039963,-0.0009937408331070928,20101.97709750306,OK,2,2
4,UTS,Ref/IMG,8322,35,j:OK,K:\NINJA\E71a\ManualCheck\ScanData\UTS\ECC4\Ref\IMG\Event08322\PL035,1.0001865328524986,-0.0019750190949087,0.0010865833636045,1.0003304378325937,-125713.93766914684,-19717.92826479481,200,0.5,0.14,210,70,-112729.2237695886,-988.253403015234,10922.75,-112725.49738637068,-138.39290052120123,10922.75,-0.02573,-4.045590000000001,13024.64,19558.92,1.0001871230739319,1.0003323875366497,1.0005191783454952,0.000519178345495197,0.0003323875366496587,0.06224500559299594,-0.0008879837168049484,127250.89712586599,OK,2,2
4,UTS,Ref/IMG,5210,35,j:OK,K:\NINJA\E71a\ManualCheck\ScanData\UTS\ECC4\Ref\IMG\Event05210\PL035,1.000236586352936,0.0010057305017579,-0.002173559551901,1.0003488420110096,-5090.369684430503,-96041.24839443131,200,0.5,0.14,210,70,10489.145019961754,-68416.68602933384,10975.0,10479.95204975534,-68428.30203570875,10975.0,0.04371,0.05539,15538.85,27637.08,1.0002389479719835,1.0003493475814387,1.0005876969103435,0.0005876969103435492,0.00034934758143867484,-0.12450613636752567,-0.0011676623089009039,96176.05344723303,OK,2,2
4,UTS,Ref/IMG,3492,35,j:OK,K:\NINJA\E71a\ManualCheck\ScanData\UTS\ECC4\Ref\IMG\Event03492\PL035,1.0002930859643078,0.0002580532806039,-0.0012798819661312,1.000445458932508,-122991.14708257237,-174434.50366264087,200,0.5,0.14,210,70,-63088.39172125104,-110369.46723240486,10959.0,-63253.55061363437,-110394.07847114904,10959.0,0.7862100000000001,0.11815,59703.56,64088.29,1.000293904772915,1.00044549221343,1.0007390057323167,0.0007390057323166666,0.0004454922134300432,-0.07331030869363296,-0.0010215677107442112,213434.3419619224,OK,1,1
4,UTS,Ref/IMG,7378,37,j:OK,K:\NINJA\E71a\ManualCheck\ScanData\UTS\ECC4\Ref\IMG\Event07378\PL037,1.0002308400362003,0.0039068064571301,-0.0041760571726793,1.0003977689449337,-3592.910911140678,-96386.49200815466,200,0.5,0.14,210,70,55778.50440485316,-25320.12331391544,10965.25,55788.07298624728,-25259.160313976565,10965.25,-0.04442,-0.29037,59088.61,71345.71,1.0002395577125673,1.000405397449801,1.0006450158492592,0.000645015849259245,0.0004053974498010593,-0.23921384060940715,-0.00026983591578848043,96453.43358560884,OK,1,1
4,UTS,Ref/IMG,8322,37,j:OK,K:\NINJA\E71a\ManualCheck\ScanData\UTS\ECC4\Ref\IMG\Event08322\PL037,1.000256085447639,-0.0022696445038021,0.001902740604455,1.0003357704362426,-123096.59699452596,-20421.96676605909,200,0.5,0.14,210,70,-6360.975265680197,18563.450340538453,10958.75,-6354.378590809632,18547.28949057933,10948.0,-0.03123,0.07699,116800.22,38734.01,1.0002578951934558,1.0003383452114814,1.000596260414559,0.0005962604145590689,0.0003383452114813501,0.10899096364644291,-0.0003666276080484929,124779.1205219317,OK,2,2
4,UTS,Ref/IMG,450,37,j:OK,K:\NINJA\E71a\ManualCheck\ScanData\UTS\ECC4\Ref\IMG\Event00450\PL037,1.0002615680633402,-0.002071409504906,0.0019132473344878,1.0003605094115382,-3354.830329357505,-20235.277666100308,200,0.5,0.14,210,70,59569.40576159641,13023.882327107023,10963.5,59719.12185594257,12922.993734166075,10953.0,-0.7117500000000001,0.48161,63125.85,33025.590000000004,1.0002633978407363,1.000362654004761,1.0006261348913408,0.0006261348913407794,0.0003626540047609872,0.1095921979256273,-0.0001579153630312056,20511.493089557254,OK,1,1
4,UTS,Ref/IMG,3492,37,j:OK,K:\NINJA\E71a\ManualCheck\ScanData\UTS\ECC4\Ref\IMG\Event03492\PL037,1.000270016647185,0.0014560033999564,-0.0017453150817374,1.0003656833521792,-123240.4073395612,-175424.4366004538,200,0.5,0.14,210,70,-60794.42509268062,-110810.22155075904,10946.75,-60959.1947268325,-110835.263076778,10946.75,0.7842300000000001,0.12057,62170.26,64674.03,1.000271539297252,1.0003667429370957,1.0006383399246497,0.0006383399246496779,0.0003667429370957098,-0.09997209249318582,-0.0002893720394453084,214387.33861356555,OK,1,1
4,UTS,Ref/IMG,450,39,j:OK,K:\NINJA\E71a\ManualCheck\ScanData\chk_UTS\ECC4_0918\Ref\IMG\Event00450\PL039,1.000202015552314,-0.0066143331328211,0.0056607965684965,1.0000916993161484,160807.8587413807,-34692.16290397841,200,0.5,0.14,210,70,206903.0954122645,4065.405645967563,4859.75,206988.73395439345,4048.733215135784,4859.75,-0.40718,0.08169,46425.98,38474.56,1.0002180344968297,1.0001135717726528,1.0003311757874516,0.0003311757874515653,0.00021803449682966658,0.3242707813340772,-0.0009540372829426749,164507.4879753017,OK,1,1
4,UTS,Ref/IMG,2069,39,j:OK,K:\NINJA\E71a\ManualCheck\ScanData\chk_UTS\ECC4_0918\Ref\IMG\Event02069\PL039,1.0003083004780329,4.38374362692688e-05,-0.0010892701769049,1.000237448544653,41733.01661298774,-110947.76816306644,200,0.5,0.14,210,70,102068.96118339994,-74819.0948637076,4854.0,101602.96754660035,-74068.02041263023,4854.0,2.21849,-3.5732800000000005,59849.880000000005,36936.17,1.0003088935497717,1.0002374495052853,1.0005458699789977,0.0005458699789977484,0.0003088935497717049,-0.06239132394276917,-0.0010451068076501088,118537.13315238162,OK,2,2
4,UTS,Ref/IMG,3284,41,j:OK,K:\NINJA\E71a\ManualCheck\ScanData\chk_UTS\ECC4_0918\Ref\IMG\Event03284\PL041,1.0006040321663434,-0.0066440526413761,0.005481858878719,1.0001506336818726,142131.00780278153,-189945.370774504,200,0.5,0.14,210,70,221658.926347542,-136340.70150668474,4862.25,221656.88657011025,-136357.24487320136,4862.25,0.01023,0.07871,79830.74,53142.5,1.0006190483717121,1.000172701831915,1.000791178594768,0.0007911785947680716,0.0006190483717121165,0.313894632845893,-0.0011644591463215016,237235.0464364364,OK,2,2
4,UTS,Ref/IMG,2069,41,k:Retake,K:\NINJA\E71a\ManualCheck\ScanData\PatternMatchFailed\UTS\ECC4\Ref\IMG\Event02069\PL041,1.042843396137893,0.0960184581313294,0.0799340464790629,1.1619490353663091,14440.595131175032,-122215.34010078503,200,0.5,0.14,210,70,80460.45377620438,-72322.33663691215,4846.5,80437.18137856893,-72176.2782063887,4846.5,0.16241,-0.60975,59698.23,38957.94,1.04590238581568,1.1659095612827841,1.2040557342854328,0.20405573428543278,0.1659095612827841,4.383156382711202,0.15828041325963108,123065.51159318791,FAIL,2,2
4,UTS,Ref/IMG,3284,43,j:OK,K:\NINJA\E71a\ManualCheck\ScanData\chk_UTS\ECC4_0918\Ref\IMG\Event03284\PL043,1.0002359090240254,-0.0030586137614939,0.0028148660337529,1.000356501364286,136387.99549309176,-189865.985949604,200,0.5,0.14,210,70,219398.2210095798,-138924.11261240777,4881.75,219378.8574521297,-138905.228693313,4881.75,0.09191,-0.09015,83126.35,50708.69,1.0002398698171886,1.0003611772454672,1.0006011040781881,0.0006011040781881416,0.00036117724546724794,0.16124147954598825,-0.00024331951118942993,233775.0584113687,OK,2,2
4,UTS,Ref/IMG,10856,44,l:?,K:\NINJA\E71a\ManualCheck\ScanData\PatternMatchFailed\UTS\ECC4\Ref\IMG\Event10856\PL044_chk,0.9979646365006856,-0.0055571356682683,-0.0342409249575449,1.0296158797903368,139553.97466726048,-32375.27251359715,200,0.5,0.14,210,70,153144.10166027013,29586.19575566304,4847.5,153210.545509886,29540.64556917969,4847.5,-0.31593,0.20016,14021.88,60601.28,0.998551879797887,1.0296308764179836,1.027329955744901,0.027329955744900936,0.029630876417983565,-1.9650908516797785,-0.03968411988452654,143260.14838663285,FAIL,1,1
4,UTS,Ref/IMG,9343,44,j:OK,K:\NINJA\E71a\ManualCheck\ScanData\chk_UTS\ECC4_0918\Ref\IMG\Event09343\PL044,1.0002020533583715,-0.0039277480879817,0.0036664619163633,1.000369563303566,140338.30032810272,-188214.1259570137,200,0.5,0.14,210,70,169439.4878462625,-105060.0783751529,4874.0,169211.7591884802,-105214.81823584712,4874.0,1.08708,0.7326,29193.02,82861.65000000001,1.0002087734494667,1.0003772740267594,1.0005860922722258,0.0005860922722258355,0.0003772740267593555,0.21002941545998877,-0.0002605720684052327,234775.2025848202,OK,1,1
4,UTS,Ref/IMG,10856,45,j:OK,K:\NINJA\E71a\ManualCheck\ScanData\chk_UTS\ECC4_0918\Ref\IMG\Event10856\PL045,0.9998045869959684,-0.0879541987799506,0.001851626922476,0.9278172243288288,151158.5895030178,-30069.922318291105,200,0.5,0.14,210,70,180527.95776675857,9594.891279882995,4870.5,180517.03121523035,9599.725400808744,4870.5,0.04985,-0.02491,33119.66,42689.79,0.9998063015906826,0.9319767930824648,0.9277987751402363,0.07220122485976366,0.06802320691753516,0.1061110220726647,-0.09252992606738421,154120.47044039902,OK,1,1
4,UTS,Ref/IMG,9343,45,j:OK,K:\NINJA\E71a\ManualCheck\ScanData\chk_UTS\ECC4_0918\Ref\IMG\Event09343\PL045,1.0002000497229917,-0.003572627224552,0.0032176712109691,1.0002501480181183,151345.12207428733,-187332.14870008745,200,0.5,0.14,210,70,175659.4280230041,-103613.92345354328,4877.25,175654.78515248813,-103604.85351342936,4877.25,0.02195,-0.04325,24603.51,83627.21,1.0002052253782205,1.0002565282344091,1.0004617433229195,0.0004617433229194834,0.00025652823440913686,0.18432147080062333,-0.0003547020189807932,240829.1508772819,OK,1,1
4,UTS,Ref/IMG,8782,48,j:OK,K:\NINJA\E71a\ManualCheck\ScanData\chk_UTS\ECC4_0918\Ref\IMG\Event08782\PL048,1.000176508152888,-0.0082170913862251,0.0072154700350185,1.0002588433965778,139585.36298623754,-34458.758102889435,200,0.5,0.14,210,70,183444.59260275777,-24558.4142931153,4881.25,183440.03573385224,-24593.335062379865,4881.25,0.02306,0.16608,43925.36,9546.01,1.0002025347242078,1.000292594386217,1.0004946874141079,0.0004946874141078528,0.0002925943862170932,0.4133358512582572,-0.0010007085188362878,143775.7961897382,OK,1,1
4,UTS,Ref/IMG,9589,48,j:OK,K:\NINJA\E71a\ManualCheck\ScanData\chk_UTS\ECC4_0918\Ref\IMG\Event09589\PL048,1.0003269830419153,0.0048546808525268,-0.006130470815825,1.0002844553938566,140297.30778849815,-109850.95333232764,200,0.5,0.14,210,70,190107.47296784265,-52974.8579345842,4882.0,190121.52076489507,-52971.377105643776,4882.0,-0.06679,-0.01698,49530.49,57166.96,1.0003457680593064,1.000296235936517,1.0006412929271484,0.0006412929271484291,0.0003457680593064172,-0.35113089299685746,-0.0012751276428241236,178186.88650044316,OK,1,1
4,UTS,Ref/IMG,2899,48,j:OK,K:\NINJA\E71a\ManualCheck\ScanData\chk_UTS\ECC4_0918\Ref\IMG\Event02899\PL048,1.0005023020410688,-0.0024489718021633,0.0011862242755119,1.0003353903266086,141530.65619854917,-190097.8908967776,200,0.5,0.14,210,70,158051.64834576217,-136708.92160337567,4879.5,157691.38685986935,-136618.41108649474,4879.5,1.71361,-0.43289,16283.43,53442.24,1.0005030052516133,1.0003383880481524,1.000840765864725,0.0008407658647249239,0.0005030052516132866,0.06793149056967007,-0.0012625173135362136,236998.1746077279,OK,1,1
4,UTS,Ref/IMG,5414,48,k:Retake,K:\NINJA\E71a\ManualCheck\ScanData\PatternMatchFailed\UTS\ECC4\Ref\IMG\Event05414\PL048,1.0010812948893322,0.0734600913561308,0.0073911032433726,0.985228374577622,18425.024770615822,-34956.22882511374,200,0.5,0.14,210,70,69450.89786026052,-20277.45174542437,4849.25,69457.71637566162,-20263.807419266264,4835.0,-0.02761,-0.06574,49910.74,14538.28,1.0011085792182866,0.9879632255782166,0.985750745864397,0.014249254135602962,0.012036774421783414,0.42301392456889486,0.08171554179330842,39514.800663441536,FAIL,1,1
4,UTS,Ref/IMG,5414,50,j:OK,K:\NINJA\E71a\ManualCheck\ScanData\chk_UTS\ECC4_0918\Ref\IMG\Event05414\PL050,1.000202026486597,-0.0029926484338241,0.0021663262036947,1.0002392788316918,32274.863893649628,-33972.424668567124,200,0.5,0.14,210,70,127415.88976636188,-23919.68267127705,4868.75,127421.37092822348,-23920.75886702921,4868.75,-0.02608,0.00518,95156.74,9843.17,1.0002043724944998,1.0002437557227695,1.0004478367116711,0.0004478367116711457,0.00024375572276946755,0.12409608373759266,-0.0008260382561731676,46859.283788968394,OK,2,2
4,UTS,Ref/IMG,2899,50,j:OK,K:\NINJA\E71a\ManualCheck\ScanData\chk_UTS\ECC4_0918\Ref\IMG\Event02899\PL050,1.000625965451027,0.0045598851831416,-0.0055340748803105,1.000220168668991,153051.98297743386,-189655.14196358083,200,0.5,0.14,210,70,217453.47697233653,-138247.68685811834,4878.5,217459.15442336776,-138258.84678803597,4878.5,-0.02726,0.05298,64131.1,51739.81,1.0006412687469874,1.0002305626029973,1.0008715066840475,0.0008715066840474517,0.0006412687469874445,-0.31687754690897896,-0.0009717064886350012,243708.8065018388,OK,1,1
4,UTS,Ref/IMG,11369,52,j:OK,K:\NINJA\E71a\ManualCheck\ScanData\chk_UTS\ECC4_0918\Ref\IMG\Event11369\PL052,1.0001943639960058,-0.0028315492879871,0.0026427546767027,1.0002210040170243,-188409.24654693285,-195026.4346910718,200,0.5,0.14,210,70,-101570.86405698786,-118425.58186184558,7355.75,-101553.09710348428,-118732.56415302088,7355.75,-0.08045,1.46171,87054.56,76047.0,1.0001978553874507,1.0002250119589065,1.000422894058377,0.0004228940583770324,0.00022501195890645143,0.15138891233764423,-0.00018868110763999339,271170.34205955087,OK,1,1
4,UTS,Ref/IMG,4089,52,j:OK,K:\NINJA\E71a\ManualCheck\ScanData\chk_UTS\ECC4_0918\Ref\IMG\Event04089\PL052,1.000210276427936,-0.0032925093283681,0.0029781636044814,1.0003506660626398,-309345.2253161299,-39594.49873166787,200,0.5,0.14,210,70,-249549.67777288568,11633.23988731496,7299.0,-249640.9717499981,11569.905432105124,7299.0,0.43563,0.30019,59859.48,50968.26,1.0002147102150132,1.000356084456752,1.000570821858832,0.0005708218588320602,0.00035608445675205935,0.17059982784504685,-0.00031381457240360025,311868.8710911995,OK,2,2
4,UTS,Ref/IMG,1751,52,j:OK,K:\NINJA\E71a\ManualCheck\ScanData\chk_UTS\ECC4_0918\Ref\IMG\Event01751\PL052,1.0002157341611,-0.0048061698838414,0.0044757414146947,1.0003096729406349,-309143.1000160365,-116445.12965372036,200,0.5,0.14,210,70,-247863.15607137603,-71373.9173934149,7316.0,-247901.08556579764,-71361.51025558804,7316.0,0.18029,-0.05987,61444.05,44794.74,1.0002257480812216,1.0003212189329747,1.000546985082362,0.0005469850823620614,0.000321218932974654,0.25638407084564263,-0.00032989884046306234,330346.67322011414,OK,1,1
4,UTS,Ref/IMG,4089,53,j:OK,K:\NINJA\E71a\ManualCheck\ScanData\chk_UTS\ECC4_0918\Ref\IMG\Event04089\PL053,1.000262686176,4.116727153364328e-05,-0.0003589332537825,1.000313047846207,-301701.46840777324,-38031.60230883654,200,0.5,0.14,210,70,-244623.44004187576,11661.491660419448,7290.75,-244710.3484327073,11606.418400795705,7290.75,0.41373,0.26232,56974.11,49642.93,1.0002627505756214,1.000313048693314,1.0005758310318513,0.000575831031851326,0.00031304869331405527,-0.02055995886895896,-0.000317684582776495,304089.0968344378,OK,1,1
4,UTS,Ref/IMG,11369,53,j:OK,K:\NINJA\E71a\ManualCheck\ScanData\chk_UTS\ECC4_0918\Ref\IMG\Event11369\PL053,1.0003195665165536,0.0027419388357033,-0.0030892872009264,1.0003564263505866,-182902.75393461937,-193269.70489665493,200,0.5,0.14,210,70,-99245.68686078535,-120603.67655522456,7344.75,-99258.82960697504,-120645.36768859003,7344.75,0.06202,0.19865,83417.5,72856.07,1.0003243368284487,1.0003601841184482,1.0006845774056183,0.0006845774056183362,0.0003601841184481813,-0.17694600957195591,-0.0003473354377848836,266095.0886952031,OK,1,1
4,UTS,Ref/IMG,1751,53,k:Retake,K:\NINJA\E71a\ManualCheck\ScanData\PatternMatchFailed\UTS\ECC4\Ref\IMG\Event01751\PL053,1.0006229302273146,0.078368488934797,0.0028770818930855,1.0888257423632992,-304457.39557236986,-116512.97169065075,200,0.5,0.14,210,70,-238947.3072880923,-67407.47603620055,7318.25,-238944.03512912372,-67387.49560010721,7318.25,-0.00873,-0.08736,61951.78,44954.15,1.000627066442297,1.091642394418114,1.0892785322699927,0.08927853226999272,0.09164239441811395,0.16474157301080547,0.07465708833854624,325990.15060412005,FAIL,1,1
4,UTS,Ref/IMG,9693,54,j:OK,K:\NINJA\E71a\ManualCheck\ScanData\chk_UTS\ECC4_0918\Ref\IMG\Event09693\PL054,1.0002090989893684,0.0129607390630834,-0.0131079894680948,0.9971003246283536,-180510.1209759165,-113228.29267614384,200,0.5,0.14,210,70,-61789.54307071237,-52228.66430100074,7342.75,-61832.820018770784,-51899.00187631338,7342.75,0.2264,-1.5714100000000002,117835.4,63056.72,1.0002949870358342,0.9971845557022178,0.9974787065296699,0.0025212934703301437,0.0028154442977822436,-0.750832484542897,-0.00010680068861065939,213083.43445020428,OK,1,1
4,UTS,Ref/IMG,4089,54,j:OK,K:\NINJA\E71a\ManualCheck\ScanData\chk_UTS\ECC4_0918\Ref\IMG\Event04089\PL054,1.0002525702985223,0.0003834092278698,-0.0008955226334255,1.0002433116784213,-299105.6702791842,-37859.05246194054,200,0.5,0.14,210,70,-244074.31645543355,9246.297316423272,7308.5,-244093.59117692296,9240.170576363627,7308.5,0.09175,0.02925,54980.12,47136.99,1.0002529711775852,1.0002433851618573,1.0004962867818883,0.0004962867818882888,0.0002529711775851595,-0.051296697622309415,-0.0005119803026963148,301492.1389464011,OK,1,1
4,UTS,Ref/IMG,1751,54,j:OK,K:\NINJA\E71a\ManualCheck\ScanData\chk_UTS\ECC4_0918\Ref\IMG\Event01751\PL054,1.000264725121749,0.0040499046129154,-0.0045685871813358,1.0003629500661562,-299522.9468692249,-113771.11494919698,200,0.5,0.14,210,70,-241371.7620826762,-70487.76419175122,7325.5,-241378.1958286388,-70480.92611023103,7325.5,0.03076,-0.03241,57953.08,43539.15,1.0002751582998157,1.0003711479208286,1.0006462736122057,0.0006462736122057056,0.00037114792082859616,-0.2616896678296313,-0.0005189331832082193,320402.6565089745,OK,3,3
4,UTS,Ref/IMG,11369,54,j:OK,K:\NINJA\E71a\ManualCheck\ScanData\chk_UTS\ECC4_0918\Ref\IMG\Event11369\PL054,1.000335266932276,0.0081369520549274,-0.0084896164572482,1.0002821281736831,-180283.516549889,-192693.42907466597,200,0.5,0.14,210,70,-100416.56387734428,-121939.96396255886,7351.25,-100415.4782609203,-121949.06726852128,7351.25,-0.00552,0.04329,79260.51,71397.11,1.0003712909995264,1.0003152232833492,1.0006865692962836,0.0006865692962836345,0.0003712909995263747,-0.48624449332997866,-0.00035208975549918105,263880.47284357256,OK,1,1
4,UTS,Ref/IMG,3542,55,j:OK,K:\NINJA\E71a\ManualCheck\ScanData\chk_UTS\ECC4_0918\Ref\IMG\Event03542\PL055,1.000226103714288,-0.0033377651712178,0.0026278118795962,1.0004560457679623,-300754.41443456453,-113911.68941875694,200,0.5,0.14,210,70,-247971.31869782967,-45864.51241401776,7314.0,-247961.6169208988,-45738.47247916917,7314.0,-0.04819,-0.59979,53007.79,68002.91,1.0002295556254777,1.0004616135514672,1.0006910236148607,0.0006910236148607307,0.0004616135514672326,0.15052814867518796,-0.0007090194427209338,321603.93465894216,OK,2,2
4,UTS,Ref/IMG,9693,55,j:OK,K:\NINJA\E71a\ManualCheck\ScanData\chk_UTS\ECC4_0918\Ref\IMG\Event09693\PL055,1.0003253725208043,0.0011254858433588,-0.0015533692045316,1.000169594089812,-180538.68207911588,-113508.63689827324,200,0.5,0.14,210,70,-108498.15344907336,-37295.86907621989,7362.25,-108429.01823328913,-37189.89986156495,7362.25,-0.32854,-0.50504,72000.23,76417.62,1.000326578605593,1.0001702273414077,1.000496770086922,0.0004967700869220604,0.00032657860559304197,-0.08897247870667639,-0.00042756815906939846,213256.7147298488,OK,1,1
4,UTS,Ref/IMG,11369,55,j:OK,K:\NINJA\E71a\ManualCheck\ScanData\chk_UTS\ECC4_0918\Ref\IMG\Event11369\PL055,1.0003575494863646,0.0057943340600066,-0.0064437592528912,1.0001805485752973,-181230.55499761837,-193714.0593774781,200,0.5,0.14,210,70,-102680.57634808045,-125042.20955315932,7353.5,-102726.96785751524,-124896.96655181336,7353.5,0.22483,-0.69006,78074.08,69307.67,1.000378302867307,1.0001973325577216,1.0005754999104257,0.0005754999104257141,0.000378302867307001,-0.3690631448493344,-0.0006481437004109398,265272.7857607069,OK,1,1
4,UTS,Ref/IMG,2115,56,j:OK,K:\NINJA\E71a\ManualCheck\ScanData\chk_UTS\ECC4_0918\Ref\IMG\Event02115\PL056,1.0002473172331,0.0028580805687479,-0.003584407392011,1.0003043002604517,-302770.0652702289,-36579.5908542286,200,0.5,0.14,210,70,-206296.43604258363,-13054.757207319872,7338.75,-206330.6917737114,-12973.191842097132,7338.75,0.16419,-0.3877,96347.11,23944.46,1.0002537396122873,1.000308383321908,1.0005619372773675,0.0005619372773675302,0.0003083833219079679,-0.20531975740938513,-0.0007263023787310872,304971.76736675383,OK,1,1
4,UTS,Ref/IMG,9693,56,j:OK,K:\NINJA\E71a\ManualCheck\ScanData\chk_UTS\ECC4_0918\Ref\IMG\Event09693\PL056,1.0002827034626462,0.0046587479997032,-0.005144390566728,1.0003841147375232,-182510.7360850103,-113732.09186989815,200,0.5,0.14,210,70,-111130.48277557066,-38189.997226195264,7351.75,-111128.14757264138,-38212.25310944827,7351.75,-0.01161,0.10588,71009.12,75856.0,1.0002959320125437,1.0003949624783717,1.0006908932099983,0.0006908932099982668,0.0003949624783716743,-0.2946659658837391,-0.00048596575120499343,215046.87281473135,OK,1,1
4,UTS,Ref/IMG,4606,56,j:OK,K:\NINJA\E71a\ManualCheck\ScanData\chk_UTS\ECC4_0918\Ref\IMG\Event04606\PL056,1.0003952287590905,0.0031709613637771,-0.0036681174509168,1.0002701039288426,-182950.94715328165,-37009.97663575912,200,0.5,0.14,210,70,-110882.0619601524,607.2241350696439,7349.0,-110730.24522302276,818.1529386418333,7349.0,-0.7194600000000001,-1.00679,72071.46,38082.21,1.0004019536214364,1.0002751300566202,1.0006770708994883,0.000677070899488319,0.00040195362143635727,-0.2100836757296988,-0.0004965573391661115,186656.87084825538,OK,1,1
4,UTS,Ref/IMG,3542,56,j:OK,K:\NINJA\E71a\ManualCheck\ScanData\chk_UTS\ECC4_0918\Ref\IMG\Event03542\PL056,1.033112453769398,0.0253516005900483,-0.0704596248260668,0.9532284270343476,-307067.4360261107,-105249.5976445476,200,0.5,0.14,210,70,-252553.8254030416,-44417.789114173655,7322.25,-252673.9438986168,-44472.76730979591,7322.25,0.54593,0.315,50993.04,67528.18000000001,1.0355123856642454,0.9535654868748418,0.9865784235225137,0.013421576477486319,0.04643451312515823,-3.9016054881392237,-0.04149469820392388,324604.20217857434,OK,2,2
4,UTS,Ref/IMG,3542,57,j:OK,K:\NINJA\E71a\ManualCheck\ScanData\chk_UTS\ECC4_0918\Ref\IMG\Event03542\PL057,1.0003003692291998,-0.0089089807446483,0.0079996999449203,1.0003170644372903,-308709.7893048583,-116552.86368048372,200,0.5,0.14,210,70,-254279.6683872512,-45849.41820423715,7320.25,-254305.21483237305,-45800.719724590206,7320.25,0.11954,-0.23278,55014.26,70289.76,1.0003323567091502,1.0003567360408718,1.000688798075663,0.0006887980756629108,0.0003567360408718301,0.4582016434070161,-0.0009087940119309073,329979.24790018453,OK,2,2
4,UTS,Ref/IMG,9693,57,j:OK,K:\NINJA\E71a\ManualCheck\ScanData\chk_UTS\ECC4_0918\Ref\IMG\Event09693\PL057,1.0003454310934718,-0.0082785752972172,0.0075104384460585,1.000189746536848,-188019.16678178,-115813.98602140746,200,0.5,0.14,210,70,-114503.62391186114,-37639.037647637815,7358.25,-114523.08724609554,-37661.50609692901,7342.25,0.09353,0.10627,74112.74,77581.14,1.0003736243000594,1.0002240068536625,1.0005974189048643,0.0005974189048643108,0.0003736243000593831,0.43015974965172504,-0.0007691117392842204,220825.91884894663,OK,1,1
4,UTS,Ref/IMG,2115,57,j:OK,K:\NINJA\E71a\ManualCheck\ScanData\chk_UTS\ECC4_0918\Ref\IMG\Event02115\PL057,1.0005283424868257,-0.0071428066703979,0.0066582639356778,1.000130894307439,-188305.96225760315,-39136.074524172174,200,0.5,0.14,210,70,-185858.0904771273,-11648.586701146569,7349.25,-185846.5786319461,-11648.19713688837,7349.25,-0.0548,-0.00149,2654.17,27466.61,1.000550496775686,1.000156400487108,1.0007068646433415,0.0007068646433414649,0.0005504967756859713,0.38128334283890875,-0.00048710068203543336,192329.84103077563,OK,2,2
4,UTS,Ref/IMG,2274,58,j:OK,K:\NINJA\E71a\ManualCheck\ScanData\chk_UTS\ECC4_0918\Ref\IMG\Event02274\PL058,1.0000748548187923,0.0072260447240096,-0.0076901556065797,1.0003192470907818,-2211.7017161657195,-55248.08556562264,200,0.5,0.14,210,70,86578.2210957829,-55631.96189840465,8909.500000000002,87460.84948178871,-55316.086947608674,8890.0,-4.19158,-1.53591,89661.35,621.3100000000001,1.000104421415125,1.0003453462792848,1.000449695215105,0.0004496952151049616,0.00034534627928484163,-0.44057179700342747,-0.0004658155125396359,55292.33747227233,OK,1,1
4,UTS,Ref/IMG,2115,58,j:OK,K:\NINJA\E71a\ManualCheck\ScanData\chk_UTS\ECC4_0918\Ref\IMG\Event02115\PL058,1.0002131749197836,0.0068786026091588,-0.0070956079445689,1.000150888854014,-1887.8713264038824,21284.48799891057,200,0.5,0.14,210,70,5116.469375326283,48023.86247750389,8895.0,5222.315926038335,48022.61589298317,8874.5,-0.50394,0.00236,6924.4800000000005,26783.22,1.0002383430639001,1.0001745425921063,1.0004129038068381,0.00041290380683811634,0.00023834306390013715,-0.40645492250280385,-0.0002165202308969248,21368.04828525118,OK,2,2
4,UTS,Ref/IMG,1936,58,k:Retake,K:\NINJA\E71a\ManualCheck\ScanData\PatternMatchFailed\UTS\ECC4\Ref\IMG\Event01936\PL058,1.034976880523527,-0.0234289449309278,-0.129692670152958,0.9822926682151104,-122044.12171207604,-44853.277227096194,200,0.5,0.14,210,70,-111207.77949378557,-26906.52288120857,8865.25,-110743.76187490024,-27272.699332843404,8840.25,-2.10103,1.4977300000000002,11357.56,19397.04,1.0430711058741946,0.9825720337409046,1.0136116390834484,0.013611639083448424,0.043071105874194604,-7.142488705334189,-0.14796144539195097,130025.32108202147,FAIL,1,1
4,UTS,Ref/IMG,2274,59,j:OK,K:\NINJA\E71a\ManualCheck\ScanData\chk_UTS\ECC4_0918\Ref\IMG\Event02274\PL059,1.0001661905562196,-0.006508627457558,0.0061469713131296,1.000237309578983,8656.225918604227,-196091.25325881803,200,0.5,0.14,210,70,80967.2365792051,-121881.44880711728,12976.75,80884.93383878907,-121879.6082851486,12976.75,0.39178,-0.01117,72696.62,73747.28,1.0001850798667538,1.000258485445229,1.0004435479200828,0.00044354792008283184,0.0002584854452289953,0.3521325575666828,-0.0003611188845846643,196282.2199073768,OK,1,1
4,UTS,Ref/IMG,2115,59,j:OK,K:\NINJA\E71a\ManualCheck\ScanData\chk_UTS\ECC4_0918\Ref\IMG\Event02115\PL059,1.0001767741559886,-0.0062307224169632,0.0060248675954922,1.0002433536629274,8374.859503247719,-119585.34894059588,200,0.5,0.14,210,70,14588.2142080912,-95714.6974712401,12979.25,14576.187723486222,-95708.73912291942,12964.25,0.05708,-0.02871,6348.7,23832.56,1.00019492029835,1.0002627597030178,1.0004577101151408,0.00045771011514084137,0.00026275970301781193,0.3451342992874822,-0.00020539606237951979,119878.24637082082,OK,2,2
4,UTS,Ref/IMG,5851,59,k:Retake,K:\NINJA\E71a\ManualCheck\ScanData\PatternMatchFailed\UTS\ECC4\Ref\IMG\Event05851\PL059,1.0159723342684386,0.0888025701932424,0.1095711077257148,0.9367970782045034,-113530.00789467416,-284529.5523375675,200,0.5,0.14,210,70,13925.255736004665,-213503.4259192409,12981.25,13786.265436209083,-213410.73582802495,12981.25,0.69979,-0.55301,119904.9,61892.49,1.0218637930992076,0.9409966324091814,0.9420297182943181,0.05797028170568186,0.05900336759081859,6.155472933693089,0.20057486221575527,306343.1553764199,FAIL,1,1
4,UTS,Ref/IMG,1936,59,k:Retake,K:\NINJA\E71a\ManualCheck\ScanData\PatternMatchFailed\UTS\ECC4\Ref\IMG\Event01936\PL059,1.149147010653094,0.0125031176131462,0.005945050771759,1.1369561550737464,-122066.75198060772,-206358.0875378023,200,0.5,0.14,210,70,-44622.69834750634,-195603.49740311704,12966.5,-44557.924438122565,-195439.1596785549,12966.5,-0.26094,-0.68693,67348.35,9251.49,1.149162388751747,1.1370249014468088,1.3064554351776159,0.30645543517761586,0.14916238875174703,0.2964140150915725,0.01616926207229608,239758.11191981487,FAIL,1,1
4,UTS,Ref/IMG,1936,60,k:Retake,K:\NINJA\E71a\ManualCheck\ScanData\PatternMatchFailed\UTS\ECC4\Ref\IMG\Event01936\PL060,0.885147732234801,-0.0174293348985083,0.1162820059563535,0.9683314324358466,-107126.52933439174,-204265.0275338744,200,0.5,0.14,210,70,-47535.035897062895,-184350.9512316892,12974.0,-47557.86872862506,-184339.39932972373,12974.0,0.12143,-0.07139,67543.46,12466.33,0.8927530525232857,0.9684882780696228,0.8591430894967497,0.14085691050325033,0.10724694747671426,7.484098701434365,0.11238681471897989,230651.89086726942,FAIL,1,1
4,UTS,Ref/IMG,9177,60,j:OK,K:\NINJA\E71a\ManualCheck\ScanData\chk_UTS\ECC4_0918\Ref\IMG\Event09177\PL060,1.0002915649835926,-0.0020373393300313,0.0015730987874583,1.0003186984785275,-117444.72066835396,-120297.94404079633,200,0.5,0.14,210,70,-96873.9016512204,-50920.69193007502,12914.75,-96980.2762282413,-50936.54076532178,12914.75,0.5065500000000001,0.07465,20599.64,69306.91,1.0002928019420714,1.0003207731909405,1.0006135613194664,0.000613561319466438,0.00032077319094048207,0.09010557534334411,-0.0004640484430212178,168121.5564801559,OK,1,1
4,UTS,Ref/IMG,2274,60,j:OK,K:\NINJA\E71a\ManualCheck\ScanData\chk_UTS\ECC4_0918\Ref\IMG\Event02274\PL060,1.0003582463464311,0.0034960367821046,-0.0040035776094728,1.000155546754814,4743.038018547496,-199718.0940249324,200,0.5,0.14,210,70,77393.08603020907,-122519.7515176052,12987.25,77383.37449429483,-122528.05736515112,12973.25,0.04609,0.03973,72343.59,77467.62,1.0003662577611172,1.000161656922321,1.0005278454798845,0.0005278454798844923,0.00036625776111720576,-0.22930472769177004,-0.0005066436338578298,199774.40649541953,OK,1,1
4,UTS,Ref/IMG,5851,60,k:Retake,K:\NINJA\E71a\ManualCheck\ScanData\PatternMatchFailed\UTS\ECC4\Ref\IMG\Event05851\PL060,1.0437200684411467,0.0689126680847157,0.0759663310595846,1.146575918139348,-121849.7060365088,-288164.0574503528,200,0.5,0.14,210,70,-35421.482479129394,-202320.82920308097,12977.5,-35476.98975749039,-202441.73887511017,12977.5,0.22106,0.48751,78160.24,69585.25,1.0464809910941748,1.1486449807837247,1.191469253195448,0.19146925319544805,0.14864498078372468,4.162886858298264,0.13229788000141757,312867.184069269,FAIL,1,1
4,UTS,Ref/IMG,2274,61,j:OK,K:\NINJA\E71a\ManualCheck\ScanData\chk_UTS\ECC4_0918\Ref\IMG\Event02274\PL061,1.0001651198512629,0.0041131402911644,-0.0043330145649234,1.0003910453129368,15571.910754739994,-197084.1453642489,200,0.5,0.14,210,70,84089.00677745993,-123182.01688928696,12984.75,83996.05403727027,-123237.24702720852,12984.75,0.44147,0.26481,68108.06,74113.03,1.0001745057650244,1.000399500932185,1.0005740520303328,0.0005740520303327834,0.00039950093218510396,-0.24822090775325345,-0.00022076278297595184,197698.36812303227,OK,2,2
4,UTS,Ref/IMG,5851,61,j:OK,K:\NINJA\E71a\ManualCheck\ScanData\chk_UTS\ECC4_0918\Ref\IMG\Event05851\PL061,1.0001895223166857,-0.0103331369297468,0.0100018878138556,1.000269903780521,-104388.67069289114,-276085.5688610788,200,0.5,0.14,210,70,-27765.315422037827,-207524.1853886699,12978.25,-27786.511329932637,-207535.70796753687,12978.25,0.10147,0.05384,77287.67,67758.55,1.0002395304685376,1.0003232748106492,1.000562828126333,0.0005628281263330148,0.00032327481064919894,0.572938273284103,-0.00033032199606602427,295161.3726461753,OK,1,1
4,UTS,Ref/IMG,1936,61,j:OK,K:\NINJA\E71a\ManualCheck\ScanData\chk_UTS\ECC4_0918\Ref\IMG\Event01936\PL061,1.0002076189494733,-0.0002789894084024,-0.0001113412911959,1.000335795216221,-103610.55982052509,-197179.90019862697,200,0.5,0.14,210,70,-39386.50517215477,-187225.2946258984,12976.5,-39388.20437397148,-187233.00822589087,12976.5,0.0081,0.03672,64211.8,9950.7,1.000207625146628,1.0003358341207014,1.0005434528201034,0.0005434528201033739,0.00033583412070137264,-0.006378061838213097,-0.0003902139183802701,222744.38522365293,OK,1,1
4,UTS,Ref/IMG,7277,61,k:Retake,K:\NINJA\E71a\ManualCheck\ScanData\PatternMatchFailed\UTS\ECC4\Ref\IMG\Event07277\PL061,1.0035516188624107,-0.005556999011444,-0.005152299265098,1.0204277706845106,-104950.3758636488,-116427.90700030448,200,0.5,0.14,210,70,-92122.14124624088,-83842.39288886922,12931.75,-92006.47576406678,-83697.04657053406,12931.75,-0.55261,-0.6810600000000001,13076.07,32141.65,1.0035648448949785,1.0204429015982097,1.0240233098806786,0.02402330988067858,0.020442901598209717,-0.2941576730468519,-0.010579523107229002,156748.3298870923,FAIL,2,2
4,UTS,Ref/IMG,6107,65,j:OK,K:\NINJA\E71a\ManualCheck\ScanData\chk_UTS\ECC4_0918\Ref\IMG\Event06107\PL065,0.9998959588877452,-0.0581588502450096,0.0068807036035856,1.1075097474128086,129112.4676261596,-39993.509202762245,200,0.5,0.14,210,70,130457.64454768824,192.6479737962395,6420.75,130496.1028968618,169.61626667017117,6420.75,-0.17733,0.10013,3491.83,36242.66,0.9999196331116436,1.1090357489622256,1.107794694677316,0.10779469467731606,0.10903574896222556,0.3942700741758603,-0.04556788590916264,135164.75159917818,OK,1,1
4,UTS,Ref/IMG,12037,65,j:OK,K:\NINJA\E71a\ManualCheck\ScanData\chk_UTS\ECC4_0918\Ref\IMG\Event12037\PL065,1.0000950735763685,-0.0117842478017763,0.0115214407892106,1.0003216379749609,131104.98364842875,-194230.66962701827,200,0.5,0.14,210,70,138486.76908621035,-128884.18829569354,6433.5,138519.0031148467,-128920.9178105956,6433.5,-0.1514,0.17659,8181.51,65194.52,1.00016143686386,1.0003910474895117,1.0005525136438955,0.0005525136438955247,0.00039104748951168666,0.6600379774984675,-0.0002600779448511816,234337.51249258983,OK,1,1
4,UTS,Ref/IMG,633,65,j:OK,K:\NINJA\E71a\ManualCheck\ScanData\chk_UTS\ECC4_0918\Ref\IMG\Event00633\PL065,1.000126469782223,-0.0081268178427328,0.0078396559055002,1.000273269248274,9004.021940750536,-38616.05583982505,200,0.5,0.14,210,70,97267.60264031704,-8753.508829130997,6412.5,97340.56749257915,-8883.432840885853,6399.5,-0.34236,0.6212000000000001,88561.27,29030.4,1.0001571955266675,1.0003062822660265,1.0004634850462932,0.00046348504629323273,0.0003062822660264697,0.44911319742290196,-0.0002859148682815474,39651.88746748386,OK,4,4
4,UTS,Ref/IMG,7399,65,j:OK,K:\NINJA\E71a\ManualCheck\ScanData\chk_UTS\ECC4_0918\Ref\IMG\Event07399\PL065,1.0001781503399902,-0.0078048756322064,0.0074749006311629,1.0003124848467595,129040.81943167966,-118247.33865712985,200,0.5,0.14,210,70,236720.36734868443,-65046.030368979445,6436.5,236721.045562764,-64848.66764422305,6423.249999999999,-0.01056,-0.93945,108071.31,52574.42,1.0002060820435807,1.0003429329104758,1.0005490315258208,0.0005490315258207534,0.00034293291047582386,0.4281960016935823,-0.00032884908280807245,175025.6157797861,OK,1,1
4,UTS,Ref/IMG,9035,68,j:OK,K:\NINJA\E71a\ManualCheck\ScanData\chk_UTS\ECC4_0918\Ref\IMG\Event09035\PL068,1.0001559492153471,-0.0068904587219124,0.0062120274925225,1.0003213949548275,2731.9504533622394,-40032.90687672768,200,0.5,0.14,210,70,78943.35554181233,11823.505934173252,6398.5,78924.93198833987,11819.047122784788,6398.5,0.08786,0.02068,76534.94,51360.01,1.000175240663565,1.0003451262568186,1.0005201980104823,0.000520198010482309,0.0003451262568185953,0.35586288426587537,-0.0006771568657382246,40126.0163270711,OK,1,1
4,UTS,Ref/IMG,212,68,j:OK,K:\NINJA\E71a\ManualCheck\ScanData\chk_UTS\ECC4_0918\Ref\IMG\Event00212\PL068,1.000171832612175,-0.0068218758146568,0.0062560268589066,1.000288140807292,122671.51606262676,-115763.18030763345,200,0.5,0.14,210,70,214482.23299729388,-52742.9210675573,6444.5,214527.9997003873,-53023.804382343,6426.749999999999,-0.20877,1.3384600000000002,92264.57,62144.26,1.0001913979948318,1.0003114028288087,1.000502700769779,0.0005027007697790964,0.0003114028288087045,0.3583776800350123,-0.0005649344766704723,168669.54309548877,OK,3,3
4,UTS,Ref/IMG,7758,70,j:OK,K:\NINJA\E71a\ManualCheck\ScanData\chk_UTS\ECC4_0918\Ref\IMG\Event07758\PL070,0.9999270872130206,-0.0042919189687254,0.0040278596116977,1.000167488033959,124094.56357157648,-193127.8656491405,200,0.5,0.14,210,70,179827.41710793544,-114149.56440378365,6450.75,179945.52260459634,-114232.67569880692,6432.75,-0.56074,0.39796,56192.64,78655.68000000001,0.9999351995981376,1.0001766967334291,1.000111850282031,0.00011185028203097858,0.00017669673342912695,0.23079493592554856,-0.00026304237250208463,229560.08624805073,OK,1,1
4,UTS,Ref/IMG,6357,70,j:OK,K:\NINJA\E71a\ManualCheck\ScanData\chk_UTS\ECC4_0918\Ref\IMG\Event06357\PL070,1.000000687363774,-0.0098097697322936,0.0094606375864832,1.0000841469868922,3520.091728251856,-117059.32536058711,200,0.5,0.14,210,70,9534.74644115723,-66644.70062758781,6391.75,9527.892091624415,-66418.02825919224,6366.75,0.02205,-1.0795100000000002,6503.93,50575.51,1.0000454381634682,1.0001322575723175,1.0001776410847496,0.00017764108474960238,0.00013225757231749569,0.542038061563968,-0.00034828091441740694,117112.23975166345,OK,2,2
4,UTS,Ref/IMG,2395,70,j:OK,K:\NINJA\E71a\ManualCheck\ScanData\chk_UTS\ECC4_0918\Ref\IMG\Event02395\PL070,1.0000136591862503,-0.0063775003428636,0.0061032681519221,1.0002018082635906,123634.47723463584,-33283.84985869461,200,0.5,0.14,210,70,146827.75081364665,-12403.692794053502,6441.25,146970.65193578767,-12061.34145714602,6422.75,-0.69084,-1.6257,23470.26,21075.01,1.0000322836994855,1.0002221402090536,1.000254393801109,0.00025439380110903187,0.00022214020905364507,0.3496823881913947,-0.0002730181481562188,128036.31759191534,OK,1,1
4,UTS,Ref/IMG,212,70,j:OK,K:\NINJA\E71a\ManualCheck\ScanData\chk_UTS\ECC4_0918\Ref\IMG\Event00212\PL070,1.0000270739509427,-0.003605030569197,0.0034046094673196,1.0001884476784673,122826.23582952014,-115988.96087617724,200,0.5,0.14,210,70,138537.37904933744,-34552.264671323435,6434.75,138540.0825732807,-34544.88928887897,6418.5,-0.013,-0.03507,16006.77,81374.24,1.0000328694600538,1.0001949445557434,1.000227800452639,0.0002278004526390376,0.00019494455574342595,0.19506371855992294,-0.00019983158783100108,168937.0393169724,OK,1,1
4,UTS,Ref/IMG,212,71,l:?,K:\NINJA\E71a\ManualCheck\ScanData\PatternMatchFailed\UTS\ECC4\Ref\IMG\Event00212\PL071_chk,0.9463298584766878,-0.0294488921019594,0.005398619733566,0.9974214110003452,22273.365620142948,-191950.01722954123,200,0.5,0.14,210,70,36312.922223635054,-111440.35135792969,13853.0,36322.41043511364,-111452.24256473398,13853.0,-0.04597,0.05702,17354.39,80611.95,0.9463452573662192,0.9978560559359012,0.9440486460836083,0.05595135391639172,0.05365474263378078,0.3268572450378904,-0.023809464991924996,193237.9671039564,FAIL,1,1
4,UTS,Ref/IMG,6357,71,j:OK,K:\NINJA\E71a\ManualCheck\ScanData\chk_UTS\ECC4_0918\Ref\IMG\Event06357\PL071,1.0000145499663866,-0.0157160657745217,0.0153993075333911,1.0000955920327423,-104462.34918486104,-192511.86614900263,200,0.5,0.14,210,70,-20712.52556319042,-137199.30477883815,13837.75,-20729.282838237632,-137193.6094162928,13837.75,0.07935,-0.02834,84580.67,54010.61,1.0001331105492821,1.00021906996755,1.0003521599200667,0.00035215992006665253,0.00021906996754994523,0.882232760885608,-0.0003154037699893437,219027.85440530468,OK,3,3
4,UTS,Ref/IMG,7758,71,j:OK,K:\NINJA\E71a\ManualCheck\ScanData\chk_UTS\ECC4_0918\Ref\IMG\Event07758\PL071,1.0001150919240254,-0.0049352322056927,0.0046488795467904,1.0001231457966056,16129.387143396703,-269027.4261595373,200,0.5,0.14,210,70,73322.36154746304,-186929.7306302972,13861.25,73356.49965100503,-186818.2157793778,13861.25,-0.16516,-0.53019,57624.83,81931.23,1.0001258966626363,1.0001353224814242,1.0002611951937774,0.0002611951937774304,0.0001353224814242271,0.26632860681736925,-0.0002862733893303851,269510.50657747436,OK,1,1
4,UTS,Ref/IMG,2395,71,k:Retake,K:\NINJA\E71a\ManualCheck\ScanData\PatternMatchFailed\UTS\ECC4\Ref\IMG\Event02395\PL071,1.0665655823068514,0.0721195828544483,0.0125959207562147,1.0488990744908957,10947.073782764446,-110870.0504393808,200,0.5,0.14,210,70,77043.8811595607,-83074.12151941232,13863.0,76924.68405699448,-83149.44862166261,13844.75,0.5094700000000001,0.33586,60121.65,25706.3,1.0666399573338934,1.051375528866331,1.1178112396148938,0.11781123961489381,0.06663995733389338,0.6766199485312525,0.08037182808051929,111409.18502904565,FAIL,1,1
4,UTS,Ref/IMG,10490,72,l:?,K:\NINJA\E71a\ManualCheck\ScanData\PatternMatchFailed\UTS\ECC4\Ref\IMG\Event10490\PL072_chk,0.999602432684947,-0.054876533070865,0.0085416611200125,1.1256921062985057,-99503.95033119788,-191360.37749611423,200,0.5,0.14,210,70,-19248.57753945024,-182931.72713997043,13855.0,-19238.281038166984,-182922.07771077755,13855.0,-0.05127,-0.04043,80675.51,6883.9400000000005,0.9996389265151459,1.1270289047156883,1.1257133046591608,0.12571330465916075,0.12702890471568828,0.48958386357074185,-0.04015493828854992,215684.5618188025,OK,3,3
4,UTS,Ref/IMG,6628,72,j:OK,K:\NINJA\E71a\ManualCheck\ScanData\chk_UTS\ECC4_0918\Ref\IMG\Event06628\PL072,1.0000292534372417,-0.0071806962338877,0.0067274969356582,1.000180266212488,19600.94450649644,-189495.23452373885,200,0.5,0.14,210,70,59975.37555031671,-117072.8818717728,13867.25,59921.18045162338,-116922.17573568384,13867.25,0.2529,-0.7192200000000001,40838.1,72285.29000000001,1.0000518821267557,1.0002060424329011,1.0002578330350453,0.0002578330350453406,0.00020604243290112123,0.3854400909878527,-0.0004520800105136746,190506.27531069296,OK,2,2
4,UTS,Ref/IMG,7758,72,j:OK,K:\NINJA\E71a\ManualCheck\ScanData\chk_UTS\ECC4_0918\Ref\IMG\Event07758\PL072,1.0000811426676766,-0.003432970554882,0.0030061005251413,1.0001778203484095,19918.69986907103,-266538.0755630989,200,0.5,0.14,210,70,79211.51844241588,-183815.1555665718,13875.5,79211.17418090891,-183745.45078943216,13860.750000000002,0.0005,-0.33187,59571.2,82598.86,1.0000856606110564,1.000183711926827,1.0002692972994913,0.0002692972994913223,0.00018371192682709037,0.17222237957211653,-0.0004264991504165268,267281.31309418986,OK,1,1
4,UTS,Ref/IMG,2395,72,j:OK,K:\NINJA\E71a\ManualCheck\ScanData\chk_UTS\ECC4_0918\Ref\IMG\Event02395\PL072,1.0001118137817453,-0.0074008298028839,0.0070762848503451,1.000148521693383,19538.57969907723,-106059.61653053394,200,0.5,0.14,210,70,79432.41755437432,-84095.87654503292,13871.25,79454.63952607618,-84111.24773243067,13853.0,-0.10526,0.07393,60068.61,21520.11,1.0001368475729187,1.0001759033926134,1.0003127224617145,0.000312722461714543,0.00017590339261341903,0.40538916284897464,-0.00032422007755137093,107844.32463167036,OK,1,1
4,UTS,Ref/IMG,5775,73,j:OK,K:\NINJA\E71a\ManualCheck\ScanData\chk_UTS\ECC4_0918\Ref\IMG\Event05775\PL073,1.0001663357641617,0.0089727622088662,-0.0092469085784927,1.0003030651867444,23478.643182549047,-190362.4485699103,200,0.5,0.14,210,70,93056.66440834438,-183386.1648918184,13874.0,93100.80035155293,-183413.5914706891,13874.0,-0.21129,0.12861,69542.49,7589.610000000001,1.0002090803997776,1.000343307411837,1.0005524216733275,0.0005524216733274745,0.00034330741183707936,-0.5297056314053376,-0.0002753041999974123,191804.8709267447,OK,3,3
4,UTS,Ref/IMG,6357,73,j:OK,K:\NINJA\E71a\ManualCheck\ScanData\chk_UTS\ECC4_0918\Ref\IMG\Event06357\PL073,1.000169303337329,0.0110800272820538,-0.0115088238623133,1.0001433231247996,-97009.6005708406,-189449.28654027396,200,0.5,0.14,210,70,-12457.359379325768,-135932.1656905219,13849.0,-12570.985685598993,-136019.71226364526,13849.0,0.5363,0.423,83821.82,54386.47,1.000235516448487,1.0002046959476287,1.0004401688095905,0.0004401688095905243,0.00023551644848707198,-0.6592663171639072,-0.0004283815757298039,212842.41770270528,OK,2,2
4,UTS,Ref/IMG,2395,73,j:OK,K:\NINJA\E71a\ManualCheck\ScanData\chk_UTS\ECC4_0918\Ref\IMG\Event02395\PL073,1.0002709402419143,0.0138012772465929,-0.0140625128820288,1.000086208599889,23989.711104095342,-109647.0814208382,200,0.5,0.14,210,70,84588.64983025125,-84833.06312347848,13868.5,84554.65151072602,-84869.01565747768,13868.5,0.15946,0.17343,60195.01,25622.35,1.0003697857097646,1.0001814334836143,1.0005512528382507,0.0005512528382507487,0.0003697857097646473,-0.805451331675627,-0.0002585660796530118,112240.7622166113,OK,1,1
4,UTS,Ref/IMG,10490,74,k:Retake,K:\NINJA\E71a\ManualCheck\ScanData\PatternMatchFailed\UTS\ECC4\Ref\IMG\Event10490\PL074,0.9611478278230648,-0.0277397228153538,-0.055780951569395,0.9613966942005108,-102532.52732699442,-182096.51326338403,200,0.5,0.14,210,70,-27814.304691673235,-180217.93172799176,13837.0,-27849.42433555828,-180200.20447359892,13837.0,0.17175,-0.07784,77889.35,6491.650000000001,0.9627651123129582,0.9617968059010921,0.9224969961721846,0.07750300382781539,0.03820319409890793,-3.3214787842847615,-0.08670728784633218,208978.6096775042,FAIL,1,1
4,UTS,Ref/IMG,5775,74,j:OK,K:\NINJA\E71a\ManualCheck\ScanData\chk_UTS\ECC4_0918\Ref\IMG\Event05775\PL074,1.000209653307291,-0.0030488205703812,0.0026766540535274,1.0003340485994048,12874.222884834757,-188899.61127757592,200,0.5,0.14,210,70,78918.39559928741,-181767.0135967259,13864.0,78906.07552942826,-181726.7505815066,13864.0,0.05807,-0.19182,66039.33,6993.76,1.0002132347884694,1.0003386946900268,1.0005519325790277,0.0005519325790277474,0.0003386946900267862,0.153328468567861,-0.0003717063970689674,189337.81649661987,OK,3,3
4,UTS,Ref/IMG,8950,75,k:Retake,K:\NINJA\E71a\ManualCheck\ScanData\PatternMatchFailed\UTS\ECC4\Ref\IMG\Event08950\PL075,0.9990265970925536,0.0925514341471508,0.0012115749217984,1.1183798798063838,-108140.00047639944,-194789.1134834244,200,0.5,0.14,210,70,-24703.607109223733,-105918.64560710533,13832.75,-24776.52705520173,-105636.89537107122,13832.75,0.45876,-1.20015,76067.36,79633.1,0.9990273317643109,1.1222028887498177,1.1171791125831614,0.11717911258316138,0.12220288874981766,0.0694857331648268,0.08368155820352495,222793.75762057173,FAIL,1,1
4,UTS,Ref/IMG,6628,75,j:OK,K:\NINJA\E71a\ManualCheck\ScanData\chk_UTS\ECC4_0918\Ref\IMG\Event06628\PL075,1.0002795654776515,0.0073583307985084,-0.0078278453268983,1.00035351162614,18115.14076007034,-186814.3916892256,200,0.5,0.14,210,70,86152.32314179536,-106490.86012129772,13868.5,86177.35808768061,-106455.62287578716,13853.499999999998,-0.11794,-0.16866,67448.38,80858.16,1.0003101940271433,1.0003805742090806,1.000690775808793,0.0006907758087930649,0.00038057420908055306,-0.4483679964678113,-0.00046989998000323283,187690.63713188402,OK,2,2
4,UTS,Ref/IMG,5775,75,k:Retake,K:\NINJA\E71a\ManualCheck\ScanData\PatternMatchFailed\UTS\ECC4\Ref\IMG\Event05775\PL075,1.04828191481861,-0.087633850896845,-0.0673497154115921,0.9439980866188602,18131.733848153523,-263232.3694769911,200,0.5,0.14,210,70,77162.00064140433,-186890.49843434236,13870.5,77218.99620990976,-186825.39320402528,13870.5,-0.28808,-0.34897,63510.98,85470.96,1.050443219361139,0.9480570021697426,0.9836740069075984,0.01632599309240157,0.051942997830257354,-3.6760703538776327,-0.15608605030539938,263856.0973576533,FAIL,1,1
4,UTS,Ref/IMG,8950,76,j:OK,K:\NINJA\E71a\ManualCheck\ScanData\chk_UTS\ECC4_0918\Ref\IMG\Event08950\PL076,1.00025037029299,0.0033242743686533,-0.0042844232225015,1.000474169129146,18111.17253775687,-189545.43073387,200,0.5,0.14,210,70,23188.518295871192,-105379.9349222382,13851.0,23158.79942986574,-105473.55959278272,13851.0,0.14,0.44622,4767.02,84052.44,1.0002595460947188,1.0004796918952095,1.0007389007383027,0.0007389007383027391,0.0004796918952094664,-0.24541642205452047,-0.0009606378359444714,190408.73110963346,OK,2,2
4,UTS,Ref/IMG,6364,77,j:OK,K:\NINJA\E71a\ManualCheck\ScanData\chk_UTS\ECC4_0918\Ref\IMG\Event06364\PL077,1.0031111742257182,-0.0007859306567186,0.0006212135628709,0.998197251576786,-98483.08454907166,-111749.37655686792,200,0.5,0.14,210,70,-9622.519415570105,-61953.95323873677,13850.75,-9468.406895896042,-62206.16245884993,13834.75,-0.73065,1.20362,88777.44,49577.44,1.0031113665803961,0.9981975609780093,1.0013033053688578,0.00130330536885781,0.0031113665803961243,0.0354825184816714,-0.00016806311288711424,148952.47934542163,OK,1,1
4,UTS,Ref/IMG,8950,78,j:OK,K:\NINJA\E71a\ManualCheck\ScanData\UTS\ECC4\Ref\IMG\Event08950\PL078,0.9996465456918054,-0.0124253744111603,0.0120988763265612,1.0001531347798536,20663.594767218856,-130955.63959993572,200,0.5,0.14,210,70,144096.19793784016,-45646.70406840647,3368.75,144108.52740145038,-45630.8798867719,3368.75,-0.05966,-0.07462,124530.26,83805.25,0.9997197602938157,1.0002303149471252,0.9999499594138231,5.004058617685825e-05,0.00028023970618429317,0.6934257988520868,-0.00032026953377039126,132575.87899664135,OK,1,1
4,UTS,Ref/IMG,7446,78,j:OK,K:\NINJA\E71a\ManualCheck\ScanData\UTS\ECC4\Ref\IMG\Event07446\PL078,0.9998500812882772,-0.0127115338653586,0.0119917273570454,1.0003187846499615,140546.60867965143,-52787.519676059885,200,0.5,0.14,210,70,200955.1499045376,-10248.515189844728,3360.0,200987.89454725292,-9970.65947585798,3360.0,-0.17274,-1.3206300000000002,60985.23,42072.13,0.9999219902458293,1.000399547189415,1.000321251394858,0.00032125139485805754,0.0003995471894149283,0.6871454413936591,-0.0007138485261495264,150132.84598948187,OK,1,1
4,UTS,Ref/IMG,6364,78,j:OK,K:\NINJA\E71a\ManualCheck\ScanData\UTS\ECC4\Ref\IMG\Event06364\PL078,0.9998769444840808,-0.0133322296715726,0.0127124252391375,1.00009137166332,19626.348782580026,-54364.81718897261,200,0.5,0.14,210,70,68004.883153842,-6167.455690255535,3327.25,67947.81759629745,-6144.642482044394,3333.25,0.27028,-0.11206,48962.02,47593.4,0.9999577540407806,1.0001802337696124,1.0001377898765846,0.00013778987658463748,0.00018023376961240345,0.7284187074951691,-0.0006169171502461259,57799.02174367566,OK,1,1
4,UTS,Ref/IMG,7670,78,j:OK,K:\NINJA\E71a\ManualCheck\ScanData\UTS\ECC4\Ref\IMG\Event07670\PL078,0.9999598694935464,-0.0131135474493514,0.012426241709233,1.0000781817774749,21978.830391898668,-210385.4429066384,200,0.5,0.14,210,70,39475.47888183438,-159912.21251350435,3331.75,39581.08673168505,-159794.37035890025,3331.75,-0.51019,-0.5547700000000001,18263.39,50360.19,1.0000370753529924,1.000164153923768,1.000201000243818,0.00020100024381797255,0.00016415392376800675,0.7119631315335222,-0.0006856700001024442,211530.38451347424,OK,1,1
4,UTS,Ref/IMG,9807,78,j:OK,K:\NINJA\E71a\ManualCheck\ScanData\UTS\ECC4\Ref\IMG\Event09807\PL078,1.0000216650249334,-0.0106478538690148,0.010662410231085,0.9999988772872896,141443.98092423988,-129305.3635080064,200,0.5,0.14,210,70,195974.45874893529,-78866.55810900907,3371.5,195979.752456434,-78869.61001591066,3371.5,-0.02505,0.0148,55065.36,49848.68,1.0000785056740176,1.000055564140241,1.0001340740739315,0.0001340740739315116,7.850567401757047e-05,0.6108747227622017,1.4311786386180938e-05,191641.01015084013,OK,2,2
4,UTS,Ref/IMG,6364,80,j:OK,K:\NINJA\E71a\ManualCheck\ScanData\UTS\ECC4\Ref\IMG\Event06364\PL080,1.0000911750415171,-0.0010504985097091,0.0007255198551634,1.00027838149347,20992.827206286813,-53750.00789436728,200,0.5,0.14,210,70,70855.41151681062,-5961.011923378334,3340.25,70823.01298109845,-6112.084379595312,3340.25,0.15502,0.71908,49875.630000000005,47588.49,1.0000914382070185,1.0002789331133164,1.000370344073958,0.0003703440739579733,0.00027893311331639303,0.04156542863173324,-0.0003247521753153097,57704.09121334085,OK,1,1
4,UTS,Ref/IMG,4756,80,j:OK,K:\NINJA\E71a\ManualCheck\ScanData\UTS\ECC4\Ref\IMG\Event04756\PL080,1.0001213942318254,-0.0011078698136437,0.0009542585682985,1.0002497393879644,141330.70218798282,-53726.83670496068,200,0.5,0.14,210,70,144520.99447235424,-41949.841485903096,3376.5,144745.52443981046,-41964.900181700665,3376.5,-1.06898,0.07271,3427.4300000000003,11755.73,1.0001218494811648,1.0002503529223143,1.0003722211309731,0.00037222113097312715,0.00025035292231434525,0.054668335515289906,-0.000153450299148167,151198.34775310807,OK,2,2
4,UTS,Ref/IMG,3521,80,j:OK,K:\NINJA\E71a\ManualCheck\ScanData\UTS\ECC4\Ref\IMG\Event03521\PL080,1.0001340238617784,-0.0033427322944216,0.0031081376342715,1.0004148452452606,21050.67851217261,-130466.04843365125,200,0.5,0.14,210,70,94656.36874251658,-89764.515004405,3368.5,94719.72605416764,-89973.7015065446,3375.5,-0.29833,0.99664,73793.69,40246.29,1.000138853462611,1.0004204298425192,1.0005593143782463,0.0005593143782463006,0.000420429842519221,0.17805873116911994,-0.00023362259506632286,132153.39897147813,OK,2,2
4,UTS,Ref/IMG,833,80,j:OK,K:\NINJA\E71a\ManualCheck\ScanData\UTS\ECC4\Ref\IMG\Event00833\PL080,1.000254530709614,0.0001273143358579,-0.0001971116904611,1.0001916447814665,141107.15289532894,-130127.63055865205,200,0.5,0.14,210,70,189500.46983154916,-69663.06947864215,3385.0,189507.55508231663,-69661.90935228631,3385.0,-0.03373,-0.00553,48380.39,60463.67,1.0002545501311797,1.0001916528843837,1.0004462493657067,0.0004462493657066968,0.00025455013117969827,-0.01129079395612243,-6.977158892458856e-05,191949.02665300175,OK,5,5
4,UTS,Ref/IMG,7670,80,j:OK,K:\NINJA\E71a\ManualCheck\ScanData\UTS\ECC4\Ref\IMG\Event07670\PL080,1.000325843884721,0.0031943237231011,-0.0036427131280076,1.000147981700261,20754.299951883324,-208367.93954300025,200,0.5,0.14,210,70,104849.22448532212,-149136.14596308378,3367.0,104999.86056408648,-149222.13404352765,3367.0,-0.71838,0.40679,84028.3,59443.1,1.000332476381034,1.0001530827844074,1.0004855098088754,0.0004855098088754062,0.0003324763810339526,-0.20864318055738054,-0.0004476702157765813,209398.99521222195,OK,1,1
4,UTS,Ref/IMG,1214,82,j:OK,K:\NINJA\E71a\ManualCheck\ScanData\UTS\ECC4\Ref\IMG\Event01214\PL082,0.99997239437949,-0.0024645509600909,0.0018246506670935,1.0004506415676062,22980.697987654592,-127130.06458648502,200,0.5,0.14,210,70,25960.23201806259,-81039.1727988017,3329.0,25998.87442983328,-81242.54414007586,3329.0,-0.18163,0.96833,3131.29,45861.14,0.9999740590990885,1.0004536772007337,1.0004275204514095,0.0004275204514094799,0.0004536772007337486,0.10454755238201088,-0.0006387367907076604,129190.42457459317,OK,3,3
4,UTS,Ref/IMG,833,82,j:OK,K:\NINJA\E71a\ManualCheck\ScanData\UTS\ECC4\Ref\IMG\Event00833\PL082,1.0001660184804806,-0.0074747813068839,0.0069584451742084,1.000316843695894,143110.66707861313,-129720.78013445991,200,0.5,0.14,210,70,191226.95531487424,-67913.7753071937,3379.75,191224.3470484892,-67905.69076610221,3379.75,0.01213,-0.03857,48565.0,61457.68,1.0001902241485565,1.0003447706352553,1.0005349276341968,0.0005349276341968245,0.00034477063525528706,0.3986169301573996,-0.000515096737173825,193153.16158525215,OK,5,5
4,UTS,Ref/IMG,4756,82,j:OK,K:\NINJA\E71a\ManualCheck\ScanData\UTS\ECC4\Ref\IMG\Event04756\PL082,1.0003069195404335,-0.0068126393588909,0.006168239760408,1.0002262676960516,142377.2384108642,-53106.78895871699,200,0.5,0.14,210,70,174753.3801995621,-36078.06668716042,3379.25,174759.02503685592,-35989.26417120472,3379.25,-0.02975,-0.42259,32487.04,16913.31,1.0003259371136055,1.0002494682049112,1.0005752786754292,0.0005752786754291694,0.00032593711360551225,0.35330119097233453,-0.0006447238272824907,151959.23483293067,OK,1,1
4,UTS,Ref/IMG,9179,106,j:OK,K:\NINJA\E71a\ManualCheck\ScanData\UTS\ECC4\Ref\IMG\Event09179\PL106,1.0002645318799634,-0.0078450366169308,0.0074830317003067,1.00036910042613,-63360.54973771291,-101363.3072943557,200,0.5,0.14,210,70,-7479.172191724946,-76841.5702668815,1997.0,-7384.284279722939,-76867.05020434075,1997.0,-0.45075,0.12466,56150.22,24067.2,1.0002925219656849,1.0003998608990834,1.0006924346026176,0.0006924346026175865,0.00039986089908339295,0.4286247513240172,-0.00036106814908653585,119536.93708940002,OK,1,1
4,UTS,Ref/IMG,6645,106,j:OK,K:\NINJA\E71a\ManualCheck\ScanData\UTS\ECC4\Ref\IMG\Event06645\PL106,1.0003644733348305,-0.0073005270890524,0.0068075270725092,1.0003698249193709,-63659.248271167016,-180122.66324204046,200,0.5,0.14,210,70,51086.45461554868,-155294.38826891818,2041.5,51195.32019791746,-155166.65548207017,2041.5,-0.52263,-0.6044700000000001,114989.07,24164.28,1.0003876358368868,1.0003964635608178,1.0007841315813253,0.0007841315813252869,0.00039646356081779466,0.3898944434318779,-0.0004927568247885444,191041.02623220906,OK,2,2
4,UTS,Ref/IMG,1081,106,j:OK,K:\NINJA\E71a\ManualCheck\ScanData\UTS\ECC4\Ref\IMG\Event01081\PL106,1.0003903530642804,-0.004022336947595,0.0035990576236077,1.0004033441924984,56418.655182129,-178925.75765801696,200,0.5,0.14,210,70,86607.69979737184,-112171.39156466298,2040.0,86590.14957795425,-112195.49714536844,2040.0,0.084,0.11444,30427.48,66593.89,1.0003968271240435,1.000411430495501,1.0008083313258762,0.0008083313258762104,0.000411430495500964,0.20612945912832928,-0.0004230557894131708,187609.94484849516,OK,2,2
4,UTS,Ref/IMG,1452,107,j:OK,K:\NINJA\E71a\ManualCheck\ScanData\UTS\ECC4\Ref\IMG\Event01452\PL107,1.0003541653461692,-0.0064110461328622,0.0058246927707908,1.0004192642807903,-61898.53543148217,-178268.6429427768,200,0.5,0.14,210,70,38552.49760063831,-92354.91837944696,2041.75,38550.275279989706,-92366.11892505524,2021.0,0.01092,0.05325,100959.78,85278.71,1.000371122719616,1.000439806213565,1.000810920489902,0.0008109204899020561,0.0004398062135650971,0.3336083887836177,-0.000585706784640677,188709.13529880237,OK,4,4
4,UTS,Ref/IMG,1081,107,j:OK,K:\NINJA\E71a\ManualCheck\ScanData\UTS\ECC4\Ref\IMG\Event01081\PL107,1.0003668469814375,0.0049226870811756,-0.0052883332302318,1.0004598721894196,58241.74651342053,-176392.7624390246,200,0.5,0.14,210,70,85718.96413305681,-109949.01415511084,2046.0,85704.60664304103,-109981.1279890116,2046.0,0.06759,0.15321,27125.43,66524.49,1.0003808249901318,1.0004719829707223,1.000852920683255,0.0008529206832550429,0.00047198297072226225,-0.3028852397281231,-0.00036596007409760194,185759.27346381312,OK,2,2
4,UTS,Ref/IMG,7408,109,j:OK,K:\NINJA\E71a\ManualCheck\ScanData\UTS\ECC4\Ref\IMG\Event07408\PL109,1.0000291127980607,0.0207063814752217,-0.0210471994810474,1.0002426487571237,62317.995205513296,-174704.21285591842,200,0.5,0.14,210,70,79207.54873266276,-96437.31183176245,2044.5,79239.38716121213,-96529.04716310008,2028.75,-0.16058,0.43335,15295.95,78478.06,1.000250574131138,1.0004569509111645,1.0007075799608083,0.00070757996080828,0.0004569509111644887,-1.2057025897698768,-0.0003450780710299805,185486.10329628587,OK,1,1
4,UTS,Ref/IMG,1452,109,j:OK,K:\NINJA\E71a\ManualCheck\ScanData\UTS\ECC4\Ref\IMG\Event01452\PL109,1.0003496113083032,0.0015497917860907,-0.0019995457701956,1.0005406081611394,-56247.94921118095,-176930.27894495896,200,0.5,0.14,210,70,42915.148021423694,-94014.23013735792,2033.25,42893.86882345833,-93972.70055900227,2017.4999999999995,0.1016,-0.19745,98978.41,83110.56,1.00035160969929,1.0005418084388293,1.0008935073517797,0.0008935073517797321,0.0005418084388293387,-0.11452534164332086,-0.0004498911035542625,185656.01363275194,OK,4,4
4,UTS,Ref/IMG,7890,110,j:OK,K:\NINJA\E71a\ManualCheck\ScanData\UTS\ECC4\Ref\IMG\Event07890\PL110,1.0003322855293784,-0.0015731762878284,0.0013239669913934,1.0005179953646497,61679.66830628883,-256894.37324958591,200,0.5,0.14,210,70,66966.25767924989,-194836.70071890263,2033.25,67302.55857812335,-194967.30493589063,2033.25,-1.5999200000000002,0.62372,5718.35,61887.44,1.000333161682159,1.0005192321650442,1.0008525358498688,0.0008525358498687741,0.0005192321650442366,0.07583247849232536,-0.00024883408369882047,264195.19391857105,OK,1,1
4,UTS,Ref/IMG,2210,110,j:OK,K:\NINJA\E71a\ManualCheck\ScanData\UTS\ECC4\Ref\IMG\Event02210\PL110,1.0003592139161686,-0.0031256819405143,0.0027674362946618,1.0004638644684123,-59565.86934574319,-177631.18263427733,200,0.5,0.14,210,70,27531.35576838782,-111374.14273587914,2021.75,27535.719024115893,-111369.42024050425,2021.75,-0.02084,-0.02242,87276.5,65989.62,1.0003630418856047,1.0004687471353928,1.000831895136801,0.0008318951368009309,0.00046874713539279966,0.1585050780239566,-0.00035778705470704476,187352.42148145867,OK,3,3
4,UTS,Ref/IMG,7890,112,j:OK,K:\NINJA\E71a\ManualCheck\ScanData\UTS\ECC4\Ref\IMG\Event07890\PL112,1.0002550497762384,0.0135166746150698,-0.0138392563529843,1.0003226767812734,60279.74745920263,-255182.99761240563,200,0.5,0.14,210,70,118724.6895140888,-192662.7128494306,2044.75,118732.86486048978,-192680.54638861612,2044.75,-0.04006,0.08434,57583.11,63278.94,1.0003507832851777,1.0004139933924863,1.0007648695811904,0.000764869581190375,0.0004139933924862671,-0.7926782178067522,-0.0003233525803036616,262206.04536165495,OK,1,1
4,UTS,Ref/IMG,6590,112,j:OK,K:\NINJA\E71a\ManualCheck\ScanData\UTS\ECC4\Ref\IMG\Event06590\PL112,1.0002856697161266,0.0102794973894272,-0.0106152786749676,1.000446319346618,-59788.84204260124,-177500.1612434967,200,0.5,0.14,210,70,36347.082702616506,-148489.02363613347,2022.5,36314.865385147095,-148644.1134180647,2022.5,0.14577,0.7397400000000001,95769.41,29859.34,1.000341994110408,1.0004991284157994,1.000841236292093,0.0008412362920930949,0.0004991284157993547,-0.6080141445600363,-0.00033729878150187426,187299.26020746172,OK,2,2
4,UTS,Ref/IMG,4770,112,j:OK,K:\NINJA\E71a\ManualCheck\ScanData\UTS\ECC4\Ref\IMG\Event04770\PL112,1.000341182109386,-0.001400003493499,0.0011132897786045,1.000395320758412,-58670.99132172691,-256585.7170648419,200,0.5,0.14,210,70,-9314.713008338167,-180031.89031680275,2005.25,-9322.106805578616,-179976.87561666162,2005.25,0.03483,-0.26191,49439.15,76523.55,1.0003418016048988,1.00039630037556,1.0007381963537476,0.0007381963537476111,0.0003963003755600436,0.06376502386897945,-0.0002865397301241091,263208.12188143673,OK,1,1
4,UTS,Ref/IMG,7890,113,j:OK,K:\NINJA\E71a\ManualCheck\ScanData\UTS\ECC4\Ref\IMG\Event07890\PL113,1.000164759703552,0.0132703651816816,-0.0135553634433313,1.0002690454290517,56921.995048717385,-257444.7423920596,200,0.5,0.14,210,70,115598.35456656624,-189691.1791628948,2050.25,115639.4616867301,-189604.7110449145,2036.75,-0.19022,-0.41422,57797.53,68605.04000000001,1.0002566142900253,1.0003570691686052,1.0006137340835122,0.0006137340835121741,0.0003570691686052285,-0.7764896315901744,-0.0002862831353334117,263662.4905170247,OK,1,1
4,UTS,Ref/IMG,31,113,j:OK,K:\NINJA\E71a\ManualCheck\ScanData\UTS\ECC4\Ref\IMG\Event00031\PL113,1.0002331629437018,-0.004360883393932,0.0040648111610065,1.0004208318845067,57676.13018182987,-181233.0902347452,200,0.5,0.14,210,70,183784.96337031943,-123507.56713416969,2041.0,183806.03403272992,-123705.68238954256,2028.5,-0.0962,0.9434,126348.97,56989.84,1.000241422328698,1.0004303364914842,1.000671819118101,0.0006718191181009914,0.0004303364914841623,0.23284095207985217,-0.00029518010668641245,190189.29777668006,OK,1,1
4,UTS,Ref/IMG,4770,113,j:OK,K:\NINJA\E71a\ManualCheck\ScanData\UTS\ECC4\Ref\IMG\Event04770\PL113,1.000242580848474,-0.0041640953420361,0.0038974303906699,1.0003737159927244,-62656.39278509958,-258269.1670829641,200,0.5,0.14,210,70,-16027.11355967524,-179753.0250538679,2008.0,-16025.851103975923,-179685.41158163513,2008.0,-0.00735,-0.32182,46945.5,78371.5,1.000250173959528,1.0003823825613432,1.0006326167692767,0.0006326167692767282,0.00038238256134315307,0.22325102579521355,-0.0002660502318199181,265760.76878006035,OK,1,1
4,UTS,Ref/IMG,11838,113,j:OK,K:\NINJA\E71a\ManualCheck\ScanData\UTS\ECC4\Ref\IMG\Event11838\PL113,1.0002714087658733,0.0005192279544114,-0.0008754345341447,1.000280548784395,56663.74809976607,-100856.01200040652,200,0.5,0.14,210,70,103744.67144722314,-57395.299438703136,2032.0,103713.68244388408,-57215.858815613385,2032.0,0.14797,-0.85411,47014.5,43669.06,1.000271791854638,1.0002806835454132,1.0005524882437502,0.0005524882437502043,0.0002806835454132184,-0.050145081425150416,-0.0003561144871485222,115683.68729142363,OK,1,1
4,UTS,Ref/IMG,6590,113,j:OK,K:\NINJA\E71a\ManualCheck\ScanData\UTS\ECC4\Ref\IMG\Event06590\PL113,1.000305792191104,0.0018080715768748,-0.0021347126176672,1.0003972499201566,-63846.04993898662,-180030.1213522955,200,0.5,0.14,210,70,30211.61979280566,-146973.03192485197,2028.0,30162.16104052083,-146927.1175099485,2028.0,0.23584,-0.21805,93919.3,33290.270000000004,1.0003080699909566,1.0003988838311642,1.000707023300393,0.0007070233003929616,0.00039888383116415405,-0.12227244783115909,-0.0003267051554349371,191016.13200704756,OK,2,2
6,FTS,IMG,5228,43,j:OK,K:\NINJA\E71a\ManualCheck\ScanData\FTS\ECC6\IMG\Event05228\PL043,0.9998038798133652,0.0145424346721204,-0.0146933721952196,1.0003743680272326,6379.723365474066,-168840.1436963011,200,0.5,0.156,210,70,85841.11622689653,-104306.19589466334,2186.25,85839.99901266143,-104280.48137195132,2186.25,0.0071,-0.1223,78520.4,65688.8,0.9999118427523124,1.0004800640752807,1.0003918518247326,0.00039185182473255864,0.00048006407528067285,-0.8419727404356862,-0.00015922792109262607,168960.6314903196,OK,2,2
6,FTS,IMG,8669,56,j:OK,K:\NINJA\E71a\ManualCheck\ScanData\FTS\ECC6\IMG\Event08669\PL056,0.9996905462532506,-0.0010491067883814,0.0005920311914576,1.0005453036284695,-142859.45651818917,-282122.597065119,200,0.5,0.156,210,70,-87883.03364982914,-197488.38127951248,4819.0,-87999.69431946552,-197468.63655669603,4819.0,0.5556,-0.0943,54965.5,84575.3,0.9996907215579498,1.000545853640921,1.000236302239411,0.00023630223941095707,0.000545853640921079,0.033931384839238854,-0.0004563202331269557,316230.90312529524,OK,1,1
6,FTS,IMG,7982,56,j:OK,K:\NINJA\E71a\ManualCheck\ScanData\FTS\ECC6\IMG\Event07982\PL056,1.000139173891908,-0.003267882447464,0.0029876875075835,1.0007888804042884,-22410.38381803214,-203055.34513561605,200,0.5,0.156,210,70,40339.7135527561,-162100.3848606417,4855.75,40425.95954882619,-162038.25384514217,4855.75,-0.4116,-0.2944,62960.9,40796.8,1.000143636399208,1.0007942157089835,1.000937927499317,0.0009379274993170927,0.0007942157089835256,0.17115755483097653,-0.0002780320310262816,204288.27301393406,OK,1,1
6,FTS,IMG,4721,56,j:OK,K:\NINJA\E71a\ManualCheck\ScanData\FTS\ECC6\IMG\Event04721\PL056,1.0001469648520411,-0.0088922186914934,0.0082848915315095,1.0004132914966526,-22776.9047210272,-120853.77367830144,200,0.5,0.156,210,70,6180.387611042536,-85909.59580859859,4820.5,6210.853055777272,-85886.94654188081,4820.5,-0.146,-0.1066,29292.1,34709.8,1.0001812789341935,1.0004528101596915,1.0006339881553508,0.000633988155350762,0.00045281015969145244,0.4746087105178136,-0.0006048263649187234,122981.38883976248,OK,1,1
6,FTS,IMG,8047,58,j:OK,K:\NINJA\E71a\ManualCheck\ScanData\FTS\ECC6\IMG\Event08047\PL058,0.9999499373315396,0.0019151348761576,-0.0021286315716063,1.00067168194636,-150333.76641638868,-203483.81237145656,200,0.5,0.156,210,70,-102868.857590055,-151030.80085457518,4816.5,-102881.39349552584,-150997.61377562105,4816.5,0.06,-0.1578,47354.1,52551.7,0.9999522029785811,1.0006735145845276,1.00062566226827,0.0006256622682700996,0.0006735145845275792,-0.12196752698764311,-0.00021488788340308577,252993.8798116655,OK,1,1
6,FTS,IMG,8371,58,j:OK,K:\NINJA\E71a\ManualCheck\ScanData\FTS\ECC6\IMG\Event08371\PL058,1.0002314953034823,0.0064242020595449,-0.0068778898660247,1.0003988046893837,-29997.558746958308,-281429.7191347846,200,0.5,0.156,210,70,7896.09063915736,-239706.5464634692,4864.25,7978.939874481442,-239663.6479124906,4864.25,-0.3931,-0.2069,37697.9,42008.6,1.0002551422342447,1.0004194314366597,1.0006745772685213,0.0006745772685212703,0.0004194314366596785,-0.3939766466482046,-0.00045463683391523376,283023.92185654724,OK,1,1
6,FTS,IMG,4721,58,j:OK,K:\NINJA\E71a\ManualCheck\ScanData\FTS\ECC6\IMG\Event04721\PL058,1.000328606512371,0.0007711860960283,-0.0010878828257805,1.0004007079250372,-29620.05039664449,-127075.85931899678,200,0.5,0.156,210,70,286.2680439334908,-85751.91631821789,4824.5,316.8714685425148,-85729.4075521715,4824.5,-0.1456,-0.1073,29895.2,41362.4,1.0003291980623303,1.000401005169882,1.0007302850727515,0.0007302850727515242,0.0004010051698819517,-0.06231059428169861,-0.00031664797707152723,130482.26472268644,OK,1,1
6,FTS,IMG,4634,85,j:OK,K:\NINJA\E71a\ManualCheck\ScanData\FTS\ECC6\IMG\Event04634\PL085,1.0002844572121934,0.0135282510591612,-0.0140761960134466,1.0005555921229576,-18919.861478213217,-159893.09637260876,200,0.5,0.156,210,70,14449.539386938626,-89598.91653456025,-554.0,14414.522396780769,-89601.37857124791,-554.0,0.16651,0.01406,32368.62,70708.06,1.0003834937835097,1.000647043919704,1.0010306336909653,0.0010306336909653435,0.0006470439197039379,-0.806224056653279,-0.0005513490465391734,161008.58183952534,OK,1,1
6,FTS,IMG,7169,92,j:OK,K:\NINJA\E71a\ManualCheck\ScanData\FTS\ECC6\IMG\Event07169\PL092,1.0005010664875131,-0.0032373771688287,0.0021692106538379,1.0005953894632,-28079.123570599582,-158434.33282900127,200,0.5,0.156,210,70,5369.048892173916,-94430.39939372348,-540.0,5383.560247779507,-94389.26718676956,-540.0,-0.0697,-0.1956,33652.8,63934.0,1.0005034180438925,1.0006006266367948,1.0011037768334652,0.0011037768334651865,0.0006006266367948321,0.12422417602142838,-0.0010673184410622157,160903.30947330993,OK,1,1
6,FTS,IMG,1908,95,j:OK,K:\NINJA\E71a\ManualCheck\ScanData\FTS\ECC6\IMG\Event01908\PL095,1.0005592945546649,-0.0062295562866456,0.0058846046381198,1.0006111492657015,-31178.9816276728,-158429.64180834,200,0.5,0.156,210,70,55888.10788163501,-115344.32195126722,-535.0,55954.51381192787,-115207.64346862752,-535.0,-0.32008,-0.6485700000000001,87350.53,42681.89,1.0005765990125273,1.0006305409122573,1.0012074441086405,0.0012074441086404875,0.000630540912257338,0.3369706566199331,-0.0003444235410021752,161468.51178746176,OK,1,1
6,FTS,IMG,1908,98,j:OK,K:\NINJA\E71a\ManualCheck\ScanData\FTS\ECC6\IMG\Event01908\PL098,1.0005716851438256,0.0013914048569923,-0.0016720950521695,1.0005485734484585,-14029.114454199327,-155121.5773704514,200,0.5,0.156,210,70,72566.00079043845,-110217.79541223266,-523.75,72632.00116544227,-110080.72117491152,-523.75,-0.3132,-0.6529,86548.8,45160.8,1.0005730822950507,1.0005495409209988,1.0011228987647518,0.0011228987647518007,0.0005730822950507086,-0.09574916187660588,-0.0002804970358183462,155754.6783190347,OK,1,1
6,FTS,IMG,8719,103,j:OK,K:\NINJA\E71a\ManualCheck\ScanData\FTS\ECC6\IMG\Event08719\PL103,1.000641851381061,-0.001870587855615,0.001090791999867,1.000492908015203,93671.64854060492,-18613.44507977256,200,0.5,0.156,210,70,135918.43186261764,38633.86340578077,184.75,136015.01896175623,38640.31383359071,184.75,-0.4597,-0.0302,42423.1,57179.3,1.0006424459128769,1.0004946567011954,1.0011371161922225,0.0011371161922224537,0.0006424459128768767,0.062457664625337445,-0.0007795721337753295,95503.07889305099,OK,1,1
6,FTS,IMG,4414,108,j:OK,K:\NINJA\E71a\ManualCheck\ScanData\FTS\ECC6\IMG\Event04414\PL108,1.0004475570752454,-0.0033397380720745,0.0031411394928182,1.0005258770395538,-28763.078733482114,132748.47117462306,200,0.5,0.156,210,70,44273.25601369865,160896.81156153383,149.25,44177.03124722542,160947.37771056342,138.74999999999997,0.4572,-0.2421,73000.8,27954.9,1.0004524882347685,1.0005314510179868,1.0009841600579428,0.0009841600579427734,0.0005314510179867948,0.17989293205875106,-0.00019824633949411678,135828.83087705725,OK,1,1
6,FTS,IMG,5497,108,j:OK,K:\NINJA\E71a\ManualCheck\ScanData\FTS\ECC6\IMG\Event05497\PL108,1.00048631910986,-0.0033298030951343,0.0031477953039522,1.000481743490923,91314.06123875002,133089.88246092072,200,0.5,0.156,210,70,160482.06517182043,142924.51370103052,185.0,160467.73574739386,142848.85241537046,185.0,0.0694,0.3599,69151.8,9536.7,1.00049127099704,1.0004872846005037,1.0009787784203947,0.0009787784203947325,0.0004912709970399387,0.18026712323244762,-0.00018193263341146373,161403.76263698403,OK,1,1
6,FTS,IMG,7633,116,j:OK,K:\NINJA\E71a\ManualCheck\ScanData\FTS\ECC6\IMG\Event07633\PL116,1.0004874111138733,-0.0090564092822948,0.0081291433714985,1.0001953653034688,99565.75629063472,-20500.693637321638,200,0.5,0.156,210,70,114032.2860224919,33925.7660364163,198.25,114020.19457659558,33929.15472876554,198.25,0.0574,-0.0166,14938.9,54297.8,1.0005204359578543,1.0002363657274354,1.000756492490049,0.0007564924900489434,0.0005204359578543372,0.4655284531766306,-0.0009293884756788062,101654.40603012437,OK,1,1
6,FTS,IMG,9960,117,j:OK,K:\NINJA\E71a\ManualCheck\ScanData\FTS\ECC6\IMG\Event09960\PL117,1.000306500860534,-0.000404268126864,-0.0002380867415882,1.000480709167566,-24877.537945329463,-23729.09805718701,200,0.5,0.156,210,70,75986.41078659595,52574.09885217455,181.5,76019.14115790729,52583.88806820098,181.5,-0.15583,-0.04663,100896.6,76300.33,1.0003065291944975,1.0004807908446591,1.0007872611149926,0.0007872611149926101,0.00048079084465912914,-0.013637185384373134,-0.0006420876043939152,34379.674065192994,OK,1,1
6,FTS,IMG,7633,117,j:OK,K:\NINJA\E71a\ManualCheck\ScanData\FTS\ECC6\IMG\Event07633\PL117,1.000412961260979,-0.0001166054047232,-0.0008640491990112,1.000461390869977,95802.44250108024,-23606.999665380637,200,0.5,0.156,210,70,112120.03803357451,32799.69330262106,196.75,112107.9996530278,32803.23332751206,196.75,0.0573,-0.0168,16305.4,56398.3,1.0004133343973276,1.0004613976652519,1.0008744419147049,0.000874441914704871,0.00046139766525188364,-0.049485924315297226,-0.0009802437840501653,98668.1226251623,OK,1,1
6,FTS,IMG,3802,118,j:OK,K:\NINJA\E71a\ManualCheck\ScanData\FTS\ECC6\IMG\Event03802\PL118,1.0004292726997084,-0.0077710801237909,0.0076695978701678,1.0005525050627198,87613.03965947723,56738.08316093718,200,0.5,0.156,210,70,116474.5427951864,71831.44165573631,194.5,116536.31886766457,71855.02938912976,194.5,-0.2949,-0.11,29026.5,14886.1,1.0004586710134296,1.0005826827771775,1.0010416159973343,0.001041615997334322,0.0005826827771775456,0.4392384268868655,-0.0001004760165812754,104380.33722474052,OK,1,1
6,FTS,IMG,9960,118,j:OK,K:\NINJA\E71a\ManualCheck\ScanData\FTS\ECC6\IMG\Event09960\PL118,1.000469297270745,-0.0039627521814976,0.0039099717566354,1.0004573183990944,-32557.22550878912,-23226.347674123805,200,0.5,0.156,210,70,66831.22473351589,53552.56984086758,169.75,66863.9402351286,53562.50933435447,169.75,-0.1559,-0.0467,99677.0,76364.2,1.000476937595543,1.0004651664816515,1.000942324537224,0.0009423245372239819,0.0004769375955429034,0.22391865471649047,-5.280227466864757e-05,39992.95136782762,OK,1,1
6,FTS,IMG,7633,118,j:OK,K:\NINJA\E71a\ManualCheck\ScanData\FTS\ECC6\IMG\Event07633\PL118,1.000541386196696,-0.0022036304108961,0.001975929974934,1.0004387021837473,87556.2455332878,-22262.48097171876,200,0.5,0.156,210,70,102387.877485534,33841.95675546834,182.5,102375.80927780917,33845.42046692423,182.5,0.0574,-0.0166,14935.0,56053.8,1.0005433372881316,1.0004411291095985,1.0009846801071327,0.0009846801071327071,0.0005433372881316068,0.11315104258583383,-0.00022780228795634061,90342.20603295848,OK,1,1
6,UTS,IMG,12599,18,j:OK,K:\NINJA\E71a\ManualCheck\ScanData\UTS\ECC6\IMG\Event12599\PL018,1.000019672075597,0.0106765289071105,-0.010915308491349,1.0002146103749532,-17896.670645445258,-192570.7121908893,200,0.5,0.14,210,70,60891.96310312171,-109990.1640900789,10718.75,60943.03521412053,-110063.60727476416,10718.75,-0.2469,0.34696,77948.39,83340.05,1.0000792411092463,1.000271590657769,1.0003508242790196,0.00035082427901955704,0.00027159065776904967,-0.6253639715946145,-0.00024082759804812845,193400.54295140397,OK,1,1
6,UTS,IMG,12599,19,j:OK,K:\NINJA\E71a\ManualCheck\ScanData\UTS\ECC6\IMG\Event12599\PL019,1.0001360905572805,0.0147048794076176,-0.014871915247027,1.0001606003731354,5037.897081698562,-187313.77765653929,200,0.5,0.14,210,70,83218.89285675145,-106271.07421896057,10726.0,83269.86917329165,-106344.54079628192,10726.0,-0.2478,0.3461,77014.2,82101.4,1.0002466563294854,1.0002686939103629,1.0005154025068779,0.0005154025068778711,0.0002686939103628827,-0.8519192435916552,-0.00016733683114766268,187381.51378129385,OK,1,1
6,UTS,IMG,6597,19,j:OK,K:\NINJA\E71a\ManualCheck\ScanData\UTS\ECC6\IMG\Event06597\PL019,1.0001591402701355,0.008425564312854,-0.0085341659191696,1.0001878675578066,6469.684512570299,-26889.202077783524,200,0.5,0.14,210,70,76604.12481010392,15772.411678228971,10716.0,76682.10602787002,15731.602754444271,10716.0,-0.37289,0.19111,69837.25,43208.69,1.0001955498070527,1.0002233553281101,1.0004189428890446,0.00041894288904464894,0.0002233553281101308,-0.48888202138491743,-0.00010881846327801717,27656.572565523547,OK,2,2
6,UTS,IMG,1260,19,j:OK,K:\NINJA\E71a\ManualCheck\ScanData\UTS\ECC6\IMG\Event01260\PL019,1.0001961020763726,0.0062153468011592,-0.0064829528638171,1.0002804958090683,-113970.71305142246,-26724.933164440117,200,0.5,0.14,210,70,-45712.50643159377,-24159.946325182475,10712.5,-45787.76315554639,-24314.11853123345,10712.5,0.35372,0.73624,68151.86,2851.84,1.0002171120744756,1.0002998054742858,1.0005169466915955,0.0005169466915955212,0.00029980547428576365,-0.3713678102592631,-0.00026806707532916454,117062.14369339675,OK,1,1
6,UTS,IMG,4481,20,j:OK,K:\NINJA\E71a\ManualCheck\ScanData\UTS\ECC6\IMG\Event04481\PL020,0.9999746562207952,-0.015415078542465,0.0147995262459647,1.00004937722299,-118250.35773982704,-29738.6540590379,200,0.5,0.14,210,70,-22912.89539224054,199.5059096250563,10732.0,-22925.305118931472,202.8029125768735,10732.0,0.05884,-0.01657,95767.16,28522.74,1.0000841659885444,1.000168176623592,1.0002521680518526,0.00025216805185257485,0.0001681766235919202,0.8479099792061897,-0.0006142758439797389,121932.50038787938,OK,2,2
6,UTS,IMG,79,20,j:OK,K:\NINJA\E71a\ManualCheck\ScanData\UTS\ECC6\IMG\Event00079\PL020,1.0000046993109577,-0.0171234380683474,0.0165678863502364,1.0001214458388046,1761.175480325427,-28459.355896847712,200,0.5,0.14,210,70,50507.71832647164,14328.424697268854,10731.5,50459.50927014954,14327.32975889304,10731.5,0.22959,0.00141,49416.65,41962.86,1.0001419366780464,1.0002680233607297,1.0004098448963157,0.0004098448963156809,0.00026802336072973,0.9491786613788986,-0.0005533931954678754,28513.79801317145,OK,3,3
6,UTS,IMG,1260,20,j:OK,K:\NINJA\E71a\ManualCheck\ScanData\UTS\ECC6\IMG\Event01260\PL020,1.0000946967515492,-0.0089993726821787,0.0083569148859355,1.0002977644485245,-117343.08375298372,-110621.11648187847,200,0.5,0.14,210,70,-46612.1356647658,-25833.935487995757,10721.0,-46684.85809379004,-25989.454920616947,10721.0,0.3529,0.7374,71407.5,84009.9,1.0001296118488763,1.0003382459295398,1.0004676963889314,0.00046769638893140453,0.00033824592953979327,0.47875947180466794,-0.0006405219142090804,161265.0945380217,OK,2,2
6,UTS,IMG,12599,20,j:OK,K:\NINJA\E71a\ManualCheck\ScanData\UTS\ECC6\IMG\Event12599\PL020,1.0003793700294354,-0.0015081343239208,0.0006795497695934,1.0002839290701304,3500.812923030398,-187372.20370413965,200,0.5,0.14,210,70,85185.34113210787,-104810.58933726604,10730.5,85237.57157371822,-104883.29758021727,10730.5,-0.2481,0.3463,81830.0,82409.9,1.0003796008357924,1.0002850659812514,1.000664431666078,0.0006644316660779914,0.0003796008357923597,0.03892056248311236,-0.000828413043051908,187404.90498401492,OK,1,1
6,UTS,IMG,79,21,j:OK,K:\NINJA\E71a\ManualCheck\ScanData\UTS\ECC6\IMG\Event00079\PL021,1.0001222377077303,-0.0003444653679567,-0.0002838627666351,1.0002766551737954,-372.65834913685023,-26952.554787410638,200,0.5,0.14,210,70,47670.94211468593,12785.314623786908,10728.0,47622.7203293792,12785.013223367683,10728.0,0.2296,0.0015,48003.2,39740.2,1.0001222779918404,1.0002767144855795,1.0003988289183277,0.0003988289183276539,0.00027671448557953227,-0.016262150204396978,-0.0006281981057775056,26955.13093667982,OK,3,3
6,UTS,IMG,1260,21,j:OK,K:\NINJA\E71a\ManualCheck\ScanData\UTS\ECC6\IMG\Event01260\PL021,1.0001497282432548,1.6153007741146255e-05,-0.0007423980978294,1.0003901407071265,-121478.69374481584,-108898.61668970236,200,0.5,0.14,210,70,-50165.55281777562,-26449.678729310563,10720.0,-50240.59954792613,-26604.18030052292,10720.0,0.3573,0.7357,71226.1,82315.2,1.000150003779429,1.0003901408375355,1.0005399393574264,0.0005399393574263556,0.0003901408375355242,-0.042529901984304196,-0.0007261400481118842,163144.05214679905,OK,4,4
6,UTS,IMG,1969,21,j:OK,K:\NINJA\E71a\ManualCheck\ScanData\UTS\ECC6\IMG\Event01969\PL021,1.0001716311504865,0.0007494150353227,-0.0012517374655268,1.0004045953224563,-644.5502697407468,-108873.21844405217,200,0.5,0.14,210,70,52435.7413741249,-86429.68279293558,10747.5,52426.619665176506,-86398.62078996962,10747.5,0.04354,-0.1478,53045.18,22531.88,1.0001724144390842,1.0004048760202955,1.0005772339849803,0.0005772339849803299,0.00040487602029548597,-0.07170692924551136,-0.000502410182686249,108875.12635775228,OK,2,2
6,UTS,IMG,6471,21,j:OK,K:\NINJA\E71a\ManualCheck\ScanData\UTS\ECC6\IMG\Event06471\PL021,1.0001824505080317,-0.0024432710901033,0.0018739803746173,1.00039487310221,-875.9957787609853,-187531.73679416985,200,0.5,0.14,210,70,47003.258781564895,-130410.33491272076,10734.75,47040.6256047924,-130362.5170354885,10734.75,-0.17846,-0.22728,48047.26,57056.65,1.0001842060874064,1.000397856706424,1.0005819742971127,0.0005819742971127084,0.0003978567064240046,0.10735145438586682,-0.0005686654664073678,187533.78275298083,OK,4,4
6,UTS,IMG,4481,21,j:OK,K:\NINJA\E71a\ManualCheck\ScanData\UTS\ECC6\IMG\Event04481\PL021,1.0002584558300809,-0.0004218140580682,-1.2681360556280515e-05,1.0001789271015311,-121373.93429968532,-26855.433810292958,200,0.5,0.14,210,70,-25821.14777189288,-171.4575300675821,10723.25,-25833.500433749272,-167.97074973826602,10723.25,0.0588,-0.0166,95527.0,26683.9,1.0002584559104686,1.0001790160491617,1.0004374238271883,0.0004374238271882547,0.0002584559104685802,-0.0007264006958248076,-0.0004344166427665958,124309.47772605014,OK,2,2
6,UTS,IMG,1260,22,j:OK,K:\NINJA\E71a\ManualCheck\ScanData\UTS\ECC6\IMG\Event01260\PL022,1.00010725016582,-0.0023362653917062,0.0016514607377143,1.0003893617483726,-83505.34332686484,-110177.62869179854,200,0.5,0.14,210,70,-12340.923308967394,-29763.84239270942,6565.75,-12414.65757299986,-29918.837024003544,6565.75,0.3528,0.7372,71270.2,80109.9,1.0001086136799373,1.0003920897504621,1.000500511923872,0.0005005119238719047,0.00039208975046212124,0.09461149720109004,-0.0006840696580459362,138247.0695106605,OK,6,6
6,UTS,IMG,79,22,j:OK,K:\NINJA\E71a\ManualCheck\ScanData\UTS\ECC6\IMG\Event00079\PL022,1.0001138356265,-0.0030302668538031,0.0027157660340064,1.0002622453085297,37212.51016110978,-28081.96437977004,200,0.5,0.14,210,70,85495.77157865305,12565.869487944205,6581.25,85447.57281050633,12565.171452907103,6581.25,0.2295,0.0027,48352.3,40505.2,1.0001175228925356,1.0002668353528805,1.0003843402836843,0.0003843402836842813,0.0002668353528805234,0.15558383845720283,-0.0003140128719372747,46619.391200629936,OK,3,3
6,UTS,IMG,4481,22,j:OK,K:\NINJA\E71a\ManualCheck\ScanData\UTS\ECC6\IMG\Event04481\PL022,1.000131635496634,-0.0032784420731208,0.0027359716061091,1.0002456771183583,-83466.32977249734,-28402.88460304265,200,0.5,0.14,210,70,12629.03037670807,-995.675604446916,6578.5,12616.648664095965,-992.3276150453748,6578.5,0.0589,-0.0161,96159.3,27140.8,1.0001353777673307,1.000251049875175,1.0003863146792462,0.00038631467924621354,0.00025104987517510224,0.15673860249509555,-0.000542020390658915,88166.61533406527,OK,3,3
6,UTS,IMG,1969,22,j:OK,K:\NINJA\E71a\ManualCheck\ScanData\UTS\ECC6\IMG\Event01969\PL022,1.0001456835453726,0.0002334548488022,-0.0008119705325878,1.0003998850472828,37455.85465066183,-109982.63565990092,200,0.5,0.14,210,70,91725.48287236868,-86141.03335593619,6605.25,91716.03870731292,-86110.12232996566,6605.25,0.045,-0.1471,54246.7,23907.0,1.0001460131453739,1.000399912286973,1.0005458164077847,0.0005458164077847272,0.00039991228697289216,-0.046515697813448414,-0.0005784905216627315,116185.71854711755,OK,2,2
6,UTS,IMG,6471,22,j:OK,K:\NINJA\E71a\ManualCheck\ScanData\UTS\ECC6\IMG\Event06471\PL022,1.000161085914984,0.0025075932034482,-0.0030237785737538,1.0003606670650462,37267.49628000141,-188731.63767302467,200,0.5,0.14,210,70,87374.20396007056,-129922.31563735912,6607.75,87411.1647469636,-129874.21463286987,6607.75,-0.1754,-0.2295,49987.7,58987.3,1.0001656567866664,1.0003638099384133,1.0005293934850148,0.0005293934850147952,0.00036380993841333975,-0.173221319095298,-0.0005165984568762752,192375.92712634755,OK,3,3
6,UTS,IMG,3195,23,j:OK,K:\NINJA\E71a\ManualCheck\ScanData\UTS\ECC6\IMG\Event03195\PL023,1.0000518096084448,-0.0020187191009871,0.0016819119273121,1.000245812960321,-25228.840256397696,-110070.18630409228,200,0.5,0.14,210,70,44024.64929687346,-90286.68610697902,6595.25,44027.78577648927,-90300.71232786097,6595.25,-0.0148,0.0668,69292.7,19648.1,1.0000532239480338,1.0002478500709022,1.0003010306119726,0.00030103061197261916,0.00024785007090222244,0.0963613716442991,-0.0003363970421242983,112924.48934443058,OK,5,5
6,UTS,IMG,4891,23,j:OK,K:\NINJA\E71a\ManualCheck\ScanData\UTS\ECC6\IMG\Event04891\PL023,1.0000681724878215,-0.0016189959604446,0.0013044083240737,1.0002626358607651,-24269.70073902957,-29649.36079180174,200,0.5,0.14,210,70,57170.75701436366,875.87580500437,6591.0,57042.98251104153,954.6690451469148,6591.0,0.6078,-0.3759,81356.5,30489.9,1.0000690231700045,1.0002639460897538,1.0003329380849342,0.00033293808493417565,0.00026394608975377487,0.07473195468579154,-0.0003142507813751161,38315.83183652005,OK,2,2
6,UTS,IMG,6471,23,j:OK,K:\NINJA\E71a\ManualCheck\ScanData\UTS\ECC6\IMG\Event06471\PL023,1.0001205970571647,0.0035380089754281,-0.0038391390678694,1.0003237996585772,95983.27766871698,-188794.74179852376,200,0.5,0.14,210,70,144532.41279671664,-130247.7663792608,6600.0,144569.61033013492,-130199.82395098076,6600.0,-0.1763,-0.2289,48372.6,58761.6,1.000127965635779,1.0003300563668391,1.000458018673508,0.0004580186735079206,0.00033005636683913764,-0.21993886114903433,-0.0003018082833085836,211792.9274617103,OK,2,2
6,UTS,IMG,6956,24,j:OK,K:\NINJA\E71a\ManualCheck\ScanData\UTS\ECC6\IMG\Event06956\PL024,1.0000158331818334,0.0012661376981683,-0.0016205625503091,1.0002390304530042,-129443.66296771212,-136842.236308945,200,0.5,0.14,210,70,-56284.213190429175,-66319.64467200838,-378.25,-56250.81820673858,-66266.40894567105,-378.25,-0.1587,-0.2537,73102.2,70677.4,1.0000171462716707,1.0002398318134689,1.0002569192747874,0.00025691927478743715,0.0002398318134688715,-0.0928498431810982,-0.00035470101710613857,188365.22906452717,OK,2,2
6,UTS,IMG,5573,24,j:OK,K:\NINJA\E71a\ManualCheck\ScanData\UTS\ECC6\IMG\Event05573\PL024,1.0000586364133173,-0.0062774809125132,0.0058811194278314,1.0002043468166917,-129204.67820586223,-56041.516497019526,200,0.5,0.14,210,70,-27725.90733396256,-26907.36535861481,-373.75,-27825.80999135453,-26750.708935591752,-373.75,0.471,-0.7486,101553.0,28687.7,1.000075929032685,1.0002240459805052,1.0002999138271258,0.0002999138271257973,0.0002240459805051831,0.3369396807152246,-0.0003954091660171838,140835.01141962578,OK,1,1
6,UTS,IMG,13423,25,j:OK,K:\NINJA\E71a\ManualCheck\ScanData\UTS\ECC6\IMG\Event13423\PL025,0.9999343815360164,-0.009846114435974,0.0096140090387227,1.000273686077514,-55496.31498216168,56417.32629785963,200,0.5,0.14,210,70,6058.150729923254,77482.09081281148,13856.5,6144.435220459804,77542.5403602176,13856.5,-0.4137,-0.2838,61846.9,20525.0,0.999980598085589,1.0003221446257118,1.0003027102878543,0.0003027102878543353,0.00032214462571178437,0.5508613162128032,-0.00022875883628227438,79137.5744081057,OK,1,1
6,UTS,IMG,4891,25,j:OK,K:\NINJA\E71a\ManualCheck\ScanData\UTS\ECC6\IMG\Event04891\PL025,0.99997844862786,-0.0150984103195094,0.0147545383163296,1.0001845616054827,-175240.93833988858,53979.30212012714,200,0.5,0.14,210,70,-97784.50405274631,90585.62035686513,13850.5,-97912.93882238244,90663.13765466452,13836.0,0.6059,-0.378,77866.1,35528.4,1.0000872932504992,1.000298515078438,1.0003857763293618,0.0003857763293617644,0.00029851507843803304,0.8453296527015057,-0.0003406920397360556,183366.16789260934,OK,3,3
6,UTS,IMG,8497,25,j:OK,K:\NINJA\E71a\ManualCheck\ScanData\UTS\ECC6\IMG\Event08497\PL025,1.0001025641725991,-0.0022747604582778,0.0020631249862181,1.0003411992232638,-53591.49248517289,-99779.63421629686,200,0.5,0.14,210,70,19006.758662688782,-58153.69500004771,13855.5,18992.54270094837,-58108.642738383314,13855.5,0.0672,-0.2146,72671.0,41506.9,1.0001046921944305,1.000343785605019,1.000448491505818,0.0004484915058180494,0.0003437856050190202,0.11819606395425492,-0.00021107017645613608,113260.86469353101,OK,1,1
6,UTS,IMG,566,25,j:OK,K:\NINJA\E71a\ManualCheck\ScanData\UTS\ECC6\IMG\Event00566\PL025,1.0001573990959087,-0.0053613766739927,0.00507132639999,1.0003175362233572,-174505.03330666918,-21803.518982256614,200,0.5,0.14,210,70,-97505.16178875776,41438.14083301189,13838.75,-97534.7155893256,41466.99987616627,13838.75,0.13997,-0.13809,77295.16,62858.57,1.000170256165293,1.0003319037378584,1.0005021745902474,0.0005021745902473729,0.00033190373785840777,0.2905173819457455,-0.0002891386098563911,175861.8778740047,OK,6,6
6,UTS,IMG,566,26,j:OK,K:\NINJA\E71a\ManualCheck\ScanData\UTS\ECC6\IMG\Event00566\PL026,1.0001186117133387,-0.0056134017820423,0.0052238876208393,1.0003678809176428,-174094.04957456715,-21610.982358179976,200,0.5,0.14,210,70,-97015.10564177088,42491.28616794697,13853.0,-97044.4626056005,42520.271397934805,13846.0,0.139,-0.1387,77398.0,63703.5,1.0001322545030187,1.000383630139569,1.0005158600460473,0.0005158600460473117,0.00038363013956899117,0.29926849467231126,-0.0003880579949855376,175430.250115986,OK,5,5
6,UTS,IMG,3948,26,j:OK,K:\NINJA\E71a\ManualCheck\ScanData\UTS\ECC6\IMG\Event03948\PL026,1.0001330197495992,-0.0136241282930138,0.0132676064828129,1.000306542553833,-173660.59329138743,-101544.28689311843,200,0.5,0.14,210,70,-74501.26945284654,-58561.75590810713,13857.5,-74404.73632040095,-58652.40558862799,13857.5,-0.45366,0.43755,99808.73,41554.92,1.0002210188629486,1.0003993182463429,1.000620362652509,0.0006203626525089767,0.0003993182463428724,0.7600321684429936,-0.0003540473424084019,201169.6892251629,OK,1,1
6,UTS,IMG,11863,26,j:OK,K:\NINJA\E71a\ManualCheck\ScanData\UTS\ECC6\IMG\Event11863\PL026,1.0001408336189863,0.0027350488394464,-0.0029859711372325,1.0002971544539565,-54116.6725859725,56177.03316853282,200,0.5,0.14,210,70,-943.2697128153304,109456.30690220084,13861.0,-968.9281742400708,109573.45434000377,13861.0,0.12369,-0.5573100000000001,52993.85,53538.75,1.00014529099312,1.0003008935819446,1.0004461966991733,0.00044619669917334015,0.0003008935819446279,-0.1710589447453176,-0.00025131226294085204,78003.03396276188,OK,2,2
6,UTS,IMG,5573,26,j:OK,K:\NINJA\E71a\ManualCheck\ScanData\UTS\ECC6\IMG\Event05573\PL026,1.000142755192872,-0.0014379242770616,0.0011005512933449,1.000280281361977,-173664.83564243562,57825.01143227994,200,0.5,0.14,210,70,-73795.42251960112,90680.51635184432,13858.5,-73895.28594626886,90837.06860762864,13858.5,0.4744,-0.7458,99802.6,32893.0,1.0001433607128223,1.000281314884879,1.0004246590758918,0.00042465907589184226,0.0002813148848790359,0.06304791837739775,-0.00033712660781895796,183038.8130584808,OK,2,2
6,UTS,IMG,8497,26,j:OK,K:\NINJA\E71a\ManualCheck\ScanData\UTS\ECC6\IMG\Event08497\PL026,1.0002198349096978,0.0078704175591645,-0.0081556911476533,1.0003407797446269,-53577.83036743973,-99807.5793262532,200,0.5,0.14,210,70,19009.1453660079,-57749.52188834774,13856.250000000002,18995.23692794703,-57704.45028170595,13856.250000000002,0.0679,-0.214,72221.3,42677.6,1.0002530846965076,1.0003717404508403,1.0006248782644247,0.0006248782644246997,0.0003717404508403188,-0.4671736250969039,-0.0002861438734930971,113279.02187893604,OK,1,1
6,UTS,IMG,8497,27,j:OK,K:\NINJA\E71a\ManualCheck\ScanData\UTS\ECC6\IMG\Event08497\PL027,1.0001147274980071,0.0135316838981294,-0.0141403678579448,1.0002064516216749,120342.11497683612,-102906.50517634428,200,0.5,0.14,210,70,194615.90693331163,-61865.247287653496,-357.25,194602.3174185145,-61820.09727305551,-357.25,0.0676,-0.214,73681.8,42119.6,1.0002146860357386,1.0002979817708026,1.000512545793417,0.0005125457934169741,0.00029798177080264665,-0.8100364857014604,-0.0006097381733149268,158341.31944854764,OK,1,1
6,UTS,IMG,566,27,j:OK,K:\NINJA\E71a\ManualCheck\ScanData\UTS\ECC6\IMG\Event00566\PL027,1.000130027248733,-0.002938934561264,0.0025624762294941,1.0003755708285391,791.9273908984652,-24998.344818789454,200,0.5,0.14,210,70,79276.59763183891,39183.761928444976,-373.25,79247.40119571923,39213.18241834215,-373.25,0.1386,-0.1404,78633.3,63986.0,1.0001333099587166,1.000379887866045,1.000513177861667,0.0005131778616669358,0.00037988786604503666,0.14679966382909299,-0.00037568526213939256,25010.885483556012,OK,6,6
6,UTS,IMG,6533,27,j:OK,K:\NINJA\E71a\ManualCheck\ScanData\UTS\ECC6\IMG\Event06533\PL027,1.000179035322878,-0.0039837692245454,0.0036894181377502,1.0002891144296944,623.5148518190134,56000.04823829437,200,0.5,0.14,210,70,105588.39792046156,64305.01962833694,-372.75,105594.08250962924,64389.17955186661,-372.75,-0.02866,-0.40054,104983.64,7999.49,1.0001858399845491,1.000297047313335,1.0004828993047015,0.00048289930470146736,0.0002970473133350193,0.21134929039026423,-0.0002938557427564042,56003.51929532406,OK,2,2
6,UTS,IMG,11863,27,j:OK,K:\NINJA\E71a\ManualCheck\ScanData\UTS\ECC6\IMG\Event11863\PL027,1.0001803812155907,-0.0037195345013665,0.0032194924536352,1.0002881718997358,120608.973517064,55655.4954806849,200,0.5,0.14,210,70,175873.77791502254,105789.04544240184,-355.5,175848.97672856058,105906.43285616822,-355.5,0.116,-0.5592,55416.2,50058.1,1.0001855628333292,1.0002950873514387,1.0004805801093823,0.00048058010938234474,0.00029508735143868314,0.18442942506855334,-0.0004995450808404203,132830.94018352946,OK,2,2
6,UTS,IMG,3948,27,j:OK,K:\NINJA\E71a\ManualCheck\ScanData\UTS\ECC6\IMG\Event03948\PL027,1.0001825889707645,-0.0042536975768145,0.0038923335417303,1.000355048179448,1166.3818366574194,-103711.67911721028,200,0.5,0.14,210,70,101546.76414779195,-62505.98919736231,-369.75,101642.59557567791,-62597.33632827381,-369.75,-0.4544,0.4366,100631.0,40708.2,1.0001901626894063,1.000364091899135,1.0005542587878489,0.0005542587878488714,0.0003640918991349995,0.2229724462687832,-0.0003605588810307416,103718.23770147696,OK,1,1
6,UTS,IMG,3948,28,j:OK,K:\NINJA\E71a\ManualCheck\ScanData\UTS\ECC6\IMG\Event03948\PL028,1.0000995170722478,0.0001329601746015,-0.00054386955665,1.0003207826257274,381.6519358070496,-103470.82740421798,200,0.5,0.14,210,70,101870.87209751754,-65850.36326641098,-366.75,101966.7554911074,-65941.81572611658,-366.75,-0.4566,0.4351,101570.0,37572.2,1.0000996649545673,1.0003207914620968,1.000420403934314,0.0004204039343140842,0.0003207914620968477,-0.031158326344438596,-0.00041089783637664694,103471.53126301733,OK,1,1
6,UTS,IMG,566,28,j:OK,K:\NINJA\E71a\ManualCheck\ScanData\UTS\ECC6\IMG\Event00566\PL028,1.0001333171183582,-0.0008010204586089,0.0003330315977628,1.000369843741865,-21.54372420257385,-25129.910727042785,200,0.5,0.14,210,70,77943.95291496735,37515.36527523504,-375.5,77914.98762478509,37544.61945700565,-375.5,0.1378,-0.1393,77976.3,62625.4,1.000133372565987,1.0003701644400929,1.0005034769318484,0.0005034769318483789,0.0003701644400928572,0.019078760765651757,-0.0004677369349851663,25129.919961694915,OK,4,4
6,UTS,IMG,599,28,j:OK,K:\NINJA\E71a\ManualCheck\ScanData\UTS\ECC6\IMG\Event00599\PL028,1.0001344069132672,-0.0025561388922813,0.0020084980735295,1.0002484777651266,120760.13361242236,57353.96337989293,200,0.5,0.14,210,70,155654.7951387725,84714.41380784354,-353.0,155655.51508999194,84818.96716246892,-353.0,-0.0047,-0.49774,34960.69,27387.98,1.0001364236724228,1.0002517438712564,1.0003880520755641,0.0003880520755641381,0.0002517438712563713,0.1150628428291763,-0.000547272862019607,133688.02109939468,OK,2,2
6,UTS,IMG,12560,28,j:OK,K:\NINJA\E71a\ManualCheck\ScanData\UTS\ECC6\IMG\Event12560\PL028,1.000203038292742,-0.0018880341213631,0.0013816022565486,1.0003464037449603,120425.90703339856,-25033.302705789603,200,0.5,0.14,210,70,143895.8588334652,-6038.679627386274,-344.0,143844.5728077499,-6008.747802261853,-344.0,0.2439,-0.14282,23449.75,18985.58,1.0002039925109416,1.000348185462601,1.0005521208831298,0.0005521208831298363,0.0003481854626010694,0.07914385868503186,-0.000506057146290055,123000.26556547121,OK,1,1
6,UTS,IMG,4329,28,j:OK,K:\NINJA\E71a\ManualCheck\ScanData\UTS\ECC6\IMG\Event04329\PL028,1.0002600370486954,0.0019878283550389,-0.0024853021568303,1.0003592452562682,120330.79876231824,-103175.7535272979,200,0.5,0.14,210,70,140000.25894869433,-17694.651634522605,-346.5,140050.55820778894,-17689.701163155638,-346.5,-0.23941,-0.02416,19544.71,85503.91,1.0002631246044553,1.000361220275586,1.000624316076138,0.0006243160761381095,0.0003612202755860494,-0.14236001249401473,-0.0004975390425399796,158507.84600991604,OK,1,1
6,UTS,IMG,6533,28,j:OK,K:\NINJA\E71a\ManualCheck\ScanData\UTS\ECC6\IMG\Event06533\PL028,1.000319084382992,-0.0036974786280431,0.0033247115038997,1.0002059765969098,-737.1244464229582,56622.63375737168,200,0.5,0.14,210,70,104765.77309764312,63388.68352132912,-371.25,104771.51205102543,63472.825952845975,-371.25,-0.0288,-0.4005,105499.0,6498.1,1.0003246094580558,1.0002128108399646,1.0005374197535475,0.0005374197535474856,0.0003246094580557912,0.19043047245393233,-0.0003730616024199738,56627.4315687279,OK,1,1
6,UTS,IMG,2189,29,j:OK,K:\NINJA\E71a\ManualCheck\ScanData\UTS\ECC6\IMG\Event02189\PL029,1.0002987444317508,-0.0052861488707063,0.0047286879739855,1.0004798645256794,-3333.9217232167093,-26375.75931582104,200,0.5,0.14,210,70,60919.19090550801,35828.56382648252,-375.75,60872.2698767595,35739.55121410386,-375.75,0.2256,0.4226,64513.5,61780.6,1.0003099212752478,1.0004938294118586,1.000803748862879,0.000803748862878928,0.000493829411858604,0.2708509301648626,-0.0005563237439138118,26585.62983159618,OK,2,2
6,UTS,IMG,2189,30,j:OK,K:\NINJA\E71a\ManualCheck\ScanData\UTS\ECC6\IMG\Event02189\PL030,1.0000959111783232,-0.0003739791414634,-2.6040456168751747e-05,1.0003164142307737,-3469.5725190385906,-24636.21254308056,200,0.5,0.14,210,70,60920.14901420682,34599.90605603015,-396.25,60872.486409359975,34511.72140347979,-396.25,0.2271,0.4198,64358.0,59130.9,1.0000959115173433,1.0003164841388503,1.000412346018171,0.00041234601817108363,0.0003164841388503259,-0.0014918651481834414,-0.00039989877732578207,24879.326798221606,OK,2,2
6,UTS,IMG,4716,31,j:OK,K:\NINJA\E71a\ManualCheck\ScanData\UTS\ECC6\IMG\Event04716\PL031,1.000299353537105,-0.0058888084169417,0.0054245928459658,1.0004677094192065,1048.8529037293135,-25845.84197430194,200,0.5,0.14,210,70,90765.13686091595,18970.93598651603,-381.0,90727.27123966784,18983.526032358663,-381.0,0.1799,-0.0609,89912.5,44320.9,1.0003140621296367,1.000485040195547,1.0007991473547904,0.0007991473547903638,0.00048504019554695965,0.3107102167098248,-0.0004630711616525177,25867.11502611471,OK,1,1
6,UTS,IMG,4716,32,j:OK,K:\NINJA\E71a\ManualCheck\ScanData\UTS\ECC6\IMG\Event04716\PL032,1.0001297252740695,-0.0074653365226842,0.0069692951831719,1.0003811228108082,1063.0205261669976,-25309.60745485424,200,0.5,0.14,210,70,89713.53420923189,19336.428344253447,-384.0,89675.71643137606,19349.14843652816,-384.0,0.1796,-0.0618,88929.8,44022.2,1.0001540073669335,1.0004089774315355,1.000562925660007,0.0005629256600070409,0.0004089774315354511,0.39925294385289745,-0.000494075436889292,25331.921406752106,OK,1,1
6,UTS,IMG,561,33,j:OK,K:\NINJA\E71a\ManualCheck\ScanData\UTS\ECC6\IMG\Event00561\PL033,1.0003825518856404,-0.0017295733546512,0.001401850999719,1.0003067855823036,-1201.1800441422065,56367.09606483708,200,0.5,0.14,210,70,105308.42495254472,66339.30317319726,-365.5,105331.36704132483,66376.23952988401,-365.5,-0.10951,-0.17568,106508.85,9856.81,1.0003835341025218,1.0003082808344583,1.0006918794334834,0.0006918794334833667,0.00038353410252178755,0.0802893783626175,-0.0003277271735020205,56379.89315599151,OK,1,1
6,UTS,IMG,561,34,j:OK,K:\NINJA\E71a\ManualCheck\ScanData\UTS\ECC6\IMG\Event00561\PL034,1.0001703957007728,-0.0104380362025218,0.0100885143607305,1.000256870726107,-509.48397451357147,55253.717395010055,200,0.5,0.14,210,70,107251.83001641318,67446.4753291353,-373.75,107274.63458823544,67483.44765585713,-373.75,-0.1104,-0.1749,107882.0,11138.5,1.0002212747978556,1.0003113315536063,1.0005326144746742,0.0005326144746742312,0.0003113315536062977,0.5779112184725016,-0.00034852334451890206,55256.06627229197,OK,1,1
6,UTS,IMG,561,35,j:OK,K:\NINJA\E71a\ManualCheck\ScanData\UTS\ECC6\IMG\Event00561\PL035,1.0001548756767142,-0.0018296337145155,0.0015078379510136,1.0003082452501564,833.33163802513,57459.25257154664,200,0.5,0.14,210,70,106465.41934136722,67121.88264426071,-373.25,106488.2454168986,67158.80452552327,-373.25,-0.109,-0.1756,105656.0,9537.3,1.0001560122876783,1.000309918512746,1.0004659274577137,0.0004659274577136774,0.0003099185127459769,0.08637930727595525,-0.0003214645495971041,57465.29515890197,OK,1,1
6,UTS,IMG,8189,35,j:OK,K:\NINJA\E71a\ManualCheck\ScanData\UTS\ECC6\IMG\Event08189\PL035,1.0001742556570157,0.0079156902102616,-0.0082091765527813,1.0003515522792876,559.4142133920253,-101106.27091126068,200,0.5,0.14,210,70,95169.15009477256,-33006.83709288758,-373.0,95219.28621676676,-33037.4612764715,-373.0,-0.23984,0.14381,94098.74,68817.09,1.0002079445089107,1.0003828698548798,1.0005908504947498,0.0005908504947498283,0.000382869854879786,-0.47025866288208196,-0.00029481873683295405,101107.8185000714,OK,1,1
6,UTS,IMG,561,36,j:OK,K:\NINJA\E71a\ManualCheck\ScanData\UTS\ECC6\IMG\Event00561\PL036,1.0001825148097627,-0.0066515870730197,0.0063281635259907,1.0002936381692724,-1248.6737652737534,52402.194940973066,200,0.5,0.14,210,70,106105.3600563641,67737.44656225225,-372.75,106128.23985268078,67774.50071008867,-372.75,-0.1101,-0.1757,107455.0,14688.0,1.0002025337824298,1.0003157532362015,1.0005182989030552,0.0005182989030552143,0.000315753236201477,0.36250606138699887,-0.0003226121435083199,52417.06993722394,OK,1,1
6,UTS,IMG,8189,36,j:OK,K:\NINJA\E71a\ManualCheck\ScanData\UTS\ECC6\IMG\Event08189\PL036,1.0002637853062193,0.0040614073655424,-0.0043518301506323,1.0003732946441808,-1225.713260942387,-103611.11847784204,200,0.5,0.14,210,70,94866.31118961037,-33276.241286320255,-373.0,94916.28556086404,-33306.96263023364,-373.0,-0.2385,0.1452,95829.6,70694.8,1.0002732519770716,1.0003815390474986,1.0006548529750694,0.0006548529750693977,0.00038153904749860246,-0.249274172727826,-0.000290785526322981,103618.36828105079,OK,1,1
6,UTS,IMG,8189,37,j:OK,K:\NINJA\E71a\ManualCheck\ScanData\UTS\ECC6\IMG\Event08189\PL037,1.000053371634043,-0.006129662546437,0.0054340921532641,1.000433866896245,38.2206921102496,-102549.13762543144,200,0.5,0.14,210,70,95333.2372944998,-33889.64418595436,-359.0,95383.42889858857,-33920.04577827164,-359.0,-0.2381,0.146,95757.4,68079.2,1.0000681354158563,1.000452644954226,1.0005205708376188,0.0005205708376188056,0.00045264495422592255,0.31133086535104154,-0.0006931788552634782,102549.1447479743,OK,1,1
6,UTS,IMG,2620,37,j:OK,K:\NINJA\E71a\ManualCheck\ScanData\UTS\ECC6\IMG\Event02620\PL037,1.0002657824641124,-0.0006289249645759,-0.0001477917969412,1.0004378296504115,120554.44972114958,-23832.768542321635,200,0.5,0.14,210,70,207908.26886286016,-2823.9325272871047,-346.75,207891.65555106348,-2793.861716363485,-346.75,0.079,-0.14312,87327.23,21042.6,1.000265793382418,1.0004380273371443,1.0007036355320165,0.0007036355320164667,0.00043802733714426445,-0.008465596142762249,-0.0007764020881059622,122887.65684136491,OK,1,1
6,UTS,IMG,8189,38,j:OK,K:\NINJA\E71a\ManualCheck\ScanData\UTS\ECC6\IMG\Event08189\PL038,1.0002952325176024,-0.0017745596570578,0.0011203426701947,1.000404157554048,-103.52694536214156,-104562.00643473447,200,0.5,0.14,210,70,95639.91946511656,-35167.15122316751,-363.75,95690.03134931052,-35197.5994814314,-363.75,-0.2383,0.1452,95888.1,69229.0,1.0002958599160265,1.0004057314476968,1.0007014975070074,0.0007014975070074314,0.00040573144769684433,0.06417193412798841,-0.0006538293001492188,104562.0576857871,OK,1,1
6,UTS,IMG,2620,38,j:OK,K:\NINJA\E71a\ManualCheck\ScanData\UTS\ECC6\IMG\Event02620\PL038,1.0004371145138844,-0.0030035796868848,0.0022470024707999,1.0003695298257556,120351.4408210834,-25028.51352908146,200,0.5,0.14,210,70,207373.9842482256,-3533.882742088594,-344.25,207357.4435478778,-3503.7735537689227,-344.25,0.0783,-0.1435,87032.0,21321.3,1.000439637917736,1.000374038894822,1.0008135549174677,0.000813554917467707,0.00043963791773604655,0.12868729056319306,-0.0007564441644605723,122926.3836496712,OK,1,1
6,UTS,IMG,2620,39,j:OK,K:\NINJA\E71a\ManualCheck\ScanData\UTS\ECC6\IMG\Event02620\PL039,1.0002460391050938,0.0021714614915261,-0.0024331375556664,1.000409146376564,116595.29955752022,-26066.53392746413,200,0.5,0.14,210,70,205102.4278641594,-3833.066419047716,-340.5,205086.04625553044,-3802.8790813408314,-340.5,0.0783,-0.1435,88420.2,22469.6,1.0002489984517824,1.0004115030320746,1.000660569612172,0.0006605696121719795,0.0004115030320746005,-0.1393739465028669,-0.00026196425449214703,119473.54548141405,OK,1,1
6,UTS,IMG,595,39,j:OK,K:\NINJA\E71a\ManualCheck\ScanData\UTS\ECC6\IMG\Event00595\PL039,1.0002922725450378,-0.0034450781232604,0.0031717913995114,1.0003419391037762,116273.48079293128,55329.32100467294,200,0.5,0.14,210,70,191108.2016945145,65624.55069764353,-353.0,191128.09876852424,65585.55891241311,-353.0,-0.09408,0.18591,74867.24,10015.35,1.0002973011929994,1.0003478713393548,1.000645238657388,0.0006452386573880808,0.0003478713393547661,0.18167655256132345,-0.0002730328844361971,128766.67308951607,OK,1,1
6,UTS,IMG,595,40,j:OK,K:\NINJA\E71a\ManualCheck\ScanData\UTS\ECC6\IMG\Event00595\PL040,1.000147299959442,-0.0049556065852892,0.0043798103387356,1.0004050383250291,120461.06746062996,52671.46227731804,200,0.5,0.14,210,70,193407.6458373634,66398.38646486393,-359.0,193427.6033141511,66359.39719349907,-359.0,-0.0941,0.186,73022.0,13362.7,1.0001568898701672,1.0004173122965891,1.000574102563557,0.0005741025635570551,0.00041731229658914515,0.25090608491039185,-0.0005744223439959004,131473.0075421772,OK,1,1
6,UTS,IMG,2620,40,j:OK,K:\NINJA\E71a\ManualCheck\ScanData\UTS\ECC6\IMG\Event02620\PL040,1.0002057792551964,-0.0048725800344301,0.0042876855692996,1.0004427363704065,120643.5288882858,-24235.79975905496,200,0.5,0.14,210,70,207045.14490594773,-2030.950721575171,-346.0,207028.63560208137,-2000.8515126654129,-346.0,0.0779,-0.1436,86473.8,21854.5,1.0002149694455866,1.0004546020647307,1.0006694988226623,0.0006694988226623177,0.0004546020647306914,0.2456142398573809,-0.0005836080023494916,123053.78926542513,OK,1,1
6,UTS,IMG,5228,41,j:OK,K:\NINJA\E71a\ManualCheck\ScanData\UTS\ECC6\IMG\Event05228\PL041,1.0003337088546662,-0.0023338568187834,0.0018920963947971,1.0005234555139124,116954.3183194078,-25134.03352902233,200,0.5,0.14,210,70,197175.5602543018,42232.939941050055,-343.0,197173.9036146204,42258.704802546905,-343.0,0.0076,-0.12264,80349.62,67205.53,1.000335498270305,1.0005261775291792,1.0008617549323915,0.0008617549323914897,0.0005261775291791615,0.10837284359358035,-0.00044116860219331716,119624.54687477561,OK,1,1
6,UTS,IMG,595,41,j:OK,K:\NINJA\E71a\ManualCheck\ScanData\UTS\ECC6\IMG\Event00595\PL041,1.0003788227940644,-0.0063252610968958,0.0057882655960689,1.0005787461208502,116725.17869758818,56486.65009369248,200,0.5,0.14,210,70,192806.97979619316,66932.83633552147,-349.5,192827.01608910316,66893.91025747535,-349.5,-0.0942,0.1858,76136.0,9960.8,1.0003955683195767,1.0005987388142745,1.0009944004483304,0.0009944004483304347,0.0005987388142745242,0.33151390341807313,-0.0005355091302690582,129674.62735936874,OK,1,1
6,UTS,IMG,5228,42,j:OK,K:\NINJA\E71a\ManualCheck\ScanData\UTS\ECC6\IMG\Event05228\PL042,0.9998837516892204,-0.0149412993452355,0.0145954076978725,1.0003945606840785,-188920.26414823855,22152.42038017736,200,0.5,0.14,210,70,-108608.16462600036,89706.20588750853,8278.25,-108610.01819250642,89731.87756576127,8270.0,0.007,-0.1223,81311.3,66366.5,0.9999902713616656,1.0005061316515829,1.0004963408617655,0.0004963408617655318,0.000506131651582864,0.8362930914534717,-0.00033822807673655313,190214.60494541508,OK,1,1
6,UTS,IMG,595,42,j:OK,K:\NINJA\E71a\ManualCheck\ScanData\UTS\ECC6\IMG\Event00595\PL042,0.9999984271629688,-0.0128975624114604,0.0125835646292958,1.0002637697536687,-190177.7050389865,103731.87079657064,200,0.5,0.14,210,70,-112839.56966058433,113493.62767806914,8272.75,-112819.32510029792,113454.74275817085,8272.75,-0.094,0.1863,77471.3,8745.7,1.0000775972029325,1.0003469179229663,1.0004244938119355,0.0004244938119355446,0.0003469179229662611,0.7209482268566135,-0.00031052650110224427,216628.392674765,OK,1,1
6,UTS,IMG,8742,43,k:Retake,K:\NINJA\E71a\ManualCheck\ScanData\UTS\ECC6\IMG\Event08742\PL043,0.9502515494544924,-0.0415138638552046,-0.1558535090991354,1.0879088925908118,-162305.21698568325,-77664.74635744383,200,0.5,0.14,210,70,-102529.74617370892,-15497.86035991991,5326.75,-102549.37512247846,-15411.624797301229,5326.75,0.08239,-0.36566,65795.93000000001,66648.64,0.9629477262755118,1.0887006748736565,1.0273170294916425,0.027317029491642497,0.08870067487365652,-9.314318473592477,-0.19936154109682283,179929.97606717955,FAIL,2,2
6,UTS,IMG,5228,43,j:OK,K:\NINJA\E71a\ManualCheck\ScanData\UTS\ECC6\IMG\Event05228\PL043,0.9999050223966424,-0.0001006304191337,-0.0002590637464122,1.0004959051317046,-161251.54892142978,-89189.03329861225,200,0.5,0.14,210,70,-82743.72344943343,-23513.69579718607,5322.25,-82745.21689231288,-23487.999674590523,5322.25,0.0071,-0.1223,78520.4,65688.8,0.9999050559568416,1.0004959101924356,1.0004008543587728,0.0004008543587727953,0.0004959101924355558,-0.014844668873212001,-0.00035966888083953353,184273.5621034695,OK,1,1
6,UTS,IMG,5228,44,j:OK,K:\NINJA\E71a\ManualCheck\ScanData\UTS\ECC6\IMG\Event05228\PL044,1.0003073220763203,-0.0025610264716706,0.0018832743493264,1.0004651164560716,-168543.08961508362,-90556.06422394654,200,0.5,0.14,210,70,-88140.96156926684,-22541.386907054337,5328.75,-88142.51928636094,-22515.50568152344,5328.75,0.0071,-0.1232,80549.6,67857.3,1.0003090948910611,1.000468394354389,1.000777404588409,0.0007774045884090253,0.00046839435438905674,0.107870393438889,-0.0006771366759078996,191330.0128697263,OK,2,2
6,UTS,IMG,8742,45,j:OK,K:\NINJA\E71a\ManualCheck\ScanData\UTS\ECC6\IMG\Event08742\PL045,1.0000400446003093,-0.0020185301220589,0.0015641721829344,1.0005155515825062,-178756.45584964348,24877.110157843712,200,0.5,0.14,210,70,-110890.16593236932,92062.89822831714,8290.25,-110907.52072293244,92139.7499405878,8274.5,0.0819,-0.3659,67981.7,67121.7,1.0000412678678847,1.000517587762604,1.0005587741565398,0.0005587741565398208,0.0005175877626040215,0.08961680276130878,-0.00045337897583477713,180479.19857349497,OK,1,1
6,UTS,IMG,8742,46,j:OK,K:\NINJA\E71a\ManualCheck\ScanData\UTS\ECC6\IMG\Event08742\PL046,1.0002728944435464,0.002313789210377,-0.0029168752340563,1.0007011518576665,-166945.31374199482,-89779.81900345701,200,0.5,0.14,210,70,-102595.056908149,-20993.94371137454,5330.0,-102612.25148992211,-20917.27336960922,5330.0,0.0827,-0.3646,64155.9,69001.3,1.0002771473544725,1.0007038267888109,1.0009809866761035,0.000980986676103468,0.0007038267888108685,-0.16707857175033877,-0.0006039072407606626,189555.14680616453,OK,1,1
6,UTS,IMG,361,47,j:OK,K:\NINJA\E71a\ManualCheck\ScanData\UTS\ECC6\IMG\Event00361\PL047,1.0002554455338593,0.0016282570696864,-0.0019425911845595,1.0004073264903486,-169020.38181107206,-90476.01082859575,200,0.5,0.14,210,70,-126909.4842533154,-33790.537938801885,5328.75,-126868.88871662613,-33871.57349737813,5328.75,-0.19389,0.38535,42048.49,56663.04,1.0002573318804764,1.000408651560277,1.0006660391117705,0.0006660391117705444,0.0004086515602770291,-0.1112737118879896,-0.00031449996788280964,191712.80083243464,OK,1,1
6,UTS,IMG,71,47,j:OK,K:\NINJA\E71a\ManualCheck\ScanData\UTS\ECC6\IMG\Event00071\PL047,1.0002845138835144,-0.0049405026144672,0.0046284863081572,1.0003246414752671,-288868.87425388786,-10172.9944885262,200,0.5,0.14,210,70,-234775.3431675773,38821.92663572586,5284.0,-234701.2404201361,38883.52259989614,5284.0,-0.35421,-0.29158,54393.2,48788.92,1.0002952222222614,1.0003368417231795,1.000632114772495,0.0006321147724950293,0.0003368417231794929,0.26511540934707095,-0.0003117222898529644,289047.9481497353,OK,1,1
6,UTS,IMG,7667,47,j:OK,K:\NINJA\E71a\ManualCheck\ScanData\UTS\ECC6\IMG\Event07667\PL047,1.000286553407472,0.0001236760064973,-0.0005083738091638,1.0004177653670696,-288602.3117792522,-169414.11424352496,200,0.5,0.14,210,70,-170782.37798415567,-104250.8151505966,5333.5,-170844.19974069644,-104276.24216384716,5333.5,0.29429,0.12118,117716.32,65170.49,1.0002866825924104,1.0004177730117532,1.0007045013602736,0.0007045013602735573,0.00041777301175316417,-0.029119326929867538,-0.0003846037615179064,334652.71023741434,OK,2,2
6,UTS,IMG,361,48,j:OK,K:\NINJA\E71a\ManualCheck\ScanData\UTS\ECC6\IMG\Event00361\PL048,0.9999897821787176,0.0022651542091985,-0.0025848231961185,1.0006161716003683,-14519.889434333138,-134653.79093297338,200,0.5,0.14,210,70,25980.84239099879,-81225.78817131274,-71.25000000000001,26021.39869430222,-81306.85633330245,-348.0,-0.194,0.3853,40420.7,53418.5,0.9999931228627496,1.000618735479088,1.0006118025062973,0.000611802506297332,0.0006187354790880839,-0.14810064335274573,-0.00032108836727659523,135434.3774741338,OK,1,1
6,UTS,IMG,7667,48,j:OK,K:\NINJA\E71a\ManualCheck\ScanData\UTS\ECC6\IMG\Event07667\PL048,1.000131612326303,0.0023720973740913,-0.0025500461209206,1.0004246270127162,-134983.1448878363,-213343.06976608737,200,0.5,0.14,210,70,-19479.43791647103,-150869.09259810104,-352.5,-19541.20466038093,-150894.50311754807,-352.5,0.2938,0.1217,115278.0,62715.9,1.0001348632607652,1.0004274392375914,1.0005623441828755,0.0005623441828754849,0.00042743923759136493,-0.14608733678468247,-0.00017861891988075156,252459.33300440336,OK,2,2
6,UTS,IMG,71,48,j:OK,K:\NINJA\E71a\ManualCheck\ScanData\UTS\ECC6\IMG\Event00071\PL048,1.000165366094835,-0.0027287548348498,0.0023057966798526,1.0003472110172933,-135299.3253961337,-58883.27119287531,200,0.5,0.14,210,70,-81459.8069926479,-6492.698973929849,-397.5,-81385.72704394232,-6431.1865121337405,-411.75,-0.3535,-0.292,54047.4,52309.3,1.0001680240009398,1.0003509327696085,1.0005189264828969,0.0005189264828968643,0.00035093276960851405,0.13209034085120505,-0.0004223895736817914,147557.26711694876,OK,1,1
6,UTS,IMG,7667,49,j:OK,K:\NINJA\E71a\ManualCheck\ScanData\UTS\ECC6\IMG\Event07667\PL049,1.000212706527711,-0.0136427285671136,0.0132184240532491,1.0002252353137684,-33721.14617002367,-210533.6502099024,200,0.5,0.14,210,70,80594.58871443027,-146111.2143173508,6491.75,80532.72711149087,-146136.42274363904,6491.75,0.2961,0.1161,115087.0,62861.8,1.0003000475027184,1.00031827205207,1.0006183251219445,0.0006183251219444852,0.0003182720520700233,0.7571547713407103,-0.00042396696784309724,213217.10430855598,OK,2,2
6,UTS,IMG,71,49,j:OK,K:\NINJA\E71a\ManualCheck\ScanData\UTS\ECC6\IMG\Event00071\PL049,1.0002743521557291,-0.0068582663125267,0.0065386468947447,1.0002005716958622,-35776.972929482195,-56009.40456060979,200,0.5,0.14,210,70,19528.852251945507,-1224.3790609964772,6446.5,19602.943027361245,-1163.1268314729896,6446.5,-0.3547,-0.2893,55738.2,54470.9,1.0002957230158378,1.000224084611815,1.0005198226605962,0.0005198226605962475,0.00029572301583780103,0.37452878201879186,-0.00032002315874717346,66460.85457794655,OK,1,1
6,UTS,IMG,361,49,j:OK,K:\NINJA\E71a\ManualCheck\ScanData\UTS\ECC6\IMG\Event00361\PL049,1.000283422702145,0.0015284206200233,-0.00169336770552,1.000296500712732,83642.05994691352,-130931.55907489885,200,0.5,0.14,210,70,126644.7755155694,-76807.6881164165,6495.0,126685.31898414316,-76888.94602745428,6495.0,-0.1936,0.3865,42948.4,54099.3,1.00028485604197,1.000297668400626,1.0005825956280288,0.0005825956280287592,0.00029766840062595,-0.09699523935246039,-0.00016491989727093805,155367.5234852728,OK,2,2
6,UTS,IMG,8346,49,j:OK,K:\NINJA\E71a\ManualCheck\ScanData\UTS\ECC6\IMG\Event08346\PL049,1.00030844242109,-0.0037665238521056,0.0034140428741604,1.000266587415455,-35401.183605334314,-132361.68246786078,200,0.5,0.14,210,70,46611.94762156946,-89075.03860483594,6482.75,46493.94956125852,-89232.63454525213,6482.75,0.56454,0.74833,82031.18000000001,42837.57,1.000314268451497,1.0002736788507878,1.0005879711373304,0.0005879711373304453,0.00031426845149695737,0.19554917258906568,-0.0003525252961980576,137014.0824381983,OK,1,1
6,UTS,IMG,361,50,j:OK,K:\NINJA\E71a\ManualCheck\ScanData\UTS\ECC6\IMG\Event00361\PL050,1.0003106828672426,0.0081209595835893,-0.0082990747831912,1.0004269260057046,86834.37619173457,-129672.00420501993,200,0.5,0.14,210,70,127126.61528540998,-78593.42775418771,6502.75,127166.73066417048,-78674.86063939697,6502.75,-0.1941,0.386,39903.3,51306.4,1.0003451089002167,1.0004598863831482,1.0008051379624383,0.000805137962438307,0.0004598863831482003,-0.47534336845453207,-0.00017899113201706195,156061.005902033,OK,2,2
6,UTS,IMG,71,50,j:OK,K:\NINJA\E71a\ManualCheck\ScanData\UTS\ECC6\IMG\Event00071\PL050,1.0003252951161767,-0.0031388137475914,0.0029266444364752,1.000423605302512,-33242.65089337145,-52514.24302776658,200,0.5,0.14,210,70,20830.449814036157,-477.9522224738101,6454.0,20904.854379266653,-416.9552443785942,6454.0,-0.3551,-0.2893,54292.8,51916.4,1.0003295763381805,1.0004285292804371,1.0007582244072162,0.0007582244072161792,0.0004285292804371288,0.1676293668921399,-0.0002117900206806131,62151.58533133246,OK,1,1
6,UTS,IMG,8346,50,j:OK,K:\NINJA\E71a\ManualCheck\ScanData\UTS\ECC6\IMG\Event08346\PL050,1.0003261186605124,0.0011120306721241,-0.0015172369231528,1.0004608060216993,-33158.18749881488,-130622.03080921728,200,0.5,0.14,210,70,44722.22026265591,-91578.36664885544,6483.75,44603.50382207509,-91735.44428352284,6483.75,0.5643,0.7485,77693.0,38986.5,1.0003272692885496,1.0004614240428282,1.0007887621736495,0.0007887621736495376,0.000461424042828229,-0.08690286491025834,-0.0004052230910436593,134764.90763893496,OK,1,1
6,UTS,IMG,7667,50,j:OK,K:\NINJA\E71a\ManualCheck\ScanData\UTS\ECC6\IMG\Event07667\PL050,1.0003399915920064,-0.0040136206891965,0.0036361644614811,1.0003642179716985,-32874.06558279861,-209165.97887829045,200,0.5,0.14,210,70,79269.80835183225,-146876.6835598584,6488.5,79207.9357354414,-146901.4457537852,6488.5,0.295,0.1168,112292.0,61833.7,1.0003466001693044,1.0003722695822614,1.0007189275796649,0.000718927579664852,0.0003722695822614419,0.20826515130061152,-0.0003772252440679365,211733.58474284515,OK,2,2
6,UTS,IMG,8346,51,j:OK,K:\NINJA\E71a\ManualCheck\ScanData\UTS\ECC6\IMG\Event08346\PL051,1.000320671197572,-0.0012043651742494,0.0008489105878565,1.0003673361186167,-36221.94004654312,-131892.06056684826,200,0.5,0.14,210,70,41774.51409846055,-92734.34039390091,6489.0,41656.66783230325,-92892.73368993212,6489.0,0.5619,0.7535,77900.5,38918.9,1.0003210314065916,1.0003680610997785,1.00068914750865,0.000689147508649901,0.0003680610997784939,0.04862339007103406,-0.0003552840905107672,136775.52625124325,OK,1,1
6,UTS,IMG,10234,51,j:OK,K:\NINJA\E71a\ManualCheck\ScanData\UTS\ECC6\IMG\Event10234\PL051,1.0004129095022192,-0.0053212711528132,0.0050865210056287,1.0003893845077083,84387.52680670783,-131172.077654864,200,0.5,0.14,210,70,122095.5248106542,-46889.65013175003,6500.75,122033.01015812816,-46879.46360997864,6500.75,0.2973,-0.05,38077.1,84066.2,1.0004258404272832,1.0004035368601978,1.0008295215479863,0.0008295215479863227,0.00042584042728321947,0.291313388660878,-0.00023477198323526585,155972.33292108733,OK,1,1
6,UTS,IMG,8346,52,j:OK,K:\NINJA\E71a\ManualCheck\ScanData\UTS\ECC6\IMG\Event08346\PL052,1.000210044619986,-0.0063044324440351,0.0058591183339872,1.0003935567664506,-169404.331820715,-199644.60047095089,200,0.5,0.14,210,70,-92659.08272687778,-162010.9540121775,7984.0,-92777.12693887812,-162168.3939511408,7984.0,0.5667,0.7461,76844.4,37011.4,1.000227205502013,1.0004134216853904,1.0006406224666362,0.0006406224666362093,0.0004134216853903805,0.3356284154779707,-0.0004440479156216352,261831.61408972085,OK,1,1
6,UTS,IMG,10234,52,j:OK,K:\NINJA\E71a\ManualCheck\ScanData\UTS\ECC6\IMG\Event10234\PL052,1.000244768121035,0.0014888037581145,-0.0018404198020325,1.0004190088186744,-49452.43850983515,-199068.7895239084,200,0.5,0.14,210,70,-11822.200272671516,-114306.8717097198,7999.75,-11884.71738010898,-114296.54637579103,7999.75,0.2977,-0.0486,37432.3,84805.6,1.0002464612776947,1.0004201166221964,1.0006666195236282,0.0006666195236282313,0.0004201166221964314,-0.10542236415706303,-0.0003517882536463013,205119.29854863283,OK,1,1
6,UTS,IMG,8669,53,j:OK,K:\NINJA\E71a\ManualCheck\ScanData\UTS\ECC6\IMG\Event08669\PL053,1.0001499472172326,-0.0026218290268988,0.0019838403090942,1.0005136122654616,-177050.54955808874,-201070.888351428,200,0.5,0.14,210,70,-116700.09560020769,-193075.20179844092,7985.5,-116817.1265592492,-193055.6584799285,7985.5,0.55696,-0.09412,60245.08,7891.66,1.0001519147314597,1.0005170474889116,1.0006688377875312,0.0006688377875312401,0.0005170474889115706,0.11364848659471906,-0.0006369367923753544,267911.17789531226,OK,1,1
6,UTS,IMG,7982,53,j:OK,K:\NINJA\E71a\ManualCheck\ScanData\UTS\ECC6\IMG\Event07982\PL053,1.0002314865702682,-0.0070040668647356,0.0063614230269059,1.0004519992112848,-56825.860512821615,-200670.43244926,200,0.5,0.14,210,70,5349.662909384077,-158760.8733903904,8010.0,5435.808121217917,-158698.2270917431,8010.0,-0.41219,-0.29556,62538.25,41555.59,1.0002517155343928,1.0004765163053564,1.0007281462455355,0.0007281462455355214,0.0004765163053563892,0.36439342475722164,-0.0006409230096363826,208561.2640985753,OK,1,1
6,UTS,IMG,7982,54,l:?,K:\NINJA\E71a\ManualCheck\ScanData\UTS\ECC6\IMG\Event07982\PL054,1.0001401683164215,0.0619547607563872,-0.0051362607162104,0.9033041819868116,-54781.827400023954,-197200.1743679249,200,0.5,0.14,210,70,9301.706768620212,-160414.18892658668,8002.750000000001,9391.705073390222,-160357.96959721085,8002.750000000001,-0.41,-0.2987,61616.3,41136.4,1.0001533569678926,0.9054263291815873,0.9037490124170725,0.0962509875829275,0.09457367081841273,-0.2942422309752104,0.06330172600103756,204667.91977255742,FAIL,1,1
6,UTS,IMG,8669,54,j:OK,K:\NINJA\E71a\ManualCheck\ScanData\UTS\ECC6\IMG\Event08669\PL054,1.0001440815416844,0.0050151281879855,-0.0056137060888063,1.000611070681335,-174016.94020132866,-198841.37496287664,200,0.5,0.14,210,70,-116877.617501196,-192619.9168988728,7976.75,-116994.44403178943,-192599.8447601196,7976.75,0.5567,-0.0924,56981.4,6557.4,1.0001598359956827,1.0006236386777945,1.0007833937226702,0.0007833937226702226,0.0006236386777944691,-0.32159195318243744,-0.0006008149014763016,264234.34272281884,OK,1,1
6,UTS,IMG,7982,55,j:OK,K:\NINJA\E71a\ManualCheck\ScanData\UTS\ECC6\IMG\Event07982\PL055,1.0002464330374603,-0.00352606863812,0.0027802521387422,1.0005855328703857,-56082.41222132213,-200374.45165436075,200,0.5,0.14,210,70,7166.232949247293,-158239.1687630322,8012.0,7252.344594171562,-158176.60632896976,8012.0,-0.411,-0.2966,63467.2,41996.8,1.0002502969787699,1.0005917457932352,1.0008419135623623,0.0008419135623622953,0.0005917457932351766,0.1592570570919375,-0.0007444305575379213,208074.88516480805,OK,1,1
6,UTS,IMG,8669,55,j:OK,K:\NINJA\E71a\ManualCheck\ScanData\UTS\ECC6\IMG\Event08669\PL055,1.0002698983138731,-0.0063945903259001,0.0057916441088915,1.0004925662323951,-176783.53901498747,-201278.4747304,200,0.5,0.14,210,70,-118394.48400371712,-193344.49975743264,7982.0,-118511.27880083724,-193324.94229888468,7982.0,0.5554,-0.0963,58305.2,7612.1,1.0002866652186913,1.000513001350667,1.0007996326804538,0.000799632680453799,0.0005130013506668973,0.3317435186590361,-0.0006013383792060483,267890.73156132124,OK,1,1
6,UTS,IMG,4721,55,j:OK,K:\NINJA\E71a\ManualCheck\ScanData\UTS\ECC6\IMG\Event04721\PL055,1.0004134810138952,-0.0070988391495693,0.0066280041956349,1.0003674089409202,-56368.14955899686,-118888.69132206774,200,0.5,0.14,210,70,-26472.53848667089,-81620.53269528228,7999.0,-26442.147274973617,-81597.83732688475,7999.0,-0.14542,-0.10707,30176.73,37077.22,1.0004354369143251,1.000392596128361,1.0008280930071043,0.0008280930071042913,0.0004354369143251269,0.37959415581154027,-0.0004709449626427145,131574.65260824116,OK,1,1
6,UTS,IMG,4721,57,j:OK,K:\NINJA\E71a\ManualCheck\ScanData\UTS\ECC6\IMG\Event04721\PL057,1.0002401489492776,-0.0074089647050555,0.0072082883110097,1.0004399224778249,-55061.433530809416,-119690.01927171148,200,0.5,0.14,210,70,-23748.75190918232,-80988.1030455404,8023.000000000002,-23718.335357001488,-80965.36074138217,8005.750000000001,-0.1456,-0.1072,31620.6,38479.8,1.0002661220847417,1.0004673564117108,1.0007335830277033,0.0007335830277033217,0.00046735641171080644,0.4128981911666599,-0.00019913847252526394,131747.72170982847,OK,1,1
6,UTS,IMG,8047,57,j:OK,K:\NINJA\E71a\ManualCheck\ScanData\UTS\ECC6\IMG\Event08047\PL057,1.0002670469647876,-0.0003156588694374,7.050675447476177e-05,1.0006112297200067,-174090.17076664258,-200683.6853019452,200,0.5,0.14,210,70,-125919.41566094045,-147112.478016832,7999.25,-125932.21854711382,-147079.2870430751,7980.5,0.0609,-0.15796,48162.0,53568.26,1.0002670494497252,1.0006112795098334,1.000878462167918,0.0008784621679180926,0.0006112795098334178,0.004038660939732671,-0.0002449781035283664,265671.4683663433,OK,1,1
6,UTS,IMG,8371,57,j:OK,K:\NINJA\E71a\ManualCheck\ScanData\UTS\ECC6\IMG\Event08371\PL057,1.0003323619127744,-0.0016181715397742,0.0013044900044595,1.0004967736074897,-53639.218144863815,-279189.28281204484,200,0.5,0.14,210,70,-15786.57764002902,-235215.445044441,8028.25,-15704.05228080228,-235172.1293816578,8012.0,-0.39318,-0.20565,37993.65,43945.76,1.0003332124768036,1.0004980821961271,1.0008314115174894,0.0008314115174894443,0.0004980821961271253,0.0747168962543073,-0.0003133108120890268,284295.30660968757,OK,1,1
6,UTS,IMG,8047,59,j:OK,K:\NINJA\E71a\ManualCheck\ScanData\UTS\ECC6\IMG\Event08047\PL059,1.0002039326979544,0.0055392467503755,-0.0057699500324138,1.0005107684543664,-177981.440710436,-200188.65528760536,200,0.5,0.14,210,70,-129545.32664137648,-147669.80796804713,7991.000000000001,-129558.04006029844,-147636.6416766448,7976.500000000001,0.0614,-0.1575,48121.1,52802.7,1.0002205753271778,1.0005261021321274,1.0007467664916765,0.0007467664916764871,0.0005261021321274484,-0.3305227132940818,-0.00023234724155291893,267867.3009966355,OK,1,1
6,UTS,IMG,8426,59,j:OK,K:\NINJA\E71a\ManualCheck\ScanData\UTS\ECC6\IMG\Event08426\PL059,1.000262866507342,0.0003726512677117,-0.0006305074378889,1.0003800807533054,-57051.95847149188,-119862.4526929979,200,0.5,0.14,210,70,24422.95880094756,-74921.73845059435,8009.25,24450.1662266563,-74947.06182126337,8009.25,-0.12957,0.12046,81463.96,44949.67,1.0002630652249007,1.000380150161406,1.0006432821305435,0.0006432821305435432,0.0003801501614060232,-0.03611591669318244,-0.000257831989095185,132747.63098079752,OK,1,1
6,UTS,IMG,8371,59,j:OK,K:\NINJA\E71a\ManualCheck\ScanData\UTS\ECC6\IMG\Event08371\PL059,1.0003435243169871,0.0067958939173654,-0.0070829811545718,1.0004598628500347,-57578.53228594016,-279233.71969900606,200,0.5,0.14,210,70,-18018.84293903969,-235835.2593726501,8021.750000000001,-17936.240971609805,-235792.31013662124,8021.750000000001,-0.3918,-0.2072,39331.8,43699.9,1.0003685996996141,1.0004829440565424,1.0008516803296383,0.000851680329638338,0.00048294405654236705,-0.4056787843055414,-0.0002877647867573163,285108.3260747503,OK,1,1
6,UTS,IMG,5518,59,j:OK,K:\NINJA\E71a\ManualCheck\ScanData\UTS\ECC6\IMG\Event05518\PL059,1.0003961658118676,0.0025934461881126,-0.0026028736445938,1.0004164890960474,-178287.76524717477,-279723.78741272434,200,0.5,0.14,210,70,-54512.83898955841,-210523.38081046587,8021.750000000001,-54565.944855218215,-210496.08864964143,8008.750000000001,0.25312,-0.12925,123492.6,69520.18000000001,1.0003995519402713,1.000419850671903,1.0008195703193876,0.0008195703193876192,0.0004198506719030881,-0.14907427978491575,-9.476323743810955e-06,331710.6035105762,OK,1,1
6,UTS,IMG,5518,60,j:OK,K:\NINJA\E71a\ManualCheck\ScanData\UTS\ECC6\IMG\Event05518\PL060,1.000182318507188,-0.009849339892624,0.009250313915038,1.000488327192102,-176460.06001391367,-280307.34959129326,200,0.5,0.14,210,70,-56409.12901401088,-209408.12353891897,8006.0,-56462.30944116258,-209381.0053963742,8006.0,0.2519,-0.1314,120663.0,69776.1,1.0002250939473278,1.000536807091059,1.0007618442162374,0.0007618442162373729,0.0005368070910589662,0.5298922264491837,-0.0005958504636270389,331225.5470446226,OK,1,1
6,UTS,IMG,8047,60,j:OK,K:\NINJA\E71a\ManualCheck\ScanData\UTS\ECC6\IMG\Event08047\PL060,1.0002212794459802,-0.0071914643141472,0.0065693568284133,1.000404919919829,-177464.3430798796,-201272.38163644812,200,0.5,0.14,210,70,-131200.12055208153,-146932.9233846281,7990.0,-131212.98325967687,-146899.7708442311,7975.25,0.0601,-0.1582,46629.7,54044.4,1.000242852664138,1.0004307676989854,1.000673532261463,0.0006735322614630501,0.00043076769898542366,0.3763077391067601,-0.0006206206179217888,268335.9176002744,OK,1,1
6,UTS,IMG,8371,60,j:OK,K:\NINJA\E71a\ManualCheck\ScanData\UTS\ECC6\IMG\Event08371\PL060,1.0002490933425672,-0.0020669676481882,0.0011065714593813,1.0004710340659493,-56363.45301782213,-278946.77996105835,200,0.5,0.14,210,70,-17924.466036294565,-234287.1488568628,8009.25,-17842.004982454106,-234243.7351348031,8009.25,-0.393,-0.2062,38604.1,44639.3,1.0002497054401078,1.0004731692355615,1.0007225319873734,0.000722531987373376,0.00047316923556151025,0.06338605944112881,-0.0009596959705292594,284584.16134201025,OK,1,1
6,UTS,IMG,8426,60,j:OK,K:\NINJA\E71a\ManualCheck\ScanData\UTS\ECC6\IMG\Event08426\PL060,1.0002951582341113,-0.0112958301509505,0.0107121863091007,1.000316980290057,-57754.53940963539,-119494.85449424322,200,0.5,0.14,210,70,22848.9831196757,-74087.7179420482,8003.0,22876.34761078294,-74112.88804165935,8003.0,-0.1289,0.1212,81109.6,44499.0,1.0003525151276058,1.0003807559301694,1.0007332351206037,0.000733235120603748,0.00038075593016939635,0.6135585068621031,-0.0005831546585009719,132720.03267412,OK,1,1
6,UTS,IMG,3475,61,j:OK,K:\NINJA\E71a\ManualCheck\ScanData\UTS\ECC6\IMG\Event03475\PL061,1.0002115960367168,-0.0038419665461027,0.0032770769505119,1.0005710936756096,-47116.92595878484,-199566.14262821057,200,0.5,0.14,210,70,-24969.859840049103,-148482.44315713944,8017.250000000001,-24969.524929411287,-148428.53091126322,8017.250000000001,-0.00258,-0.25657,22338.75,51035.26,1.00021696450303,1.0005784697894249,1.0007954009734976,0.0007954009734976175,0.0005784697894248847,0.18772228525864695,-0.0005633828178424204,205052.79806749502,OK,2,2
6,UTS,IMG,5518,61,j:OK,K:\NINJA\E71a\ManualCheck\ScanData\UTS\ECC6\IMG\Event05518\PL061,1.0002722214581043,0.0016221182301478,-0.0022595933635097,1.0005040673191958,-167348.41053841513,-278133.5072819623,200,0.5,0.14,210,70,-46996.36084147156,-209177.54363893677,8014.750000000001,-47049.41917965906,-209150.21497353347,8014.750000000001,0.2528,-0.1295,120154.0,69219.9,1.0002747736411728,1.000505382289274,1.0007800913228284,0.0007800913228284134,0.0005053822892739923,-0.12942970938180942,-0.0006376749706800135,324597.8101939373,OK,1,1
6,UTS,IMG,8426,61,j:OK,K:\NINJA\E71a\ManualCheck\ScanData\UTS\ECC6\IMG\Event08426\PL061,1.0003541222410808,-0.0033051066994679,0.002727110785001,1.0005117669316848,-47229.32723080302,-123028.84931325608,200,0.5,0.14,210,70,33451.767445122656,-74599.71874670782,8014.749999999999,33478.929944211595,-74625.0469197966,8000.499999999999,-0.1289,0.1209,80838.8,48158.7,1.0003578394844301,1.000517225988167,1.000875083792944,0.000875083792944098,0.0005172259881669472,0.156196238603532,-0.0005772654292513347,131782.8028007378,OK,1,1
6,UTS,IMG,3015,61,j:OK,K:\NINJA\E71a\ManualCheck\ScanData\UTS\ECC6\IMG\Event03015\PL061,1.0004671128755025,-0.0034377789588303,0.0028638936383363,1.0003886354786005,-167655.12333918185,-123230.95542484603,200,0.5,0.14,210,70,-101457.97319718463,-70655.99879048305,7972.499999999999,-101451.01847365266,-70655.50619391393,7972.499999999999,-0.03311,-0.00225,66353.13,52365.07,1.0004712118957824,1.0003945423276288,1.000865775324029,0.0008657753240290944,0.0004712118957823641,0.16401195816147496,-0.0005738811938746762,208072.36423128535,OK,1,1
6,UTS,IMG,8426,62,j:OK,K:\NINJA\E71a\ManualCheck\ScanData\UTS\ECC6\IMG\Event08426\PL062,1.0003255599065382,-0.0061324410021467,0.0056987246170884,1.0002046064609682,-58134.62054298721,-46031.52482396599,200,0.5,0.14,210,70,24680.895909360635,-803.6231881238359,13235.0,24708.088048719143,-828.9683849307257,13235.0,-0.1287,0.1214,83089.9,44719.9,1.000341792221334,1.0002234058541049,1.0005651800716686,0.000565180071668614,0.0003417922213340141,0.32640307322941103,-0.0004343013666427381,74152.10976969238,OK,1,1
6,UTS,IMG,3475,62,j:OK,K:\NINJA\E71a\ManualCheck\ScanData\UTS\ECC6\IMG\Event03475\PL062,1.0003878082366298,0.0008871639502192,-0.0015638919825474,1.0004178925086145,-57943.98724437169,-127505.12576837964,200,0.5,0.14,210,70,-33925.11646388772,-73790.33232211921,13241.5,-33924.879584875336,-73736.42409913908,13250.5,-0.0009,-0.2566,23962.1,53783.7,1.0003890306408907,1.00041828587409,1.00080725023599,0.0008072502359899314,0.0004182858740899853,-0.0895696013916364,-0.0006764912689284736,140053.78522191473,OK,2,2
6,UTS,IMG,3015,62,j:OK,K:\NINJA\E71a\ManualCheck\ScanData\UTS\ECC6\IMG\Event03015\PL062,1.0003984043330212,-0.0051844429083719,0.005008162857448,1.0003353012445595,-177806.79494245377,-49225.46390460043,200,0.5,0.14,210,70,-110491.99870011078,3164.4609150888564,13214.0,-110485.04732601489,3164.9578817380534,13214.0,-0.0331,-0.0022,67564.6,52034.6,1.0004109401077448,1.0003487358738021,1.0007598036974596,0.0007598036974596489,0.00041094010774478384,0.28682992347239555,-0.00017653217964823978,184494.9934939453,OK,1,1
6,UTS,IMG,5518,62,j:OK,K:\NINJA\E71a\ManualCheck\ScanData\UTS\ECC6\IMG\Event05518\PL062,1.000431410561307,-0.0059387533165299,0.0054243979973809,1.0005339530553017,-177279.45066401016,-206289.4502578005,200,0.5,0.14,210,70,-56592.24905969806,-134868.60814474276,13241.5,-56645.43967542864,-134841.30793684663,13249.5,0.2524,-0.1313,121002.0,70754.0,1.000446116155848,1.0005515778846303,1.0009978081311932,0.0009978081311932119,0.0005515778846303387,0.3106580448816174,-0.0005135085354034491,271998.7884447259,OK,1,1
6,UTS,IMG,5741,63,j:OK,K:\NINJA\E71a\ManualCheck\ScanData\UTS\ECC6\IMG\Event05741\PL063,1.0001293557217794,-0.0131589639202153,0.012401996290259,1.0004503340983606,-176698.27791883305,-204979.8564203196,200,0.5,0.14,210,70,-108060.28857227326,-153247.67722170017,13245.25,-108047.69956751366,-153240.97139724827,13245.25,-0.06035,-0.03117,69310.83,50856.39,1.0002062475751914,1.000536870549494,1.0007429454951546,0.0007429454951546344,0.0005368705494939174,0.7104537250718834,-0.0007525254767679234,270627.09206133813,OK,1,1
6,UTS,IMG,3475,63,j:OK,K:\NINJA\E71a\ManualCheck\ScanData\UTS\ECC6\IMG\Event03475\PL063,1.0002859816166876,-0.0063681830501528,0.0057021163656217,1.0004971982720174,-56883.58018439222,-125729.57613481783,200,0.5,0.14,210,70,-33531.70149605041,-73080.6168109866,13257.75,-33531.602723453296,-73026.82756697417,13257.75,-0.0021,-0.256,23679.8,52541.6,1.0003022339022878,1.0005174648678137,1.0008196341990603,0.0008196341990602818,0.0005174648678136773,0.3266102587392248,-0.0006645079851071914,137998.79713111682,OK,2,2
6,UTS,IMG,2825,63,j:OK,K:\NINJA\E71a\ManualCheck\ScanData\UTS\ECC6\IMG\Event02825\PL063,1.000417676752935,-0.0097829658682903,0.0091609295692067,1.0003383156000374,-177983.18708089113,-45215.12614178934,200,0.5,0.14,210,70,-96653.80511644324,-37287.12016430395,13249.75,-96719.84368958224,-37261.12540941504,13249.75,0.3131,-0.12661,81299.89,7206.78,1.0004596196700353,1.0003861514828662,1.000845754720831,0.0008457547208309268,0.0004596196700352717,0.52464879694604,-0.0006224965310262719,183636.65896407887,OK,2,2
6,UTS,IMG,5741,64,j:OK,K:\NINJA\E71a\ManualCheck\ScanData\UTS\ECC6\IMG\Event05741\PL064,1.0000818101841256,-0.0142388223063689,0.013595043485986,1.000440602281402,-3567.01340375709,5500.33860679555,200,0.5,0.14,210,70,64040.718263610856,59998.45584156727,689.25,64053.267407060914,60005.224615438456,689.25,-0.0602,-0.0314,68377.2,53551.7,1.0001742109595424,1.0005419245358222,1.0007160259197256,0.000716025919725638,0.0005419245358222469,0.7788269220766579,-0.0006384963836778859,6555.708154882152,OK,1,1
6,UTS,IMG,3475,64,j:OK,K:\NINJA\E71a\ManualCheck\ScanData\UTS\ECC6\IMG\Event03475\PL064,1.0003013998111172,-0.0146317047670593,0.0138329736493744,1.0004084910419622,115705.82177542528,86503.47860647569,200,0.5,0.14,210,70,137799.65607172102,141543.15279630778,700.75,137799.26551887326,141597.1503619258,700.75,-0.0019,-0.257,22887.7,54754.7,1.0003970419908612,1.0005154850042282,1.0009124139586905,0.0009124139586904612,0.0005154850042281556,0.7922816977993908,-0.0007967632338860428,144466.91317996476,OK,2,2
6,UTS,IMG,2825,64,j:OK,K:\NINJA\E71a\ManualCheck\ScanData\UTS\ECC6\IMG\Event02825\PL064,1.0003837839764451,-0.0188535760776142,0.0182609176718104,1.000190671051638,-6423.911241622261,166080.9935828386,200,0.5,0.14,210,70,73271.6196416809,176389.58549993252,673.75,73205.35921513556,176415.18631903545,673.75,0.313,-0.1276,79766.0,8875.9,1.0005504366883498,1.000368350053939,1.00091881180515,0.0009188118051499661,0.0005504366883497536,1.0457559835055192,-0.0005958646844388774,166205.18362886013,OK,2,2
6,UTS,IMG,5741,65,j:OK,K:\NINJA\E71a\ManualCheck\ScanData\UTS\ECC6\IMG\Event05741\PL065,0.9999360626453924,-0.0005036012832315,-0.0001540535762236,1.000539544809333,-10330.832913472856,9609.23818656524,200,0.5,0.14,210,70,56789.84630430465,61466.126928508864,682.25,56802.46315545318,61472.76456461803,682.25,-0.0601,-0.0316,67163.7,51845.9,0.9999360745124032,1.00053967154807,1.0004754953760788,0.0004754953760788272,0.0005396715480701086,-0.008827184053471361,-0.0006573930498542826,14108.988879867957,OK,1,1
6,UTS,IMG,2825,65,j:OK,K:\NINJA\E71a\ManualCheck\ScanData\UTS\ECC6\IMG\Event02825\PL065,1.0001637891699997,-0.0057225824821511,0.0049238966518247,1.0005183052355042,-10326.745566971213,169784.02629533797,200,0.5,0.14,210,70,67013.53198835177,177782.1118970029,676.5,66947.59683468415,177808.42984390416,676.5,0.3132,-0.1268,77305.4,7639.8,1.0001759094904903,1.000534670594473,1.000710356703012,0.000710356703012005,0.0005346705944730967,0.2820700177089803,-0.0007965049904497093,170097.78734322495,OK,1,1
6,UTS,IMG,5741,66,j:OK,K:\NINJA\E71a\ManualCheck\ScanData\UTS\ECC6\IMG\Event05741\PL066,1.000095236918369,-0.0051992906886521,0.004787582953564,1.000923728578767,-17576.729645022067,8612.089164924206,200,0.5,0.14,210,70,51044.877599592844,60764.08864282727,679.75,51057.50741227004,60770.77037845476,679.75,-0.0603,-0.0315,68896.9,51781.0,1.0001066962366296,1.0009372323256271,1.001043945505671,0.0010439455056709956,0.0009372323256271464,0.27428008034401724,-0.0004073551818690543,19573.183307750493,OK,1,1
6,UTS,IMG,2825,66,j:OK,K:\NINJA\E71a\ManualCheck\ScanData\UTS\ECC6\IMG\Event02825\PL066,1.000366291230863,-0.0101561535286969,0.0094164107871278,1.0002772861731193,-18493.788734005902,168982.44906809798,200,0.5,0.14,210,70,60424.80949670272,177245.85116335697,676.5,60358.88767471307,177272.0996590284,676.5,0.3125,-0.1279,78900.4,7544.6,1.000410608411918,1.0003288442749008,1.0007393134851195,0.0007393134851194638,0.0004106084119179787,0.5393071191047818,-0.0007403042910766844,169991.43600425986,OK,1,1
6,UTS,IMG,4350,67,j:OK,K:\NINJA\E71a\ManualCheck\ScanData\UTS\ECC6\IMG\Event04350\PL067,1.0002424646907782,0.0111273164942353,-0.0116542606141458,1.0003951776558566,-24942.772955110497,90252.24813407914,200,0.5,0.14,210,70,28575.323408392655,150488.86378537462,658.75,28640.21650441267,150468.27328348072,658.75,-0.30999,0.0944,52893.53,60808.43,1.0003103568198946,1.0004570598728644,1.000767418809623,0.000767418809622944,0.0004570598728643738,-0.6675478756508277,-0.0005284460286832007,93635.51791892639,OK,2,2
6,UTS,IMG,4350,68,j:OK,K:\NINJA\E71a\ManualCheck\ScanData\UTS\ECC6\IMG\Event04350\PL068,1.0002779258020555,0.0016643639114957,-0.0019388949996989,1.0004958407290618,-17280.663540536876,87852.36459663376,200,0.5,0.14,210,70,36174.93497078531,147865.1957624116,673.0,36239.85146348704,147844.8998699324,673.0,-0.3092,0.096,53405.7,60066.3,1.0002798049349404,1.0004972250952933,1.0007771313649154,0.0007771313649154177,0.0004972250952932633,-0.11105949497219256,-0.00027481632286863763,89535.79897237255,OK,2,2
6,UTS,IMG,4350,69,j:OK,K:\NINJA\E71a\ManualCheck\ScanData\UTS\ECC6\IMG\Event04350\PL069,1.0002223425272598,0.0124982901271993,-0.0129089946026229,1.000370248431622,-22081.8289103208,89619.79349086704,200,0.5,0.14,210,70,29644.28872910928,146786.67249527003,653.0,29709.33581067022,146766.9859766406,653.0,-0.3108,0.0897,51057.6,57784.9,1.0003056416077887,1.0004483201061656,1.0007540136406476,0.0007540136406476439,0.0004483201061655784,-0.7394254405740436,-0.0004123941231274109,92300.13300841085,OK,2,2
6,UTS,IMG,6568,69,j:OK,K:\NINJA\E71a\ManualCheck\ScanData\UTS\ECC6\IMG\Event06568\PL069,1.0002903896014856,-0.0003935043447314,7.595121438198754e-05,1.000492086878189,-21489.38618342718,170537.05800710784,200,0.5,0.14,210,70,68176.74750132013,180957.40743919805,661.75,68115.96809653405,180942.29639379767,661.75,0.28937,0.0719,89583.43000000001,10393.32,1.0002903924849418,1.0004921642629407,1.00078264926372,0.0007826492637199589,0.0004921642629407419,0.004350420707682775,-0.00031738161084162917,171885.6651156813,OK,1,1
6,UTS,IMG,4350,70,j:OK,K:\NINJA\E71a\ManualCheck\ScanData\UTS\ECC6\IMG\Event04350\PL070,1.000373379806054,0.0012302300685841,-0.0018089208040052,1.0004392635010615,-14306.347791291064,86860.25978421791,200,0.5,0.14,210,70,39855.47456546071,145944.9648048543,656.0,39920.617481810754,145925.81261070792,656.0,-0.3102,0.0906,54134.0,59137.5,1.000375015291297,1.000440019901527,1.000815032708001,0.0008150327080009845,0.0004400199015270889,-0.10360473066600127,-0.0005785543476182528,88030.54195509193,OK,2,2
6,UTS,IMG,6568,70,j:OK,K:\NINJA\E71a\ManualCheck\ScanData\UTS\ECC6\IMG\Event06568\PL070,1.000383019112453,-0.0065144318152766,0.006048024097415,1.0003362933554294,-13630.785418282654,167712.95833602172,200,0.5,0.14,210,70,76070.46920459547,180425.41930973536,667.75,76009.81285169699,180409.86389519388,667.75,0.2892,0.0723,89685.4,12150.4,1.0004013012406718,1.0003575049080982,1.0007588407152648,0.0007588407152647747,0.00040130124067183637,0.3463893596096655,-0.00046651489813342,168265.96419044293,OK,1,1
6,UTS,IMG,6568,71,j:OK,K:\NINJA\E71a\ManualCheck\ScanData\UTS\ECC6\IMG\Event06568\PL071,1.000184690879067,-0.0101542334248271,0.0098110057026262,1.0002622029649737,-93573.21411292804,-10564.391755644903,200,0.5,0.14,210,70,-4860.417362106019,1927.280499282683,10876.5,-4921.1356288809775,1911.8115226639493,10876.5,0.2898,0.0708,88753.5,11602.4,1.0002328087509187,1.0003137423512625,1.0005465655125736,0.0005465655125735935,0.0003137423512624693,0.5620073935287933,-0.00034234350848644956,94167.68433274025,OK,1,1
6,UTS,IMG,1243,71,j:OK,K:\NINJA\E71a\ManualCheck\ScanData\UTS\ECC6\IMG\Event01243\PL071,1.000289293164849,-0.0055595137775104,0.005241725340718,1.000349846719594,-93263.94604484286,-91357.91925039326,200,0.5,0.14,210,70,-12399.021936824574,-48570.89567583888,10891.25,-12401.95672139332,-48485.44437685608,10891.25,0.01171,-0.40683,81074.44,42432.66,1.0003030269397273,1.0003652952923534,1.0006683825369573,0.0006683825369573348,0.00036529529235340696,0.3002391333176395,-0.0003173508379633414,130554.3298463009,OK,1,1
6,UTS,IMG,1243,72,j:OK,K:\NINJA\E71a\ManualCheck\ScanData\UTS\ECC6\IMG\Event01243\PL072,1.0002930879332672,-0.0043143249387073,0.0039334661998514,1.000435247357644,-98024.81747019455,-94704.53815254608,200,0.5,0.14,210,70,-15132.452318200609,-47631.35624086496,10881.25,-15135.131468783771,-47545.9211540008,10881.25,0.011,-0.4067,83067.3,46811.5,1.0003008217148561,1.0004445499652779,1.0007454331079813,0.0007454331079812526,0.00044454996527787394,0.22530381664549645,-0.00038012779733619676,136300.45629693253,OK,1,1
6,UTS,IMG,6568,72,j:OK,K:\NINJA\E71a\ManualCheck\ScanData\UTS\ECC6\IMG\Event06568\PL072,1.000321675058596,-0.0041638288080608,0.0038756293456425,1.0004360973291175,-98301.26393944514,-14754.724653276018,200,0.5,0.14,210,70,-8148.005045611121,1556.3727447903625,10880.5,-8208.841196417867,1541.136261508076,10880.5,0.2899,0.0714,90129.8,15939.6,1.0003291828667502,1.0004447622480006,1.0007740501264661,0.0007740501264661415,0.0004447622480006075,0.2219846864466627,-0.0002876260617916445,99402.41642780344,OK,1,1
6,UTS,IMG,1243,73,j:OK,K:\NINJA\E71a\ManualCheck\ScanData\UTS\ECC6\IMG\Event01243\PL073,1.0003269165043485,-0.0137942725468752,0.0134305278895895,1.0004010136368464,-85164.0845235418,-92560.58723956814,200,0.5,0.14,210,70,-3982.278387427498,-47378.57166327501,10904.75,-3985.097367789931,-47292.98434573772,10904.75,0.0078,-0.4075,81761.3,44151.8,1.0004170725065076,1.0004961119568268,1.0009133256013285,0.0009133256013285074,0.0004961119568267502,0.7692148629198002,-0.0003625372693969141,125779.10638443363,OK,1,1
6,UTS,IMG,1243,74,j:OK,K:\NINJA\E71a\ManualCheck\ScanData\UTS\ECC6\IMG\Event01243\PL074,1.0003500626682145,-0.0024246172167835,0.0020821214588604,1.000460078865547,-86696.10496076089,-94175.33566663522,200,0.5,0.14,210,70,-4052.507871370141,-47005.36309163298,10900.0,-4055.15200707328,-46919.83783107856,10900.0,0.0116,-0.4071,82726.1,47061.6,1.000352229522217,1.0004630168938304,1.0008153509377335,0.0008153509377335499,0.00046301689383043687,0.11925485308236387,-0.00034210762800532447,128004.72047268681,OK,1,1
6,UTS,IMG,7535,77,j:OK,K:\NINJA\E71a\ManualCheck\ScanData\UTS\ECC6\IMG\Event07535\PL077,1.0000281815838736,0.0095971377017849,-0.010170465699265,1.0004998840371833,33718.32325917334,-171622.5245532903,200,0.5,0.14,210,70,88878.40544149958,-115646.44628369102,10933.25,88933.9516604452,-115585.74071212532,10933.25,-0.2617,-0.29159,54671.23,56564.54,1.000079897975401,1.000545912495016,1.0006256870683878,0.0006256870683878368,0.0005459124950160099,-0.5826882495182075,-0.0005777799824289875,174903.44838640216,OK,1,1
6,UTS,IMG,3615,77,j:OK,K:\NINJA\E71a\ManualCheck\ScanData\UTS\ECC6\IMG\Event03615\PL077,1.0000849002785652,0.0002349687246443,-0.0009094687622203,1.0003381379082066,-85800.4098890599,-93511.54274919696,200,0.5,0.14,210,70,-29715.31002732087,-54347.43785916166,10899.5,-29689.566782973227,-54350.61653707924,10899.5,-0.12258,0.01502,56096.87,39198.69,1.0000853138100856,1.0003381655040258,1.0004232805914897,0.0004232805914896609,0.00033816550402576695,-0.05210428364150571,-0.0006745019574448465,126909.88521177371,OK,2,2
6,UTS,IMG,7535,78,j:OK,K:\NINJA\E71a\ManualCheck\ScanData\UTS\ECC6\IMG\Event07535\PL078,1.0001099672199203,0.0178515350217165,-0.0180964807983399,1.000261402642401,-178651.83521037077,-56272.63103154461,200,0.5,0.14,210,70,-122202.0175604558,-116.90395816908924,8296.25,-122145.05150430392,-57.46140895967983,8281.500000000002,-0.2661,-0.2878,55479.5,57204.2,1.0002736771253729,1.000420686970624,1.0006944485687845,0.0006944485687845336,0.00042068697062402904,-1.0366248424796591,-0.0002475412485892813,187304.797662115,OK,1,1
6,UTS,IMG,3638,78,k:Retake,K:\NINJA\E71a\ManualCheck\ScanData\UTS\ECC6\IMG\Event03638\PL078,1.00076023057403,-0.0181997700687646,-0.0224863196482781,0.93261770517169,-297575.0220490375,26733.2520174303,200,0.5,0.14,210,70,-240675.95263347583,61829.17916586369,8266.749999999998,-240650.1289669134,61825.62331736311,8251.999999999998,-0.1226,0.0152,57591.2,39016.4,1.0010128239287996,0.9327952699441958,0.9329174638177518,0.06708253618224824,0.06720473005580418,-1.2871759092506245,-0.04196537020186786,298773.42671481444,FAIL,2,2
6,UTS,IMG,3615,79,j:OK,K:\NINJA\E71a\ManualCheck\ScanData\UTS\ECC6\IMG\Event03615\PL079,1.000210844145477,-0.0067203029800767,0.0059885122694794,1.0005356265520051,16542.367561012514,-56006.59006318064,200,0.5,0.14,210,70,74248.85878697575,-16926.085675784598,10355.749999999998,74274.65210649851,-16929.041034516275,10355.749999999998,-0.1227,0.0148,57980.2,38709.6,1.0002287713445406,1.0005581954449014,1.0007868282480554,0.0007868282480554267,0.0005581954449014326,0.3430400507880384,-0.0007294259138413384,58398.52784984228,OK,2,2
6,UTS,IMG,7535,79,j:OK,K:\NINJA\E71a\ManualCheck\ScanData\UTS\ECC6\IMG\Event07535\PL079,1.00064586089902,-0.0016704249364249,0.0007910115538475,1.0002556857968512,137017.48040026153,-132950.49359043586,200,0.5,0.14,210,70,194090.5183928838,-75959.81869165676,10389.5,194145.51377037197,-75898.58649591134,10389.5,-0.2622,-0.2913,57186.3,56992.1,1.0006461735466834,1.0002570805989814,1.0009030331587545,0.0009030331587545071,0.0006461735466833929,0.04529236157581366,-0.0008794954403059477,190917.8453711873,OK,1,1
6,UTS,IMG,7535,80,j:OK,K:\NINJA\E71a\ManualCheck\ScanData\UTS\ECC6\IMG\Event07535\PL080,1.0003580496233733,-0.0028944847380051,0.001840327049733,1.0004577632731042,133389.30024794012,-133977.20901113117,200,0.5,0.14,210,70,189112.0007493452,-74788.81141271058,10386.75,189167.30515066223,-74727.71843970966,10386.75,-0.2641,-0.2903,55929.1,59119.5,1.0003597424176611,1.000461950368589,1.0008213035970035,0.0008213035970034976,0.0004619503685889814,0.1054051136594397,-0.001053485806549294,189057.12881308506,OK,1,1
6,UTS,IMG,3615,80,k:Retake,K:\NINJA\E71a\ManualCheck\ScanData\UTS\ECC6\IMG\Event03615\PL080,1.002340539009723,0.0906945995448073,0.0158220529546613,1.092315843956107,10078.796739884709,-59781.64040370821,200,0.5,0.14,210,70,71139.43749374295,-14616.624829513075,10385.75,71164.87587195185,-14619.888652962734,10385.75,-0.1223,0.016,57277.5,40515.3,1.0024654076336013,1.0960745473480056,1.093437477043125,0.093437477043125,0.09607454734800558,0.9043449204122225,0.09846362897032965,60625.29730304165,FAIL,2,2
6,UTS,IMG,10057,81,j:OK,K:\NINJA\E71a\ManualCheck\ScanData\UTS\ECC6\IMG\Event10057\PL081,1.0003248453100655,-0.0100704862222472,0.0092516439787512,1.0005867060329845,15635.367920512026,-55625.79021167128,200,0.5,0.14,210,70,69579.05958972318,9878.11800959994,10378.75,69631.37088217544,9955.825082021796,10378.75,-0.25272,-0.36748,54633.22,65038.01,1.0003676269556687,1.0006373823632069,1.0010049104849743,0.0010049104849743085,0.0006373823632068731,0.5298929072088225,-0.0008158654548202486,57781.42665842235,OK,1,1
6,UTS,IMG,8711,81,j:OK,K:\NINJA\E71a\ManualCheck\ScanData\UTS\ECC6\IMG\Event08711\PL081,1.0004760087734763,-0.0047538031166291,0.0035844534506613,1.0004405442329949,136807.6430799198,-132860.14932229143,200,0.5,0.14,210,70,161988.3406531864,-87821.50001413398,10409.75,161922.88654338708,-87840.83855726631,10409.75,0.31197,0.09093,25316.68,44908.78,1.0004824298496426,1.0004518385156191,1.0009338024953762,0.0009338024953762236,0.00048242984964264046,0.20527546293659266,-0.0011689410482141423,190704.35360270177,OK,1,1
6,UTS,IMG,10057,82,j:OK,K:\NINJA\E71a\ManualCheck\ScanData\UTS\ECC6\IMG\Event10057\PL082,1.000258407190447,-0.0008494790442633,0.0001032421712657,1.0006985009901153,15357.13733619476,-55669.67952745538,200,0.5,0.14,210,70,74337.03986896889,11443.270479309944,10387.25,74389.97082322121,11520.715002889025,10377.5,-0.2523,-0.3685,59074.6,67137.4,1.0002584125185432,1.0006988615455252,1.0009571763803016,0.000957176380301572,0.0006988615455252312,0.005913812488615176,-0.0007456703242061997,57749.06826826154,OK,1,1
6,UTS,IMG,8711,82,j:OK,K:\NINJA\E71a\ManualCheck\ScanData\UTS\ECC6\IMG\Event08711\PL082,1.0003912043753451,0.0047449523145644,-0.0050828372612631,1.0007047801079985,135807.30725975198,-134635.75552308094,200,0.5,0.14,210,70,164492.56961930354,-88037.26550771197,10398.5,164427.0594604899,-88056.03557419957,10398.5,0.3114,0.0909,28387.1,46691.1,1.0004041168578717,1.0007160294026798,1.001120378016833,0.001120378016832957,0.0007160294026797853,-0.29110873405519655,-0.00033923089680614924,191233.91793930152,OK,1,1
6,UTS,IMG,10057,83,j:OK,K:\NINJA\E71a\ManualCheck\ScanData\UTS\ECC6\IMG\Event10057\PL083,1.0002585717071335,-0.001738200004056,0.0009637472067778,1.000707167854708,15929.284639898711,-54246.28357903817,200,0.5,0.14,210,70,72154.4283076161,11481.0872247996,10395.25,72206.55472282812,11558.913540456497,10380.25,-0.2488,-0.3701,56376.9,65704.4,1.0002590359913142,1.0007086774556544,1.0009675976008394,0.0009675976008394205,0.000708677455654394,0.05520435609428738,-0.0007734720742602104,56536.72603959606,OK,1,1
6,UTS,IMG,8711,83,j:OK,K:\NINJA\E71a\ManualCheck\ScanData\UTS\ECC6\IMG\Event08711\PL083,1.00053203376763,0.0037953726177186,-0.0043922320875913,1.0006085644828877,135570.388188693,-130676.64699382518,200,0.5,0.14,210,70,162840.89986506946,-87466.30557745916,10411.75,162775.5430714011,-87485.81303611475,10411.75,0.3107,0.0942,27026.5,43283.2,1.0005416744433493,1.0006157625031762,1.0011575921847682,0.0011575921847681858,0.0006157625031761871,-0.2515209270805001,-0.0005968221768247336,188296.88320092214,OK,1,1
6,UTS,IMG,8711,84,j:OK,K:\NINJA\E71a\ManualCheck\ScanData\UTS\ECC6\IMG\Event08711\PL084,1.0002940241495946,0.0132648505435341,-0.0137747275044722,1.000211149771872,44645.77068332404,-143757.2505065622,200,0.5,0.14,210,70,72678.65105003567,-100007.5467860114,13854.0,72613.08072678138,-100026.41262035802,13854.0,0.3109,0.0941,27374.3,44098.6,1.0003888633262628,1.0002991054619175,1.0006879557062234,0.0006879557062233754,0.0003888633262627561,-0.7889518968305781,-0.0005085353894837256,150530.36874037888,OK,1,1
6,UTS,IMG,10057,84,j:OK,K:\NINJA\E71a\ManualCheck\ScanData\UTS\ECC6\IMG\Event10057\PL084,1.0003145441859096,0.0012017237648633,-0.0018312701186735,1.000514483433167,-74801.59072954465,-66792.89676795506,200,0.5,0.14,210,70,-15458.604825706943,1157.1359946029056,13817.0,-15405.701476629642,1234.254019787215,13817.0,-0.2514,-0.3675,59295.4,68100.7,1.0003162204323748,1.0005152051316082,1.0008313901276709,0.0008313901276708613,0.0005152051316081874,-0.10489093889805746,-0.0006295869594604648,100282.44629208544,OK,1,1
6,UTS,IMG,4634,86,j:OK,K:\NINJA\E71a\ManualCheck\ScanData\UTS\ECC6\IMG\Event04634\PL086,1.000256640231996,0.0093426856163433,-0.0100260933844278,1.0006024409322958,44710.56730051158,-66968.62077700197,200,0.5,0.14,210,70,80101.70210168645,5618.735209992864,13851.5,80066.63744840029,5616.123620164333,13851.5,0.1668,0.0141,34666.2,72888.4,1.0003068873484546,1.0006460565925368,1.0009529064133231,0.0009529064133231291,0.0006460565925368034,-0.5742862135327189,-0.0006863959551702683,80522.23914613575,OK,1,1
6,UTS,IMG,4634,87,j:OK,K:\NINJA\E71a\ManualCheck\ScanData\UTS\ECC6\IMG\Event04634\PL087,0.9997963829332832,0.0082111709576247,-0.0087123880932832,1.001269440241796,42015.4497634478,-64298.52511332976,200,0.5,0.14,210,70,75637.51160459987,6687.362295838059,13857.0,75602.40378131834,6684.745316752575,13857.0,0.1671,0.0139,33009.2,71180.5,0.9998343427952274,1.0013031085992967,1.0011371036034642,0.0011371036034641957,0.0013031085992967206,-0.4992720926936817,-0.0005133651092113701,76808.84291912164,OK,1,1
6,UTS,IMG,4634,88,j:OK,K:\NINJA\E71a\ManualCheck\ScanData\UTS\ECC6\IMG\Event04634\PL088,1.00037696741209,-0.001413736625601,0.0005426867276423,1.0005463122598992,42269.9145613169,-67505.52513155378,200,0.5,0.14,210,70,75007.81180415061,5953.141619106939,13839.25,74972.7114651766,5950.370072781952,13839.25,0.1671,0.0131,32794.2,73398.0,1.000377114611032,1.000547311039378,1.000924252830011,0.0009242528300110742,0.0005473110393781067,0.031081939163347876,-0.0008704814791092404,79647.60888004026,OK,1,1
6,UTS,IMG,7169,91,j:OK,K:\NINJA\E71a\ManualCheck\ScanData\UTS\ECC6\IMG\Event07169\PL091,1.000369848009914,-0.0006856763553397,-0.0003370293261705,1.0005666701846103,40512.301909893125,-65743.90725040018,200,0.5,0.14,210,70,75357.38656197918,-3168.5093873393757,13843.0,75371.88736290207,-3127.4066009139647,13843.0,-0.06916,-0.19564,34889.6,62592.79,1.0003699047832981,1.0005669051274797,1.0009364966833243,0.0009364966833242949,0.0005669051274796999,-0.01930321797434892,-0.0010221924476457756,77223.75247673187,OK,1,1
6,UTS,IMG,7169,93,j:OK,K:\NINJA\E71a\ManualCheck\ScanData\UTS\ECC6\IMG\Event07169\PL093,1.000347168173607,-0.0045027796548332,0.0034717554110893,1.0005790233979368,41956.343620263055,-65112.73328417574,200,0.5,0.14,210,70,73189.99483433268,-2823.2202610905456,13852.25,73204.1785812041,-2782.007572352253,13852.25,-0.0684,-0.1959,31516.9,62185.3,1.0003531926067857,1.000589154992492,1.000942025139671,0.00094202513967101,0.0005891549924919026,0.19884710054518,-0.0010296067761982187,77459.68503497672,OK,1,1
6,UTS,IMG,7169,94,j:OK,K:\NINJA\E71a\ManualCheck\ScanData\UTS\ECC6\IMG\Event07169\PL094,1.0004183660470145,0.0041267360777959,-0.0047747765340255,1.000570862258454,42078.376608950464,-66350.37123467185,200,0.5,0.14,210,70,79227.36512805976,-1782.680050720427,13862.0,79242.30398753176,-1741.6090680320558,13862.0,-0.0703,-0.1958,36881.3,64747.9,1.0004297604605372,1.0005793723394871,1.0010091713774414,0.0010091713774413869,0.0005793723394871275,-0.27345806068786244,-0.0006483852414290093,78568.19675303386,OK,1,1
6,UTS,IMG,1908,96,j:OK,K:\NINJA\E71a\ManualCheck\ScanData\UTS\ECC6\IMG\Event01908\PL096,1.0002422891779263,0.019751102178282,-0.0201101699973707,1.0003298124855555,38017.83217343425,-66285.14318706475,200,0.5,0.14,210,70,127462.61781542993,-24862.2180046689,13867.25,127530.46555082408,-24726.226330306785,13867.25,-0.3101,-0.6536,88635.4,43327.1,1.0004444292399362,1.000524782194146,1.0009693795959185,0.0009693795959184737,0.0005247821941460895,-1.1517935843136635,-0.0003605653777495719,76413.84541100578,OK,1,1
6,UTS,IMG,1908,97,j:OK,K:\NINJA\E71a\ManualCheck\ScanData\UTS\ECC6\IMG\Event01908\PL097,1.000457144331335,0.0110593196151843,-0.0113669892229491,1.0005091891426523,41379.63314163498,-66213.9619746211,200,0.5,0.14,210,70,130645.511170108,-23350.73298950977,13869.25,130712.49318381186,-23214.31899609537,13869.25,-0.3116,-0.6528,88805.8,43986.7,1.0005217169495144,1.0005703104276273,1.0010922774137962,0.0010922774137962499,0.0005703104276273407,-0.6509549053859701,-0.0003080653425413108,78080.48923587034,OK,1,1
6,UTS,IMG,8719,101,j:OK,K:\NINJA\E71a\ManualCheck\ScanData\UTS\ECC6\IMG\Event08719\PL101,1.00058494309958,0.0086722416547401,-0.0096774782406264,1.000470595166551,40509.43772228906,-145957.35872472214,200,0.5,0.14,210,70,84609.29817237117,-90157.54154110487,13853.0,84705.79935162998,-90151.42547668613,13853.0,-0.45897,-0.03355,43683.41,56202.23,1.000631741422731,1.0005081806603235,1.0011397389674375,0.0011397389674374647,0.0006317414227310358,-0.5541372323320822,-0.0010035736744773418,151474.63520495186,OK,1,1
6,UTS,IMG,8719,102,j:OK,K:\NINJA\E71a\ManualCheck\ScanData\UTS\ECC6\IMG\Event08719\PL102,1.0002588857105814,0.0039717613239442,-0.0049047122705449,1.0003414377476028,-172862.34120981238,-54097.40596684312,200,0.5,0.14,210,70,-132710.92145558988,-540.5327266461185,8288.25,-132614.3311051642,-533.8637749890622,8288.25,-0.4597,-0.034,40024.2,53741.5,1.0002709106264318,1.0003493224683842,1.0006198921980394,0.0006198921980393735,0.00034932246838415004,-0.28094432813585957,-0.0009330185909538251,181129.56230521575,OK,1,1
6,UTS,IMG,8719,104,j:OK,K:\NINJA\E71a\ManualCheck\ScanData\UTS\ECC6\IMG\Event08719\PL104,1.0006240523282788,-0.0025652690942904,0.0016683339919185,1.0004965655365392,-175336.72511428682,-55250.14909378603,200,0.5,0.14,210,70,-130758.40127335218,-214.93096711768828,8275.5,-130661.61113676988,-208.0462238885666,8275.5,-0.4607,-0.032,44788.1,54940.1,1.0006254431285337,1.0004998542008572,1.0011252074733255,0.0011252074733254513,0.0006254431285337425,0.09552879301513506,-0.0008966981949399013,183835.64983073485,OK,1,1
6,UTS,IMG,4414,105,j:OK,K:\NINJA\E71a\ManualCheck\ScanData\UTS\ECC6\IMG\Event04414\PL105,0.9996702830284958,-0.0069665462488403,0.0062766697499498,1.000571123717701,-279323.4612727629,98981.07146536675,200,0.5,0.14,210,70,-202379.29965433283,123598.08121414286,8257.5,-202476.13229743857,123648.1269532148,8257.5,0.45958,-0.24106,77041.11,24169.69,0.9996899876228744,1.0005953759559059,1.000284945147116,0.000284945147116078,0.0005953759559058636,0.3597405729501882,-0.0006837997500648654,296342.4514406073,OK,1,1
6,UTS,IMG,4414,106,j:OK,K:\NINJA\E71a\ManualCheck\ScanData\UTS\ECC6\IMG\Event04414\PL106,1.0003852737949597,-0.0078705165819174,0.0076300222839819,1.0004967222929295,-289750.45790749555,98643.81845350334,200,0.5,0.14,210,70,-214163.61014238588,126107.36073754483,8262.0,-214260.49796892004,126157.17589639606,8262.0,0.4593,-0.2406,75672.7,26922.6,1.000414370781363,1.0005276789525424,1.0009422396788785,0.0009422396788785203,0.0005276789525423542,0.4369912364470764,-0.00023951091599842527,306081.5753629922,OK,1,1
6,UTS,IMG,5497,107,l:?,K:\NINJA\E71a\ManualCheck\ScanData\UTS\ECC6\IMG\Event05497\PL107,1.0003550129816,-0.0001269941429645,-0.0001027200707065,1.0005032500013318,-160894.37132801107,24332.114870768582,200,0.5,0.14,210,70,-93094.04757598604,108375.92606905104,8283.5,-93107.58986595704,108300.14234093226,8283.5,0.06451,0.3607,67773.38,83932.75,1.000355018255434,1.000503258061032,1.0008584285983677,0.0008584285983677109,0.0005032580610320192,-0.0058833378407740725,-0.0002296138789376882,162723.84748130862,FAIL,1,1
6,UTS,IMG,4414,107,j:OK,K:\NINJA\E71a\ManualCheck\ScanData\UTS\ECC6\IMG\Event04414\PL107,1.0003984619266095,-0.0052692954074735,0.0050466629247944,1.0004711223075369,-281275.3551169404,100027.37005455272,200,0.5,0.14,210,70,-208357.2901511057,123496.891454946,8262.75,-208454.23368668207,123546.34425235982,8262.75,0.4602,-0.2377,72914.0,23140.1,1.0004111911768094,1.0004849984109676,1.0008963643162214,0.0008963643162214208,0.00048499841096760754,0.28903486403006157,-0.00022215536316941203,298531.9081039602,OK,1,1
6,UTS,IMG,5497,109,j:OK,K:\NINJA\E71a\ManualCheck\ScanData\UTS\ECC6\IMG\Event05497\PL109,1.0002335445899886,-0.0155210074399213,0.0152047728473675,1.0003772827993826,-150496.4072728879,23375.12508967584,200,0.5,0.14,210,70,-83614.48273830506,109126.23520931783,8265.75,-83627.56711707872,109050.09577096104,8265.75,0.0679,0.3614,68166.1,84606.6,1.0003491034835752,1.0004976809633424,1.0008469088942142,0.0008469088942142378,0.0004976809633423507,0.8708988257552913,-0.000313857116753501,152300.9030669383,OK,1,1
6,UTS,IMG,5497,110,j:OK,K:\NINJA\E71a\ManualCheck\ScanData\UTS\ECC6\IMG\Event05497\PL110,1.0003788161966745,-0.0097973355972026,0.009279452641999,1.0003651353335372,-148332.53366683522,22276.404750314807,200,0.5,0.14,210,70,-80561.66250380495,107683.27571011485,8278.75,-80575.54541945181,107607.72255408224,8278.75,0.0696,0.359,68560.5,84664.2,1.0004218530881834,1.0004131105576788,1.000835003761082,0.0008350037610820316,0.0004218530881834326,0.5314568999497641,-0.000517773676146795,149995.92912016864,OK,1,1
6,UTS,IMG,2346,111,j:OK,K:\NINJA\E71a\ManualCheck\ScanData\UTS\ECC6\IMG\Event02346\PL111,1.0002601415287522,-0.0101507691802783,0.0091579309989238,1.000506443736151,-156809.13063456304,98893.56727872012,200,0.5,0.14,210,70,-108768.95211823688,113865.06666584693,8286.5,-108724.40245710258,113931.19350947658,8286.5,-0.21526,-0.31276,48220.27,14588.64,1.0003020635944426,1.0005579353903058,1.00085967705569,0.0008596770556899003,0.0005579353903057971,0.5245596751582492,-0.00098998928455209,185388.8915212511,OK,1,1
6,UTS,IMG,2346,112,k:Retake,K:\NINJA\E71a\ManualCheck\ScanData\PatternMatchFailed\UTS\ECC6\IMG\Event02346\PL112,1.044882415310786,0.0251332746669508,-0.0929624134819167,0.929017654670851,-149403.50165184922,111031.8687082208,200,0.5,0.14,210,70,-98281.08013864674,121142.5533737554,8294.0,-98232.25379864663,121199.34241374522,8294.0,-0.215,-0.3126,48593.0,15806.8,1.049009662560877,0.9293575653028349,0.9730506607505842,0.026949339249415782,0.07064243469716514,-5.084176556044244,-0.061649496658040856,186143.7137662019,FAIL,1,1
6,UTS,IMG,2346,113,j:OK,K:\NINJA\E71a\ManualCheck\ScanData\UTS\ECC6\IMG\Event02346\PL113,1.0003966594668872,-0.0067841672884912,0.0060271707139018,1.0004652367969125,-135947.37933643363,99215.516894331,200,0.5,0.14,210,70,-87898.51348565162,114741.34114710536,8285.5,-87853.72804740048,114807.3112042796,8285.5,-0.2153,-0.3127,48178.3,15294.3,1.0004148154937138,1.0004882382941342,1.000902970138779,0.0009029701387790467,0.0004882382941342467,0.3451903431063944,-0.0007562004743168608,168301.54111312664,OK,1,1
6,UTS,IMG,2346,114,j:OK,K:\NINJA\E71a\ManualCheck\ScanData\UTS\ECC6\IMG\Event02346\PL114,1.000326298295535,-0.0063771614362921,0.0054257620948509,1.0004398850369058,-138960.27581988435,102977.72107448347,200,0.5,0.14,210,70,-90685.79006331536,115152.82237165136,8280.0,-90640.6425592473,115218.38722934316,8280.0,-0.2169,-0.3109,48380.2,11972.9,1.0003410128331025,1.0004602099837063,1.0008009278269725,0.0008009278269724973,0.0004602099837063278,0.3107688167969989,-0.000950331910036291,172957.70955245808,OK,1,1
6,UTS,IMG,7633,115,l:?,K:\NINJA\E71a\ManualCheck\ScanData\UTS\ECC6\IMG\Event07633\PL115,1.000419566453676,0.0127308786112803,-0.0137307235923341,1.0004357157659494,-173269.0071182021,-53104.427648800985,200,0.5,0.14,210,70,-158318.14094643746,98.17145645346277,8295.25,-158330.23249674242,101.56288033360032,8295.25,0.05775,-0.01535,14253.24,53378.44,1.0005137888673648,1.0005167148280645,1.001030269206643,0.001030269206643064,0.0005167148280644795,-0.786333199150075,-0.0009994560157541984,181224.2507603061,FAIL,1,1
6,UTS,IMG,1694,119,j:OK,K:\NINJA\E71a\ManualCheck\ScanData\UTS\ECC6\IMG\Event01694\PL119,1.0003646013278784,-0.0040360590663875,0.0037337257561691,1.0005723796998056,-164218.90209731518,24131.06044614222,200,0.5,0.14,210,70,-81740.11108350138,31973.93360207165,8292.0,-81773.75169409432,32017.29517428149,8292.0,0.1593,-0.20696,82445.66,7574.07,1.0003715691171493,1.000580519893786,1.000952259255772,0.0009522592557720255,0.0005805198937860467,0.21384776514476728,-0.00030138074757924,165982.3963084729,OK,2,2
6,UTS,IMG,8671,119,j:OK,K:\NINJA\E71a\ManualCheck\ScanData\UTS\ECC6\IMG\Event08671\PL119,1.0004192047603693,-0.0051356883023974,0.0048059615083199,1.0005399362309093,-283833.4743007898,-55418.98034170906,200,0.5,0.14,210,70,-223385.74812727724,10764.573874285545,8278.75,-223515.7168271844,10778.243877608911,8278.75,0.61829,-0.06803,60630.630000000005,65870.27,1.0004307484875647,1.000553116674618,1.000984049255417,0.0009840492554169522,0.0005531166746179927,0.2752438091885013,-0.00032896105462124043,289193.1958324259,OK,2,2
6,UTS,IMG,8671,120,j:OK,K:\NINJA\E71a\ManualCheck\ScanData\UTS\ECC6\IMG\Event08671\PL120,1.0003413721424148,-0.0068843706463928,0.006217735466589,1.0003151056480373,-297919.7976024664,-55580.938160688296,200,0.5,0.14,210,70,-238172.34245808257,13941.664048192266,8265.75,-238302.18465579135,13955.66729791231,8265.75,0.6176,-0.0705,60073.1,69141.3,1.0003606954764375,1.0003387951823326,1.0006993905542754,0.0006993905542753698,0.000360695476437467,0.3561238419417865,-0.0006665597348341249,303060.1367555898,OK,2,2
6,UTS,IMG,1694,120,j:OK,K:\NINJA\E71a\ManualCheck\ScanData\UTS\ECC6\IMG\Event01694\PL120,1.0003896434370425,-0.0073379985544927,0.0066297622354074,1.0004316916561682,-177036.41713248627,24895.87658730528,200,0.5,0.14,210,70,-95227.56580745586,35317.785751102245,8290.5,-95261.12065957511,35361.1803171707,8290.5,0.1582,-0.2076,81816.2,9918.6,1.0004116115096782,1.0004586027881455,1.0008701524847314,0.0008701524847314346,0.00045860278814546795,0.37970388523287824,-0.0007076175964995413,178778.34785610368,OK,2,2
6,UTS,IMG,8671,121,j:OK,K:\NINJA\E71a\ManualCheck\ScanData\UTS\ECC6\IMG\Event08671\PL121,1.0003964151982552,-0.0023933169232738,0.0019078939801812,1.0004824385630209,-297080.1347941423,-55360.65408453268,200,0.5,0.14,210,70,-236592.3633951943,11146.51771073964,8252.5,-236722.205195659,11159.380466199596,8252.5,0.6179,-0.0624,60492.8,66372.6,1.0003982345051192,1.0004853011608437,1.0008836112022053,0.0008836112022052589,0.00048530116084366526,0.10927082367613636,-0.0004850226201440857,302194.32243173104,OK,1,1
6,UTS,IMG,1694,121,j:OK,K:\NINJA\E71a\ManualCheck\ScanData\UTS\ECC6\IMG\Event01694\PL121,1.0004638265582786,-0.0058009419651163,0.0055010805235157,1.0003722534336972,-176121.01086440554,23716.803192742613,200,0.5,0.14,210,70,-93424.38924683516,33420.70561262689,8281.75,-93458.0461700325,33463.882066501035,8281.75,0.159,-0.2064,82678.5,9288.8,1.00047895037255,1.0003890724951447,1.000868164101867,0.0008681641018670749,0.00047895037254996886,0.315039396723347,-0.0003002436021712469,177710.7121745432,OK,1,1
6,UTS,IMG,8671,122,j:OK,K:\NINJA\E71a\ManualCheck\ScanData\UTS\ECC6\IMG\Event08671\PL122,1.0003437795443868,-0.0108448695680869,0.0105419461335475,1.0004469873760895,-294570.10668190103,-57223.55232929792,200,0.5,0.14,210,70,-237124.6491338654,12496.82517184966,8253.75,-237254.24131974165,12510.8401154069,8253.75,0.6161,-0.0732,58045.2,69091.6,1.0003993252203998,1.0005057649738167,1.0009052466164048,0.0009052466164047868,0.0005057649738167136,0.6037790962332537,-0.0003016664657313025,300076.7946572518,OK,1,1
6,UTS,IMG,1694,122,l:?,K:\NINJA\E71a\ManualCheck\ScanData\UTS\ECC6\IMG\Event01694\PL122,1.0004006146541389,-0.0111211377058192,0.0107890495549061,1.0004164682110022,-175666.71592545934,21735.18657940832,200,0.5,0.14,210,70,-92550.72844799364,34192.0827943874,8290.5,-92584.17758686031,34235.530541054235,8290.5,0.1569,-0.2085,83178.2,11598.1,1.000458791450541,1.0004782804097483,1.0009372362142244,0.0009372362142243684,0.00047828040974828845,0.617895501720155,-0.0003317392092104415,177006.25248752578,FAIL,1,1
6,UTS,IMG,3578,123,j:OK,K:\NINJA\E71a\ManualCheck\ScanData\UTS\ECC6\IMG\Event03578\PL123,1.000318736495576,0.0138584028880718,-0.0141409319624625,1.0003879262444155,-172988.15075514134,23676.345005236977,200,0.5,0.14,210,70,-85996.37449424149,48890.03406917911,8297.5,-85886.43883182612,48921.33684358746,8297.5,-0.52117,-0.15637,86707.37,26460.85,1.000418682622867,1.0004839120676605,1.0009027571185918,0.0009027571185917793,0.0004839120676605191,-0.80990360968598,-0.00028334173409719335,174600.88663718326,OK,1,1
6,UTS,IMG,7506,123,j:OK,K:\NINJA\E71a\ManualCheck\ScanData\UTS\ECC6\IMG\Event07506\PL123,1.000404177493882,0.0037196632477291,-0.0039496038505249,1.0005361295491253,-171492.31171909455,102809.1569788152,200,0.5,0.14,210,70,-99396.52024081958,140192.0079932714,8283.25,-99387.02209600748,140289.22463404827,8283.25,-0.04349,-0.46286,71935.82,37743.95,1.000411973997606,1.0005430437656446,1.000955214930791,0.0009552149307909819,0.0005430437656446241,-0.2262030294819287,-0.0002303346727234575,199948.3326698519,OK,1,1
6,UTS,IMG,7506,124,j:OK,K:\NINJA\E71a\ManualCheck\ScanData\UTS\ECC6\IMG\Event07506\PL124,1.0003796018223077,-0.0067361907875519,0.0065158462510082,1.0005458445267108,-176764.79005531827,100343.4520600393,200,0.5,0.14,210,70,-102585.94366374884,142910.32158734358,8283.5,-102577.10273747862,143007.6244852941,8283.5,-0.0452,-0.4628,74443.4,42156.1,1.000400821668258,1.000568520025488,1.0009695455360845,0.0009695455360845262,0.0005685200254879064,0.3731835497221553,-0.00021913250362199816,203259.93056829018,OK,1,1
6,UTS,IMG,3578,124,j:OK,K:\NINJA\E71a\ManualCheck\ScanData\UTS\ECC6\IMG\Event03578\PL124,1.0004189287085763,0.0044880264747492,-0.0048728869957735,1.0004035883853226,-176367.07934727386,23515.90947677563,200,0.5,0.14,210,70,-87164.75024897176,50718.73289180843,8316.0,-87055.0004189005,50750.95124600799,8297.0,-0.5217,-0.1559,89150.6,27658.3,1.00043079618037,1.0004136554625132,1.0008445558145054,0.0008445558145053766,0.0004307961803700078,-0.27907673768868885,-0.0003846221351496212,177927.9198889469,OK,1,1
6,UTS,IMG,3578,125,j:OK,K:\NINJA\E71a\ManualCheck\ScanData\UTS\ECC6\IMG\Event03578\PL125,0.9999906639659814,0.0197145347330126,-0.0201283929684792,1.0001531646391204,-168126.1682346539,25784.13152109505,200,0.5,0.14,210,70,-79415.32982063793,51794.484346677214,8289.0,-79305.82862601192,51826.80221933714,8289.0,-0.5182,-0.1643,88272.8,27815.2,1.0001932214440457,1.0003474474488285,1.0005406490774482,0.0005406490774482187,0.0003474474488285306,-1.153127015825464,-0.0004168998163282096,170091.8277977054,OK,1,1
6,UTS,IMG,7506,125,k:Retake,K:\NINJA\E71a\ManualCheck\ScanData\PatternMatchFailed\UTS\ECC6\IMG\Event07506\PL125,1.014701562786362,0.0170743092283192,-0.0853111487035842,0.9218840810517988,-163085.20614315008,109767.4063290947,200,0.5,0.14,210,70,-89499.6511038723,141548.20865006404,8288.75,-89490.14756230635,141637.28095253604,8288.75,-0.0368,-0.4635,71835.2,41218.0,1.0182815198235753,0.9220421850069246,0.9368938466847175,0.06310615331528246,0.07795781499307541,-4.805846835602274,-0.06531234262944441,196585.01457377247,FAIL,1,1
6,UTS,IMG,3578,126,j:OK,K:\NINJA\E71a\ManualCheck\ScanData\UTS\ECC6\IMG\Event03578\PL126,1.0004021026048973,-0.0058019730350296,0.0048096119217838,1.0004894468474306,-182367.3093885781,23104.764943139136,200,0.5,0.14,210,70,-90569.71568166604,51726.63868984006,8290.0,-90460.00461269917,51758.9135611572,8290.0,-0.5231,-0.1511,92033.9,28197.7,1.0004136640725863,1.0005062699174738,1.0009196514988592,0.0009196514988591975,0.0005062699174738228,0.2754575788755649,-0.00099142779656506,183825.09539425536,OK,1,1
6,UTS,IMG,7506,126,j:OK,K:\NINJA\E71a\ManualCheck\ScanData\UTS\ECC6\IMG\Event07506\PL126,1.000423222539313,-0.0057905068095994,0.0048243697919794,1.0003621097534092,-183619.308549986,99896.4620611292,200,0.5,0.14,210,70,-108113.85537750211,144959.9926605994,8280.0,-108105.44747184208,145057.28012105037,8280.0,-0.0427,-0.4629,75741.1,44779.2,1.0004348548205593,1.000378868529021,1.0008134210918642,0.0008134210918642193,0.0004348548205592717,0.2762969501522546,-0.0009660544790134131,209034.33594676637,OK,1,1
6,UTS,Ref/IMG,12599,19,j:OK,K:\NINJA\E71a\ManualCheck\ScanData\UTS\ECC6\Ref\IMG\Event12599\PL019,1.0001360905572805,0.0147048794076176,-0.014871915247027,1.0001606003731354,5037.897081698562,-187313.77765653929,200,0.5,0.14,210,70,83258.36106664153,-106246.08230961765,10727.25,83359.91020414958,-106282.00548087744,10727.25,-0.48591,0.16381,77103.29000000001,82165.25,1.0002466563294854,1.0002686939103629,1.0005154025068779,0.0005154025068778711,0.0002686939103628827,-0.8519192435916552,-0.00016733683114766268,187381.51378129385,OK,1,1
6,UTS,Ref/IMG,6597,19,j:OK,K:\NINJA\E71a\ManualCheck\ScanData\UTS\ECC6\Ref\IMG\Event06597\PL019,1.0001591402701355,0.008425564312854,-0.0085341659191696,1.0001878675578066,6469.684512570299,-26889.202077783524,200,0.5,0.14,210,70,54306.21455456331,13831.774483549692,10718.25,54375.02355989545,14472.998523915025,10718.25,-0.30187,-3.0554500000000004,47545.92,41760.12,1.0001955498070527,1.0002233553281101,1.0004189428890446,0.00041894288904464894,0.0002233553281101308,-0.48888202138491743,-0.00010881846327801717,27656.572565523547,OK,2,2
6,UTS,Ref/IMG,1260,19,j:OK,K:\NINJA\E71a\ManualCheck\ScanData\UTS\ECC6\Ref\IMG\Event01260\PL019,1.0001961020763726,0.0062153468011592,-0.0064829528638171,1.0002804958090683,-113970.71305142246,-26724.933164440117,200,0.5,0.14,210,70,-37617.10541269499,-25949.790877246985,10714.0,-37387.51574356428,-25909.0302561455,10714.0,-1.09182,-0.20112,76560.03,1311.87,1.0002171120744756,1.0002998054742858,1.0005169466915955,0.0005169466915955212,0.00029980547428576365,-0.3713678102592631,-0.00026806707532916454,117062.14369339675,OK,1,1
6,UTS,Ref/IMG,4481,20,j:OK,K:\NINJA\E71a\ManualCheck\ScanData\UTS\ECC6\Ref\IMG\Event04481\PL020,0.9999746562207952,-0.015415078542465,0.0147995262459647,1.00004937722299,-118250.35773982704,-29738.6540590379,200,0.5,0.14,210,70,-9456.543310940631,2385.1937407332885,10738.75,-9245.401662114777,2305.1712477415167,10738.75,-0.99936,0.39583,109476.69,30422.12,1.0000841659885444,1.000168176623592,1.0002521680518526,0.00025216805185257485,0.0001681766235919202,0.8479099792061897,-0.0006142758439797389,121932.50038787938,OK,2,2
6,UTS,Ref/IMG,79,20,j:OK,K:\NINJA\E71a\ManualCheck\ScanData\UTS\ECC6\Ref\IMG\Event00079\PL020,1.0000046993109577,-0.0171234380683474,0.0165678863502364,1.0001214458388046,1761.175480325427,-28459.355896847712,200,0.5,0.14,210,70,47874.10199114509,17409.922160388254,10730.0,47762.34795909176,17310.64998760901,10730.0,0.5401,0.46372,46771.33,44989.64,1.0001419366780464,1.0002680233607297,1.0004098448963157,0.0004098448963156809,0.00026802336072973,0.9491786613788986,-0.0005533931954678754,28513.79801317145,OK,3,3
6,UTS,Ref/IMG,1260,20,j:OK,K:\NINJA\E71a\ManualCheck\ScanData\UTS\ECC6\Ref\IMG\Event01260\PL020,1.0000946967515492,-0.0089993726821787,0.0083569148859355,1.0002977644485245,-117343.08375298372,-110621.11648187847,200,0.5,0.14,210,70,-44810.7535254904,-25437.185709847043,10723.75,-44973.88296477425,-25454.11354251711,10723.75,0.7774000000000001,0.07409,73123.0,84530.75,1.0001296118488763,1.0003382459295398,1.0004676963889314,0.00046769638893140453,0.00033824592953979327,0.47875947180466794,-0.0006405219142090804,161265.0945380217,OK,2,2
6,UTS,Ref/IMG,12599,20,j:OK,K:\NINJA\E71a\ManualCheck\ScanData\UTS\ECC6\Ref\IMG\Event12599\PL020,1.0003793700294354,-0.0015081343239208,0.0006795497695934,1.0002839290701304,3500.812923030398,-187372.20370413965,200,0.5,0.14,210,70,85162.67604088264,-104391.5998705792,10730.25,85148.95008485318,-104400.40019882636,10730.25,0.0654,0.04185,81742.14,82892.72,1.0003796008357924,1.0002850659812514,1.000664431666078,0.0006644316660779914,0.0003796008357923597,0.03892056248311236,-0.000828413043051908,187404.90498401492,OK,1,1
6,UTS,Ref/IMG,79,21,j:OK,K:\NINJA\E71a\ManualCheck\ScanData\UTS\ECC6\Ref\IMG\Event00079\PL021,1.0001222377077303,-0.0003444653679567,-0.0002838627666351,1.0002766551737954,-372.65834913685023,-26952.554787410638,200,0.5,0.14,210,70,48521.54011324937,12514.005755214275,10736.25,48534.29730507523,12507.227761380092,10736.25,-0.06073,0.03225,48914.57,39462.75,1.0001222779918404,1.0002767144855795,1.0003988289183277,0.0003988289183276539,0.00027671448557953227,-0.016262150204396978,-0.0006281981057775056,26955.13093667982,OK,3,3
6,UTS,Ref/IMG,1260,21,j:OK,K:\NINJA\E71a\ManualCheck\ScanData\UTS\ECC6\Ref\IMG\Event01260\PL021,1.0001497282432548,1.6153007741146255e-05,-0.0007423980978294,1.0003901407071265,-121478.69374481584,-108898.61668970236,200,0.5,0.14,210,70,-49289.85090573983,-27508.63749239552,10725.0,-49286.761329985005,-27507.820466212244,10725.0,-0.01471,-0.0039,72179.81,81412.62,1.000150003779429,1.0003901408375355,1.0005399393574264,0.0005399393574263556,0.0003901408375355242,-0.042529901984304196,-0.0007261400481118842,163144.05214679905,OK,3,3
6,UTS,Ref/IMG,1969,21,j:OK,K:\NINJA\E71a\ManualCheck\ScanData\UTS\ECC6\Ref\IMG\Event01969\PL021,1.0001716311504865,0.0007494150353227,-0.0012517374655268,1.0004045953224563,-644.5502697407468,-108873.21844405217,200,0.5,0.14,210,70,77844.29066829196,-83373.7687054381,10740.25,77802.31481694823,-83558.9650658384,10740.25,0.19919,0.8817800000000001,78414.37,25402.13,1.0001724144390842,1.0004048760202955,1.0005772339849803,0.0005772339849803299,0.00040487602029548597,-0.07170692924551136,-0.000502410182686249,108875.12635775228,OK,2,2
6,UTS,Ref/IMG,6471,21,j:OK,K:\NINJA\E71a\ManualCheck\ScanData\UTS\ECC6\Ref\IMG\Event06471\PL021,1.0001824505080317,-0.0024432710901033,0.0018739803746173,1.00039487310221,-875.9957787609853,-187531.73679416985,200,0.5,0.14,210,70,24163.258645175138,-118617.29657079629,10739.75,24080.07988281375,-119054.58446080078,10739.75,0.4011,2.08075,25118.62,68403.07,1.0001842060874064,1.000397856706424,1.0005819742971127,0.0005819742971127084,0.0003978567064240046,0.10735145438586682,-0.0005686654664073678,187533.78275298083,OK,4,4
6,UTS,Ref/IMG,4481,21,j:OK,K:\NINJA\E71a\ManualCheck\ScanData\UTS\ECC6\Ref\IMG\Event04481\PL021,1.0002584558300809,-0.0004218140580682,-1.2681360556280515e-05,1.0001789271015311,-121373.93429968532,-26855.433810292958,200,0.5,0.14,210,70,-25572.46441832917,-401.51213674224215,10731.5,-25572.42424493136,-402.1359488450617,10731.5,-0.00019,0.00297,95787.91,26449.78,1.0002584559104686,1.0001790160491617,1.0004374238271883,0.0004374238271882547,0.0002584559104685802,-0.0007264006958248076,-0.0004344166427665958,124309.47772605014,OK,2,2
6,UTS,Ref/IMG,1260,22,j:OK,K:\NINJA\E71a\ManualCheck\ScanData\UTS\ECC6\Ref\IMG\Event01260\PL022,1.00010725016582,-0.0023362653917062,0.0016514607377143,1.0003893617483726,-83505.34332686484,-110177.62869179854,200,0.5,0.14,210,70,-13188.287314249672,-30885.694141719505,6565.25,-13140.07319140436,-30833.133798188603,6565.25,-0.23015,-0.24981,70542.73,79197.16,1.0001086136799373,1.0003920897504621,1.000500511923872,0.0005005119238719047,0.00039208975046212124,0.09461149720109004,-0.0006840696580459362,138247.0695106605,OK,6,6
6,UTS,Ref/IMG,79,22,j:OK,K:\NINJA\E71a\ManualCheck\ScanData\UTS\ECC6\Ref\IMG\Event00079\PL022,1.0001138356265,-0.0030302668538031,0.0027157660340064,1.0002622453085297,37212.51016110978,-28081.96437977004,200,0.5,0.14,210,70,85935.30657520119,13073.527374621564,6582.75,85953.93973249184,13078.484898994044,6582.75,-0.08879,-0.02336,48860.16,41017.0,1.0001175228925356,1.0002668353528805,1.0003843402836843,0.0003843402836842813,0.0002668353528805234,0.15558383845720283,-0.0003140128719372747,46619.391200629936,OK,3,3
6,UTS,Ref/IMG,4481,22,j:OK,K:\NINJA\E71a\ManualCheck\ScanData\UTS\ECC6\Ref\IMG\Event04481\PL022,1.000131635496634,-0.0032784420731208,0.0027359716061091,1.0002456771183583,-83466.32977249734,-28402.88460304265,200,0.5,0.14,210,70,13065.263009608749,-1274.0268081275854,6579.5,13066.185967286568,-1274.3099560007468,6579.5,-0.00439,0.00136,96607.85,26857.66,1.0001353777673307,1.000251049875175,1.0003863146792462,0.00038631467924621354,0.00025104987517510224,0.15673860249509555,-0.000542020390658915,88166.61533406527,OK,3,3
6,UTS,Ref/IMG,1969,22,j:OK,K:\NINJA\E71a\ManualCheck\ScanData\UTS\ECC6\Ref\IMG\Event01969\PL022,1.0001456835453726,0.0002334548488022,-0.0008119705325878,1.0003998850472828,37455.85465066183,-109982.63565990092,200,0.5,0.14,210,70,92582.13747569486,-85112.6129744723,6606.5,92622.96314772268,-85157.967543585,6606.5,-0.19443,0.21573,55153.27,24859.51,1.0001460131453739,1.000399912286973,1.0005458164077847,0.0005458164077847272,0.00039991228697289216,-0.046515697813448414,-0.0005784905216627315,116185.71854711755,OK,2,2
6,UTS,Ref/IMG,6471,22,j:OK,K:\NINJA\E71a\ManualCheck\ScanData\UTS\ECC6\Ref\IMG\Event06471\PL022,1.000161085914984,0.0025075932034482,-0.0030237785737538,1.0003606670650462,37267.49628000141,-188731.63767302467,200,0.5,0.14,210,70,88097.27779498507,-126942.50558976392,6609.25,88167.78287021059,-126921.40430104492,6595.5,-0.33543,-0.10146,50736.79,61941.31,1.0001656567866664,1.0003638099384133,1.0005293934850148,0.0005293934850147952,0.00036380993841333975,-0.173221319095298,-0.0005165984568762752,192375.92712634755,OK,3,3
6,UTS,Ref/IMG,3195,23,j:OK,K:\NINJA\E71a\ManualCheck\ScanData\UTS\ECC6\Ref\IMG\Event03195\PL023,1.0000518096084448,-0.0020187191009871,0.0016819119273121,1.000245812960321,-25228.840256397696,-110070.18630409228,200,0.5,0.14,210,70,43455.40879102712,-89984.62987514878,6596.25,43463.736548631,-89974.61947875883,6596.25,-0.03975,-0.04759,68729.34,19975.06,1.0000532239480338,1.0002478500709022,1.0003010306119726,0.00030103061197261916,0.00024785007090222244,0.0963613716442991,-0.0003363970421242983,112924.48934443058,OK,4,4
6,UTS,Ref/IMG,4891,23,j:OK,K:\NINJA\E71a\ManualCheck\ScanData\UTS\ECC6\Ref\IMG\Event04891\PL023,1.0000681724878215,-0.0016189959604446,0.0013044083240737,1.0002626358607651,-24269.70073902957,-29649.36079180174,200,0.5,0.14,210,70,56698.35311744069,777.1996851732546,6592.5,56684.521578879336,816.104946550462,6592.5,0.06556,-0.1853,80997.84,30351.84,1.0000690231700045,1.0002639460897538,1.0003329380849342,0.00033293808493417565,0.00026394608975377487,0.07473195468579154,-0.0003142507813751161,38315.83183652005,OK,2,2
6,UTS,Ref/IMG,6471,23,j:OK,K:\NINJA\E71a\ManualCheck\ScanData\UTS\ECC6\Ref\IMG\Event06471\PL023,1.0001205970571647,0.0035380089754281,-0.0038391390678694,1.0003237996585772,95983.27766871698,-188794.74179852376,200,0.5,0.14,210,70,144070.8543518589,-129388.6763605996,6601.5,144105.56634291107,-129346.33538353072,6601.5,-0.16456,-0.20219,47905.6,59613.02,1.000127965635779,1.0003300563668391,1.000458018673508,0.0004580186735079206,0.00033005636683913764,-0.21993886114903433,-0.0003018082833085836,211792.9274617103,OK,3,3
6,UTS,Ref/IMG,6956,24,j:OK,K:\NINJA\E71a\ManualCheck\ScanData\UTS\ECC6\Ref\IMG\Event06956\PL024,1.0000158331818334,0.0012661376981683,-0.0016205625503091,1.0002390304530042,-129443.66296771212,-136842.236308945,200,0.5,0.14,210,70,-55298.57884128613,-66910.39422877687,-388.25,-55306.27595546657,-66894.18055043744,-388.25,0.03675,-0.07713,74047.52,70051.31,1.0000171462716707,1.0002398318134689,1.0002569192747874,0.00025691927478743715,0.0002398318134688715,-0.0928498431810982,-0.00035470101710613857,188365.22906452717,OK,2,2
6,UTS,Ref/IMG,5573,24,j:OK,K:\NINJA\E71a\ManualCheck\ScanData\UTS\ECC6\Ref\IMG\Event05573\PL024,1.0000586364133173,-0.0062774809125132,0.0058811194278314,1.0002043468166917,-129204.67820586223,-56041.516497019526,200,0.5,0.14,210,70,-30644.624206193366,-28216.256745785075,-374.75,-30630.707441999533,-28224.755474108624,-374.75,-0.06601,0.04085,98739.12,27230.5,1.000075929032685,1.0002240459805052,1.0002999138271258,0.0002999138271257973,0.0002240459805051831,0.3369396807152246,-0.0003954091660171838,140835.01141962578,OK,1,1
6,UTS,Ref/IMG,13423,25,j:OK,K:\NINJA\E71a\ManualCheck\ScanData\UTS\ECC6\Ref\IMG\Event13423\PL025,0.9999343815360164,-0.009846114435974,0.0096140090387227,1.000273686077514,-55496.31498216168,56417.32629785963,200,0.5,0.14,210,70,7661.559767332721,78732.32119330666,13858.25,7546.837587751819,78849.8803743284,13858.25,0.5407700000000001,-0.5648500000000001,63262.130000000005,21818.38,0.999980598085589,1.0003221446257118,1.0003027102878543,0.0003027102878543353,0.00032214462571178437,0.5508613162128032,-0.00022875883628227438,79137.5744081057,OK,1,1
6,UTS,Ref/IMG,4891,25,j:OK,K:\NINJA\E71a\ManualCheck\ScanData\UTS\ECC6\Ref\IMG\Event04891\PL025,0.99997844862786,-0.0150984103195094,0.0147545383163296,1.0001845616054827,-175240.93833988858,53979.30212012714,200,0.5,0.14,210,70,-98890.00274690814,90635.01793728568,13837.5,-98780.353506026,90517.3849406334,13837.5,-0.51358,0.5676300000000001,76996.66,35395.5,1.0000872932504992,1.000298515078438,1.0003857763293618,0.0003857763293617644,0.00029851507843803304,0.8453296527015057,-0.0003406920397360556,183366.16789260934,OK,3,3
6,UTS,Ref/IMG,8497,25,j:OK,K:\NINJA\E71a\ManualCheck\ScanData\UTS\ECC6\Ref\IMG\Event08497\PL025,1.0001025641725991,-0.0022747604582778,0.0020631249862181,1.0003411992232638,-53591.49248517289,-99779.63421629686,200,0.5,0.14,210,70,19653.60747192093,-56663.39246309184,13857.0,19703.902832326057,-56614.99931098479,13857.0,-0.24,-0.22987,73385.68000000001,42998.56,1.0001046921944305,1.000343785605019,1.000448491505818,0.0004484915058180494,0.0003437856050190202,0.11819606395425492,-0.00021107017645613608,113260.86469353101,OK,1,1
6,UTS,Ref/IMG,566,25,j:OK,K:\NINJA\E71a\ManualCheck\ScanData\UTS\ECC6\Ref\IMG\Event00566\PL025,1.0001573990959087,-0.0053613766739927,0.00507132639999,1.0003175362233572,-174505.03330666918,-21803.518982256614,200,0.5,0.14,210,70,-61536.10751683062,48572.084565868805,13856.25,-61590.591750928914,48326.79667041072,13856.25,0.26566,1.16632,113269.41,69533.81,1.000170256165293,1.0003319037378584,1.0005021745902474,0.0005021745902473729,0.00033190373785840777,0.2905173819457455,-0.0002891386098563911,175861.8778740047,OK,6,6
6,UTS,Ref/IMG,566,26,j:OK,K:\NINJA\E71a\ManualCheck\ScanData\UTS\ECC6\Ref\IMG\Event00566\PL026,1.0001186117133387,-0.0056134017820423,0.0052238876208393,1.0003678809176428,-174094.04957456715,-21610.982358179976,200,0.5,0.14,210,70,-97937.29470289843,42277.46714429909,13847.75,-97932.00515016937,42294.13758096995,13847.75,-0.02563,-0.07922,76509.32,63482.09,1.0001322545030187,1.000383630139569,1.0005158600460473,0.0005158600460473117,0.00038363013956899117,0.29926849467231126,-0.0003880579949855376,175430.250115986,OK,5,5
6,UTS,Ref/IMG,3948,26,j:OK,K:\NINJA\E71a\ManualCheck\ScanData\UTS\ECC6\Ref\IMG\Event03948\PL026,1.0001330197495992,-0.0136241282930138,0.0132676064828129,1.000306542553833,-173660.59329138743,-101544.28689311843,200,0.5,0.14,210,70,-74052.40942310527,-59013.66540036381,13859.25,-74082.8327172582,-59009.54128579605,13859.25,0.14456,-0.02155,100125.67,41193.69,1.0002210188629486,1.0003993182463429,1.000620362652509,0.0006203626525089767,0.0003993182463428724,0.7600321684429936,-0.0003540473424084019,201169.6892251629,OK,1,1
6,UTS,Ref/IMG,11863,26,j:OK,K:\NINJA\E71a\ManualCheck\ScanData\UTS\ECC6\Ref\IMG\Event11863\PL026,1.0001408336189863,0.0027350488394464,-0.0029859711372325,1.0002971544539565,-54116.6725859725,56177.03316853282,200,0.5,0.14,210,70,25527.385436037825,104991.67601647814,13862.5,25551.30506214431,105060.50353302834,13852.75,-0.11299,-0.32799,79522.47,49106.33,1.00014529099312,1.0003008935819446,1.0004461966991733,0.00044619669917334015,0.0003008935819446279,-0.1710589447453176,-0.00025131226294085204,78003.03396276188,OK,2,2
6,UTS,Ref/IMG,5573,26,j:OK,K:\NINJA\E71a\ManualCheck\ScanData\UTS\ECC6\Ref\IMG\Event05573\PL026,1.000142755192872,-0.0014379242770616,0.0011005512933449,1.000280281361977,-173664.83564243562,57825.01143227994,200,0.5,0.14,210,70,-72927.13271891676,91224.52263606351,13860.25,-73001.54825509677,91380.6449655219,13851.500000000002,0.35324,-0.7436200000000001,100696.99,33435.44,1.0001433607128223,1.000281314884879,1.0004246590758918,0.00042465907589184226,0.0002813148848790359,0.06304791837739775,-0.00033712660781895796,183038.8130584808,OK,2,2
6,UTS,Ref/IMG,8497,26,j:OK,K:\NINJA\E71a\ManualCheck\ScanData\UTS\ECC6\Ref\IMG\Event08497\PL026,1.0002198349096978,0.0078704175591645,-0.0081556911476533,1.0003407797446269,-53577.83036743973,-99807.5793262532,200,0.5,0.14,210,70,18776.607180520867,-57613.46738951808,13858.0,18744.0257368402,-57555.68254051513,13858.0,0.15727,-0.27379,71968.99,42824.26,1.0002530846965076,1.0003717404508403,1.0006248782644247,0.0006248782644246997,0.0003717404508403188,-0.4671736250969039,-0.0002861438734930971,113279.02187893604,OK,1,1
6,UTS,Ref/IMG,8497,27,j:OK,K:\NINJA\E71a\ManualCheck\ScanData\UTS\ECC6\Ref\IMG\Event08497\PL027,1.0001147274980071,0.0135316838981294,-0.0141403678579448,1.0002064516216749,120342.11497683612,-102906.50517634428,200,0.5,0.14,210,70,194311.6892358534,-61642.80519501559,-355.75,194277.7163066666,-61568.83974165853,-355.75,0.16649,-0.34979,73353.90000000001,42366.17,1.0002146860357386,1.0002979817708026,1.000512545793417,0.0005125457934169741,0.00029798177080264665,-0.8100364857014604,-0.0006097381733149268,158341.31944854764,OK,1,1
6,UTS,Ref/IMG,566,27,j:OK,K:\NINJA\E71a\ManualCheck\ScanData\UTS\ECC6\Ref\IMG\Event00566\PL027,1.000130027248733,-0.002938934561264,0.0025624762294941,1.0003755708285391,791.9273908984652,-24998.344818789454,200,0.5,0.14,210,70,79805.2097111291,37446.02491606609,-371.5,79801.56158884952,37451.71715249952,-371.5,0.01729,-0.02714,79182.21,62223.79,1.0001333099587166,1.000379887866045,1.000513177861667,0.0005131778616669358,0.00037988786604503666,0.14679966382909299,-0.00037568526213939256,25010.885483556012,OK,6,6
6,UTS,Ref/IMG,6533,27,j:OK,K:\NINJA\E71a\ManualCheck\ScanData\UTS\ECC6\Ref\IMG\Event06533\PL027,1.000179035322878,-0.0039837692245454,0.0036894181377502,1.0002891144296944,623.5148518190134,56000.04823829437,200,0.5,0.14,210,70,127754.57120699243,67024.43877221085,-368.5,127862.43242223012,67536.7831331147,-368.5,-0.52324,-2.4371,127260.21,11064.02,1.0001858399845491,1.000297047313335,1.0004828993047015,0.00048289930470146736,0.0002970473133350193,0.21134929039026423,-0.0002938557427564042,56003.51929532406,OK,2,2
6,UTS,Ref/IMG,11863,27,j:OK,K:\NINJA\E71a\ManualCheck\ScanData\UTS\ECC6\Ref\IMG\Event11863\PL027,1.0001803812155907,-0.0037195345013665,0.0032194924536352,1.0002881718997358,120608.973517064,55655.4954806849,200,0.5,0.14,210,70,176380.69139809234,106620.00669642762,-357.75,176399.38343603976,106624.37945846363,-357.75,-0.08907,-0.02053,55969.17,50774.06,1.0001855628333292,1.0002950873514387,1.0004805801093823,0.00048058010938234474,0.00029508735143868314,0.18442942506855334,-0.0004995450808404203,132830.94018352946,OK,2,2
6,UTS,Ref/IMG,3948,27,j:OK,K:\NINJA\E71a\ManualCheck\ScanData\UTS\ECC6\Ref\IMG\Event03948\PL027,1.0001825889707645,-0.0042536975768145,0.0038923335417303,1.000355048179448,1166.3818366574194,-103711.67911721028,200,0.5,0.14,210,70,100733.73596850022,-63439.4110537431,-370.25,100693.71234280404,-63527.79328355674,-370.25,0.19234,0.41997,99678.35,39781.78,1.0001901626894063,1.000364091899135,1.0005542587878489,0.0005542587878488714,0.0003640918991349995,0.2229724462687832,-0.0003605588810307416,103718.23770147696,OK,1,1
6,UTS,Ref/IMG,3948,28,j:OK,K:\NINJA\E71a\ManualCheck\ScanData\UTS\ECC6\Ref\IMG\Event03948\PL028,1.0000995170722478,0.0001329601746015,-0.00054386955665,1.0003207826257274,381.6519358070496,-103470.82740421798,200,0.5,0.14,210,70,101811.05312673248,-65618.72324736216,-368.75,101817.6497247317,-65572.51621254373,-368.75,-0.03138,-0.21998,101420.86,37941.3,1.0000996649545673,1.0003207914620968,1.000420403934314,0.0004204039343140842,0.0003207914620968477,-0.031158326344438596,-0.00041089783637664694,103471.53126301733,OK,1,1
6,UTS,Ref/IMG,566,28,j:OK,K:\NINJA\E71a\ManualCheck\ScanData\UTS\ECC6\Ref\IMG\Event00566\PL028,1.0001333171183582,-0.0008010204586089,0.0003330315977628,1.000369843741865,-21.54372420257385,-25129.910727042785,200,0.5,0.14,210,70,76114.4874734109,35490.16224049823,-378.5,76113.56596324999,35447.55396982792,-378.5,0.00455,0.20282,76173.44,60529.71,1.000133372565987,1.0003701644400929,1.0005034769318484,0.0005034769318483789,0.0003701644400928572,0.019078760765651757,-0.0004677369349851663,25129.919961694915,OK,4,4
6,UTS,Ref/IMG,599,28,j:OK,K:\NINJA\E71a\ManualCheck\ScanData\UTS\ECC6\Ref\IMG\Event00599\PL028,1.0001344069132672,-0.0025561388922813,0.0020084980735295,1.0002484777651266,120760.13361242236,57353.96337989293,200,0.5,0.14,210,70,179453.06648514702,86996.66670663194,-347.5,179383.28725981642,86559.89726807558,-347.5,0.33755,2.07866,58689.6,29080.83,1.0001364236724228,1.0002517438712564,1.0003880520755641,0.0003880520755641381,0.0002517438712563713,0.1150628428291763,-0.000547272862019607,133688.02109939468,OK,2,2
6,UTS,Ref/IMG,12560,28,j:OK,K:\NINJA\E71a\ManualCheck\ScanData\UTS\ECC6\Ref\IMG\Event12560\PL028,1.000203038292742,-0.0018880341213631,0.0013816022565486,1.0003464037449603,120425.90703339856,-25033.302705789603,200,0.5,0.14,210,70,142504.61755411004,-6319.266302682252,-346.0,142462.26084459297,-6561.079256627407,-346.0,0.20383,1.15081,22066.68,18435.35,1.0002039925109416,1.000348185462601,1.0005521208831298,0.0005521208831298363,0.0003481854626010694,0.07914385868503186,-0.000506057146290055,123000.26556547121,OK,1,1
6,UTS,Ref/IMG,6533,28,j:OK,K:\NINJA\E71a\ManualCheck\ScanData\UTS\ECC6\Ref\IMG\Event06533\PL028,1.000319084382992,-0.0036974786280431,0.0033247115038997,1.0002059765969098,-737.1244464229582,56622.63375737168,200,0.5,0.14,210,70,101978.40791478692,60660.61039901126,-370.25,102031.84387444051,60715.58055821826,-370.25,-0.25534,-0.26086,102750.05,3750.56,1.0003246094580558,1.0002128108399646,1.0005374197535475,0.0005374197535474856,0.0003246094580557912,0.19043047245393233,-0.0003730616024199738,56627.4315687279,OK,1,1
6,UTS,Ref/IMG,2189,29,j:OK,K:\NINJA\E71a\ManualCheck\ScanData\UTS\ECC6\Ref\IMG\Event02189\PL029,1.0002987444317508,-0.0052861488707063,0.0047286879739855,1.0004798645256794,-3333.9217232167093,-26375.75931582104,200,0.5,0.14,210,70,60794.79390242262,35475.8207705392,-375.75,60785.88899379152,35475.04960669395,-375.75,0.04241,0.00347,64425.75,61516.64,1.0003099212752478,1.0004938294118586,1.000803748862879,0.000803748862878928,0.000493829411858604,0.2708509301648626,-0.0005563237439138118,26585.62983159618,OK,2,2
6,UTS,Ref/IMG,2189,30,j:OK,K:\NINJA\E71a\ManualCheck\ScanData\UTS\ECC6\Ref\IMG\Event02189\PL030,1.0000959111783232,-0.0003739791414634,-2.6040456168751747e-05,1.0003164142307737,-3469.5725190385906,-24636.21254308056,200,0.5,0.14,210,70,60660.90860386908,35104.28964274051,-396.5,60667.53691006248,35126.57121796811,-396.5,-0.0316,-0.10607,64153.3,59745.55,1.0000959115173433,1.0003164841388503,1.000412346018171,0.00041234601817108363,0.0003164841388503259,-0.0014918651481834414,-0.00039989877732578207,24879.326798221606,OK,2,2
6,UTS,Ref/IMG,4716,31,j:OK,K:\NINJA\E71a\ManualCheck\ScanData\UTS\ECC6\Ref\IMG\Event04716\PL031,1.000299353537105,-0.0058888084169417,0.0054245928459658,1.0004677094192065,1048.8529037293135,-25845.84197430194,200,0.5,0.14,210,70,88070.55548526299,17855.52482102238,-379.75,88059.51518766134,17836.803430361215,-379.75,0.05308,0.08882,87238.88,43189.21,1.0003140621296367,1.000485040195547,1.0007991473547904,0.0007991473547903638,0.00048504019554695965,0.3107102167098248,-0.0004630711616525177,25867.11502611471,OK,1,1
6,UTS,Ref/IMG,4716,32,j:OK,K:\NINJA\E71a\ManualCheck\ScanData\UTS\ECC6\Ref\IMG\Event04716\PL032,1.0001297252740695,-0.0074653365226842,0.0069692951831719,1.0003811228108082,1063.0205261669976,-25309.60745485424,200,0.5,0.14,210,70,90336.60984483232,19562.597320572764,-383.5,90307.63758341227,19482.32766464828,-383.5,0.14079,0.38111,89562.6,44150.92,1.0001540073669335,1.0004089774315355,1.000562925660007,0.0005629256600070409,0.0004089774315354511,0.39925294385289745,-0.000494075436889292,25331.921406752106,OK,1,1
6,UTS,Ref/IMG,561,33,j:OK,K:\NINJA\E71a\ManualCheck\ScanData\UTS\ECC6\Ref\IMG\Event00561\PL033,1.0003825518856404,-0.0017295733546512,0.001401850999719,1.0003067855823036,-1201.1800441422065,56367.09606483708,200,0.5,0.14,210,70,99964.4587794913,66326.20846071295,-368.25,99840.06269144006,66602.54681646802,-368.25,0.58986,-1.3163200000000002,101020.05,10090.74,1.0003835341025218,1.0003082808344583,1.0006918794334834,0.0006918794334833667,0.00038353410252178755,0.0802893783626175,-0.0003277271735020205,56379.89315599151,OK,1,1
6,UTS,Ref/IMG,561,34,j:OK,K:\NINJA\E71a\ManualCheck\ScanData\UTS\ECC6\Ref\IMG\Event00561\PL034,1.0001703957007728,-0.0104380362025218,0.0100885143607305,1.000256870726107,-509.48397451357147,55253.717395010055,200,0.5,0.14,210,70,105039.86667097975,66483.16984276292,-375.25,105088.16370041024,66543.91101854426,-375.25,-0.23294,-0.28682,105686.33,10221.35,1.0002212747978556,1.0003113315536063,1.0005326144746742,0.0005326144746742312,0.0003113315536062977,0.5779112184725016,-0.00034852334451890206,55256.06627229197,OK,1,1
6,UTS,Ref/IMG,561,35,j:OK,K:\NINJA\E71a\ManualCheck\ScanData\UTS\ECC6\Ref\IMG\Event00561\PL035,1.0001548756767142,-0.0018296337145155,0.0015078379510136,1.0003082452501564,833.33163802513,57459.25257154664,200,0.5,0.14,210,70,106350.0351133776,68122.4080148297,-373.75,106354.10611820155,68081.9093590742,-373.75,-0.01903,0.19282,105523.57,10460.32,1.0001560122876783,1.000309918512746,1.0004659274577137,0.0004659274577136774,0.0003099185127459769,0.08637930727595525,-0.0003214645495971041,57465.29515890197,OK,1,1
6,UTS,Ref/IMG,8189,35,j:OK,K:\NINJA\E71a\ManualCheck\ScanData\UTS\ECC6\Ref\IMG\Event08189\PL035,1.0001742556570157,0.0079156902102616,-0.0082091765527813,1.0003515522792876,559.4142133920253,-101106.27091126068,200,0.5,0.14,210,70,96668.41724946784,-31551.677019709645,-370.75,96710.84625066804,-31333.08891229103,-370.75,-0.19376,-1.0421200000000002,95576.46,70532.99,1.0002079445089107,1.0003828698548798,1.0005908504947498,0.0005908504947498283,0.000382869854879786,-0.47025866288208196,-0.00029481873683295405,101107.8185000714,OK,1,1
6,UTS,Ref/IMG,561,36,j:OK,K:\NINJA\E71a\ManualCheck\ScanData\UTS\ECC6\Ref\IMG\Event00561\PL036,1.0001825148097627,-0.0066515870730197,0.0063281635259907,1.0002936381692724,-1248.6737652737534,52402.194940973066,200,0.5,0.14,210,70,107078.69589805148,64986.544669264506,-373.5,107100.92519878404,64992.2290747871,-373.5,-0.10601,-0.02639,108408.97,11900.51,1.0002025337824298,1.0003157532362015,1.0005182989030552,0.0005182989030552143,0.000315753236201477,0.36250606138699887,-0.0003226121435083199,52417.06993722394,OK,1,1
6,UTS,Ref/IMG,8189,36,j:OK,K:\NINJA\E71a\ManualCheck\ScanData\UTS\ECC6\Ref\IMG\Event08189\PL036,1.0002637853062193,0.0040614073655424,-0.0043518301506323,1.0003732946441808,-1225.713260942387,-103611.11847784204,200,0.5,0.14,210,70,95024.44910244358,-32788.52532016178,-372.25,95039.87680219176,-32812.60692632799,-372.25,-0.07391,0.11431,95951.15,71189.5,1.0002732519770716,1.0003815390474986,1.0006548529750694,0.0006548529750693977,0.00038153904749860246,-0.249274172727826,-0.000290785526322981,103618.36828105079,OK,1,1
6,UTS,Ref/IMG,8189,37,j:OK,K:\NINJA\E71a\ManualCheck\ScanData\UTS\ECC6\Ref\IMG\Event08189\PL037,1.000053371634043,-0.006129662546437,0.0054340921532641,1.000433866896245,38.2206921102496,-102549.13762543144,200,0.5,0.14,210,70,95123.11778672723,-33752.87723647565,-358.25,95009.22013650958,-33685.598728662575,-358.25,0.5403600000000001,-0.32317,95384.66,68315.57,1.0000681354158563,1.000452644954226,1.0005205708376188,0.0005205708376188056,0.00045264495422592255,0.31133086535104154,-0.0006931788552634782,102549.1447479743,OK,1,1
6,UTS,Ref/IMG,2620,37,j:OK,K:\NINJA\E71a\ManualCheck\ScanData\UTS\ECC6\Ref\IMG\Event02620\PL037,1.0002657824641124,-0.0006289249645759,-0.0001477917969412,1.0004378296504115,120554.44972114958,-23832.768542321635,200,0.5,0.14,210,70,132308.75402209998,-13370.80202740242,-349.0,132627.93021169887,-12907.321272079003,-349.0,-1.5208700000000002,-2.20631,12077.14,10922.45,1.000265793382418,1.0004380273371443,1.0007036355320165,0.0007036355320164667,0.00043802733714426445,-0.008465596142762249,-0.0007764020881059622,122887.65684136491,OK,1,1
6,UTS,Ref/IMG,8189,38,j:OK,K:\NINJA\E71a\ManualCheck\ScanData\UTS\ECC6\Ref\IMG\Event08189\PL038,1.0002952325176024,-0.0017745596570578,0.0011203426701947,1.000404157554048,-103.52694536214156,-104562.00643473447,200,0.5,0.14,210,70,97061.0359216178,-36885.96420588989,-363.0,97081.32152448985,-36943.92082423428,-363.0,-0.09608,0.27598,97275.88,67481.83,1.0002958599160265,1.0004057314476968,1.0007014975070074,0.0007014975070074314,0.00040573144769684433,0.06417193412798841,-0.0006538293001492188,104562.0576857871,OK,1,1
6,UTS,Ref/IMG,2620,38,j:OK,K:\NINJA\E71a\ManualCheck\ScanData\UTS\ECC6\Ref\IMG\Event02620\PL038,1.0004371145138844,-0.0030035796868848,0.0022470024707999,1.0003695298257556,120351.4408210834,-25028.51352908146,200,0.5,0.14,210,70,207372.63455916935,-3530.9537706910364,-345.0,207356.81339508967,-3500.483731157325,-345.0,0.07487,-0.14521,87031.38,21324.59,1.000439637917736,1.000374038894822,1.0008135549174677,0.000813554917467707,0.00043963791773604655,0.12868729056319306,-0.0007564441644605723,122926.3836496712,OK,1,1
6,UTS,Ref/IMG,2620,39,j:OK,K:\NINJA\E71a\ManualCheck\ScanData\UTS\ECC6\Ref\IMG\Event02620\PL039,1.0002460391050938,0.0021714614915261,-0.0024331375556664,1.000409146376564,116595.29955752022,-26066.53392746413,200,0.5,0.14,210,70,206774.91008104585,-4109.747829179634,-339.5,206775.200879904,-4097.708448870275,-339.5,-0.00126,-0.05731,90109.57,22179.0,1.0002489984517824,1.0004115030320746,1.000660569612172,0.0006605696121719795,0.0004115030320746005,-0.1393739465028669,-0.00026196425449214703,119473.54548141405,OK,1,1
6,UTS,Ref/IMG,595,39,j:OK,K:\NINJA\E71a\ManualCheck\ScanData\UTS\ECC6\Ref\IMG\Event00595\PL039,1.0002922725450378,-0.0034450781232604,0.0031717913995114,1.0003419391037762,116273.48079293128,55329.32100467294,200,0.5,0.14,210,70,140930.80680302446,63867.70248500611,-350.75,141130.4940228008,64290.20227475064,-350.75,-0.95753,-2.0081800000000003,24880.33,8878.93,1.0002973011929994,1.0003478713393548,1.000645238657388,0.0006452386573880808,0.0003478713393547661,0.18167655256132345,-0.0002730328844361971,128766.67308951607,OK,1,1
6,UTS,Ref/IMG,595,40,j:OK,K:\NINJA\E71a\ManualCheck\ScanData\UTS\ECC6\Ref\IMG\Event00595\PL040,1.000147299959442,-0.0049556065852892,0.0043798103387356,1.0004050383250291,120461.06746062996,52671.46227731804,200,0.5,0.14,210,70,192683.9299497697,69290.46968566175,-358.25,192704.0864701433,69269.81160488063,-358.25,-0.09548,0.09875,72313.02,16275.04,1.0001568898701672,1.0004173122965891,1.000574102563557,0.0005741025635570551,0.00041731229658914515,0.25090608491039185,-0.0005744223439959004,131473.0075421772,OK,1,1
6,UTS,Ref/IMG,2620,40,j:OK,K:\NINJA\E71a\ManualCheck\ScanData\UTS\ECC6\Ref\IMG\Event02620\PL040,1.0002057792551964,-0.0048725800344301,0.0042876855692996,1.0004427363704065,120643.5288882858,-24235.79975905496,200,0.5,0.14,210,70,205281.610667686,-1569.6537735614672,-345.75,205299.76227861096,-1581.5851263324255,-345.75,-0.08614,0.05716,84747.36,22280.98,1.0002149694455866,1.0004546020647307,1.0006694988226623,0.0006694988226623177,0.0004546020647306914,0.2456142398573809,-0.0005836080023494916,123053.78926542513,OK,1,1
6,UTS,Ref/IMG,5228,41,j:OK,K:\NINJA\E71a\ManualCheck\ScanData\UTS\ECC6\Ref\IMG\Event05228\PL041,1.0003337088546662,-0.0023338568187834,0.0018920963947971,1.0005234555139124,116954.3183194078,-25134.03352902233,200,0.5,0.14,210,70,233786.12166806584,45971.929968402976,-349.25,233887.3525297119,45698.26505877502,-349.25,-0.47885,1.30339,117058.68,70573.87,1.000335498270305,1.0005261775291792,1.0008617549323915,0.0008617549323914897,0.0005261775291791615,0.10837284359358035,-0.00044116860219331716,119624.54687477561,OK,1,1
6,UTS,Ref/IMG,595,41,j:OK,K:\NINJA\E71a\ManualCheck\ScanData\UTS\ECC6\Ref\IMG\Event00595\PL041,1.0003788227940644,-0.0063252610968958,0.0057882655960689,1.0005787461208502,116725.17869758818,56486.65009369248,200,0.5,0.14,210,70,189862.912394244,66056.55583742594,-350.5,189846.34945886693,66024.9301132468,-350.5,0.07979,0.15005,73151.08,9109.59,1.0003955683195767,1.0005987388142745,1.0009944004483304,0.0009944004483304347,0.0005987388142745242,0.33151390341807313,-0.0005355091302690582,129674.62735936874,OK,1,1
6,UTS,Ref/IMG,5228,42,j:OK,K:\NINJA\E71a\ManualCheck\ScanData\UTS\ECC6\Ref\IMG\Event05228\PL042,0.9998837516892204,-0.0149412993452355,0.0145954076978725,1.0003945606840785,-188920.26414823855,22152.42038017736,200,0.5,0.14,210,70,-108314.6670520396,87751.7236784622,8271.5,-108351.5558215029,87865.24514645577,8271.5,0.16757,-0.54281,81541.86,64497.24,0.9999902713616656,1.0005061316515829,1.0004963408617655,0.0004963408617655318,0.000506131651582864,0.8362930914534717,-0.00033822807673655313,190214.60494541508,OK,1,1
6,UTS,Ref/IMG,595,42,j:OK,K:\NINJA\E71a\ManualCheck\ScanData\UTS\ECC6\Ref\IMG\Event00595\PL042,0.9999984271629688,-0.0128975624114604,0.0125835646292958,1.0002637697536687,-190177.7050389865,103731.87079657064,200,0.5,0.14,210,70,-110758.0433767844,113919.84450425253,8262.25,-110828.73823387518,113811.00253415962,8262.25,0.34327,0.5138400000000001,79466.16,9076.77,1.0000775972029325,1.0003469179229663,1.0004244938119355,0.0004244938119355446,0.0003469179229662611,0.7209482268566135,-0.00031052650110224427,216628.392674765,OK,1,1
6,UTS,Ref/IMG,5228,43,k:Retake,K:\NINJA\E71a\ManualCheck\ScanData\UTS\ECC6\Ref\IMG\Event05228\PL043,0.9502515494544924,-0.0415138638552046,-0.1558535090991354,1.0879088925908118,-162305.21698568325,-77664.74635744383,200,0.5,0.14,210,70,-92374.086670686,-18654.052393358223,5325.0,-92349.9704851392,-18655.93496561389,5325.0,-0.12125,-0.00913,76465.8,65195.05,0.9629477262755118,1.0887006748736565,1.0273170294916425,0.027317029491642497,0.08870067487365652,-9.314318473592477,-0.19936154109682283,179929.97606717955,FAIL,2,2
6,UTS,Ref/IMG,5228,44,j:OK,K:\NINJA\E71a\ManualCheck\ScanData\UTS\ECC6\Ref\IMG\Event05228\PL044,1.0003073220763203,-0.0025610264716706,0.0018832743493264,1.0004651164560716,-168543.08961508362,-90556.06422394654,200,0.5,0.14,210,70,-87249.67970865832,-21633.01400415589,5330.25,-87393.278981978,-21693.51965146081,5330.25,0.6843300000000001,0.2867,81300.71,68677.49,1.0003090948910611,1.000468394354389,1.000777404588409,0.0007774045884090253,0.00046839435438905674,0.107870393438889,-0.0006771366759078996,191330.0128697263,OK,2,2
6,UTS,Ref/IMG,8742,45,j:OK,K:\NINJA\E71a\ManualCheck\ScanData\UTS\ECC6\Ref\IMG\Event08742\PL045,1.0000400446003093,-0.0020185301220589,0.0015641721829344,1.0005155515825062,-178756.45584964348,24877.110157843712,200,0.5,0.14,210,70,-107971.69683048296,91172.03570848524,8276.0,-108007.84945767005,91199.92575044151,8276.0,0.17188,-0.13301,70879.35,66177.83,1.0000412678678847,1.000517587762604,1.0005587741565398,0.0005587741565398208,0.0005175877626040215,0.08961680276130878,-0.00045337897583477713,180479.19857349497,OK,1,1
6,UTS,Ref/IMG,8742,46,j:OK,K:\NINJA\E71a\ManualCheck\ScanData\UTS\ECC6\Ref\IMG\Event08742\PL046,1.0002728944435464,0.002313789210377,-0.0029168752340563,1.0007011518576665,-166945.31374199482,-89779.81900345701,200,0.5,0.14,210,70,-102924.69709097336,-20803.302375048093,5331.5,-102916.0393689765,-20762.80885874995,5331.5,-0.04077,-0.19281,63851.84,69154.77,1.0002771473544725,1.0007038267888109,1.0009809866761035,0.000980986676103468,0.0007038267888108685,-0.16707857175033877,-0.0006039072407606626,189555.14680616453,OK,1,1
6,UTS,Ref/IMG,361,47,j:OK,K:\NINJA\E71a\ManualCheck\ScanData\UTS\ECC6\Ref\IMG\Event00361\PL047,1.0002554455338593,0.0016282570696864,-0.0019425911845595,1.0004073264903486,-169020.38181107206,-90476.01082859575,200,0.5,0.14,210,70,-158889.0105982888,-34981.710804136535,5321.75,-158461.96704557416,-34941.06074347384,5321.75,-2.0327,-0.19744,10465.32,55532.66,1.0002573318804764,1.000408651560277,1.0006660391117705,0.0006660391117705444,0.0004086515602770291,-0.1112737118879896,-0.00031449996788280964,191712.80083243464,OK,1,1
6,UTS,Ref/IMG,71,47,j:OK,K:\NINJA\E71a\ManualCheck\ScanData\UTS\ECC6\Ref\IMG\Event00071\PL047,1.0002845138835144,-0.0049405026144672,0.0046284863081572,1.0003246414752671,-288868.87425388786,-10172.9944885262,200,0.5,0.14,210,70,-159829.1991696139,45393.219947503545,5314.25,-159824.18549318193,45460.53582285341,5314.25,-0.02545,-0.32033,129279.72,55017.3,1.0002952222222614,1.0003368417231795,1.000632114772495,0.0006321147724950293,0.0003368417231794929,0.26511540934707095,-0.0003117222898529644,289047.9481497353,OK,1,1
6,UTS,Ref/IMG,7667,47,j:OK,K:\NINJA\E71a\ManualCheck\ScanData\UTS\ECC6\Ref\IMG\Event07667\PL047,1.000286553407472,0.0001236760064973,-0.0005083738091638,1.0004177653670696,-288602.3117792522,-169414.11424352496,200,0.5,0.14,210,70,-170631.20360988216,-105932.53802739152,5335.0,-170648.9269087157,-105919.75778595838,5324.75,0.08438,-0.06079,117911.74,63527.76,1.0002866825924104,1.0004177730117532,1.0007045013602736,0.0007045013602735573,0.00041777301175316417,-0.029119326929867538,-0.0003846037615179064,334652.71023741434,OK,2,2
6,UTS,Ref/IMG,361,48,j:OK,K:\NINJA\E71a\ManualCheck\ScanData\UTS\ECC6\Ref\IMG\Event00361\PL048,0.9999897821787176,0.0022651542091985,-0.0025848231961185,1.0006161716003683,-14519.889434333138,-134653.79093297338,200,0.5,0.14,210,70,27249.549351745787,-79197.13595801043,-342.5,27263.052826777417,-79186.69585077623,-342.5,-0.06419,-0.04985,41657.56,55540.55,0.9999931228627496,1.000618735479088,1.0006118025062973,0.000611802506297332,0.0006187354790880839,-0.14810064335274573,-0.00032108836727659523,135434.3774741338,OK,1,1
6,UTS,Ref/IMG,7667,48,j:OK,K:\NINJA\E71a\ManualCheck\ScanData\UTS\ECC6\Ref\IMG\Event07667\PL048,1.000131612326303,0.0023720973740913,-0.0025500461209206,1.0004246270127162,-134983.1448878363,-213343.06976608737,200,0.5,0.14,210,70,-18657.272835625437,-149142.08902127313,-351.25,-18657.738238820253,-149129.32484029117,-351.25,0.00236,-0.06075,116157.16,64482.57,1.0001348632607652,1.0004274392375914,1.0005623441828755,0.0005623441828754849,0.00042743923759136493,-0.14608733678468247,-0.00017861891988075156,252459.33300440336,OK,2,2
6,UTS,Ref/IMG,71,48,j:OK,K:\NINJA\E71a\ManualCheck\ScanData\UTS\ECC6\Ref\IMG\Event00071\PL048,1.000165366094835,-0.0027287548348498,0.0023057966798526,1.0003472110172933,-135299.3253961337,-58883.27119287531,200,0.5,0.14,210,70,-80882.21888904733,-5709.362050685635,-401.25,-80970.05642102074,-5712.274510324991,-401.25,0.41824,0.0129,54464.96,53027.0,1.0001680240009398,1.0003509327696085,1.0005189264828969,0.0005189264828968643,0.00035093276960851405,0.13209034085120505,-0.0004223895736817914,147557.26711694876,OK,1,1
6,UTS,Ref/IMG,7667,49,j:OK,K:\NINJA\E71a\ManualCheck\ScanData\UTS\ECC6\Ref\IMG\Event07667\PL049,1.000212706527711,-0.0136427285671136,0.0132184240532491,1.0002252353137684,-33721.14617002367,-210533.6502099024,200,0.5,0.14,210,70,82546.51637839037,-144008.58721594006,6493.25,82580.97790087802,-144002.5498230465,6493.25,-0.16443,-0.02657,117163.54,64967.75,1.0003000475027184,1.00031827205207,1.0006183251219445,0.0006183251219444852,0.0003182720520700233,0.7571547713407103,-0.00042396696784309724,213217.10430855598,OK,2,2
6,UTS,Ref/IMG,71,49,j:OK,K:\NINJA\E71a\ManualCheck\ScanData\UTS\ECC6\Ref\IMG\Event00071\PL049,1.0002743521557291,-0.0068582663125267,0.0065386468947447,1.0002005716958622,-35776.972929482195,-56009.40456060979,200,0.5,0.14,210,70,19803.154651636534,692.2796124168289,6445.0,19775.37954729564,711.2799567747717,6445.0,0.1316,-0.09132,55923.43,56343.72,1.0002957230158378,1.000224084611815,1.0005198226605962,0.0005198226605962475,0.00029572301583780103,0.37452878201879186,-0.00032002315874717346,66460.85457794655,OK,1,1
6,UTS,Ref/IMG,361,49,j:OK,K:\NINJA\E71a\ManualCheck\ScanData\UTS\ECC6\Ref\IMG\Event00361\PL049,1.000283422702145,0.0015284206200233,-0.00169336770552,1.000296500712732,83642.05994691352,-130931.55907489885,200,0.5,0.14,210,70,128064.23402552486,-75416.32716690951,6496.5,128052.16027210768,-75409.12678060343,6496.5,0.05753,-0.03418,44312.59,55580.99,1.00028485604197,1.000297668400626,1.0005825956280288,0.0005825956280287592,0.00029766840062595,-0.09699523935246039,-0.00016491989727093805,155367.5234852728,OK,2,2
6,UTS,Ref/IMG,8346,49,j:OK,K:\NINJA\E71a\ManualCheck\ScanData\UTS\ECC6\Ref\IMG\Event08346\PL049,1.00030844242109,-0.0037665238521056,0.0034140428741604,1.000266587415455,-35401.183605334314,-132361.68246786078,200,0.5,0.14,210,70,25884.574812582818,-89982.56649248891,6472.0,25756.02392580262,-89728.15153833601,6472.0,0.6073900000000001,-1.2132500000000002,61298.05,42412.95,1.000314268451497,1.0002736788507878,1.0005879711373304,0.0005879711373304453,0.00031426845149695737,0.19554917258906568,-0.0003525252961980576,137014.0824381983,OK,1,1
6,UTS,Ref/IMG,361,50,j:OK,K:\NINJA\E71a\ManualCheck\ScanData\UTS\ECC6\Ref\IMG\Event00361\PL050,1.0003106828672426,0.0081209595835893,-0.0082990747831912,1.0004269260057046,86834.37619173457,-129672.00420501993,200,0.5,0.14,210,70,128553.204823229,-78398.90769873126,6499.25,128569.44960191513,-78387.86074907951,6499.25,-0.0769,-0.05322,41303.16,51604.89,1.0003451089002167,1.0004598863831482,1.0008051379624383,0.000805137962438307,0.0004598863831482003,-0.47534336845453207,-0.00017899113201706195,156061.005902033,OK,2,2
6,UTS,Ref/IMG,71,50,j:OK,K:\NINJA\E71a\ManualCheck\ScanData\UTS\ECC6\Ref\IMG\Event00071\PL050,1.0003252951161767,-0.0031388137475914,0.0029266444364752,1.000423605302512,-33242.65089337145,-52514.24302776658,200,0.5,0.14,210,70,20437.2803095098,556.3563251901243,6450.5,20427.090671485763,556.7487961203369,6450.5,0.0485,-0.00201,53818.25,52891.08,1.0003295763381805,1.0004285292804371,1.0007582244072162,0.0007582244072161792,0.0004285292804371288,0.1676293668921399,-0.0002117900206806131,62151.58533133246,OK,1,1
6,UTS,Ref/IMG,8346,50,j:OK,K:\NINJA\E71a\ManualCheck\ScanData\UTS\ECC6\Ref\IMG\Event08346\PL050,1.0003261186605124,0.0011120306721241,-0.0015172369231528,1.0004608060216993,-33158.18749881488,-130622.03080921728,200,0.5,0.14,210,70,44235.16420942051,-92012.19129982336,6482.5,44342.86746880129,-91943.28522857236,6482.5,-0.51234,-0.32875,77432.68000000001,38778.36,1.0003272692885496,1.0004614240428282,1.0007887621736495,0.0007887621736495376,0.000461424042828229,-0.08690286491025834,-0.0004052230910436593,134764.90763893496,OK,1,1
6,UTS,Ref/IMG,7667,50,j:OK,K:\NINJA\E71a\ManualCheck\ScanData\UTS\ECC6\Ref\IMG\Event07667\PL050,1.0003399915920064,-0.0040136206891965,0.0036361644614811,1.0003642179716985,-32874.06558279861,-209165.97887829045,200,0.5,0.14,210,70,78716.79768942829,-146054.35466682055,6490.0,78721.03743154275,-146082.21471108525,6490.0,-0.01965,0.13269,111808.56,62654.39,1.0003466001693044,1.0003722695822614,1.0007189275796649,0.000718927579664852,0.0003722695822614419,0.20826515130061152,-0.0003772252440679365,211733.58474284515,OK,2,2
6,UTS,Ref/IMG,8346,51,j:OK,K:\NINJA\E71a\ManualCheck\ScanData\UTS\ECC6\Ref\IMG\Event08346\PL051,1.000320671197572,-0.0012043651742494,0.0008489105878565,1.0003673361186167,-36221.94004654312,-131892.06056684826,200,0.5,0.14,210,70,41577.02427445299,-92630.30252055552,6490.75,41562.94099039429,-92621.28324667102,6490.75,0.06699,-0.04299,77807.13,39190.33,1.0003210314065916,1.0003680610997785,1.00068914750865,0.000689147508649901,0.0003680610997784939,0.04862339007103406,-0.0003552840905107672,136775.52625124325,OK,1,1
6,UTS,Ref/IMG,10234,51,j:OK,K:\NINJA\E71a\ManualCheck\ScanData\UTS\ECC6\Ref\IMG\Event10234\PL051,1.0004129095022192,-0.0053212711528132,0.0050865210056287,1.0003893845077083,84387.52680670783,-131172.077654864,200,0.5,0.14,210,70,124621.44972150867,-44690.81110707236,6497.5,124646.02518749084,-44800.398024444905,6497.5,-0.1142,0.52222,40700.02,86131.12,1.0004258404272832,1.0004035368601978,1.0008295215479863,0.0008295215479863227,0.00042584042728321947,0.291313388660878,-0.00023477198323526585,155972.33292108733,OK,1,1
6,UTS,Ref/IMG,8346,52,j:OK,K:\NINJA\E71a\ManualCheck\ScanData\UTS\ECC6\Ref\IMG\Event08346\PL052,1.000210044619986,-0.0063044324440351,0.0058591183339872,1.0003935567664506,-169404.331820715,-199644.60047095089,200,0.5,0.14,210,70,-93804.536598515,-163221.2825722932,7983.5,-93705.56040001808,-163135.91659713586,7983.5,-0.47376,-0.40357,75910.1,36049.73,1.000227205502013,1.0004134216853904,1.0006406224666362,0.0006406224666362093,0.0004134216853903805,0.3356284154779707,-0.0004440479156216352,261831.61408972085,OK,1,1
6,UTS,Ref/IMG,10234,52,j:OK,K:\NINJA\E71a\ManualCheck\ScanData\UTS\ECC6\Ref\IMG\Event10234\PL052,1.000244768121035,0.0014888037581145,-0.0018404198020325,1.0004190088186744,-49452.43850983515,-199068.7895239084,200,0.5,0.14,210,70,-11410.820975845449,-114858.48525988686,8001.5,-11457.656304590084,-114837.33980634571,8001.5,0.22312,-0.10024,37860.06,84265.82,1.0002464612776947,1.0004201166221964,1.0006666195236282,0.0006666195236282313,0.0004201166221964314,-0.10542236415706303,-0.0003517882536463013,205119.29854863283,OK,1,1
6,UTS,Ref/IMG,8669,53,j:OK,K:\NINJA\E71a\ManualCheck\ScanData\UTS\ECC6\Ref\IMG\Event08669\PL053,1.0001499472172326,-0.0026218290268988,0.0019838403090942,1.0005136122654616,-177050.54955808874,-201070.888351428,200,0.5,0.14,210,70,-136197.16928737273,-203152.0954365933,7973.5,-136166.46997601615,-203150.05321578783,7973.5,-0.14619,-0.00943,40872.29,-2159.14,1.0001519147314597,1.0005170474889116,1.0006688377875312,0.0006688377875312401,0.0005170474889115706,0.11364848659471906,-0.0006369367923753544,267911.17789531226,OK,1,1
6,UTS,Ref/IMG,7982,53,j:OK,K:\NINJA\E71a\ManualCheck\ScanData\UTS\ECC6\Ref\IMG\Event07982\PL053,1.0002314865702682,-0.0070040668647356,0.0063614230269059,1.0004519992112848,-56825.860512821615,-200670.43244926,200,0.5,0.14,210,70,40631.07640500437,-154424.43953564795,8004.250000000001,40686.55803353147,-154639.43095021817,8004.250000000001,-0.25696,1.0249400000000002,97807.68,45388.29,1.0002517155343928,1.0004765163053564,1.0007281462455355,0.0007281462455355214,0.0004765163053563892,0.36439342475722164,-0.0006409230096363826,208561.2640985753,OK,1,1
6,UTS,Ref/IMG,7982,54,j:OK,K:\NINJA\E71a\ManualCheck\ScanData\UTS\ECC6\Ref\IMG\Event07982\PL054,1.0001401683164215,0.0619547607563872,-0.0051362607162104,0.9033041819868116,-54781.827400023954,-197200.1743679249,200,0.5,0.14,210,70,10048.58833941911,-160978.294282033,8002.499999999999,10051.418626059836,-160978.96538908756,8002.499999999999,-0.01369,0.00346,62318.26,40452.92,1.0001533569678926,0.9054263291815873,0.9037490124170725,0.0962509875829275,0.09457367081841273,-0.2942422309752104,0.06330172600103756,204667.91977255742,OK,1,1
6,UTS,Ref/IMG,8669,54,j:OK,K:\NINJA\E71a\ManualCheck\ScanData\UTS\ECC6\Ref\IMG\Event08669\PL054,1.0001440815416844,0.0050151281879855,-0.0056137060888063,1.000611070681335,-174016.94020132866,-198841.37496287664,200,0.5,0.14,210,70,-117103.7100482978,-191732.28894812733,7977.25,-117107.72011771974,-191739.0894986692,7977.25,0.01893,0.03247,56863.83,7416.97,1.0001598359956827,1.0006236386777945,1.0007833937226702,0.0007833937226702226,0.0006236386777944691,-0.32159195318243744,-0.0006008149014763016,264234.34272281884,OK,1,1
6,UTS,Ref/IMG,7982,55,j:OK,K:\NINJA\E71a\ManualCheck\ScanData\UTS\ECC6\Ref\IMG\Event07982\PL055,1.0002464330374603,-0.00352606863812,0.0027802521387422,1.0005855328703857,-56082.41222132213,-200374.45165436075,200,0.5,0.14,210,70,4726.40038158344,-156612.8840002933,8010.0,4742.304254286151,-156488.50461751677,8010.0,-0.0778,-0.59172,60963.75,43690.87,1.0002502969787699,1.0005917457932352,1.0008419135623623,0.0008419135623622953,0.0005917457932351766,0.1592570570919375,-0.0007444305575379213,208074.88516480805,OK,1,1
6,UTS,Ref/IMG,8669,55,j:OK,K:\NINJA\E71a\ManualCheck\ScanData\UTS\ECC6\Ref\IMG\Event08669\PL055,1.0002698983138731,-0.0063945903259001,0.0057916441088915,1.0004925662323951,-176783.53901498747,-201278.4747304,200,0.5,0.14,210,70,-118586.8387620977,-193779.91228630644,7991.25,-118447.40786366306,-193779.02302668465,7991.25,-0.66378,-0.00039,58366.15,7157.89,1.0002866652186913,1.000513001350667,1.0007996326804538,0.000799632680453799,0.0005130013506668973,0.3317435186590361,-0.0006013383792060483,267890.73156132124,OK,1,1
6,UTS,Ref/IMG,4721,55,j:OK,K:\NINJA\E71a\ManualCheck\ScanData\UTS\ECC6\Ref\IMG\Event04721\PL055,1.0004134810138952,-0.0070988391495693,0.0066280041956349,1.0003674089409202,-56368.14955899686,-118888.69132206774,200,0.5,0.14,210,70,42148.49751415921,-79819.93737210197,7998.75,42371.564780585766,-79767.41884784566,7998.75,-1.0635100000000002,-0.24295,98971.75,38451.16,1.0004354369143251,1.000392596128361,1.0008280930071043,0.0008280930071042913,0.0004354369143251269,0.37959415581154027,-0.0004709449626427145,131574.65260824116,OK,1,1
6,UTS,Ref/IMG,4721,57,j:OK,K:\NINJA\E71a\ManualCheck\ScanData\UTS\ECC6\Ref\IMG\Event04721\PL057,1.0002401489492776,-0.0074089647050555,0.0072082883110097,1.0004399224778249,-55061.433530809416,-119690.01927171148,200,0.5,0.14,210,70,-23011.670956544687,-81949.63845480426,8013.75,-23009.99195458234,-81954.82641898768,8013.75,-0.00781,0.02475,32321.41,37485.72,1.0002661220847417,1.0004673564117108,1.0007335830277033,0.0007335830277033217,0.00046735641171080644,0.4128981911666599,-0.00019913847252526394,131747.72170982847,OK,1,1
6,UTS,Ref/IMG,8047,57,j:OK,K:\NINJA\E71a\ManualCheck\ScanData\UTS\ECC6\Ref\IMG\Event08047\PL057,1.0002670469647876,-0.0003156588694374,7.050675447476177e-05,1.0006112297200067,-174090.17076664258,-200683.6853019452,200,0.5,0.14,210,70,-85935.53853342192,-140063.6134574548,8007.249999999999,-86149.9509544959,-139678.13338019207,7990.749999999999,1.0201600000000002,-1.8345700000000005,87935.98,60962.09,1.0002670494497252,1.0006112795098334,1.000878462167918,0.0008784621679180926,0.0006112795098334178,0.004038660939732671,-0.0002449781035283664,265671.4683663433,OK,1,1
6,UTS,Ref/IMG,8371,57,j:OK,K:\NINJA\E71a\ManualCheck\ScanData\UTS\ECC6\Ref\IMG\Event08371\PL057,1.0003323619127744,-0.0016181715397742,0.0013044900044595,1.0004967736074897,-53639.218144863815,-279189.28281204484,200,0.5,0.14,210,70,72419.77100797079,-229266.43634645944,8010.75,72656.1861724669,-229094.99981717623,7997.0,-1.12673,-0.81449,126334.17,49904.69,1.0003332124768036,1.0004980821961271,1.0008314115174894,0.0008314115174894443,0.0004980821961271253,0.0747168962543073,-0.0003133108120890268,284295.30660968757,OK,1,1
6,UTS,Ref/IMG,8047,59,j:OK,K:\NINJA\E71a\ManualCheck\ScanData\UTS\ECC6\Ref\IMG\Event08047\PL059,1.0002039326979544,0.0055392467503755,-0.0057699500324138,1.0005107684543664,-177981.440710436,-200188.65528760536,200,0.5,0.14,210,70,-128995.95955090152,-145529.7727067585,7978.0,-128972.25865668242,-145489.7545506901,7978.0,-0.11178,-0.19111,48694.86,54951.8,1.0002205753271778,1.0005261021321274,1.0007467664916765,0.0007467664916764871,0.0005261021321274484,-0.3305227132940818,-0.00023234724155291893,267867.3009966355,OK,1,1
6,UTS,Ref/IMG,8426,59,j:OK,K:\NINJA\E71a\ManualCheck\ScanData\UTS\ECC6\Ref\IMG\Event08426\PL059,1.000262866507342,0.0003726512677117,-0.0006305074378889,1.0003800807533054,-57051.95847149188,-119862.4526929979,200,0.5,0.14,210,70,-28220.97361068783,-69426.9156253438,8010.999999999999,-28169.44642581316,-69447.77542302295,8010.999999999999,-0.24534,0.09914,28856.14,50413.71,1.0002630652249007,1.000380150161406,1.0006432821305435,0.0006432821305435432,0.0003801501614060232,-0.03611591669318244,-0.000257831989095185,132747.63098079752,OK,1,1
6,UTS,Ref/IMG,8371,59,j:OK,K:\NINJA\E71a\ManualCheck\ScanData\UTS\ECC6\Ref\IMG\Event08371\PL059,1.0003435243169871,0.0067958939173654,-0.0070829811545718,1.0004598628500347,-57578.53228594016,-279233.71969900606,200,0.5,0.14,210,70,-19652.757701471608,-235527.87276584507,8023.5,-19631.10263588331,-235507.80122695104,8011.000000000001,-0.10243,-0.09626,37635.67,43972.27,1.0003685996996141,1.0004829440565424,1.0008516803296383,0.000851680329638338,0.00048294405654236705,-0.4056787843055414,-0.0002877647867573163,285108.3260747503,OK,1,1
6,UTS,Ref/IMG,5518,59,j:OK,K:\NINJA\E71a\ManualCheck\ScanData\UTS\ECC6\Ref\IMG\Event05518\PL059,1.0003961658118676,0.0025934461881126,-0.0026028736445938,1.0004164890960474,-178287.76524717477,-279723.78741272434,200,0.5,0.14,210,70,-55395.35490952886,-211435.4192590748,8035.25,-55411.4175607213,-211423.10197333715,8015.25,0.07661,-0.05843,122649.87,68591.36,1.0003995519402713,1.000419850671903,1.0008195703193876,0.0008195703193876192,0.0004198506719030881,-0.14907427978491575,-9.476323743810955e-06,331710.6035105762,OK,1,1
6,UTS,Ref/IMG,5518,60,j:OK,K:\NINJA\E71a\ManualCheck\ScanData\UTS\ECC6\Ref\IMG\Event05518\PL060,1.000182318507188,-0.009849339892624,0.009250313915038,1.000488327192102,-176460.06001391367,-280307.34959129326,200,0.5,0.14,210,70,-56068.28024168004,-208263.99983666744,8007.5,-56027.71461714303,-208387.9032281048,8007.5,-0.18731,0.5914600000000001,121107.25,70764.61,1.0002250939473278,1.000536807091059,1.0007618442162374,0.0007618442162373729,0.0005368070910589662,0.5298922264491837,-0.0005958504636270389,331225.5470446226,OK,1,1
6,UTS,Ref/IMG,8047,60,j:OK,K:\NINJA\E71a\ManualCheck\ScanData\UTS\ECC6\Ref\IMG\Event08047\PL060,1.0002212794459802,-0.0071914643141472,0.0065693568284133,1.000404919919829,-177464.3430798796,-201272.38163644812,200,0.5,0.14,210,70,-129011.31400671724,-147430.7371978027,7988.5,-129158.15571730884,-147412.6628354281,7975.750000000001,0.6984400000000001,-0.09062,48680.29,53518.25,1.000242852664138,1.0004307676989854,1.000673532261463,0.0006735322614630501,0.00043076769898542366,0.3763077391067601,-0.0006206206179217888,268335.9176002744,OK,1,1
6,UTS,Ref/IMG,8371,60,j:OK,K:\NINJA\E71a\ManualCheck\ScanData\UTS\ECC6\Ref\IMG\Event08371\PL060,1.0002490933425672,-0.0020669676481882,0.0011065714593813,1.0004710340659493,-56363.45301782213,-278946.77996105835,200,0.5,0.14,210,70,-14861.457403318142,-234301.5033572073,8010.999999999999,-14950.098570313869,-234354.90994065703,8010.999999999999,0.42252,0.25373,41495.05,44524.98,1.0002497054401078,1.0004731692355615,1.0007225319873734,0.000722531987373376,0.00047316923556151025,0.06338605944112881,-0.0009596959705292594,284584.16134201025,OK,1,1
6,UTS,Ref/IMG,8426,60,j:OK,K:\NINJA\E71a\ManualCheck\ScanData\UTS\ECC6\Ref\IMG\Event08426\PL060,1.0002951582341113,-0.0112958301509505,0.0107121863091007,1.000316980290057,-57754.53940963539,-119494.85449424322,200,0.5,0.14,210,70,22035.735085697903,-73400.79641953045,8004.5,22021.3703653404,-73388.05270570942,8004.5,0.06769,-0.06139,80263.16,45232.67,1.0003525151276058,1.0003807559301694,1.0007332351206037,0.000733235120603748,0.00038075593016939635,0.6135585068621031,-0.0005831546585009719,132720.03267412,OK,1,1
6,UTS,Ref/IMG,3475,61,j:OK,K:\NINJA\E71a\ManualCheck\ScanData\UTS\ECC6\Ref\IMG\Event03475\PL061,1.0002115960367168,-0.0038419665461027,0.0032770769505119,1.0005710936756096,-47116.92595878484,-199566.14262821057,200,0.5,0.14,210,70,-6555.2737105987535,-146517.19579325477,8018.499999999999,-6479.785556582152,-146382.45320850852,8018.499999999999,-0.36185,-0.6400800000000001,40832.2,53019.6,1.00021696450303,1.0005784697894249,1.0007954009734976,0.0007954009734976175,0.0005784697894248847,0.18772228525864695,-0.0005633828178424204,205052.79806749502,OK,2,2
6,UTS,Ref/IMG,5518,61,j:OK,K:\NINJA\E71a\ManualCheck\ScanData\UTS\ECC6\Ref\IMG\Event05518\PL061,1.0002722214581043,0.0016221182301478,-0.0022595933635097,1.0005040673191958,-167348.41053841513,-278133.5072819623,200,0.5,0.14,210,70,-47570.72003884031,-208223.03684496367,8016.0,-47570.25996595538,-208223.00846933108,8016.0,-0.00219,-0.00014,119631.8,70145.46,1.0002747736411728,1.000505382289274,1.0007800913228284,0.0007800913228284134,0.0005053822892739923,-0.12942970938180942,-0.0006376749706800135,324597.8101939373,OK,1,1
6,UTS,Ref/IMG,8426,61,j:OK,K:\NINJA\E71a\ManualCheck\ScanData\UTS\ECC6\Ref\IMG\Event08426\PL061,1.0003541222410808,-0.0033051066994679,0.002727110785001,1.0005117669316848,-47229.32723080302,-123028.84931325608,200,0.5,0.14,210,70,32951.31505392592,-73639.23450468686,8002.25,32909.17410680946,-73613.90304205893,8002.25,0.2002,-0.12111,80272.59,49170.87,1.0003578394844301,1.000517225988167,1.000875083792944,0.000875083792944098,0.0005172259881669472,0.156196238603532,-0.0005772654292513347,131782.8028007378,OK,1,1
6,UTS,Ref/IMG,3015,61,j:OK,K:\NINJA\E71a\ManualCheck\ScanData\UTS\ECC6\Ref\IMG\Event03015\PL061,1.0004671128755025,-0.0034377789588303,0.0028638936383363,1.0003886354786005,-167655.12333918185,-123230.95542484603,200,0.5,0.14,210,70,-103919.72042839612,-74623.57472942982,7974.0,-104049.80410394512,-74353.90553899534,7974.0,0.6147400000000001,-1.2854,63742.880000000005,48675.58,1.0004712118957824,1.0003945423276288,1.000865775324029,0.0008657753240290944,0.0004712118957823641,0.16401195816147496,-0.0005738811938746762,208072.36423128535,OK,1,1
6,UTS,Ref/IMG,8426,62,j:OK,K:\NINJA\E71a\ManualCheck\ScanData\UTS\ECC6\Ref\IMG\Event08426\PL062,1.0003255599065382,-0.0061324410021467,0.0056987246170884,1.0002046064609682,-58134.62054298721,-46031.52482396599,200,0.5,0.14,210,70,23922.32876033987,74.69373197101666,13232.75,23945.65593994912,92.44984437309176,13232.75,-0.11156,-0.0839,82333.39,45645.44,1.000341792221334,1.0002234058541049,1.0005651800716686,0.000565180071668614,0.0003417922213340141,0.32640307322941103,-0.0004343013666427381,74152.10976969238,OK,1,1
6,UTS,Ref/IMG,3475,62,j:OK,K:\NINJA\E71a\ManualCheck\ScanData\UTS\ECC6\Ref\IMG\Event03475\PL062,1.0003878082366298,0.0008871639502192,-0.0015638919825474,1.0004178925086145,-57943.98724437169,-127505.12576837964,200,0.5,0.14,210,70,-34599.403098289,-73399.68063766803,13244.0,-34596.729767840814,-73407.92657099685,13251.999999999998,-0.01276,0.03923,23290.22,54111.01,1.0003890306408907,1.00041828587409,1.00080725023599,0.0008072502359899314,0.0004182858740899853,-0.0895696013916364,-0.0006764912689284736,140053.78522191473,OK,2,2
6,UTS,Ref/IMG,3015,62,j:OK,K:\NINJA\E71a\ManualCheck\ScanData\UTS\ECC6\Ref\IMG\Event03015\PL062,1.0003984043330212,-0.0051844429083719,0.005008162857448,1.0003353012445595,-177806.79494245377,-49225.46390460043,200,0.5,0.14,210,70,-111775.72890928436,2760.1522603492767,13213.75,-111763.31144460713,2785.053794385327,13213.75,-0.05972,-0.11824,66284.91,51661.23,1.0004109401077448,1.0003487358738021,1.0007598036974596,0.0007598036974596489,0.00041094010774478384,0.28682992347239555,-0.00017653217964823978,184494.9934939453,OK,1,1
6,UTS,Ref/IMG,5518,62,j:OK,K:\NINJA\E71a\ManualCheck\ScanData\UTS\ECC6\Ref\IMG\Event05518\PL062,1.000431410561307,-0.0059387533165299,0.0054243979973809,1.0005339530553017,-177279.45066401016,-206289.4502578005,200,0.5,0.14,210,70,-56433.16903007271,-134195.40757242832,13243.5,-56436.11790859935,-134188.1240311063,13251.0,0.01383,-0.03474,121215.1,71405.68000000001,1.000446116155848,1.0005515778846303,1.0009978081311932,0.0009978081311932119,0.0005515778846303387,0.3106580448816174,-0.0005135085354034491,271998.7884447259,OK,1,1
6,UTS,Ref/IMG,5741,63,j:OK,K:\NINJA\E71a\ManualCheck\ScanData\UTS\ECC6\Ref\IMG\Event05741\PL063,1.0001293557217794,-0.0131589639202153,0.012401996290259,1.0004503340983606,-176698.27791883305,-204979.8564203196,200,0.5,0.14,210,70,-108060.28857227326,-153247.67722170017,13246.75,-108047.69956751366,-153240.97139724827,13246.75,-0.06035,-0.03117,69310.83,50856.39,1.0002062475751914,1.000536870549494,1.0007429454951546,0.0007429454951546344,0.0005368705494939174,0.7104537250718834,-0.0007525254767679234,270627.09206133813,OK,1,1
6,UTS,Ref/IMG,3475,63,j:OK,K:\NINJA\E71a\ManualCheck\ScanData\UTS\ECC6\Ref\IMG\Event03475\PL063,1.0002859816166876,-0.0063681830501528,0.0057021163656217,1.0004971982720174,-56883.58018439222,-125729.57613481783,200,0.5,0.14,210,70,-33499.37743696999,-74490.29630940383,13259.25,-33498.6858624636,-74483.10653549588,13259.25,-0.00351,-0.0342,23703.44,51085.91,1.0003022339022878,1.0005174648678137,1.0008196341990603,0.0008196341990602818,0.0005174648678136773,0.3266102587392248,-0.0006645079851071914,137998.79713111682,OK,2,2
6,UTS,Ref/IMG,2825,63,j:OK,K:\NINJA\E71a\ManualCheck\ScanData\UTS\ECC6\Ref\IMG\Event02825\PL063,1.000417676752935,-0.0097829658682903,0.0091609295692067,1.0003383156000374,-177983.18708089113,-45215.12614178934,200,0.5,0.14,210,70,-74270.87419698678,-34682.60439109451,13251.25,-74341.82164796234,-34590.57292311476,13251.25,0.33339,-0.44115,103692.67,9671.36,1.0004596196700353,1.0003861514828662,1.000845754720831,0.0008457547208309268,0.0004596196700352717,0.52464879694604,-0.0006224965310262719,183636.65896407887,OK,2,2
6,UTS,Ref/IMG,5741,64,j:OK,K:\NINJA\E71a\ManualCheck\ScanData\UTS\ECC6\Ref\IMG\Event05741\PL064,1.0000818101841256,-0.0142388223063689,0.013595043485986,1.000440602281402,-3567.01340375709,5500.33860679555,200,0.5,0.14,210,70,64667.79879363729,60695.76515686332,690.75,64832.24775527842,60692.15265851693,690.75,-0.78263,0.02783,69165.74,54227.61,1.0001742109595424,1.0005419245358222,1.0007160259197256,0.000716025919725638,0.0005419245358222469,0.7788269220766579,-0.0006384963836778859,6555.708154882152,OK,1,1
6,UTS,Ref/IMG,3475,64,j:OK,K:\NINJA\E71a\ManualCheck\ScanData\UTS\ECC6\Ref\IMG\Event03475\PL064,1.0003013998111172,-0.0146317047670593,0.0138329736493744,1.0004084910419622,115705.82177542528,86503.47860647569,200,0.5,0.14,210,70,137723.27579007376,140065.61612019155,703.25,137613.42781914346,140048.6967527264,703.25,0.524,0.07329,22679.32,53209.76,1.0003970419908612,1.0005154850042282,1.0009124139586905,0.0009124139586904612,0.0005154850042281556,0.7922816977993908,-0.0007967632338860428,144466.91317996476,OK,2,2
6,UTS,Ref/IMG,2825,64,j:OK,K:\NINJA\E71a\ManualCheck\ScanData\UTS\ECC6\Ref\IMG\Event02825\PL064,1.0003837839764451,-0.0188535760776142,0.0182609176718104,1.000190671051638,-6423.911241622261,166080.9935828386,200,0.5,0.14,210,70,72373.13247247072,177522.014886053,673.75,72317.081045517,177604.48615906827,673.75,0.25932,-0.39738,78900.77,10080.77,1.0005504366883498,1.000368350053939,1.00091881180515,0.0009188118051499661,0.0005504366883497536,1.0457559835055192,-0.0005958646844388774,166205.18362886013,OK,2,2
6,UTS,Ref/IMG,5741,65,j:OK,K:\NINJA\E71a\ManualCheck\ScanData\UTS\ECC6\Ref\IMG\Event05741\PL065,0.9999360626453924,-0.0005036012832315,-0.0001540535762236,1.000539544809333,-10330.832913472856,9609.23818656524,200,0.5,0.14,210,70,56743.98178208132,61409.02770419284,681.75,56728.71782695554,61413.263838565625,681.75,0.07268,-0.02015,67089.92,51786.42,0.9999360745124032,1.00053967154807,1.0004754953760788,0.0004754953760788272,0.0005396715480701086,-0.008827184053471361,-0.0006573930498542826,14108.988879867957,OK,1,1
6,UTS,Ref/IMG,2825,65,j:OK,K:\NINJA\E71a\ManualCheck\ScanData\UTS\ECC6\Ref\IMG\Event02825\PL065,1.0001637891699997,-0.0057225824821511,0.0049238966518247,1.0005183052355042,-10326.745566971213,169784.02629533797,200,0.5,0.14,210,70,66668.84071457699,177346.77590595683,676.25,66655.21235326154,177344.73793585098,676.25,0.06494,0.00938,77010.42,7177.8,1.0001759094904903,1.000534670594473,1.000710356703012,0.000710356703012005,0.0005346705944730967,0.2820700177089803,-0.0007965049904497093,170097.78734322495,OK,1,1
6,UTS,Ref/IMG,5741,66,j:OK,K:\NINJA\E71a\ManualCheck\ScanData\UTS\ECC6\Ref\IMG\Event05741\PL066,1.000095236918369,-0.0051992906886521,0.004787582953564,1.000923728578767,-17576.729645022067,8612.089164924206,200,0.5,0.14,210,70,51981.03668910386,60498.82110896476,679.75,52005.837612427385,60463.4245756424,679.75,-0.11721,0.16896,69843.52,51469.41,1.0001066962366296,1.0009372323256271,1.001043945505671,0.0010439455056709956,0.0009372323256271464,0.27428008034401724,-0.0004073551818690543,19573.183307750493,OK,1,1
6,UTS,Ref/IMG,2825,66,j:OK,K:\NINJA\E71a\ManualCheck\ScanData\UTS\ECC6\Ref\IMG\Event02825\PL066,1.000366291230863,-0.0101561535286969,0.0094164107871278,1.0002772861731193,-18493.788734005902,168982.44906809798,200,0.5,0.14,210,70,60422.55608075498,177063.51909627052,677.75,60437.1214255369,177081.17462925715,677.75,-0.07018,-0.08339,78976.66,7353.01,1.000410608411918,1.0003288442749008,1.0007393134851195,0.0007393134851194638,0.0004106084119179787,0.5393071191047818,-0.0007403042910766844,169991.43600425986,OK,1,1
6,UTS,Ref/IMG,4350,67,j:OK,K:\NINJA\E71a\ManualCheck\ScanData\UTS\ECC6\Ref\IMG\Event04350\PL067,1.0002424646907782,0.0111273164942353,-0.0116542606141458,1.0003951776558566,-24942.772955110497,90252.24813407914,200,0.5,0.14,210,70,17071.69074987523,152076.5449328916,651.5,17107.220674600663,151816.7961237694,651.5,-0.18288,1.23428,41349.83,62021.94,1.0003103568198946,1.0004570598728644,1.000767418809623,0.000767418809622944,0.0004570598728643738,-0.6675478756508277,-0.0005284460286832007,93635.51791892639,OK,2,2
6,UTS,Ref/IMG,4350,68,j:OK,K:\NINJA\E71a\ManualCheck\ScanData\UTS\ECC6\Ref\IMG\Event04350\PL068,1.0002779258020555,0.0016643639114957,-0.0019388949996989,1.0004958407290618,-17280.663540536876,87852.36459663376,200,0.5,0.14,210,70,35445.47603707254,147698.33397476372,673.25,35457.461114546284,147700.32354743624,673.25,-0.05704,-0.00958,52623.77,59920.28,1.0002798049349404,1.0004972250952933,1.0007771313649154,0.0007771313649154177,0.0004972250952932633,-0.11105949497219256,-0.00027481632286863763,89535.79897237255,OK,2,2
6,UTS,Ref/IMG,4350,69,j:OK,K:\NINJA\E71a\ManualCheck\ScanData\UTS\ECC6\Ref\IMG\Event04350\PL069,1.0002223425272598,0.0124982901271993,-0.0129089946026229,1.000370248431622,-22081.8289103208,89619.79349086704,200,0.5,0.14,210,70,31767.46047817816,145803.16212299062,654.25,31757.544489113738,145820.80290402184,654.25,0.04825,-0.08335,53116.84,56865.64,1.0003056416077887,1.0004483201061656,1.0007540136406476,0.0007540136406476439,0.0004483201061655784,-0.7394254405740436,-0.0004123941231274109,92300.13300841085,OK,2,2
6,UTS,Ref/IMG,6568,69,j:OK,K:\NINJA\E71a\ManualCheck\ScanData\UTS\ECC6\Ref\IMG\Event06568\PL069,1.0002903896014856,-0.0003935043447314,7.595121438198754e-05,1.000492086878189,-21489.38618342718,170537.05800710784,200,0.5,0.14,210,70,44856.04016916469,180590.69771309305,653.75,44918.77655458897,180399.51893826947,653.75,-0.2983,0.90995,66392.76,9852.57,1.0002903924849418,1.0004921642629407,1.00078264926372,0.0007826492637199589,0.0004921642629407419,0.004350420707682775,-0.00031738161084162917,171885.6651156813,OK,1,1
6,UTS,Ref/IMG,4350,70,j:OK,K:\NINJA\E71a\ManualCheck\ScanData\UTS\ECC6\Ref\IMG\Event04350\PL070,1.000373379806054,0.0012302300685841,-0.0018089208040052,1.0004392635010615,-14306.347791291064,86860.25978421791,200,0.5,0.14,210,70,39127.40184375962,146852.07285884873,649.5,39263.59539938679,146759.34797726042,657.9999999999999,-0.6488400000000001,0.44018,53476.2,59969.48,1.000375015291297,1.000440019901527,1.000815032708001,0.0008150327080009845,0.0004400199015270889,-0.10360473066600127,-0.0005785543476182528,88030.54195509193,OK,2,2
6,UTS,Ref/IMG,6568,70,j:OK,K:\NINJA\E71a\ManualCheck\ScanData\UTS\ECC6\Ref\IMG\Event06568\PL070,1.000383019112453,-0.0065144318152766,0.006048024097415,1.0003362933554294,-13630.785418282654,167712.95833602172,200,0.5,0.14,210,70,76871.57387069568,180732.92131445563,668.0,76872.61928134353,180772.08423944304,668.0,-0.00619,-0.18639,90550.2,12507.27,1.0004013012406718,1.0003575049080982,1.0007588407152648,0.0007588407152647747,0.00040130124067183637,0.3463893596096655,-0.00046651489813342,168265.96419044293,OK,1,1
6,UTS,Ref/IMG,6568,71,j:OK,K:\NINJA\E71a\ManualCheck\ScanData\UTS\ECC6\Ref\IMG\Event06568\PL071,1.000184690879067,-0.0101542334248271,0.0098110057026262,1.0002622029649737,-93573.21411292804,-10564.391755644903,200,0.5,0.14,210,70,-4333.555734390511,-932.369351405974,10875.0,-4424.053984257887,-924.0599399100048,10875.0,0.43042,-0.04378,89221.66,8762.68,1.0002328087509187,1.0003137423512625,1.0005465655125736,0.0005465655125735935,0.0003137423512624693,0.5620073935287933,-0.00034234350848644956,94167.68433274025,OK,1,1
6,UTS,Ref/IMG,1243,71,j:OK,K:\NINJA\E71a\ManualCheck\ScanData\UTS\ECC6\Ref\IMG\Event01243\PL071,1.000289293164849,-0.0055595137775104,0.005241725340718,1.000349846719594,-93263.94604484286,-91357.91925039326,200,0.5,0.14,210,70,-5130.452052501449,-47360.38259101436,10892.5,-5203.6022978572,-47233.24340347786,10892.5,0.34486,-0.60702,88277.46,43646.68,1.0003030269397273,1.0003652952923534,1.0006683825369573,0.0006683825369573348,0.00036529529235340696,0.3002391333176395,-0.0003173508379633414,130554.3298463009,OK,1,1
6,UTS,Ref/IMG,1243,72,j:OK,K:\NINJA\E71a\ManualCheck\ScanData\UTS\ECC6\Ref\IMG\Event01243\PL072,1.0002930879332672,-0.0043143249387073,0.0039334661998514,1.000435247357644,-98024.81747019455,-94704.53815254608,200,0.5,0.14,210,70,-14949.308042163471,-46977.026023003935,10882.0,-14923.80245302328,-46999.31344646018,10882.0,-0.12096,0.10656,83280.92,47357.03,1.0003008217148561,1.0004445499652779,1.0007454331079813,0.0007454331079812526,0.00044454996527787394,0.22530381664549645,-0.00038012779733619676,136300.45629693253,OK,1,1
6,UTS,Ref/IMG,6568,72,j:OK,K:\NINJA\E71a\ManualCheck\ScanData\UTS\ECC6\Ref\IMG\Event06568\PL072,1.000321675058596,-0.0041638288080608,0.0038756293456425,1.0004360973291175,-98301.26393944514,-14754.724653276018,200,0.5,0.14,210,70,-6909.550571411469,752.7501652496137,10881.75,-6922.384002941268,768.9491884617546,10881.75,0.06077,-0.07734,91412.61,15162.78,1.0003291828667502,1.0004447622480006,1.0007740501264661,0.0007740501264661415,0.0004447622480006075,0.2219846864466627,-0.0002876260617916445,99402.41642780344,OK,1,1
6,UTS,Ref/IMG,1243,73,j:OK,K:\NINJA\E71a\ManualCheck\ScanData\UTS\ECC6\Ref\IMG\Event01243\PL073,1.0003269165043485,-0.0137942725468752,0.0134305278895895,1.0004010136368464,-85164.0845235418,-92560.58723956814,200,0.5,0.14,210,70,-3030.002259234105,-47443.49920191756,10903.5,-3029.6362536161905,-47415.03521444411,10903.5,-0.00361,-0.13544,82714.59,44017.0,1.0004170725065076,1.0004961119568268,1.0009133256013285,0.0009133256013285074,0.0004961119568267502,0.7692148629198002,-0.0003625372693969141,125779.10638443363,OK,1,1
6,UTS,Ref/IMG,1243,74,j:OK,K:\NINJA\E71a\ManualCheck\ScanData\UTS\ECC6\Ref\IMG\Event01243\PL074,1.0003500626682145,-0.0024246172167835,0.0020821214588604,1.000460078865547,-86696.10496076089,-94175.33566663522,200,0.5,0.14,210,70,-3059.940272967206,-45981.58576550302,10909.0,-3060.812719600537,-45981.32285833501,10909.0,0.00415,-0.00126,83722.36,47997.61,1.000352229522217,1.0004630168938304,1.0008153509377335,0.0008153509377335499,0.00046301689383043687,0.11925485308236387,-0.00034210762800532447,128004.72047268681,OK,1,1
6,UTS,Ref/IMG,7535,77,j:OK,K:\NINJA\E71a\ManualCheck\ScanData\UTS\ECC6\Ref\IMG\Event07535\PL077,1.0000281815838736,0.0095971377017849,-0.010170465699265,1.0004998840371833,33718.32325917334,-171622.5245532903,200,0.5,0.14,210,70,149136.69811168537,-114124.54799281002,10923.5,149178.12813074328,-113849.52216523566,10923.5,-0.1847,-1.3108700000000002,114891.18,58912.05,1.000079897975401,1.000545912495016,1.0006256870683878,0.0006256870683878368,0.0005459124950160099,-0.5826882495182075,-0.0005777799824289875,174903.44838640216,OK,1,1
6,UTS,Ref/IMG,3615,77,j:OK,K:\NINJA\E71a\ManualCheck\ScanData\UTS\ECC6\Ref\IMG\Event03615\PL077,1.0000849002785652,0.0002349687246443,-0.0009094687622203,1.0003381379082066,-85800.4098890599,-93511.54274919696,200,0.5,0.14,210,70,-26568.204361341453,-56188.34960718905,10899.0,-26606.41609242747,-56103.53228114696,10899.0,0.18204,-0.40359,59180.17,37449.17,1.0000853138100856,1.0003381655040258,1.0004232805914897,0.0004232805914896609,0.00033816550402576695,-0.05210428364150571,-0.0006745019574448465,126909.88521177371,OK,2,2
6,UTS,Ref/IMG,7535,78,j:OK,K:\NINJA\E71a\ManualCheck\ScanData\UTS\ECC6\Ref\IMG\Event07535\PL078,1.0001099672199203,0.0178515350217165,-0.0180964807983399,1.000261402642401,-178651.83521037077,-56272.63103154461,200,0.5,0.14,210,70,-124223.0358457158,-1403.6862985854773,8293.5,-124098.92374665588,-1450.8415744118174,8279.75,-0.5947600000000001,0.21373,53551.33,55776.3,1.0002736771253729,1.000420686970624,1.0006944485687845,0.0006944485687845336,0.00042068697062402904,-1.0366248424796591,-0.0002475412485892813,187304.797662115,OK,1,1
6,UTS,Ref/IMG,3615,78,l:?,K:\NINJA\E71a\ManualCheck\ScanData\UTS\ECC6\Ref\IMG\Event03615\PL078,1.00076023057403,-0.0181997700687646,-0.0224863196482781,0.93261770517169,-297575.0220490375,26733.2520174303,200,0.5,0.14,210,70,-241524.20005069475,61678.97059408222,8265.25,-241524.3421277142,61715.53072625183,8251.0,-0.00272,-0.18674,56715.12,38877.23,1.0010128239287996,0.9327952699441958,0.9329174638177518,0.06708253618224824,0.06720473005580418,-1.2871759092506245,-0.04196537020186786,298773.42671481444,FAIL,2,2
6,UTS,Ref/IMG,3615,79,j:OK,K:\NINJA\E71a\ManualCheck\ScanData\UTS\ECC6\Ref\IMG\Event03615\PL079,1.000210844145477,-0.0067203029800767,0.0059885122694794,1.0005356265520051,16542.367561012514,-56006.59006318064,200,0.5,0.14,210,70,74028.7206614526,-16419.285960112138,10356.25,73928.81614208221,-16485.385111306765,10356.25,0.47773,0.31173,57637.43,39155.07,1.0002287713445406,1.0005581954449014,1.0007868282480554,0.0007868282480554267,0.0005581954449014326,0.3430400507880384,-0.0007294259138413384,58398.52784984228,OK,2,2
6,UTS,Ref/IMG,7535,80,j:OK,K:\NINJA\E71a\ManualCheck\ScanData\UTS\ECC6\Ref\IMG\Event07535\PL080,1.0003580496233733,-0.0028944847380051,0.001840327049733,1.0004577632731042,133389.30024794012,-133977.20901113117,200,0.5,0.14,210,70,188487.39094251944,-74652.53637758587,10383.75,188474.65785604107,-74653.13756967559,10383.75,0.06062,0.00275,55236.92,59195.32,1.0003597424176611,1.000461950368589,1.0008213035970035,0.0008213035970034976,0.0004619503685889814,0.1054051136594397,-0.001053485806549294,189057.12881308506,OK,1,1
6,UTS,Ref/IMG,3615,80,l:?,K:\NINJA\E71a\ManualCheck\ScanData\UTS\ECC6\Ref\IMG\Event03615\PL080,1.002340539009723,0.0906945995448073,0.0158220529546613,1.092315843956107,10078.796739884709,-59781.64040370821,200,0.5,0.14,210,70,70669.489162396,-14759.22582323914,10387.5,70712.90191292942,-14837.74921517241,10387.5,-0.23753,0.34576,56844.06,40322.13,1.0024654076336013,1.0960745473480056,1.093437477043125,0.093437477043125,0.09607454734800558,0.9043449204122225,0.09846362897032965,60625.29730304165,FAIL,2,2
6,UTS,Ref/IMG,8711,81,j:OK,K:\NINJA\E71a\ManualCheck\ScanData\UTS\ECC6\Ref\IMG\Event08711\PL081,1.0004760087734763,-0.0047538031166291,0.0035844534506613,1.0004405442329949,136807.6430799198,-132860.14932229143,200,0.5,0.14,210,70,159476.318097467,-90126.2832726817,10409.5,159664.5475798832,-90460.96427423494,10409.5,-0.8883200000000001,1.5962,23047.01,42297.94,1.0004824298496426,1.0004518385156191,1.0009338024953762,0.0009338024953762236,0.00048242984964264046,0.20527546293659266,-0.0011689410482141423,190704.35360270177,OK,1,1
6,UTS,Ref/IMG,10057,82,j:OK,K:\NINJA\E71a\ManualCheck\ScanData\UTS\ECC6\Ref\IMG\Event10057\PL082,1.000258407190447,-0.0008494790442633,0.0001032421712657,1.0006985009901153,15357.13733619476,-55669.67952745538,200,0.5,0.14,210,70,75237.01911305769,11536.871148989054,10379.25,75166.24478025861,11493.205866303751,10379.25,0.33711,0.20775,59850.65,67109.83,1.0002584125185432,1.0006988615455252,1.0009571763803016,0.000957176380301572,0.0006988615455252312,0.005913812488615176,-0.0007456703242061997,57749.06826826154,OK,1,1
6,UTS,Ref/IMG,8711,82,j:OK,K:\NINJA\E71a\ManualCheck\ScanData\UTS\ECC6\Ref\IMG\Event08711\PL082,1.0003912043753451,0.0047449523145644,-0.0050828372612631,1.0007047801079985,135807.30725975198,-134635.75552308094,200,0.5,0.14,210,70,164815.36100229222,-89023.58856353773,10400.25,164843.62629926266,-88989.88071929541,10400.25,-0.13378,-0.16108,28807.92,45760.05,1.0004041168578717,1.0007160294026798,1.001120378016833,0.001120378016832957,0.0007160294026797853,-0.29110873405519655,-0.00033923089680614924,191233.91793930152,OK,1,1
6,UTS,Ref/IMG,10057,83,j:OK,K:\NINJA\E71a\ManualCheck\ScanData\UTS\ECC6\Ref\IMG\Event10057\PL083,1.0002585717071335,-0.001738200004056,0.0009637472067778,1.000707167854708,15929.284639898711,-54246.28357903817,200,0.5,0.14,210,70,72579.07765916182,11100.8628554932,10382.0,72508.60485967717,11057.018846695935,10382.0,0.33586,0.20831,56678.0,65202.57,1.0002590359913142,1.0007086774556544,1.0009675976008394,0.0009675976008394205,0.000708677455654394,0.05520435609428738,-0.0007734720742602104,56536.72603959606,OK,1,1
6,UTS,Ref/IMG,8711,83,j:OK,K:\NINJA\E71a\ManualCheck\ScanData\UTS\ECC6\Ref\IMG\Event08711\PL083,1.00053203376763,0.0037953726177186,-0.0043922320875913,1.0006085644828877,135570.388188693,-130676.64699382518,200,0.5,0.14,210,70,160420.20939327765,-87880.78431752566,10413.0,160411.01694033472,-87870.79004405007,10413.0,0.04393,-0.04737,24664.73,42888.09,1.0005416744433493,1.0006157625031762,1.0011575921847682,0.0011575921847681858,0.0006157625031761871,-0.2515209270805001,-0.0005968221768247336,188296.88320092214,OK,1,1
6,UTS,Ref/IMG,8711,84,j:OK,K:\NINJA\E71a\ManualCheck\ScanData\UTS\ECC6\Ref\IMG\Event08711\PL084,1.0002940241495946,0.0132648505435341,-0.0137747275044722,1.000211149771872,44645.77068332404,-143757.2505065622,200,0.5,0.14,210,70,72178.81006524227,-101550.92611392958,13853.75,72330.20151634891,-101543.8260612431,13853.75,-0.7201200000000001,-0.04372,27111.67,42577.89,1.0003888633262628,1.0002991054619175,1.0006879557062234,0.0006879557062233754,0.0003888633262627561,-0.7889518968305781,-0.0005085353894837256,150530.36874037888,OK,1,1
6,UTS,Ref/IMG,10057,84,j:OK,K:\NINJA\E71a\ManualCheck\ScanData\UTS\ECC6\Ref\IMG\Event10057\PL084,1.0003145441859096,0.0012017237648633,-0.0018312701186735,1.000514483433167,-74801.59072954465,-66792.89676795506,200,0.5,0.14,210,70,-16721.697855992184,-892.2751122470328,13817.25,-16792.95717207859,-936.4586427014729,13817.25,0.33897,0.21091,57911.19,65928.57,1.0003162204323748,1.0005152051316082,1.0008313901276709,0.0008313901276708613,0.0005152051316081874,-0.10489093889805746,-0.0006295869594604648,100282.44629208544,OK,1,1
6,UTS,Ref/IMG,4634,86,j:OK,K:\NINJA\E71a\ManualCheck\ScanData\UTS\ECC6\Ref\IMG\Event04634\PL086,1.000256640231996,0.0093426856163433,-0.0100260933844278,1.0006024409322958,44710.56730051158,-66968.62077700197,200,0.5,0.14,210,70,80587.68360605014,3801.6329702788735,13852.75,80528.56212446984,3642.964192938628,13852.75,0.27438,0.7578600000000001,35146.38,70921.24,1.0003068873484546,1.0006460565925368,1.0009529064133231,0.0009529064133231291,0.0006460565925368034,-0.5742862135327189,-0.0006863959551702683,80522.23914613575,OK,1,1
6,UTS,Ref/IMG,4634,87,j:OK,K:\NINJA\E71a\ManualCheck\ScanData\UTS\ECC6\Ref\IMG\Event04634\PL087,0.9997963829332832,0.0082111709576247,-0.0087123880932832,1.001269440241796,42015.4497634478,-64298.52511332976,200,0.5,0.14,210,70,77483.27078194526,4513.700226919804,13859.5,77332.37804775915,4467.310644971956,13859.5,0.71682,0.22686,34757.590000000004,68981.09,0.9998343427952274,1.0013031085992967,1.0011371036034642,0.0011371036034641957,0.0013031085992967206,-0.4992720926936817,-0.0005133651092113701,76808.84291912164,OK,1,1
6,UTS,Ref/IMG,4634,88,j:OK,K:\NINJA\E71a\ManualCheck\ScanData\UTS\ECC6\Ref\IMG\Event04634\PL088,1.00037696741209,-0.001413736625601,0.0005426867276423,1.0005463122598992,42269.9145613169,-67505.52513155378,200,0.5,0.14,210,70,72812.59226571686,8676.702291313979,13842.75,72811.8627007535,8699.421618229171,13842.75,0.00332,-0.10813,30638.05,76146.72,1.000377114611032,1.000547311039378,1.000924252830011,0.0009242528300110742,0.0005473110393781067,0.031081939163347876,-0.0008704814791092404,79647.60888004026,OK,1,1
6,UTS,Ref/IMG,7169,91,j:OK,K:\NINJA\E71a\ManualCheck\ScanData\UTS\ECC6\Ref\IMG\Event07169\PL091,1.000369848009914,-0.0006856763553397,-0.0003370293261705,1.0005666701846103,40512.301909893125,-65743.90725040018,200,0.5,0.14,210,70,164722.1507915832,-43289.23403875394,13843.75,164835.80589586275,-43232.46456977118,13843.75,-0.5412,-0.27036,124292.99,22540.56,1.0003699047832981,1.0005669051274797,1.0009364966833243,0.0009364966833242949,0.0005669051274796999,-0.01930321797434892,-0.0010221924476457756,77223.75247673187,OK,1,1
6,UTS,Ref/IMG,7169,93,j:OK,K:\NINJA\E71a\ManualCheck\ScanData\UTS\ECC6\Ref\IMG\Event07169\PL093,1.000347168173607,-0.0045027796548332,0.0034717554110893,1.0005790233979368,41956.343620263055,-65112.73328417574,200,0.5,0.14,210,70,71498.14308511914,-3254.519548520103,13856.5,71525.86401795103,-3278.6339299044853,13856.5,-0.13144,0.11522,29836.96,61694.79,1.0003531926067857,1.000589154992492,1.000942025139671,0.00094202513967101,0.0005891549924919026,0.19884710054518,-0.0010296067761982187,77459.68503497672,OK,1,1
6,UTS,Ref/IMG,7169,94,j:OK,K:\NINJA\E71a\ManualCheck\ScanData\UTS\ECC6\Ref\IMG\Event07169\PL094,1.0004183660470145,0.0041267360777959,-0.0047747765340255,1.000570862258454,42078.376608950464,-66350.37123467185,200,0.5,0.14,210,70,81986.54765373413,567.8577614422907,13864.0,82006.04929499571,554.3230510209833,13864.0,-0.09309,0.06397,39634.37,67055.66,1.0004297604605372,1.0005793723394871,1.0010091713774414,0.0010091713774413869,0.0005793723394871275,-0.27345806068786244,-0.0006483852414290093,78568.19675303386,OK,1,1
6,UTS,Ref/IMG,1908,96,j:OK,K:\NINJA\E71a\ManualCheck\ScanData\UTS\ECC6\Ref\IMG\Event01908\PL096,1.0002422891779263,0.019751102178282,-0.0201101699973707,1.0003298124855555,38017.83217343425,-66285.14318706475,200,0.5,0.14,210,70,124722.71910841305,-26901.697386647076,13867.0,124741.0376906148,-26914.83456234965,13867.0,-0.08841,0.06076,85890.94,41084.04,1.0004444292399362,1.000524782194146,1.0009693795959185,0.0009693795959184737,0.0005247821941460895,-1.1517935843136635,-0.0003605653777495719,76413.84541100578,OK,1,1
6,UTS,Ref/IMG,1908,97,j:OK,K:\NINJA\E71a\ManualCheck\ScanData\UTS\ECC6\Ref\IMG\Event01908\PL097,1.000457144331335,0.0110593196151843,-0.0113669892229491,1.0005091891426523,41379.63314163498,-66213.9619746211,200,0.5,0.14,210,70,131646.20840675072,-23715.7125508766,13870.0,131579.44009189738,-23687.563065083297,13870.0,0.31924,-0.13035,89677.47,43523.6,1.0005217169495144,1.0005703104276273,1.0010922774137962,0.0010922774137962499,0.0005703104276273407,-0.6509549053859701,-0.0003080653425413108,78080.48923587034,OK,1,1
6,UTS,Ref/IMG,8719,101,j:OK,K:\NINJA\E71a\ManualCheck\ScanData\UTS\ECC6\Ref\IMG\Event08719\PL101,1.00058494309958,0.0086722416547401,-0.0096774782406264,1.000470595166551,40509.43772228906,-145957.35872472214,200,0.5,0.14,210,70,165373.15416581795,-90020.08673259887,13837.75,165619.3278529119,-89837.72910486319,13837.75,-1.16395,-0.8792200000000001,124540.14,57297.9,1.000631741422731,1.0005081806603235,1.0011397389674375,0.0011397389674374647,0.0006317414227310358,-0.5541372323320822,-0.0010035736744773418,151474.63520495186,OK,1,1
6,UTS,Ref/IMG,8719,102,j:OK,K:\NINJA\E71a\ManualCheck\ScanData\UTS\ECC6\Ref\IMG\Event08719\PL102,1.0002588857105814,0.0039717613239442,-0.0049047122705449,1.0003414377476028,-172862.34120981238,-54097.40596684312,200,0.5,0.14,210,70,-133008.53098593673,-2138.650715368341,8288.5,-133022.56993312633,-2258.404906286487,8288.5,0.06457,0.57038,39622.92,52015.58,1.0002709106264318,1.0003493224683842,1.0006198921980394,0.0006198921980393735,0.00034932246838415004,-0.28094432813585957,-0.0009330185909538251,181129.56230521575,OK,1,1
6,UTS,Ref/IMG,8719,104,j:OK,K:\NINJA\E71a\ManualCheck\ScanData\UTS\ECC6\Ref\IMG\Event08719\PL104,1.0006240523282788,-0.0025652690942904,0.0016683339919185,1.0004965655365392,-175336.72511428682,-55250.14909378603,200,0.5,0.14,210,70,-130124.38887508634,1708.1675759795228,8275.5,-130125.17260406536,1808.9474194982688,8275.5,0.0025,-0.47967,45329.37,56955.19,1.0006254431285337,1.0004998542008572,1.0011252074733255,0.0011252074733254513,0.0006254431285337425,0.09552879301513506,-0.0008966981949399013,183835.64983073485,OK,1,1
6,UTS,Ref/IMG,4414,105,j:OK,K:\NINJA\E71a\ManualCheck\ScanData\UTS\ECC6\Ref\IMG\Event04414\PL105,0.9996702830284958,-0.0069665462488403,0.0062766697499498,1.000571123717701,-279323.4612727629,98981.07146536675,200,0.5,0.14,210,70,-197417.5899883496,119139.10767421032,8259.5,-197323.77441847383,119498.26735478095,8259.5,-0.45878,-1.70643,82166.04000000001,19990.05,0.9996899876228744,1.0005953759559059,1.000284945147116,0.000284945147116078,0.0005953759559058636,0.3597405729501882,-0.0006837997500648654,296342.4514406073,OK,1,1
6,UTS,Ref/IMG,4414,106,j:OK,K:\NINJA\E71a\ManualCheck\ScanData\UTS\ECC6\Ref\IMG\Event04414\PL106,1.0003852737949597,-0.0078705165819174,0.0076300222839819,1.0004967222929295,-289750.45790749555,98643.81845350334,200,0.5,0.14,210,70,-214838.97071781327,125840.45275340923,8262.25,-214876.73603711496,125918.56563969048,8262.25,0.17683,-0.37313,75054.86,26688.82,1.000414370781363,1.0005276789525424,1.0009422396788785,0.0009422396788785203,0.0005276789525423542,0.4369912364470764,-0.00023951091599842527,306081.5753629922,OK,1,1
6,UTS,Ref/IMG,5497,107,j:OK,K:\NINJA\E71a\ManualCheck\ScanData\UTS\ECC6\Ref\IMG\Event05497\PL107,1.0003550129816,-0.0001269941429645,-0.0001027200707065,1.0005032500013318,-160894.37132801107,24332.114870768582,200,0.5,0.14,210,70,-78578.08739038865,29029.02345763141,8296.75,-78357.44990335975,28893.558276374595,8283.0,-1.0502,0.6446400000000001,82508.21,4567.62,1.000355018255434,1.000503258061032,1.0008584285983677,0.0008584285983677109,0.0005032580610320192,-0.0058833378407740725,-0.0002296138789376882,162723.84748130862,OK,1,1
6,UTS,Ref/IMG,4414,107,j:OK,K:\NINJA\E71a\ManualCheck\ScanData\UTS\ECC6\Ref\IMG\Event04414\PL107,1.0003984619266095,-0.0052692954074735,0.0050466629247944,1.0004711223075369,-281275.3551169404,100027.37005455272,200,0.5,0.14,210,70,-206796.99905674605,126395.81655537388,8264.25,-206740.10492757324,126380.28689839903,8264.25,-0.27042,0.07528,74642.32,25963.99,1.0004111911768094,1.0004849984109676,1.0008963643162214,0.0008963643162214208,0.00048499841096760754,0.28903486403006157,-0.00022215536316941203,298531.9081039602,OK,1,1
6,UTS,Ref/IMG,5497,109,j:OK,K:\NINJA\E71a\ManualCheck\ScanData\UTS\ECC6\Ref\IMG\Event05497\PL109,1.0002335445899886,-0.0155210074399213,0.0152047728473675,1.0003772827993826,-150496.4072728879,23375.12508967584,200,0.5,0.14,210,70,-84048.72203273697,108636.86037542007,8266.5,-84033.67636366734,108630.86927620374,8266.5,-0.07117,0.0296,67753.68000000001,84193.8,1.0003491034835752,1.0004976809633424,1.0008469088942142,0.0008469088942142378,0.0004976809633423507,0.8708988257552913,-0.000313857116753501,152300.9030669383,OK,1,1
6,UTS,Ref/IMG,5497,110,j:OK,K:\NINJA\E71a\ManualCheck\ScanData\UTS\ECC6\Ref\IMG\Event05497\PL110,1.0003788161966745,-0.0097973355972026,0.009279452641999,1.0003651353335372,-148332.53366683522,22276.404750314807,200,0.5,0.14,210,70,-80572.43741056985,108218.740176729,8280.0,-80557.25726136217,108213.53825160758,8280.0,-0.07201,0.02543,68584.71,85269.57,1.0004218530881834,1.0004131105576788,1.000835003761082,0.0008350037610820316,0.0004218530881834326,0.5314568999497641,-0.000517773676146795,149995.92912016864,OK,1,1
6,UTS,Ref/IMG,2346,111,j:OK,K:\NINJA\E71a\ManualCheck\ScanData\UTS\ECC6\Ref\IMG\Event02346\PL111,1.0002601415287522,-0.0101507691802783,0.0091579309989238,1.000506443736151,-156809.13063456304,98893.56727872012,200,0.5,0.14,210,70,-147563.92780030594,108812.82142184784,8283.75,-148032.0153701127,108503.30488343514,8283.75,2.24315,1.4526100000000002,8871.48,9523.67,1.0003020635944426,1.0005579353903058,1.00085967705569,0.0008596770556899003,0.0005579353903057971,0.5245596751582492,-0.00098998928455209,185388.8915212511,OK,1,1
6,UTS,Ref/IMG,2346,112,k:Retake,K:\NINJA\E71a\ManualCheck\ScanData\UTS\ECC6\Ref\IMG\Event02346\PL112,1.044882415310786,0.0251332746669508,-0.0929624134819167,0.929017654670851,-149403.50165184922,111031.8687082208,200,0.5,0.14,210,70,-97375.83712564556,120942.46999690072,8294.75,-97436.30841818207,121062.16660185234,8279.75,0.28965,-0.58455,49356.47,15735.54,1.049009662560877,0.9293575653028349,0.9730506607505842,0.026949339249415782,0.07064243469716514,-5.084176556044244,-0.061649496658040856,186143.7137662019,FAIL,1,1
6,UTS,Ref/IMG,2346,113,j:OK,K:\NINJA\E71a\ManualCheck\ScanData\UTS\ECC6\Ref\IMG\Event02346\PL113,1.0003966594668872,-0.0067841672884912,0.0060271707139018,1.0004652367969125,-135947.37933643363,99215.516894331,200,0.5,0.14,210,70,-89237.55253271294,113667.76253719996,8284.75,-89211.97553467061,113673.27854535425,8284.75,-0.12192,-0.02552,46812.96,14169.02,1.0004148154937138,1.0004882382941342,1.000902970138779,0.0009029701387790467,0.0004882382941342467,0.3451903431063944,-0.0007562004743168608,168301.54111312664,OK,1,1
6,UTS,Ref/IMG,2346,114,j:OK,K:\NINJA\E71a\ManualCheck\ScanData\UTS\ECC6\Ref\IMG\Event02346\PL114,1.000326298295535,-0.0063771614362921,0.0054257620948509,1.0004398850369058,-138960.27581988435,102977.72107448347,200,0.5,0.14,210,70,-88147.47741880924,116231.33761592976,8281.0,-88186.13016105734,116216.97775302207,8281.0,0.18443,0.06735,50840.19,12957.71,1.0003410128331025,1.0004602099837063,1.0008009278269725,0.0008009278269724973,0.0004602099837063278,0.3107688167969989,-0.000950331910036291,172957.70955245808,OK,1,1
6,UTS,Ref/IMG,7633,115,l:?,K:\NINJA\E71a\ManualCheck\ScanData\UTS\ECC6\Ref\IMG\Event07633\PL115,1.000419566453676,0.0127308786112803,-0.0137307235923341,1.0004357157659494,-173269.0071182021,-53104.427648800985,200,0.5,0.14,210,70,-76913.74681262166,12031.55395949609,8291.75,-76650.38736573224,12143.140041254688,8291.75,-1.24659,-0.5482400000000001,95731.43,66533.04000000001,1.0005137888673648,1.0005167148280645,1.001030269206643,0.001030269206643064,0.0005167148280644795,-0.786333199150075,-0.0009994560157541984,181224.2507603061,FAIL,1,1
6,UTS,Ref/IMG,1694,119,j:OK,K:\NINJA\E71a\ManualCheck\ScanData\UTS\ECC6\Ref\IMG\Event01694\PL119,1.0003646013278784,-0.0040360590663875,0.0037337257561691,1.0005723796998056,-164218.90209731518,24131.06044614222,200,0.5,0.14,210,70,-105994.284964249,33541.32883737715,8298.75,-105882.20156829905,33607.05981849279,8298.75,-0.5347900000000001,-0.31083,58352.77,9252.83,1.0003715691171493,1.000580519893786,1.000952259255772,0.0009522592557720255,0.0005805198937860467,0.21384776514476728,-0.00030138074757924,165982.3963084729,OK,2,2
6,UTS,Ref/IMG,8671,119,j:OK,K:\NINJA\E71a\ManualCheck\ScanData\UTS\ECC6\Ref\IMG\Event08671\PL119,1.0004192047603693,-0.0051356883023974,0.0048059615083199,1.0005399362309093,-283833.4743007898,-55418.98034170906,200,0.5,0.14,210,70,-225016.51325792712,12815.136695106188,8278.25,-225007.0973565145,12822.597012855857,8278.25,-0.045,-0.03529,59150.4,67920.63,1.0004307484875647,1.000553116674618,1.000984049255417,0.0009840492554169522,0.0005531166746179927,0.2752438091885013,-0.00032896105462124043,289193.1958324259,OK,2,2
6,UTS,Ref/IMG,8671,120,j:OK,K:\NINJA\E71a\ManualCheck\ScanData\UTS\ECC6\Ref\IMG\Event08671\PL120,1.0003413721424148,-0.0068843706463928,0.006217735466589,1.0003151056480373,-297919.7976024664,-55580.938160688296,200,0.5,0.14,210,70,-237317.2236172323,13439.311909327973,8266.5,-237309.0671454994,13443.114549130463,8266.5,-0.03895,-0.01786,61062.31,68622.76,1.0003606954764375,1.0003387951823326,1.0006993905542754,0.0006993905542753698,0.000360695476437467,0.3561238419417865,-0.0006665597348341249,303060.1367555898,OK,2,2
6,UTS,Ref/IMG,1694,120,j:OK,K:\NINJA\E71a\ManualCheck\ScanData\UTS\ECC6\Ref\IMG\Event01694\PL120,1.0003896434370425,-0.0073379985544927,0.0066297622354074,1.0004316916561682,-177036.41713248627,24895.87658730528,200,0.5,0.14,210,70,-92326.01793813484,33028.13315711267,8289.75,-92325.54131094676,33037.91020816748,8289.75,-0.00261,-0.04652,84733.46,7577.0,1.0004116115096782,1.0004586027881455,1.0008701524847314,0.0008701524847314346,0.00045860278814546795,0.37970388523287824,-0.0007076175964995413,178778.34785610368,OK,2,2
6,UTS,Ref/IMG,8671,121,j:OK,K:\NINJA\E71a\ManualCheck\ScanData\UTS\ECC6\Ref\IMG\Event08671\PL121,1.0003964151982552,-0.0023933169232738,0.0019078939801812,1.0004824385630209,-297080.1347941423,-55360.65408453268,200,0.5,0.14,210,70,-236073.6469802735,12015.116197083156,8253.25,-236172.7256605361,11941.708700082743,8253.25,0.47245,0.34849,61043.93,67153.5,1.0003982345051192,1.0004853011608437,1.0008836112022053,0.0008836112022052589,0.00048530116084366526,0.10927082367613636,-0.0004850226201440857,302194.32243173104,OK,1,1
6,UTS,Ref/IMG,1694,121,j:OK,K:\NINJA\E71a\ManualCheck\ScanData\UTS\ECC6\Ref\IMG\Event01694\PL121,1.0004638265582786,-0.0058009419651163,0.0055010805235157,1.0003722534336972,-176121.01086440554,23716.803192742613,200,0.5,0.14,210,70,-92635.7826870782,33260.62366682542,8282.5,-92567.82280885646,33287.50375450493,8282.5,-0.3242,-0.12617,83567.26,9107.6,1.00047895037255,1.0003890724951447,1.000868164101867,0.0008681641018670749,0.00047895037254996886,0.315039396723347,-0.0003002436021712469,177710.7121745432,OK,1,1
6,UTS,Ref/IMG,8671,122,j:OK,K:\NINJA\E71a\ManualCheck\ScanData\UTS\ECC6\Ref\IMG\Event08671\PL122,1.0003437795443868,-0.0108448695680869,0.0105419461335475,1.0004469873760895,-294570.10668190103,-57223.55232929792,200,0.5,0.14,210,70,-236877.5771622069,12043.265106854622,8254.0,-236823.8786834193,11943.644698349875,8254.0,-0.25045,0.47681,58469.22,68520.19,1.0003993252203998,1.0005057649738167,1.0009052466164048,0.0009052466164047868,0.0005057649738167136,0.6037790962332537,-0.0003016664657313025,300076.7946572518,OK,1,1
6,UTS,Ref/IMG,1694,122,j:OK,K:\NINJA\E71a\ManualCheck\ScanData\UTS\ECC6\Ref\IMG\Event01694\PL122,1.0004006146541389,-0.0111211377058192,0.0107890495549061,1.0004164682110022,-175666.71592545934,21735.18657940832,200,0.5,0.14,210,70,-90643.65968860513,37097.08251353371,8292.0,-90661.355772481,37142.50502025407,8292.0,0.08182,-0.21709,85132.32,14482.79,1.000458791450541,1.0004782804097483,1.0009372362142244,0.0009372362142243684,0.00047828040974828845,0.617895501720155,-0.0003317392092104415,177006.25248752578,OK,1,1
6,UTS,Ref/IMG,3578,123,j:OK,K:\NINJA\E71a\ManualCheck\ScanData\UTS\ECC6\Ref\IMG\Event03578\PL123,1.000318736495576,0.0138584028880718,-0.0141409319624625,1.0003879262444155,-172988.15075514134,23676.345005236977,200,0.5,0.14,210,70,-149194.64815598316,40763.00313388478,8292.75,-149262.0050075757,41145.18076175302,8292.75,0.34578,-1.8143,23472.07,17793.850000000002,1.000418682622867,1.0004839120676605,1.0009027571185918,0.0009027571185917793,0.0004839120676605191,-0.80990360968598,-0.00028334173409719335,174600.88663718326,OK,1,1
6,UTS,Ref/IMG,7506,123,j:OK,K:\NINJA\E71a\ManualCheck\ScanData\UTS\ECC6\Ref\IMG\Event07506\PL123,1.000404177493882,0.0037196632477291,-0.0039496038505249,1.0005361295491253,-171492.31171909455,102809.1569788152,200,0.5,0.14,210,70,-102874.4766283545,140984.013442547,8284.25,-103247.0544225162,141070.6358595906,8284.25,1.7749700000000002,-0.40526,68074.5,38509.7,1.000411973997606,1.0005430437656446,1.000955214930791,0.0009552149307909819,0.0005430437656446241,-0.2262030294819287,-0.0002303346727234575,199948.3326698519,OK,1,1
6,UTS,Ref/IMG,7506,124,j:OK,K:\NINJA\E71a\ManualCheck\ScanData\UTS\ECC6\Ref\IMG\Event07506\PL124,1.0003796018223077,-0.0067361907875519,0.0065158462510082,1.0005458445267108,-176764.79005531827,100343.4520600393,200,0.5,0.14,210,70,-101658.10164218032,143390.63148876754,8284.25,-101745.25499332816,143299.5214632569,8284.25,0.41776,0.4309,75276.86,42442.41,1.000400821668258,1.000568520025488,1.0009695455360845,0.0009695455360845262,0.0005685200254879064,0.3731835497221553,-0.00021913250362199816,203259.93056829018,OK,1,1
6,UTS,Ref/IMG,3578,124,j:OK,K:\NINJA\E71a\ManualCheck\ScanData\UTS\ECC6\Ref\IMG\Event03578\PL124,1.0004189287085763,0.0044880264747492,-0.0048728869957735,1.0004035883853226,-176367.07934727386,23515.90947677563,200,0.5,0.14,210,70,-86942.12678831207,50614.89673006812,8315.75,-87098.67130637323,50581.10163814161,8296.5,0.7444000000000001,0.16449,89107.71,27488.31,1.00043079618037,1.0004136554625132,1.0008445558145054,0.0008445558145053766,0.0004307961803700078,-0.27907673768868885,-0.0003846221351496212,177927.9198889469,OK,1,1
6,UTS,Ref/IMG,3578,125,j:OK,K:\NINJA\E71a\ManualCheck\ScanData\UTS\ECC6\Ref\IMG\Event03578\PL125,0.9999906639659814,0.0197145347330126,-0.0201283929684792,1.0001531646391204,-168126.1682346539,25784.13152109505,200,0.5,0.14,210,70,-76385.82991592467,49778.11796025216,8286.5,-76364.19302768567,49870.658548240666,8286.5,-0.09431,-0.4425,91251.84,25919.31,1.0001932214440457,1.0003474474488285,1.0005406490774482,0.0005406490774482187,0.0003474474488285306,-1.153127015825464,-0.0004168998163282096,170091.8277977054,OK,1,1
6,UTS,Ref/IMG,7506,125,k:Retake,K:\NINJA\E71a\ManualCheck\ScanData\UTS\ECC6\Ref\IMG\Event07506\PL125,1.014701562786362,0.0170743092283192,-0.0853111487035842,0.9218840810517988,-163085.20614315008,109767.4063290947,200,0.5,0.14,210,70,-88943.0583796916,141269.41053651867,8289.499999999998,-89034.05130999813,141192.23078867167,8289.499999999998,0.41966,0.4375,72292.1,40777.52,1.0182815198235753,0.9220421850069246,0.9368938466847175,0.06310615331528246,0.07795781499307541,-4.805846835602274,-0.06531234262944441,196585.01457377247,FAIL,1,1
6,UTS,Ref/IMG,3578,126,j:OK,K:\NINJA\E71a\ManualCheck\ScanData\UTS\ECC6\Ref\IMG\Event03578\PL126,1.0004021026048973,-0.0058019730350296,0.0048096119217838,1.0004894468474306,-182367.3093885781,23104.764943139136,200,0.5,0.14,210,70,-91362.79585086656,50854.28811745875,8291.0,-91415.65956133736,50757.33356451972,8291.0,0.2543,0.46024,91072.85,27201.23,1.0004136640725863,1.0005062699174738,1.0009196514988592,0.0009196514988591975,0.0005062699174738228,0.2754575788755649,-0.00099142779656506,183825.09539425536,OK,1,1
6,UTS,Ref/IMG,7506,126,j:OK,K:\NINJA\E71a\ManualCheck\ScanData\UTS\ECC6\Ref\IMG\Event07506\PL126,1.000423222539313,-0.0057905068095994,0.0048243697919794,1.0003621097534092,-183619.308549986,99896.4620611292,200,0.5,0.14,210,70,-107923.24434821606,144109.38015328706,8279.5,-107815.26832551853,144094.87369036904,8279.5,-0.51354,0.07153,76025.58,43815.77,1.0004348548205593,1.000378868529021,1.0008134210918642,0.0008134210918642193,0.0004348548205592717,0.2762969501522546,-0.0009660544790134131,209034.33594676637,OK,1,1
